2026-03-14 15:00:45,412{GMT}	INFO	[jepsen test runner] jepsen.core: Test version 95f679aa5dd8d5465caa67ad246f95d2ca183542 (plus uncommitted changes)
2026-03-14 15:00:45,413{GMT}	INFO	[jepsen test runner] jepsen.core: Command line:
lein run test -w lin-kv --bin ./target/debug/maelstrom --node-count 3 --time-limit 60 --rate 30 --concurrency 4n
2026-03-14 15:00:45,432{GMT}	INFO	[jepsen test runner] jepsen.core: Running test:
{:args []
 :remote
 #jepsen.control.retry.Remote{:remote #jepsen.control.scp.Remote{:cmd-remote #jepsen.control.sshj.SSHJRemote{:concurrency-limit 6,
                                                                                                             :conn-spec nil,
                                                                                                             :client nil,
                                                                                                             :semaphore nil},
                                                                 :conn-spec nil},
                              :conn nil}
 :log-net-send false
 :node-count 3
 :availability nil
 :max-txn-length 4
 :concurrency 12
 :db
 #object[maelstrom.db$db$reify__16612
         "0x5ca9a6a8"
         "maelstrom.db$db$reify__16612@5ca9a6a8"]
 :max-writes-per-key 16
 :leave-db-running? false
 :name "lin-kv"
 :logging-json? false
 :start-time
 #object[org.joda.time.DateTime "0x7952348f" "2026-03-14T15:00:45.329+01:00"]
 :nemesis-interval 10
 :net
 #object[maelstrom.net$jepsen_net$reify__15721
         "0x4f3d49e4"
         "maelstrom.net$jepsen_net$reify__15721@4f3d49e4"]
 :client
 #object[maelstrom.workload.lin_kv$client$reify__20973
         "0x7d26b390"
         "maelstrom.workload.lin_kv$client$reify__20973@7d26b390"]
 :barrier
 #object[java.util.concurrent.CyclicBarrier
         "0x6ff5eeed"
         "java.util.concurrent.CyclicBarrier@6ff5eeed"]
 :log-stderr false
 :pure-generators true
 :ssh {:dummy? true}
 :rate 30.0
 :checker
 #object[jepsen.checker$compose$reify__11089
         "0x76b49d0"
         "jepsen.checker$compose$reify__11089@76b49d0"]
 :argv
 ("test"
  "-w"
  "lin-kv"
  "--bin"
  "./target/debug/maelstrom"
  "--node-count"
  "3"
  "--time-limit"
  "60"
  "--rate"
  "30"
  "--concurrency"
  "4n")
 :nemesis
 (jepsen.nemesis.ReflCompose
  {:fm {:start-partition 0,
        :stop-partition 0,
        :kill 1,
        :start 1,
        :pause 1,
        :resume 1},
   :nemeses [#unprintable "jepsen.nemesis.combined$partition_nemesis$reify__16905@223c42b0"
             #unprintable "jepsen.nemesis.combined$db_nemesis$reify__16886@6acedf54"]})
 :nodes ["n0" "n1" "n2"]
 :test-count 1
 :latency {:mean 0, :dist :constant}
 :bin "./target/debug/maelstrom"
 :generator
 #object[jepsen.util.Forgettable
         "0x6f05d5f2"
         (jepsen.generator.TimeLimit
          {:limit 60000000000,
           :cutoff nil,
           :gen (jepsen.generator.Any
                 {:gens [(jepsen.generator.OnThreads
                          {:f #{:nemesis},
                           :context-filter #object[jepsen.generator.context$make_thread_filter$lazy_filter__12077
                                                   "0x1ca2d595"
                                                   "jepsen.generator.context$make_thread_filter$lazy_filter__12077@1ca2d595"],
                           :gen nil})
                         (jepsen.generator.OnThreads
                          {:f #jepsen.generator.context.AllBut{:element :nemesis},
                           :context-filter #object[jepsen.generator.context$make_thread_filter$lazy_filter__12077
                                                   "0x92a584f"
                                                   "jepsen.generator.context$make_thread_filter$lazy_filter__12077@92a584f"],
                           :gen (jepsen.generator.Stagger
                                 {:dt 66666666,
                                  :next-time nil,
                                  :gen (jepsen.generator.OnThreads
                                        {:f #jepsen.generator.context.AllBut{:element :nemesis},
                                         :context-filter #object[jepsen.generator.context$make_thread_filter$lazy_filter__12077
                                                                 "0x36e23af"
                                                                 "jepsen.generator.context$make_thread_filter$lazy_filter__12077@36e23af"],
                                         :gen (jepsen.independent.ConcurrentGenerator
                                               {:n 6,
                                                :fgen #object[jepsen.tests.linearizable_register$test$fn__17385
                                                              "0x5e4a9c16"
                                                              "jepsen.tests.linearizable_register$test$fn__17385@5e4a9c16"],
                                                :group->threads nil,
                                                :thread->group nil,
                                                :group->context-filter nil,
                                                :keys (0 1 2 3 4 5 6 7 ...),
                                                :gens nil})})})})]})})]
 :log-net-recv false
 :os
 #object[maelstrom.net$jepsen_os$reify__15724
         "0xffd26d1"
         "maelstrom.net$jepsen_os$reify__15724@ffd26d1"]
 :time-limit 60
 :workload :lin-kv
 :consistency-models [:strict-serializable]
 :topology :grid}

2026-03-14 15:00:45,961{GMT}	INFO	[jepsen node n0] maelstrom.net: Starting Maelstrom network
2026-03-14 15:00:45,961{GMT}	INFO	[jepsen test runner] jepsen.db: Tearing down DB
2026-03-14 15:00:45,962{GMT}	INFO	[jepsen test runner] jepsen.db: Setting up DB
2026-03-14 15:00:45,962{GMT}	INFO	[jepsen node n2] maelstrom.db: Setting up n2
2026-03-14 15:00:45,962{GMT}	INFO	[jepsen node n1] maelstrom.db: Setting up n1
2026-03-14 15:00:45,962{GMT}	INFO	[jepsen node n1] maelstrom.process: launching ./target/debug/maelstrom []
2026-03-14 15:00:45,962{GMT}	INFO	[jepsen node n2] maelstrom.process: launching ./target/debug/maelstrom []
2026-03-14 15:00:45,962{GMT}	INFO	[jepsen node n0] maelstrom.service: Starting services: (lin-kv lin-tso lww-kv seq-kv)
2026-03-14 15:00:45,963{GMT}	INFO	[jepsen node n0] maelstrom.db: Setting up n0
2026-03-14 15:00:45,963{GMT}	INFO	[jepsen node n0] maelstrom.process: launching ./target/debug/maelstrom []
2026-03-14 15:00:46,364{GMT}	INFO	[jepsen test runner] jepsen.core: Relative time begins now
2026-03-14 15:00:46,375{GMT}	INFO	[jepsen worker 6] jepsen.util: 6	:invoke	:write	[1 4]
2026-03-14 15:00:46,392{GMT}	INFO	[jepsen worker 7] jepsen.util: 7	:invoke	:cas	[1 [3 0]]
2026-03-14 15:00:46,405{GMT}	INFO	[jepsen worker 8] jepsen.util: 8	:invoke	:write	[1 1]
2026-03-14 15:00:46,440{GMT}	INFO	[jepsen worker 3] jepsen.util: 3	:invoke	:cas	[0 [3 3]]
2026-03-14 15:00:46,448{GMT}	INFO	[jepsen worker 9] jepsen.util: 9	:invoke	:write	[1 0]
2026-03-14 15:00:46,497{GMT}	INFO	[jepsen worker 5] jepsen.util: 5	:invoke	:write	[0 2]
2026-03-14 15:00:46,531{GMT}	INFO	[jepsen worker 0] jepsen.util: 0	:invoke	:read	[0 nil]
2026-03-14 15:00:46,560{GMT}	INFO	[jepsen worker 4] jepsen.util: 4	:invoke	:cas	[0 [0 4]]
2026-03-14 15:00:46,614{GMT}	INFO	[jepsen worker 10] jepsen.util: 10	:invoke	:cas	[1 [3 0]]
2026-03-14 15:00:46,672{GMT}	INFO	[jepsen worker 1] jepsen.util: 1	:invoke	:read	[0 nil]
2026-03-14 15:00:46,734{GMT}	INFO	[jepsen worker 2] jepsen.util: 2	:invoke	:read	[0 nil]
2026-03-14 15:00:46,759{GMT}	INFO	[jepsen worker 11] jepsen.util: 11	:invoke	:write	[1 2]
2026-03-14 15:00:47,383{GMT}	INFO	[jepsen worker 6] jepsen.util: 6	:info	:write	[1 4]	:net-timeout
2026-03-14 15:00:47,384{GMT}	INFO	[jepsen worker 6] jepsen.util: 18	:invoke	:write	[1 2]
2026-03-14 15:00:47,397{GMT}	INFO	[jepsen worker 7] jepsen.util: 7	:info	:cas	[1 [3 0]]	:net-timeout
2026-03-14 15:00:47,410{GMT}	INFO	[jepsen worker 8] jepsen.util: 8	:info	:write	[1 1]	:net-timeout
2026-03-14 15:00:47,442{GMT}	INFO	[jepsen worker 3] jepsen.util: 3	:info	:cas	[0 [3 3]]	:net-timeout
2026-03-14 15:00:47,450{GMT}	INFO	[jepsen worker 3] jepsen.util: 15	:invoke	:cas	[0 [2 2]]
2026-03-14 15:00:47,451{GMT}	INFO	[jepsen worker 9] jepsen.util: 9	:info	:write	[1 0]	:net-timeout
2026-03-14 15:00:47,497{GMT}	INFO	[jepsen worker 7] jepsen.util: 19	:invoke	:cas	[1 [3 2]]
2026-03-14 15:00:47,498{GMT}	INFO	[jepsen worker 5] jepsen.util: 5	:info	:write	[0 2]	:net-timeout
2026-03-14 15:00:47,531{GMT}	INFO	[jepsen worker 0] jepsen.util: 0	:fail	:read	[0 nil]	:net-timeout
2026-03-14 15:00:47,549{GMT}	INFO	[jepsen worker 0] jepsen.util: 0	:invoke	:read	[0 nil]
2026-03-14 15:00:47,560{GMT}	INFO	[jepsen worker 8] jepsen.util: 20	:invoke	:write	[1 1]
2026-03-14 15:00:47,565{GMT}	INFO	[jepsen worker 4] jepsen.util: 4	:info	:cas	[0 [0 4]]	:net-timeout
2026-03-14 15:00:47,621{GMT}	INFO	[jepsen worker 4] jepsen.util: 16	:invoke	:write	[0 3]
2026-03-14 15:00:47,620{GMT}	INFO	[jepsen worker 10] jepsen.util: 10	:info	:cas	[1 [3 0]]	:net-timeout
2026-03-14 15:00:47,648{GMT}	INFO	[jepsen worker 5] jepsen.util: 17	:invoke	:cas	[0 [1 1]]
2026-03-14 15:00:47,670{GMT}	INFO	[jepsen worker 9] jepsen.util: 21	:invoke	:write	[1 2]
2026-03-14 15:00:47,678{GMT}	INFO	[jepsen worker 1] jepsen.util: 1	:fail	:read	[0 nil]	:net-timeout
2026-03-14 15:00:47,698{GMT}	INFO	[jepsen worker 10] jepsen.util: 22	:invoke	:cas	[1 [4 1]]
2026-03-14 15:00:47,740{GMT}	INFO	[jepsen worker 2] jepsen.util: 2	:fail	:read	[0 nil]	:net-timeout
2026-03-14 15:00:47,761{GMT}	INFO	[jepsen worker 1] jepsen.util: 1	:invoke	:read	[0 nil]
2026-03-14 15:00:47,764{GMT}	INFO	[jepsen worker 11] jepsen.util: 11	:info	:write	[1 2]	:net-timeout
2026-03-14 15:00:47,771{GMT}	INFO	[jepsen worker 2] jepsen.util: 2	:invoke	:read	[0 nil]
2026-03-14 15:00:47,806{GMT}	INFO	[jepsen worker 11] jepsen.util: 23	:invoke	:cas	[1 [4 2]]
2026-03-14 15:00:48,386{GMT}	INFO	[jepsen worker 6] jepsen.util: 18	:info	:write	[1 2]	:net-timeout
2026-03-14 15:00:48,387{GMT}	INFO	[jepsen worker 6] jepsen.util: 30	:invoke	:cas	[1 [4 4]]
2026-03-14 15:00:48,455{GMT}	INFO	[jepsen worker 3] jepsen.util: 15	:info	:cas	[0 [2 2]]	:net-timeout
2026-03-14 15:00:48,456{GMT}	INFO	[jepsen worker 3] jepsen.util: 27	:invoke	:cas	[0 [0 4]]
2026-03-14 15:00:48,502{GMT}	INFO	[jepsen worker 7] jepsen.util: 19	:info	:cas	[1 [3 2]]	:net-timeout
2026-03-14 15:00:48,503{GMT}	INFO	[jepsen worker 7] jepsen.util: 31	:invoke	:cas	[1 [2 4]]
2026-03-14 15:00:48,554{GMT}	INFO	[jepsen worker 0] jepsen.util: 0	:fail	:read	[0 nil]	:net-timeout
2026-03-14 15:00:48,555{GMT}	INFO	[jepsen worker 0] jepsen.util: 0	:invoke	:read	[0 nil]
2026-03-14 15:00:48,564{GMT}	INFO	[jepsen worker 8] jepsen.util: 20	:info	:write	[1 1]	:net-timeout
2026-03-14 15:00:48,568{GMT}	INFO	[jepsen worker 8] jepsen.util: 32	:invoke	:write	[1 2]
2026-03-14 15:00:48,623{GMT}	INFO	[jepsen worker 4] jepsen.util: 16	:info	:write	[0 3]	:net-timeout
2026-03-14 15:00:48,623{GMT}	INFO	[jepsen worker 4] jepsen.util: 28	:invoke	:cas	[0 [4 2]]
2026-03-14 15:00:48,653{GMT}	INFO	[jepsen worker 5] jepsen.util: 17	:info	:cas	[0 [1 1]]	:net-timeout
2026-03-14 15:00:48,669{GMT}	INFO	[jepsen worker 5] jepsen.util: 29	:invoke	:cas	[0 [1 3]]
2026-03-14 15:00:48,675{GMT}	INFO	[jepsen worker 9] jepsen.util: 21	:info	:write	[1 2]	:net-timeout
2026-03-14 15:00:48,704{GMT}	INFO	[jepsen worker 10] jepsen.util: 22	:info	:cas	[1 [4 1]]	:net-timeout
2026-03-14 15:00:48,708{GMT}	INFO	[jepsen worker 9] jepsen.util: 33	:invoke	:write	[1 1]
2026-03-14 15:00:48,738{GMT}	INFO	[jepsen worker 10] jepsen.util: 34	:invoke	:cas	[1 [4 0]]
2026-03-14 15:00:48,766{GMT}	INFO	[jepsen worker 1] jepsen.util: 1	:fail	:read	[0 nil]	:net-timeout
2026-03-14 15:00:48,766{GMT}	INFO	[jepsen worker 1] jepsen.util: 1	:invoke	:read	[0 nil]
2026-03-14 15:00:48,776{GMT}	INFO	[jepsen worker 2] jepsen.util: 2	:fail	:read	[0 nil]	:net-timeout
2026-03-14 15:00:48,811{GMT}	INFO	[jepsen worker 11] jepsen.util: 23	:info	:cas	[1 [4 2]]	:net-timeout
2026-03-14 15:00:48,824{GMT}	INFO	[jepsen worker 11] jepsen.util: 35	:invoke	:write	[1 2]
2026-03-14 15:00:48,895{GMT}	INFO	[jepsen worker 2] jepsen.util: 2	:invoke	:read	[0 nil]
2026-03-14 15:00:49,392{GMT}	INFO	[jepsen worker 6] jepsen.util: 30	:info	:cas	[1 [4 4]]	:net-timeout
2026-03-14 15:00:49,393{GMT}	INFO	[jepsen worker 6] jepsen.util: 42	:invoke	:cas	[1 [3 3]]
2026-03-14 15:00:49,459{GMT}	INFO	[jepsen worker 3] jepsen.util: 27	:info	:cas	[0 [0 4]]	:net-timeout
2026-03-14 15:00:49,459{GMT}	INFO	[jepsen worker 3] jepsen.util: 39	:invoke	:cas	[0 [1 4]]
2026-03-14 15:00:49,505{GMT}	INFO	[jepsen worker 7] jepsen.util: 31	:info	:cas	[1 [2 4]]	:net-timeout
2026-03-14 15:00:49,505{GMT}	INFO	[jepsen worker 7] jepsen.util: 43	:invoke	:write	[1 2]
2026-03-14 15:00:49,556{GMT}	INFO	[jepsen worker 0] jepsen.util: 0	:fail	:read	[0 nil]	:net-timeout
2026-03-14 15:00:49,556{GMT}	INFO	[jepsen worker 0] jepsen.util: 0	:invoke	:read	[0 nil]
2026-03-14 15:00:49,569{GMT}	INFO	[jepsen worker 8] jepsen.util: 32	:info	:write	[1 2]	:net-timeout
2026-03-14 15:00:49,616{GMT}	INFO	[jepsen worker 8] jepsen.util: 44	:invoke	:cas	[2 [3 4]]
2026-03-14 15:00:49,625{GMT}	INFO	[jepsen worker 4] jepsen.util: 28	:info	:cas	[0 [4 2]]	:net-timeout
2026-03-14 15:00:49,626{GMT}	INFO	[jepsen worker 4] jepsen.util: 40	:invoke	:write	[0 2]
2026-03-14 15:00:49,675{GMT}	INFO	[jepsen worker 5] jepsen.util: 29	:info	:cas	[0 [1 3]]	:net-timeout
2026-03-14 15:00:49,675{GMT}	INFO	[jepsen worker 5] jepsen.util: 41	:invoke	:cas	[0 [4 2]]
2026-03-14 15:00:49,708{GMT}	INFO	[jepsen worker 9] jepsen.util: 33	:info	:write	[1 1]	:net-timeout
2026-03-14 15:00:49,721{GMT}	INFO	[jepsen worker 9] jepsen.util: 45	:invoke	:write	[2 0]
2026-03-14 15:00:49,743{GMT}	INFO	[jepsen worker 10] jepsen.util: 34	:info	:cas	[1 [4 0]]	:net-timeout
2026-03-14 15:00:49,743{GMT}	INFO	[jepsen worker 10] jepsen.util: 46	:invoke	:cas	[2 [2 1]]
2026-03-14 15:00:49,771{GMT}	INFO	[jepsen worker 1] jepsen.util: 1	:fail	:read	[0 nil]	:net-timeout
2026-03-14 15:00:49,800{GMT}	INFO	[jepsen worker 1] jepsen.util: 1	:invoke	:read	[0 nil]
2026-03-14 15:00:49,827{GMT}	INFO	[jepsen worker 11] jepsen.util: 35	:info	:write	[1 2]	:net-timeout
2026-03-14 15:00:49,839{GMT}	INFO	[jepsen worker 11] jepsen.util: 47	:invoke	:cas	[2 [0 2]]
2026-03-14 15:00:49,900{GMT}	INFO	[jepsen worker 2] jepsen.util: 2	:fail	:read	[0 nil]	:net-timeout
2026-03-14 15:00:49,901{GMT}	INFO	[jepsen worker 2] jepsen.util: 2	:invoke	:read	[0 nil]
2026-03-14 15:00:50,398{GMT}	INFO	[jepsen worker 6] jepsen.util: 42	:info	:cas	[1 [3 3]]	:net-timeout
2026-03-14 15:00:50,399{GMT}	INFO	[jepsen worker 6] jepsen.util: 54	:invoke	:cas	[2 [2 2]]
2026-03-14 15:00:50,464{GMT}	INFO	[jepsen worker 3] jepsen.util: 39	:info	:cas	[0 [1 4]]	:net-timeout
2026-03-14 15:00:50,464{GMT}	INFO	[jepsen worker 3] jepsen.util: 51	:invoke	:cas	[0 [4 0]]
2026-03-14 15:00:50,510{GMT}	INFO	[jepsen worker 7] jepsen.util: 43	:info	:write	[1 2]	:net-timeout
2026-03-14 15:00:50,510{GMT}	INFO	[jepsen worker 7] jepsen.util: 55	:invoke	:cas	[2 [2 4]]
2026-03-14 15:00:50,558{GMT}	INFO	[jepsen worker 0] jepsen.util: 0	:fail	:read	[0 nil]	:net-timeout
2026-03-14 15:00:50,558{GMT}	INFO	[jepsen worker 0] jepsen.util: 0	:invoke	:read	[0 nil]
2026-03-14 15:00:50,622{GMT}	INFO	[jepsen worker 8] jepsen.util: 44	:info	:cas	[2 [3 4]]	:net-timeout
2026-03-14 15:00:50,622{GMT}	INFO	[jepsen worker 8] jepsen.util: 56	:invoke	:cas	[2 [1 3]]
2026-03-14 15:00:50,631{GMT}	INFO	[jepsen worker 4] jepsen.util: 40	:info	:write	[0 2]	:net-timeout
2026-03-14 15:00:50,675{GMT}	INFO	[jepsen worker 4] jepsen.util: 52	:invoke	:cas	[0 [1 4]]
2026-03-14 15:00:50,679{GMT}	INFO	[jepsen worker 5] jepsen.util: 41	:info	:cas	[0 [4 2]]	:net-timeout
2026-03-14 15:00:50,725{GMT}	INFO	[jepsen worker 9] jepsen.util: 45	:info	:write	[2 0]	:net-timeout
2026-03-14 15:00:50,726{GMT}	INFO	[jepsen worker 9] jepsen.util: 57	:invoke	:cas	[2 [1 4]]
2026-03-14 15:00:50,748{GMT}	INFO	[jepsen worker 10] jepsen.util: 46	:info	:cas	[2 [2 1]]	:net-timeout
2026-03-14 15:00:50,799{GMT}	INFO	[jepsen worker 10] jepsen.util: 58	:invoke	:cas	[2 [4 2]]
2026-03-14 15:00:50,805{GMT}	INFO	[jepsen worker 1] jepsen.util: 1	:fail	:read	[0 nil]	:net-timeout
2026-03-14 15:00:50,814{GMT}	INFO	[jepsen worker 5] jepsen.util: 53	:invoke	:cas	[0 [3 4]]
2026-03-14 15:00:50,845{GMT}	INFO	[jepsen worker 11] jepsen.util: 47	:info	:cas	[2 [0 2]]	:net-timeout
2026-03-14 15:00:50,873{GMT}	INFO	[jepsen worker 1] jepsen.util: 1	:invoke	:read	[0 nil]
2026-03-14 15:00:50,901{GMT}	INFO	[jepsen worker 2] jepsen.util: 2	:fail	:read	[0 nil]	:net-timeout
2026-03-14 15:00:50,941{GMT}	INFO	[jepsen worker 2] jepsen.util: 2	:invoke	:read	[0 nil]
2026-03-14 15:00:50,968{GMT}	INFO	[jepsen worker 11] jepsen.util: 59	:invoke	:write	[2 2]
2026-03-14 15:00:51,401{GMT}	INFO	[jepsen worker 6] jepsen.util: 54	:info	:cas	[2 [2 2]]	:net-timeout
2026-03-14 15:00:51,402{GMT}	INFO	[jepsen worker 6] jepsen.util: 66	:invoke	:cas	[2 [3 2]]
2026-03-14 15:00:51,468{GMT}	INFO	[jepsen worker 3] jepsen.util: 51	:info	:cas	[0 [4 0]]	:net-timeout
2026-03-14 15:00:51,469{GMT}	INFO	[jepsen worker 3] jepsen.util: 63	:invoke	:cas	[0 [0 0]]
2026-03-14 15:00:51,499{GMT}	INFO	[jepsen worker 2] jepsen.util: 2	:ok	:read	[0 2]
2026-03-14 15:00:51,499{GMT}	INFO	[jepsen worker 2] jepsen.util: 2	:invoke	:read	[0 nil]
2026-03-14 15:00:51,500{GMT}	INFO	[jepsen worker 11] jepsen.util: 59	:ok	:write	[2 2]
2026-03-14 15:00:51,500{GMT}	INFO	[jepsen worker 0] jepsen.util: 0	:ok	:read	[0 2]
2026-03-14 15:00:51,502{GMT}	INFO	[jepsen worker 7] jepsen.util: 55	:fail	:cas	[2 [2 4]]	[:precondition-failed "expected 2 but had 0"]
2026-03-14 15:00:51,502{GMT}	INFO	[jepsen worker 4] jepsen.util: 52	:fail	:cas	[0 [1 4]]	[:precondition-failed "expected 1 but had 2"]
2026-03-14 15:00:51,502{GMT}	INFO	[jepsen worker 1] jepsen.util: 1	:ok	:read	[0 2]
2026-03-14 15:00:51,502{GMT}	INFO	[jepsen worker 10] jepsen.util: 58	:fail	:cas	[2 [4 2]]	[:precondition-failed "expected 4 but had 0"]
2026-03-14 15:00:51,502{GMT}	INFO	[jepsen worker 11] jepsen.util: 59	:invoke	:write	[2 3]
2026-03-14 15:00:51,502{GMT}	INFO	[jepsen worker 5] jepsen.util: 53	:fail	:cas	[0 [3 4]]	[:precondition-failed "expected 3 but had 2"]
2026-03-14 15:00:51,502{GMT}	INFO	[jepsen worker 2] jepsen.util: 2	:ok	:read	[0 2]
2026-03-14 15:00:51,502{GMT}	INFO	[jepsen worker 8] jepsen.util: 56	:fail	:cas	[2 [1 3]]	[:precondition-failed "expected 1 but had 0"]
2026-03-14 15:00:51,502{GMT}	INFO	[jepsen worker 9] jepsen.util: 57	:fail	:cas	[2 [1 4]]	[:precondition-failed "expected 1 but had 2"]
2026-03-14 15:00:51,504{GMT}	INFO	[jepsen worker 6] jepsen.util: 66	:fail	:cas	[2 [3 2]]	[:precondition-failed "expected 3 but had 2"]
2026-03-14 15:00:51,504{GMT}	INFO	[jepsen worker 11] jepsen.util: 59	:ok	:write	[2 3]
2026-03-14 15:00:51,505{GMT}	INFO	[jepsen worker 3] jepsen.util: 63	:fail	:cas	[0 [0 0]]	[:precondition-failed "expected 0 but had 2"]
2026-03-14 15:00:51,537{GMT}	INFO	[jepsen worker 6] jepsen.util: 66	:invoke	:write	[2 2]
2026-03-14 15:00:51,541{GMT}	INFO	[jepsen worker 6] jepsen.util: 66	:ok	:write	[2 2]
2026-03-14 15:00:51,590{GMT}	INFO	[jepsen worker 6] jepsen.util: 66	:invoke	:write	[2 0]
2026-03-14 15:00:51,592{GMT}	INFO	[jepsen worker 6] jepsen.util: 66	:ok	:write	[2 0]
2026-03-14 15:00:51,601{GMT}	INFO	[jepsen worker 6] jepsen.util: 66	:invoke	:cas	[2 [1 3]]
2026-03-14 15:00:51,603{GMT}	INFO	[jepsen worker 6] jepsen.util: 66	:fail	:cas	[2 [1 3]]	[:precondition-failed "expected 1 but had 0"]
2026-03-14 15:00:51,668{GMT}	INFO	[jepsen worker 2] jepsen.util: 2	:invoke	:read	[0 nil]
2026-03-14 15:00:51,670{GMT}	INFO	[jepsen worker 2] jepsen.util: 2	:ok	:read	[0 2]
2026-03-14 15:00:51,684{GMT}	INFO	[jepsen worker 6] jepsen.util: 66	:invoke	:write	[2 0]
2026-03-14 15:00:51,686{GMT}	INFO	[jepsen worker 6] jepsen.util: 66	:ok	:write	[2 0]
2026-03-14 15:00:51,709{GMT}	INFO	[jepsen worker 6] jepsen.util: 66	:invoke	:cas	[2 [2 4]]
2026-03-14 15:00:51,712{GMT}	INFO	[jepsen worker 6] jepsen.util: 66	:fail	:cas	[2 [2 4]]	[:precondition-failed "expected 2 but had 0"]
2026-03-14 15:00:51,751{GMT}	INFO	[jepsen worker 6] jepsen.util: 66	:invoke	:write	[2 4]
2026-03-14 15:00:51,754{GMT}	INFO	[jepsen worker 6] jepsen.util: 66	:ok	:write	[2 4]
2026-03-14 15:00:51,784{GMT}	INFO	[jepsen worker 0] jepsen.util: 0	:invoke	:read	[0 nil]
2026-03-14 15:00:51,786{GMT}	INFO	[jepsen worker 0] jepsen.util: 0	:ok	:read	[0 2]
2026-03-14 15:00:51,834{GMT}	INFO	[jepsen worker 7] jepsen.util: 55	:invoke	:write	[2 4]
2026-03-14 15:00:51,837{GMT}	INFO	[jepsen worker 7] jepsen.util: 55	:ok	:write	[2 4]
2026-03-14 15:00:51,902{GMT}	INFO	[jepsen worker 3] jepsen.util: 63	:invoke	:write	[0 0]
2026-03-14 15:00:51,904{GMT}	INFO	[jepsen worker 3] jepsen.util: 63	:ok	:write	[0 0]
2026-03-14 15:00:51,941{GMT}	INFO	[jepsen worker 9] jepsen.util: 57	:invoke	:write	[2 1]
2026-03-14 15:00:51,942{GMT}	INFO	[jepsen worker 9] jepsen.util: 57	:ok	:write	[2 1]
2026-03-14 15:00:51,954{GMT}	INFO	[jepsen worker 3] jepsen.util: 63	:invoke	:cas	[0 [4 3]]
2026-03-14 15:00:51,954{GMT}	INFO	[jepsen worker 11] jepsen.util: 59	:invoke	:write	[2 3]
2026-03-14 15:00:51,955{GMT}	INFO	[jepsen worker 11] jepsen.util: 59	:ok	:write	[2 3]
2026-03-14 15:00:51,955{GMT}	INFO	[jepsen worker 3] jepsen.util: 63	:fail	:cas	[0 [4 3]]	[:precondition-failed "expected 4 but had 0"]
2026-03-14 15:00:51,960{GMT}	INFO	[jepsen worker 6] jepsen.util: 66	:invoke	:cas	[2 [4 4]]
2026-03-14 15:00:51,961{GMT}	INFO	[jepsen worker 6] jepsen.util: 66	:fail	:cas	[2 [4 4]]	[:precondition-failed "expected 4 but had 3"]
2026-03-14 15:00:52,023{GMT}	INFO	[jepsen worker 3] jepsen.util: 63	:invoke	:write	[0 2]
2026-03-14 15:00:52,025{GMT}	INFO	[jepsen worker 3] jepsen.util: 63	:ok	:write	[0 2]
2026-03-14 15:00:52,059{GMT}	INFO	[jepsen worker 6] jepsen.util: 66	:invoke	:write	[2 3]
2026-03-14 15:00:52,062{GMT}	INFO	[jepsen worker 6] jepsen.util: 66	:ok	:write	[2 3]
2026-03-14 15:00:52,085{GMT}	INFO	[jepsen worker 6] jepsen.util: 66	:invoke	:cas	[2 [1 3]]
2026-03-14 15:00:52,087{GMT}	INFO	[jepsen worker 6] jepsen.util: 66	:fail	:cas	[2 [1 3]]	[:precondition-failed "expected 1 but had 3"]
2026-03-14 15:00:52,149{GMT}	INFO	[jepsen worker 3] jepsen.util: 63	:invoke	:cas	[0 [1 2]]
2026-03-14 15:00:52,152{GMT}	INFO	[jepsen worker 3] jepsen.util: 63	:fail	:cas	[0 [1 2]]	[:precondition-failed "expected 1 but had 2"]
2026-03-14 15:00:52,160{GMT}	INFO	[jepsen worker 0] jepsen.util: 0	:invoke	:read	[0 nil]
2026-03-14 15:00:52,163{GMT}	INFO	[jepsen worker 0] jepsen.util: 0	:ok	:read	[0 2]
2026-03-14 15:00:52,197{GMT}	INFO	[jepsen worker 6] jepsen.util: 66	:invoke	:cas	[2 [2 4]]
2026-03-14 15:00:52,202{GMT}	INFO	[jepsen worker 6] jepsen.util: 66	:fail	:cas	[2 [2 4]]	[:precondition-failed "expected 2 but had 3"]
2026-03-14 15:00:52,261{GMT}	INFO	[jepsen worker 6] jepsen.util: 66	:invoke	:cas	[2 [2 3]]
2026-03-14 15:00:52,265{GMT}	INFO	[jepsen worker 7] jepsen.util: 55	:invoke	:cas	[2 [1 0]]
2026-03-14 15:00:52,266{GMT}	INFO	[jepsen worker 6] jepsen.util: 66	:fail	:cas	[2 [2 3]]	[:precondition-failed "expected 2 but had 3"]
2026-03-14 15:00:52,268{GMT}	INFO	[jepsen worker 7] jepsen.util: 55	:fail	:cas	[2 [1 0]]	[:precondition-failed "expected 1 but had 3"]
2026-03-14 15:00:52,270{GMT}	INFO	[jepsen worker 3] jepsen.util: 63	:invoke	:cas	[0 [4 0]]
2026-03-14 15:00:52,274{GMT}	INFO	[jepsen worker 3] jepsen.util: 63	:fail	:cas	[0 [4 0]]	[:precondition-failed "expected 4 but had 2"]
2026-03-14 15:00:52,319{GMT}	INFO	[jepsen worker 3] jepsen.util: 63	:invoke	:cas	[0 [1 1]]
2026-03-14 15:00:52,322{GMT}	INFO	[jepsen worker 3] jepsen.util: 63	:fail	:cas	[0 [1 1]]	[:precondition-failed "expected 1 but had 2"]
2026-03-14 15:00:52,377{GMT}	INFO	[jepsen worker 0] jepsen.util: 0	:invoke	:read	[0 nil]
2026-03-14 15:00:52,381{GMT}	INFO	[jepsen worker 0] jepsen.util: 0	:ok	:read	[0 2]
2026-03-14 15:00:52,408{GMT}	INFO	[jepsen worker 11] jepsen.util: 59	:invoke	:write	[2 0]
2026-03-14 15:00:52,411{GMT}	INFO	[jepsen worker 11] jepsen.util: 59	:ok	:write	[2 0]
2026-03-14 15:00:52,463{GMT}	INFO	[jepsen worker 6] jepsen.util: 66	:invoke	:cas	[2 [3 0]]
2026-03-14 15:00:52,466{GMT}	INFO	[jepsen worker 6] jepsen.util: 66	:fail	:cas	[2 [3 0]]	[:precondition-failed "expected 3 but had 0"]
2026-03-14 15:00:52,534{GMT}	INFO	[jepsen worker 0] jepsen.util: 0	:invoke	:read	[0 nil]
2026-03-14 15:00:52,539{GMT}	INFO	[jepsen worker 0] jepsen.util: 0	:ok	:read	[0 2]
2026-03-14 15:00:52,570{GMT}	INFO	[jepsen worker 3] jepsen.util: 63	:invoke	:write	[0 2]
2026-03-14 15:00:52,575{GMT}	INFO	[jepsen worker 3] jepsen.util: 63	:ok	:write	[0 2]
2026-03-14 15:00:52,597{GMT}	INFO	[jepsen worker 6] jepsen.util: 66	:invoke	:cas	[2 [1 1]]
2026-03-14 15:00:52,602{GMT}	INFO	[jepsen worker 6] jepsen.util: 66	:fail	:cas	[2 [1 1]]	[:precondition-failed "expected 1 but had 0"]
2026-03-14 15:00:52,636{GMT}	INFO	[jepsen worker 3] jepsen.util: 63	:invoke	:write	[0 0]
2026-03-14 15:00:52,642{GMT}	INFO	[jepsen worker 3] jepsen.util: 63	:ok	:write	[0 0]
2026-03-14 15:00:52,680{GMT}	INFO	[jepsen worker 6] jepsen.util: 66	:invoke	:cas	[2 [0 2]]
2026-03-14 15:00:52,687{GMT}	INFO	[jepsen worker 6] jepsen.util: 66	:ok	:cas	[2 [0 2]]
2026-03-14 15:00:52,744{GMT}	INFO	[jepsen worker 6] jepsen.util: 66	:invoke	:cas	[2 [4 2]]
2026-03-14 15:00:52,749{GMT}	INFO	[jepsen worker 6] jepsen.util: 66	:fail	:cas	[2 [4 2]]	[:precondition-failed "expected 4 but had 2"]
2026-03-14 15:00:52,758{GMT}	INFO	[jepsen worker 0] jepsen.util: 0	:invoke	:read	[0 nil]
2026-03-14 15:00:52,761{GMT}	INFO	[jepsen worker 0] jepsen.util: 0	:ok	:read	[0 0]
2026-03-14 15:00:52,766{GMT}	INFO	[jepsen worker 7] jepsen.util: 55	:invoke	:cas	[2 [3 4]]
2026-03-14 15:00:52,770{GMT}	INFO	[jepsen worker 7] jepsen.util: 55	:fail	:cas	[2 [3 4]]	[:precondition-failed "expected 3 but had 2"]
2026-03-14 15:00:52,801{GMT}	INFO	[jepsen worker 8] jepsen.util: 56	:invoke	:write	[2 0]
2026-03-14 15:00:52,803{GMT}	INFO	[jepsen worker 8] jepsen.util: 56	:ok	:write	[2 0]
2026-03-14 15:00:52,859{GMT}	INFO	[jepsen worker 9] jepsen.util: 57	:invoke	:cas	[2 [4 1]]
2026-03-14 15:00:52,864{GMT}	INFO	[jepsen worker 9] jepsen.util: 57	:fail	:cas	[2 [4 1]]	[:precondition-failed "expected 4 but had 0"]
2026-03-14 15:00:52,905{GMT}	INFO	[jepsen worker 10] jepsen.util: 58	:invoke	:cas	[2 [1 3]]
2026-03-14 15:00:52,910{GMT}	INFO	[jepsen worker 10] jepsen.util: 58	:fail	:cas	[2 [1 3]]	[:precondition-failed "expected 1 but had 0"]
2026-03-14 15:00:52,953{GMT}	INFO	[jepsen worker 11] jepsen.util: 59	:invoke	:write	[2 4]
2026-03-14 15:00:52,953{GMT}	INFO	[jepsen worker 0] jepsen.util: 0	:invoke	:read	[0 nil]
2026-03-14 15:00:52,957{GMT}	INFO	[jepsen worker 0] jepsen.util: 0	:ok	:read	[0 0]
2026-03-14 15:00:52,957{GMT}	INFO	[jepsen worker 11] jepsen.util: 59	:ok	:write	[2 4]
2026-03-14 15:00:52,964{GMT}	INFO	[jepsen worker 6] jepsen.util: 66	:invoke	:cas	[2 [1 0]]
2026-03-14 15:00:52,969{GMT}	INFO	[jepsen worker 6] jepsen.util: 66	:fail	:cas	[2 [1 0]]	[:precondition-failed "expected 1 but had 4"]
2026-03-14 15:00:52,988{GMT}	INFO	[jepsen worker 3] jepsen.util: 63	:invoke	:cas	[0 [4 4]]
2026-03-14 15:00:52,992{GMT}	INFO	[jepsen worker 3] jepsen.util: 63	:fail	:cas	[0 [4 4]]	[:precondition-failed "expected 4 but had 0"]
2026-03-14 15:00:53,020{GMT}	INFO	[jepsen worker 6] jepsen.util: 66	:invoke	:cas	[2 [0 4]]
2026-03-14 15:00:53,023{GMT}	INFO	[jepsen worker 6] jepsen.util: 66	:fail	:cas	[2 [0 4]]	[:precondition-failed "expected 0 but had 4"]
2026-03-14 15:00:53,057{GMT}	INFO	[jepsen worker 3] jepsen.util: 63	:invoke	:cas	[0 [1 2]]
2026-03-14 15:00:53,058{GMT}	INFO	[jepsen worker 6] jepsen.util: 66	:invoke	:write	[2 4]
2026-03-14 15:00:53,060{GMT}	INFO	[jepsen worker 3] jepsen.util: 63	:fail	:cas	[0 [1 2]]	[:precondition-failed "expected 1 but had 0"]
2026-03-14 15:00:53,061{GMT}	INFO	[jepsen worker 6] jepsen.util: 66	:ok	:write	[2 4]
2026-03-14 15:00:53,071{GMT}	INFO	[jepsen worker 6] jepsen.util: 66	:invoke	:cas	[2 [2 4]]
2026-03-14 15:00:53,074{GMT}	INFO	[jepsen worker 6] jepsen.util: 66	:fail	:cas	[2 [2 4]]	[:precondition-failed "expected 2 but had 4"]
2026-03-14 15:00:53,134{GMT}	INFO	[jepsen worker 6] jepsen.util: 66	:invoke	:cas	[2 [1 2]]
2026-03-14 15:00:53,139{GMT}	INFO	[jepsen worker 6] jepsen.util: 66	:fail	:cas	[2 [1 2]]	[:precondition-failed "expected 1 but had 4"]
2026-03-14 15:00:53,169{GMT}	INFO	[jepsen worker 7] jepsen.util: 55	:invoke	:write	[2 3]
2026-03-14 15:00:53,174{GMT}	INFO	[jepsen worker 7] jepsen.util: 55	:ok	:write	[2 3]
2026-03-14 15:00:53,218{GMT}	INFO	[jepsen worker 8] jepsen.util: 56	:invoke	:cas	[2 [3 0]]
2026-03-14 15:00:53,225{GMT}	INFO	[jepsen worker 8] jepsen.util: 56	:ok	:cas	[2 [3 0]]
2026-03-14 15:00:53,229{GMT}	INFO	[jepsen worker 0] jepsen.util: 0	:invoke	:read	[0 nil]
2026-03-14 15:00:53,231{GMT}	INFO	[jepsen worker 0] jepsen.util: 0	:ok	:read	[0 0]
2026-03-14 15:00:53,236{GMT}	INFO	[jepsen worker 0] jepsen.util: 0	:invoke	:read	[0 nil]
2026-03-14 15:00:53,238{GMT}	INFO	[jepsen worker 0] jepsen.util: 0	:ok	:read	[0 0]
2026-03-14 15:00:53,259{GMT}	INFO	[jepsen worker 11] jepsen.util: 59	:invoke	:write	[2 4]
2026-03-14 15:00:53,262{GMT}	INFO	[jepsen worker 11] jepsen.util: 59	:ok	:write	[2 4]
2026-03-14 15:00:53,262{GMT}	INFO	[jepsen worker 6] jepsen.util: 66	:invoke	:cas	[2 [3 2]]
2026-03-14 15:00:53,264{GMT}	INFO	[jepsen worker 6] jepsen.util: 66	:fail	:cas	[2 [3 2]]	[:precondition-failed "expected 3 but had 4"]
2026-03-14 15:00:53,270{GMT}	INFO	[jepsen worker 6] jepsen.util: 66	:invoke	:cas	[2 [3 3]]
2026-03-14 15:00:53,273{GMT}	INFO	[jepsen worker 6] jepsen.util: 66	:fail	:cas	[2 [3 3]]	[:precondition-failed "expected 3 but had 4"]
2026-03-14 15:00:53,276{GMT}	INFO	[jepsen worker 3] jepsen.util: 63	:invoke	:write	[0 1]
2026-03-14 15:00:53,278{GMT}	INFO	[jepsen worker 3] jepsen.util: 63	:ok	:write	[0 1]
2026-03-14 15:00:53,329{GMT}	INFO	[jepsen worker 3] jepsen.util: 63	:invoke	:cas	[0 [0 3]]
2026-03-14 15:00:53,331{GMT}	INFO	[jepsen worker 3] jepsen.util: 63	:fail	:cas	[0 [0 3]]	[:precondition-failed "expected 0 but had 1"]
2026-03-14 15:00:53,391{GMT}	INFO	[jepsen worker 3] jepsen.util: 63	:invoke	:cas	[0 [3 4]]
2026-03-14 15:00:53,398{GMT}	INFO	[jepsen worker 3] jepsen.util: 63	:fail	:cas	[0 [3 4]]	[:precondition-failed "expected 3 but had 1"]
2026-03-14 15:00:53,428{GMT}	INFO	[jepsen worker 6] jepsen.util: 66	:invoke	:cas	[2 [4 1]]
2026-03-14 15:00:53,434{GMT}	INFO	[jepsen worker 6] jepsen.util: 66	:ok	:cas	[2 [4 1]]
2026-03-14 15:00:53,472{GMT}	INFO	[jepsen worker 0] jepsen.util: 0	:invoke	:read	[0 nil]
2026-03-14 15:00:53,475{GMT}	INFO	[jepsen worker 0] jepsen.util: 0	:ok	:read	[0 1]
2026-03-14 15:00:53,515{GMT}	INFO	[jepsen worker 6] jepsen.util: 66	:invoke	:write	[2 3]
2026-03-14 15:00:53,520{GMT}	INFO	[jepsen worker 6] jepsen.util: 66	:ok	:write	[2 3]
2026-03-14 15:00:53,541{GMT}	INFO	[jepsen worker 3] jepsen.util: 63	:invoke	:write	[0 4]
2026-03-14 15:00:53,544{GMT}	INFO	[jepsen worker 3] jepsen.util: 63	:ok	:write	[0 4]
2026-03-14 15:00:53,607{GMT}	INFO	[jepsen worker 0] jepsen.util: 0	:invoke	:read	[0 nil]
2026-03-14 15:00:53,609{GMT}	INFO	[jepsen worker 0] jepsen.util: 0	:ok	:read	[0 4]
2026-03-14 15:00:53,624{GMT}	INFO	[jepsen worker 9] jepsen.util: 57	:invoke	:write	[2 4]
2026-03-14 15:00:53,627{GMT}	INFO	[jepsen worker 9] jepsen.util: 57	:ok	:write	[2 4]
2026-03-14 15:00:53,652{GMT}	INFO	[jepsen worker 3] jepsen.util: 63	:invoke	:cas	[0 [1 4]]
2026-03-14 15:00:53,656{GMT}	INFO	[jepsen worker 3] jepsen.util: 63	:fail	:cas	[0 [1 4]]	[:precondition-failed "expected 1 but had 4"]
2026-03-14 15:00:53,685{GMT}	INFO	[jepsen worker 11] jepsen.util: 59	:invoke	:cas	[2 [0 1]]
2026-03-14 15:00:53,689{GMT}	INFO	[jepsen worker 11] jepsen.util: 59	:fail	:cas	[2 [0 1]]	[:precondition-failed "expected 0 but had 4"]
2026-03-14 15:00:53,737{GMT}	INFO	[jepsen worker 6] jepsen.util: 66	:invoke	:write	[2 4]
2026-03-14 15:00:53,742{GMT}	INFO	[jepsen worker 6] jepsen.util: 66	:ok	:write	[2 4]
2026-03-14 15:00:53,766{GMT}	INFO	[jepsen worker 0] jepsen.util: 0	:invoke	:read	[0 nil]
2026-03-14 15:00:53,770{GMT}	INFO	[jepsen worker 0] jepsen.util: 0	:ok	:read	[0 4]
2026-03-14 15:00:53,832{GMT}	INFO	[jepsen worker 6] jepsen.util: 66	:invoke	:cas	[2 [1 2]]
2026-03-14 15:00:53,837{GMT}	INFO	[jepsen worker 6] jepsen.util: 66	:fail	:cas	[2 [1 2]]	[:precondition-failed "expected 1 but had 4"]
2026-03-14 15:00:53,857{GMT}	INFO	[jepsen worker 6] jepsen.util: 66	:invoke	:cas	[2 [0 3]]
2026-03-14 15:00:53,861{GMT}	INFO	[jepsen worker 6] jepsen.util: 66	:fail	:cas	[2 [0 3]]	[:precondition-failed "expected 0 but had 4"]
2026-03-14 15:00:53,869{GMT}	INFO	[jepsen worker 6] jepsen.util: 66	:invoke	:write	[2 2]
2026-03-14 15:00:53,873{GMT}	INFO	[jepsen worker 6] jepsen.util: 66	:ok	:write	[2 2]
2026-03-14 15:00:53,940{GMT}	INFO	[jepsen worker 6] jepsen.util: 66	:invoke	:write	[2 3]
2026-03-14 15:00:53,944{GMT}	INFO	[jepsen worker 6] jepsen.util: 66	:ok	:write	[2 3]
2026-03-14 15:00:53,969{GMT}	INFO	[jepsen worker 6] jepsen.util: 66	:invoke	:write	[2 4]
2026-03-14 15:00:53,974{GMT}	INFO	[jepsen worker 6] jepsen.util: 66	:ok	:write	[2 4]
2026-03-14 15:00:54,013{GMT}	INFO	[jepsen worker 6] jepsen.util: 66	:invoke	:write	[2 0]
2026-03-14 15:00:54,018{GMT}	INFO	[jepsen worker 6] jepsen.util: 66	:ok	:write	[2 0]
2026-03-14 15:00:54,034{GMT}	INFO	[jepsen worker 7] jepsen.util: 55	:invoke	:write	[2 1]
2026-03-14 15:00:54,039{GMT}	INFO	[jepsen worker 7] jepsen.util: 55	:ok	:write	[2 1]
2026-03-14 15:00:54,052{GMT}	INFO	[jepsen worker 3] jepsen.util: 63	:invoke	:cas	[0 [2 0]]
2026-03-14 15:00:54,059{GMT}	INFO	[jepsen worker 3] jepsen.util: 63	:fail	:cas	[0 [2 0]]	[:precondition-failed "expected 2 but had 4"]
2026-03-14 15:00:54,087{GMT}	INFO	[jepsen worker 0] jepsen.util: 0	:invoke	:read	[0 nil]
2026-03-14 15:00:54,087{GMT}	INFO	[jepsen worker 1] jepsen.util: 1	:invoke	:read	[0 nil]
2026-03-14 15:00:54,090{GMT}	INFO	[jepsen worker 1] jepsen.util: 1	:ok	:read	[0 4]
2026-03-14 15:00:54,090{GMT}	INFO	[jepsen worker 0] jepsen.util: 0	:ok	:read	[0 4]
2026-03-14 15:00:54,145{GMT}	INFO	[jepsen worker 11] jepsen.util: 59	:invoke	:cas	[2 [4 0]]
2026-03-14 15:00:54,150{GMT}	INFO	[jepsen worker 11] jepsen.util: 59	:fail	:cas	[2 [4 0]]	[:precondition-failed "expected 4 but had 1"]
2026-03-14 15:00:54,153{GMT}	INFO	[jepsen worker 0] jepsen.util: 0	:invoke	:read	[0 nil]
2026-03-14 15:00:54,157{GMT}	INFO	[jepsen worker 0] jepsen.util: 0	:ok	:read	[0 4]
2026-03-14 15:00:54,175{GMT}	INFO	[jepsen worker 6] jepsen.util: 66	:invoke	:cas	[2 [3 4]]
2026-03-14 15:00:54,179{GMT}	INFO	[jepsen worker 6] jepsen.util: 66	:fail	:cas	[2 [3 4]]	[:precondition-failed "expected 3 but had 1"]
2026-03-14 15:00:54,234{GMT}	INFO	[jepsen worker 6] jepsen.util: 66	:invoke	:cas	[2 [4 2]]
2026-03-14 15:00:54,238{GMT}	INFO	[jepsen worker 6] jepsen.util: 66	:fail	:cas	[2 [4 2]]	[:precondition-failed "expected 4 but had 1"]
2026-03-14 15:00:54,254{GMT}	INFO	[jepsen worker 2] jepsen.util: 2	:invoke	:read	[0 nil]
2026-03-14 15:00:54,257{GMT}	INFO	[jepsen worker 2] jepsen.util: 2	:ok	:read	[0 4]
2026-03-14 15:00:54,304{GMT}	INFO	[jepsen worker 6] jepsen.util: 66	:invoke	:write	[2 3]
2026-03-14 15:00:54,307{GMT}	INFO	[jepsen worker 6] jepsen.util: 66	:ok	:write	[2 3]
2026-03-14 15:00:54,337{GMT}	INFO	[jepsen worker 4] jepsen.util: 52	:invoke	:cas	[0 [2 0]]
2026-03-14 15:00:54,339{GMT}	INFO	[jepsen worker 4] jepsen.util: 52	:fail	:cas	[0 [2 0]]	[:precondition-failed "expected 2 but had 4"]
2026-03-14 15:00:54,374{GMT}	INFO	[jepsen worker 6] jepsen.util: 66	:invoke	:cas	[2 [1 3]]
2026-03-14 15:00:54,376{GMT}	INFO	[jepsen worker 6] jepsen.util: 66	:fail	:cas	[2 [1 3]]	[:precondition-failed "expected 1 but had 3"]
2026-03-14 15:00:54,392{GMT}	INFO	[jepsen worker 0] jepsen.util: 0	:invoke	:read	[0 nil]
2026-03-14 15:00:54,394{GMT}	INFO	[jepsen worker 0] jepsen.util: 0	:ok	:read	[0 4]
2026-03-14 15:00:54,427{GMT}	INFO	[jepsen worker 7] jepsen.util: 55	:invoke	:write	[2 0]
2026-03-14 15:00:54,429{GMT}	INFO	[jepsen worker 7] jepsen.util: 55	:ok	:write	[2 0]
2026-03-14 15:00:54,476{GMT}	INFO	[jepsen worker 8] jepsen.util: 56	:invoke	:cas	[2 [2 2]]
2026-03-14 15:00:54,481{GMT}	INFO	[jepsen worker 8] jepsen.util: 56	:fail	:cas	[2 [2 2]]	[:precondition-failed "expected 2 but had 0"]
2026-03-14 15:00:54,533{GMT}	INFO	[jepsen worker 3] jepsen.util: 63	:invoke	:write	[0 1]
2026-03-14 15:00:54,536{GMT}	INFO	[jepsen worker 3] jepsen.util: 63	:ok	:write	[0 1]
2026-03-14 15:00:54,604{GMT}	INFO	[jepsen worker 3] jepsen.util: 63	:invoke	:cas	[0 [3 0]]
2026-03-14 15:00:54,608{GMT}	INFO	[jepsen worker 3] jepsen.util: 63	:fail	:cas	[0 [3 0]]	[:precondition-failed "expected 3 but had 1"]
2026-03-14 15:00:54,658{GMT}	INFO	[jepsen worker 11] jepsen.util: 59	:invoke	:write	[2 2]
2026-03-14 15:00:54,663{GMT}	INFO	[jepsen worker 11] jepsen.util: 59	:ok	:write	[2 2]
2026-03-14 15:00:54,665{GMT}	INFO	[jepsen worker 6] jepsen.util: 66	:invoke	:cas	[2 [1 2]]
2026-03-14 15:00:54,668{GMT}	INFO	[jepsen worker 6] jepsen.util: 66	:fail	:cas	[2 [1 2]]	[:precondition-failed "expected 1 but had 2"]
2026-03-14 15:00:54,697{GMT}	INFO	[jepsen worker 6] jepsen.util: 66	:invoke	:write	[2 3]
2026-03-14 15:00:54,699{GMT}	INFO	[jepsen worker 6] jepsen.util: 66	:ok	:write	[2 3]
2026-03-14 15:00:54,718{GMT}	INFO	[jepsen worker 6] jepsen.util: 66	:invoke	:cas	[2 [0 4]]
2026-03-14 15:00:54,722{GMT}	INFO	[jepsen worker 6] jepsen.util: 66	:fail	:cas	[2 [0 4]]	[:precondition-failed "expected 0 but had 3"]
2026-03-14 15:00:54,754{GMT}	INFO	[jepsen worker 6] jepsen.util: 66	:invoke	:cas	[2 [3 1]]
2026-03-14 15:00:54,758{GMT}	INFO	[jepsen worker 6] jepsen.util: 66	:ok	:cas	[2 [3 1]]
2026-03-14 15:00:54,787{GMT}	INFO	[jepsen worker 3] jepsen.util: 63	:invoke	:cas	[0 [3 0]]
2026-03-14 15:00:54,790{GMT}	INFO	[jepsen worker 3] jepsen.util: 63	:fail	:cas	[0 [3 0]]	[:precondition-failed "expected 3 but had 1"]
2026-03-14 15:00:54,850{GMT}	INFO	[jepsen worker 6] jepsen.util: 66	:invoke	:cas	[2 [2 0]]
2026-03-14 15:00:54,855{GMT}	INFO	[jepsen worker 6] jepsen.util: 66	:fail	:cas	[2 [2 0]]	[:precondition-failed "expected 2 but had 1"]
2026-03-14 15:00:54,922{GMT}	INFO	[jepsen worker 0] jepsen.util: 0	:invoke	:read	[0 nil]
2026-03-14 15:00:54,926{GMT}	INFO	[jepsen worker 0] jepsen.util: 0	:ok	:read	[0 1]
2026-03-14 15:00:54,976{GMT}	INFO	[jepsen worker 6] jepsen.util: 66	:invoke	:cas	[2 [4 3]]
2026-03-14 15:00:54,982{GMT}	INFO	[jepsen worker 6] jepsen.util: 66	:fail	:cas	[2 [4 3]]	[:precondition-failed "expected 4 but had 1"]
2026-03-14 15:00:55,040{GMT}	INFO	[jepsen worker 7] jepsen.util: 55	:invoke	:cas	[2 [1 0]]
2026-03-14 15:00:55,047{GMT}	INFO	[jepsen worker 7] jepsen.util: 55	:ok	:cas	[2 [1 0]]
2026-03-14 15:00:55,108{GMT}	INFO	[jepsen worker 8] jepsen.util: 56	:invoke	:cas	[2 [4 2]]
2026-03-14 15:00:55,113{GMT}	INFO	[jepsen worker 8] jepsen.util: 56	:fail	:cas	[2 [4 2]]	[:precondition-failed "expected 4 but had 0"]
2026-03-14 15:00:55,171{GMT}	INFO	[jepsen worker 0] jepsen.util: 0	:invoke	:read	[0 nil]
2026-03-14 15:00:55,177{GMT}	INFO	[jepsen worker 0] jepsen.util: 0	:ok	:read	[0 1]
2026-03-14 15:00:55,192{GMT}	INFO	[jepsen worker 10] jepsen.util: 58	:invoke	:cas	[2 [4 3]]
2026-03-14 15:00:55,197{GMT}	INFO	[jepsen worker 10] jepsen.util: 58	:fail	:cas	[2 [4 3]]	[:precondition-failed "expected 4 but had 0"]
2026-03-14 15:00:55,226{GMT}	INFO	[jepsen worker 0] jepsen.util: 0	:invoke	:read	[0 nil]
2026-03-14 15:00:55,231{GMT}	INFO	[jepsen worker 0] jepsen.util: 0	:ok	:read	[0 1]
2026-03-14 15:00:55,255{GMT}	INFO	[jepsen worker 6] jepsen.util: 66	:invoke	:write	[2 0]
2026-03-14 15:00:55,259{GMT}	INFO	[jepsen worker 6] jepsen.util: 66	:ok	:write	[2 0]
2026-03-14 15:00:55,275{GMT}	INFO	[jepsen worker 6] jepsen.util: 66	:invoke	:write	[2 2]
2026-03-14 15:00:55,278{GMT}	INFO	[jepsen worker 6] jepsen.util: 66	:ok	:write	[2 2]
2026-03-14 15:00:55,303{GMT}	INFO	[jepsen worker 1] jepsen.util: 1	:invoke	:read	[0 nil]
2026-03-14 15:00:55,306{GMT}	INFO	[jepsen worker 1] jepsen.util: 1	:ok	:read	[0 1]
2026-03-14 15:00:55,370{GMT}	INFO	[jepsen worker 3] jepsen.util: 63	:invoke	:write	[0 0]
2026-03-14 15:00:55,375{GMT}	INFO	[jepsen worker 3] jepsen.util: 63	:ok	:write	[0 0]
2026-03-14 15:00:55,393{GMT}	INFO	[jepsen worker 0] jepsen.util: 0	:invoke	:read	[0 nil]
2026-03-14 15:00:55,398{GMT}	INFO	[jepsen worker 0] jepsen.util: 0	:ok	:read	[0 0]
2026-03-14 15:00:55,417{GMT}	INFO	[jepsen worker 4] jepsen.util: 52	:invoke	:cas	[0 [4 2]]
2026-03-14 15:00:55,421{GMT}	INFO	[jepsen worker 4] jepsen.util: 52	:fail	:cas	[0 [4 2]]	[:precondition-failed "expected 4 but had 0"]
2026-03-14 15:00:55,463{GMT}	INFO	[jepsen worker 0] jepsen.util: 0	:invoke	:read	[0 nil]
2026-03-14 15:00:55,532{GMT}	INFO	[jepsen worker 1] jepsen.util: 1	:invoke	:read	[0 nil]
2026-03-14 15:00:55,593{GMT}	INFO	[jepsen worker 3] jepsen.util: 63	:invoke	:write	[0 3]
2026-03-14 15:00:55,608{GMT}	INFO	[jepsen worker 8] jepsen.util: 56	:invoke	:write	[2 2]
2026-03-14 15:00:55,646{GMT}	INFO	[jepsen worker 9] jepsen.util: 57	:invoke	:cas	[2 [4 1]]
2026-03-14 15:00:55,680{GMT}	INFO	[jepsen worker 4] jepsen.util: 52	:invoke	:write	[0 3]
2026-03-14 15:00:55,721{GMT}	INFO	[jepsen worker 11] jepsen.util: 59	:invoke	:write	[2 1]
2026-03-14 15:00:55,726{GMT}	INFO	[jepsen worker 2] jepsen.util: 2	:invoke	:read	[0 nil]
2026-03-14 15:00:55,752{GMT}	INFO	[jepsen worker 6] jepsen.util: 66	:invoke	:cas	[2 [1 0]]
2026-03-14 15:00:55,758{GMT}	INFO	[jepsen worker 5] jepsen.util: 53	:invoke	:cas	[0 [1 4]]
2026-03-14 15:00:55,824{GMT}	INFO	[jepsen worker 7] jepsen.util: 55	:invoke	:cas	[2 [4 2]]
2026-03-14 15:00:55,879{GMT}	INFO	[jepsen worker 10] jepsen.util: 58	:invoke	:cas	[2 [3 3]]
2026-03-14 15:00:56,468{GMT}	INFO	[jepsen worker 0] jepsen.util: 0	:fail	:read	[0 nil]	:net-timeout
2026-03-14 15:00:56,468{GMT}	INFO	[jepsen worker 0] jepsen.util: 0	:invoke	:read	[0 nil]
2026-03-14 15:00:56,537{GMT}	INFO	[jepsen worker 1] jepsen.util: 1	:fail	:read	[0 nil]	:net-timeout
2026-03-14 15:00:56,537{GMT}	INFO	[jepsen worker 1] jepsen.util: 1	:invoke	:read	[0 nil]
2026-03-14 15:00:56,598{GMT}	INFO	[jepsen worker 3] jepsen.util: 63	:info	:write	[0 3]	:net-timeout
2026-03-14 15:00:56,598{GMT}	INFO	[jepsen worker 3] jepsen.util: 75	:invoke	:write	[0 1]
2026-03-14 15:00:56,613{GMT}	INFO	[jepsen worker 8] jepsen.util: 56	:info	:write	[2 2]	:net-timeout
2026-03-14 15:00:56,650{GMT}	INFO	[jepsen worker 8] jepsen.util: 68	:invoke	:cas	[2 [0 2]]
2026-03-14 15:00:56,650{GMT}	INFO	[jepsen worker 9] jepsen.util: 57	:info	:cas	[2 [4 1]]	:net-timeout
2026-03-14 15:00:56,651{GMT}	INFO	[jepsen worker 9] jepsen.util: 69	:invoke	:write	[2 1]
2026-03-14 15:00:56,685{GMT}	INFO	[jepsen worker 4] jepsen.util: 52	:info	:write	[0 3]	:net-timeout
2026-03-14 15:00:56,685{GMT}	INFO	[jepsen worker 4] jepsen.util: 64	:invoke	:cas	[3 [4 4]]
2026-03-14 15:00:56,722{GMT}	INFO	[jepsen worker 11] jepsen.util: 59	:info	:write	[2 1]	:net-timeout
2026-03-14 15:00:56,722{GMT}	INFO	[jepsen worker 11] jepsen.util: 71	:invoke	:cas	[2 [3 0]]
2026-03-14 15:00:56,728{GMT}	INFO	[jepsen worker 2] jepsen.util: 2	:fail	:read	[0 nil]	:net-timeout
2026-03-14 15:00:56,757{GMT}	INFO	[jepsen worker 6] jepsen.util: 66	:info	:cas	[2 [1 0]]	:net-timeout
2026-03-14 15:00:56,758{GMT}	INFO	[jepsen worker 2] jepsen.util: 2	:invoke	:read	[3 nil]
2026-03-14 15:00:56,762{GMT}	INFO	[jepsen worker 5] jepsen.util: 53	:info	:cas	[0 [1 4]]	:net-timeout
2026-03-14 15:00:56,803{GMT}	INFO	[jepsen worker 5] jepsen.util: 65	:invoke	:cas	[3 [1 2]]
2026-03-14 15:00:56,803{GMT}	INFO	[jepsen worker 6] jepsen.util: 78	:invoke	:cas	[2 [4 1]]
2026-03-14 15:00:56,825{GMT}	INFO	[jepsen worker 7] jepsen.util: 55	:info	:cas	[2 [4 2]]	:net-timeout
2026-03-14 15:00:56,831{GMT}	INFO	[jepsen worker 7] jepsen.util: 67	:invoke	:write	[4 1]
2026-03-14 15:00:56,884{GMT}	INFO	[jepsen worker 10] jepsen.util: 58	:info	:cas	[2 [3 3]]	:net-timeout
2026-03-14 15:00:56,884{GMT}	INFO	[jepsen worker 10] jepsen.util: 70	:invoke	:cas	[4 [1 2]]
2026-03-14 15:00:57,472{GMT}	INFO	[jepsen worker 0] jepsen.util: 0	:fail	:read	[0 nil]	:net-timeout
2026-03-14 15:00:57,472{GMT}	INFO	[jepsen worker 0] jepsen.util: 0	:invoke	:read	[3 nil]
2026-03-14 15:00:57,543{GMT}	INFO	[jepsen worker 1] jepsen.util: 1	:fail	:read	[0 nil]	:net-timeout
2026-03-14 15:00:57,543{GMT}	INFO	[jepsen worker 1] jepsen.util: 1	:invoke	:read	[3 nil]
2026-03-14 15:00:57,599{GMT}	INFO	[jepsen worker 3] jepsen.util: 75	:info	:write	[0 1]	:net-timeout
2026-03-14 15:00:57,604{GMT}	INFO	[jepsen worker 3] jepsen.util: 87	:invoke	:write	[3 0]
2026-03-14 15:00:57,655{GMT}	INFO	[jepsen worker 8] jepsen.util: 68	:info	:cas	[2 [0 2]]	:net-timeout
2026-03-14 15:00:57,655{GMT}	INFO	[jepsen worker 8] jepsen.util: 80	:invoke	:cas	[4 [1 1]]
2026-03-14 15:00:57,656{GMT}	INFO	[jepsen worker 9] jepsen.util: 69	:info	:write	[2 1]	:net-timeout
2026-03-14 15:00:57,690{GMT}	INFO	[jepsen worker 4] jepsen.util: 64	:info	:cas	[3 [4 4]]	:net-timeout
2026-03-14 15:00:57,703{GMT}	INFO	[jepsen worker 9] jepsen.util: 81	:invoke	:write	[4 4]
2026-03-14 15:00:57,727{GMT}	INFO	[jepsen worker 4] jepsen.util: 76	:invoke	:cas	[3 [0 0]]
2026-03-14 15:00:57,727{GMT}	INFO	[jepsen worker 11] jepsen.util: 71	:info	:cas	[2 [3 0]]	:net-timeout
2026-03-14 15:00:57,758{GMT}	INFO	[jepsen worker 11] jepsen.util: 83	:invoke	:cas	[4 [3 1]]
2026-03-14 15:00:57,759{GMT}	INFO	[jepsen worker 2] jepsen.util: 2	:fail	:read	[3 nil]	:net-timeout
2026-03-14 15:00:57,763{GMT}	INFO	[jepsen worker 2] jepsen.util: 2	:invoke	:read	[3 nil]
2026-03-14 15:00:57,808{GMT}	INFO	[jepsen worker 6] jepsen.util: 78	:info	:cas	[2 [4 1]]	:net-timeout
2026-03-14 15:00:57,808{GMT}	INFO	[jepsen worker 5] jepsen.util: 65	:info	:cas	[3 [1 2]]	:net-timeout
2026-03-14 15:00:57,808{GMT}	INFO	[jepsen worker 5] jepsen.util: 77	:invoke	:write	[3 1]
2026-03-14 15:00:57,836{GMT}	INFO	[jepsen worker 7] jepsen.util: 67	:info	:write	[4 1]	:net-timeout
2026-03-14 15:00:57,836{GMT}	INFO	[jepsen worker 6] jepsen.util: 90	:invoke	:write	[4 4]
2026-03-14 15:00:57,889{GMT}	INFO	[jepsen worker 10] jepsen.util: 70	:info	:cas	[4 [1 2]]	:net-timeout
2026-03-14 15:00:57,891{GMT}	INFO	[jepsen worker 7] jepsen.util: 79	:invoke	:cas	[4 [4 3]]
2026-03-14 15:00:57,918{GMT}	INFO	[jepsen worker 10] jepsen.util: 82	:invoke	:write	[4 0]
2026-03-14 15:00:58,477{GMT}	INFO	[jepsen worker 0] jepsen.util: 0	:fail	:read	[3 nil]	:net-timeout
2026-03-14 15:00:58,477{GMT}	INFO	[jepsen worker 0] jepsen.util: 0	:invoke	:read	[3 nil]
2026-03-14 15:00:58,548{GMT}	INFO	[jepsen worker 1] jepsen.util: 1	:fail	:read	[3 nil]	:net-timeout
2026-03-14 15:00:58,548{GMT}	INFO	[jepsen worker 1] jepsen.util: 1	:invoke	:read	[3 nil]
2026-03-14 15:00:58,606{GMT}	INFO	[jepsen worker 3] jepsen.util: 87	:info	:write	[3 0]	:net-timeout
2026-03-14 15:00:58,614{GMT}	INFO	[jepsen worker 3] jepsen.util: 99	:invoke	:cas	[3 [0 0]]
2026-03-14 15:00:58,660{GMT}	INFO	[jepsen worker 8] jepsen.util: 80	:info	:cas	[4 [1 1]]	:net-timeout
2026-03-14 15:00:58,661{GMT}	INFO	[jepsen worker 8] jepsen.util: 92	:invoke	:cas	[4 [0 3]]
2026-03-14 15:00:58,707{GMT}	INFO	[jepsen worker 9] jepsen.util: 81	:info	:write	[4 4]	:net-timeout
2026-03-14 15:00:58,708{GMT}	INFO	[jepsen worker 9] jepsen.util: 93	:invoke	:cas	[4 [0 2]]
2026-03-14 15:00:58,729{GMT}	INFO	[jepsen worker 4] jepsen.util: 76	:info	:cas	[3 [0 0]]	:net-timeout
2026-03-14 15:00:58,729{GMT}	INFO	[jepsen worker 4] jepsen.util: 88	:invoke	:write	[3 4]
2026-03-14 15:00:58,763{GMT}	INFO	[jepsen worker 11] jepsen.util: 83	:info	:cas	[4 [3 1]]	:net-timeout
2026-03-14 15:00:58,763{GMT}	INFO	[jepsen worker 2] jepsen.util: 2	:fail	:read	[3 nil]	:net-timeout
2026-03-14 15:00:58,763{GMT}	INFO	[jepsen worker 2] jepsen.util: 2	:invoke	:read	[3 nil]
2026-03-14 15:00:58,808{GMT}	INFO	[jepsen worker 11] jepsen.util: 95	:invoke	:cas	[4 [0 2]]
2026-03-14 15:00:58,808{GMT}	INFO	[jepsen worker 5] jepsen.util: 77	:info	:write	[3 1]	:net-timeout
2026-03-14 15:00:58,823{GMT}	INFO	[jepsen worker 5] jepsen.util: 89	:invoke	:cas	[3 [0 0]]
2026-03-14 15:00:58,841{GMT}	INFO	[jepsen worker 6] jepsen.util: 90	:info	:write	[4 4]	:net-timeout
2026-03-14 15:00:58,846{GMT}	INFO	[jepsen worker 6] jepsen.util: 102	:invoke	:cas	[4 [4 3]]
2026-03-14 15:00:58,896{GMT}	INFO	[jepsen worker 7] jepsen.util: 79	:info	:cas	[4 [4 3]]	:net-timeout
2026-03-14 15:00:58,909{GMT}	INFO	[jepsen worker 7] jepsen.util: 91	:invoke	:cas	[4 [4 3]]
2026-03-14 15:00:58,918{GMT}	INFO	[jepsen worker 10] jepsen.util: 82	:info	:write	[4 0]	:net-timeout
2026-03-14 15:00:58,941{GMT}	INFO	[jepsen worker 10] jepsen.util: 94	:invoke	:cas	[4 [2 2]]
2026-03-14 15:00:59,478{GMT}	INFO	[jepsen worker 0] jepsen.util: 0	:fail	:read	[3 nil]	:net-timeout
2026-03-14 15:00:59,478{GMT}	INFO	[jepsen worker 0] jepsen.util: 0	:invoke	:read	[3 nil]
2026-03-14 15:00:59,549{GMT}	INFO	[jepsen worker 1] jepsen.util: 1	:fail	:read	[3 nil]	:net-timeout
2026-03-14 15:00:59,550{GMT}	INFO	[jepsen worker 1] jepsen.util: 1	:invoke	:read	[3 nil]
2026-03-14 15:00:59,619{GMT}	INFO	[jepsen worker 3] jepsen.util: 99	:info	:cas	[3 [0 0]]	:net-timeout
2026-03-14 15:00:59,619{GMT}	INFO	[jepsen worker 3] jepsen.util: 111	:invoke	:write	[3 3]
2026-03-14 15:00:59,662{GMT}	INFO	[jepsen worker 8] jepsen.util: 92	:info	:cas	[4 [0 3]]	:net-timeout
2026-03-14 15:00:59,686{GMT}	INFO	[jepsen worker 8] jepsen.util: 104	:invoke	:cas	[4 [0 3]]
2026-03-14 15:00:59,713{GMT}	INFO	[jepsen worker 9] jepsen.util: 93	:info	:cas	[4 [0 2]]	:net-timeout
2026-03-14 15:00:59,732{GMT}	INFO	[jepsen worker 4] jepsen.util: 88	:info	:write	[3 4]	:net-timeout
2026-03-14 15:00:59,733{GMT}	INFO	[jepsen worker 9] jepsen.util: 105	:invoke	:cas	[5 [1 1]]
2026-03-14 15:00:59,768{GMT}	INFO	[jepsen worker 2] jepsen.util: 2	:fail	:read	[3 nil]	:net-timeout
2026-03-14 15:00:59,800{GMT}	INFO	[jepsen worker 4] jepsen.util: 100	:invoke	:cas	[3 [1 3]]
2026-03-14 15:00:59,813{GMT}	INFO	[jepsen worker 11] jepsen.util: 95	:info	:cas	[4 [0 2]]	:net-timeout
2026-03-14 15:00:59,814{GMT}	INFO	[jepsen worker 2] jepsen.util: 2	:invoke	:read	[3 nil]
2026-03-14 15:00:59,828{GMT}	INFO	[jepsen worker 5] jepsen.util: 89	:info	:cas	[3 [0 0]]	:net-timeout
2026-03-14 15:00:59,851{GMT}	INFO	[jepsen worker 6] jepsen.util: 102	:info	:cas	[4 [4 3]]	:net-timeout
2026-03-14 15:00:59,866{GMT}	INFO	[jepsen worker 5] jepsen.util: 101	:invoke	:write	[3 3]
2026-03-14 15:00:59,880{GMT}	INFO	[jepsen worker 11] jepsen.util: 107	:invoke	:write	[5 1]
2026-03-14 15:00:59,910{GMT}	INFO	[jepsen worker 7] jepsen.util: 91	:info	:cas	[4 [4 3]]	:net-timeout
2026-03-14 15:00:59,926{GMT}	INFO	[jepsen worker 6] jepsen.util: 114	:invoke	:cas	[5 [3 1]]
2026-03-14 15:00:59,946{GMT}	INFO	[jepsen worker 10] jepsen.util: 94	:info	:cas	[4 [2 2]]	:net-timeout
2026-03-14 15:00:59,949{GMT}	INFO	[jepsen worker 7] jepsen.util: 103	:invoke	:cas	[5 [3 0]]
2026-03-14 15:00:59,992{GMT}	INFO	[jepsen worker 10] jepsen.util: 106	:invoke	:cas	[5 [0 4]]
2026-03-14 15:01:00,482{GMT}	INFO	[jepsen worker 0] jepsen.util: 0	:fail	:read	[3 nil]	:net-timeout
2026-03-14 15:01:00,482{GMT}	INFO	[jepsen worker 0] jepsen.util: 0	:invoke	:read	[3 nil]
2026-03-14 15:01:00,554{GMT}	INFO	[jepsen worker 1] jepsen.util: 1	:fail	:read	[3 nil]	:net-timeout
2026-03-14 15:01:00,554{GMT}	INFO	[jepsen worker 1] jepsen.util: 1	:invoke	:read	[3 nil]
2026-03-14 15:01:00,619{GMT}	INFO	[jepsen worker 3] jepsen.util: 111	:info	:write	[3 3]	:net-timeout
2026-03-14 15:01:00,620{GMT}	INFO	[jepsen worker 3] jepsen.util: 123	:invoke	:cas	[3 [4 2]]
2026-03-14 15:01:00,691{GMT}	INFO	[jepsen worker 8] jepsen.util: 104	:info	:cas	[4 [0 3]]	:net-timeout
2026-03-14 15:01:00,692{GMT}	INFO	[jepsen worker 8] jepsen.util: 116	:invoke	:cas	[5 [0 1]]
2026-03-14 15:01:00,738{GMT}	INFO	[jepsen worker 9] jepsen.util: 105	:info	:cas	[5 [1 1]]	:net-timeout
2026-03-14 15:01:00,738{GMT}	INFO	[jepsen worker 9] jepsen.util: 117	:invoke	:cas	[5 [2 1]]
2026-03-14 15:01:00,805{GMT}	INFO	[jepsen worker 4] jepsen.util: 100	:info	:cas	[3 [1 3]]	:net-timeout
2026-03-14 15:01:00,805{GMT}	INFO	[jepsen worker 4] jepsen.util: 112	:invoke	:cas	[3 [1 0]]
2026-03-14 15:01:00,819{GMT}	INFO	[jepsen worker 2] jepsen.util: 2	:fail	:read	[3 nil]	:net-timeout
2026-03-14 15:01:00,867{GMT}	INFO	[jepsen worker 2] jepsen.util: 2	:invoke	:read	[3 nil]
2026-03-14 15:01:00,868{GMT}	INFO	[jepsen worker 5] jepsen.util: 101	:info	:write	[3 3]	:net-timeout
2026-03-14 15:01:00,880{GMT}	INFO	[jepsen worker 11] jepsen.util: 107	:info	:write	[5 1]	:net-timeout
2026-03-14 15:01:00,890{GMT}	INFO	[jepsen worker 5] jepsen.util: 113	:invoke	:cas	[3 [2 4]]
2026-03-14 15:01:00,904{GMT}	INFO	[jepsen worker 11] jepsen.util: 119	:invoke	:cas	[5 [1 1]]
2026-03-14 15:01:00,928{GMT}	INFO	[jepsen worker 6] jepsen.util: 114	:info	:cas	[5 [3 1]]	:net-timeout
2026-03-14 15:01:00,928{GMT}	INFO	[jepsen worker 6] jepsen.util: 126	:invoke	:write	[5 1]
2026-03-14 15:01:00,953{GMT}	INFO	[jepsen worker 7] jepsen.util: 103	:info	:cas	[5 [3 0]]	:net-timeout
2026-03-14 15:01:00,973{GMT}	INFO	[jepsen worker 7] jepsen.util: 115	:invoke	:write	[5 3]
2026-03-14 15:01:00,995{GMT}	INFO	[jepsen worker 10] jepsen.util: 106	:info	:cas	[5 [0 4]]	:net-timeout
2026-03-14 15:01:00,995{GMT}	INFO	[jepsen worker 10] jepsen.util: 118	:invoke	:cas	[5 [0 0]]
2026-03-14 15:01:01,483{GMT}	INFO	[jepsen worker 0] jepsen.util: 0	:fail	:read	[3 nil]	:net-timeout
2026-03-14 15:01:01,484{GMT}	INFO	[jepsen worker 0] jepsen.util: 0	:invoke	:read	[3 nil]
2026-03-14 15:01:01,559{GMT}	INFO	[jepsen worker 1] jepsen.util: 1	:fail	:read	[3 nil]	:net-timeout
2026-03-14 15:01:01,559{GMT}	INFO	[jepsen worker 1] jepsen.util: 1	:invoke	:read	[3 nil]
2026-03-14 15:01:01,624{GMT}	INFO	[jepsen worker 3] jepsen.util: 123	:info	:cas	[3 [4 2]]	:net-timeout
2026-03-14 15:01:01,625{GMT}	INFO	[jepsen worker 3] jepsen.util: 135	:invoke	:cas	[3 [2 3]]
2026-03-14 15:01:01,697{GMT}	INFO	[jepsen worker 8] jepsen.util: 116	:info	:cas	[5 [0 1]]	:net-timeout
2026-03-14 15:01:01,697{GMT}	INFO	[jepsen worker 8] jepsen.util: 128	:invoke	:cas	[5 [2 2]]
2026-03-14 15:01:01,743{GMT}	INFO	[jepsen worker 9] jepsen.util: 117	:info	:cas	[5 [2 1]]	:net-timeout
2026-03-14 15:01:01,768{GMT}	INFO	[jepsen worker 9] jepsen.util: 129	:invoke	:cas	[5 [2 3]]
2026-03-14 15:01:01,810{GMT}	INFO	[jepsen worker 4] jepsen.util: 112	:info	:cas	[3 [1 0]]	:net-timeout
2026-03-14 15:01:01,811{GMT}	INFO	[jepsen worker 4] jepsen.util: 124	:invoke	:cas	[6 [2 4]]
2026-03-14 15:01:01,868{GMT}	INFO	[jepsen worker 2] jepsen.util: 2	:fail	:read	[3 nil]	:net-timeout
2026-03-14 15:01:01,868{GMT}	INFO	[jepsen worker 2] jepsen.util: 2	:invoke	:read	[6 nil]
2026-03-14 15:01:01,892{GMT}	INFO	[jepsen worker 5] jepsen.util: 113	:info	:cas	[3 [2 4]]	:net-timeout
2026-03-14 15:01:01,908{GMT}	INFO	[jepsen worker 11] jepsen.util: 119	:info	:cas	[5 [1 1]]	:net-timeout
2026-03-14 15:01:01,933{GMT}	INFO	[jepsen worker 11] jepsen.util: 131	:invoke	:write	[5 4]
2026-03-14 15:01:01,933{GMT}	INFO	[jepsen worker 6] jepsen.util: 126	:info	:write	[5 1]	:net-timeout
2026-03-14 15:01:01,935{GMT}	INFO	[jepsen worker 6] jepsen.util: 138	:invoke	:cas	[5 [4 2]]
2026-03-14 15:01:01,971{GMT}	INFO	[jepsen worker 5] jepsen.util: 125	:invoke	:write	[6 3]
2026-03-14 15:01:01,976{GMT}	INFO	[jepsen worker 7] jepsen.util: 115	:info	:write	[5 3]	:net-timeout
2026-03-14 15:01:02,000{GMT}	INFO	[jepsen worker 10] jepsen.util: 118	:info	:cas	[5 [0 0]]	:net-timeout
2026-03-14 15:01:02,024{GMT}	INFO	[jepsen worker 10] jepsen.util: 130	:invoke	:cas	[7 [4 3]]
2026-03-14 15:01:02,059{GMT}	INFO	[jepsen worker 7] jepsen.util: 127	:invoke	:cas	[7 [1 3]]
2026-03-14 15:01:02,487{GMT}	INFO	[jepsen worker 0] jepsen.util: 0	:fail	:read	[3 nil]	:net-timeout
2026-03-14 15:01:02,488{GMT}	INFO	[jepsen worker 0] jepsen.util: 0	:invoke	:read	[6 nil]
2026-03-14 15:01:02,562{GMT}	INFO	[jepsen worker 1] jepsen.util: 1	:fail	:read	[3 nil]	:net-timeout
2026-03-14 15:01:02,563{GMT}	INFO	[jepsen worker 1] jepsen.util: 1	:invoke	:read	[6 nil]
2026-03-14 15:01:02,630{GMT}	INFO	[jepsen worker 3] jepsen.util: 135	:info	:cas	[3 [2 3]]	:net-timeout
2026-03-14 15:01:02,630{GMT}	INFO	[jepsen worker 3] jepsen.util: 147	:invoke	:write	[6 3]
2026-03-14 15:01:02,698{GMT}	INFO	[jepsen worker 8] jepsen.util: 128	:info	:cas	[5 [2 2]]	:net-timeout
2026-03-14 15:01:02,698{GMT}	INFO	[jepsen worker 8] jepsen.util: 140	:invoke	:write	[7 1]
2026-03-14 15:01:02,769{GMT}	INFO	[jepsen worker 9] jepsen.util: 129	:info	:cas	[5 [2 3]]	:net-timeout
2026-03-14 15:01:02,769{GMT}	INFO	[jepsen worker 9] jepsen.util: 141	:invoke	:cas	[7 [0 3]]
2026-03-14 15:01:02,816{GMT}	INFO	[jepsen worker 4] jepsen.util: 124	:info	:cas	[6 [2 4]]	:net-timeout
2026-03-14 15:01:02,816{GMT}	INFO	[jepsen worker 4] jepsen.util: 136	:invoke	:cas	[6 [2 4]]
2026-03-14 15:01:02,873{GMT}	INFO	[jepsen worker 2] jepsen.util: 2	:fail	:read	[6 nil]	:net-timeout
2026-03-14 15:01:02,873{GMT}	INFO	[jepsen worker 2] jepsen.util: 2	:invoke	:read	[6 nil]
2026-03-14 15:01:02,933{GMT}	INFO	[jepsen worker 11] jepsen.util: 131	:info	:write	[5 4]	:net-timeout
2026-03-14 15:01:02,933{GMT}	INFO	[jepsen worker 11] jepsen.util: 143	:invoke	:write	[7 3]
2026-03-14 15:01:02,939{GMT}	INFO	[jepsen worker 6] jepsen.util: 138	:info	:cas	[5 [4 2]]	:net-timeout
2026-03-14 15:01:02,975{GMT}	INFO	[jepsen worker 6] jepsen.util: 150	:invoke	:cas	[7 [1 3]]
2026-03-14 15:01:02,975{GMT}	INFO	[jepsen worker 5] jepsen.util: 125	:info	:write	[6 3]	:net-timeout
2026-03-14 15:01:02,998{GMT}	INFO	[jepsen worker 5] jepsen.util: 137	:invoke	:write	[6 4]
2026-03-14 15:01:03,023{GMT}	INFO	[jepsen worker 10] jepsen.util: 130	:info	:cas	[7 [4 3]]	:net-timeout
2026-03-14 15:01:03,063{GMT}	INFO	[jepsen worker 7] jepsen.util: 127	:info	:cas	[7 [1 3]]	:net-timeout
2026-03-14 15:01:03,063{GMT}	INFO	[jepsen worker 10] jepsen.util: 142	:invoke	:cas	[7 [0 3]]
2026-03-14 15:01:03,123{GMT}	INFO	[jepsen worker 7] jepsen.util: 139	:invoke	:cas	[7 [0 1]]
2026-03-14 15:01:03,492{GMT}	INFO	[jepsen worker 0] jepsen.util: 0	:fail	:read	[6 nil]	:net-timeout
2026-03-14 15:01:03,492{GMT}	INFO	[jepsen worker 0] jepsen.util: 0	:invoke	:read	[6 nil]
2026-03-14 15:01:03,567{GMT}	INFO	[jepsen worker 1] jepsen.util: 1	:fail	:read	[6 nil]	:net-timeout
2026-03-14 15:01:03,567{GMT}	INFO	[jepsen worker 1] jepsen.util: 1	:invoke	:read	[6 nil]
2026-03-14 15:01:03,630{GMT}	INFO	[jepsen worker 3] jepsen.util: 147	:info	:write	[6 3]	:net-timeout
2026-03-14 15:01:03,631{GMT}	INFO	[jepsen worker 3] jepsen.util: 159	:invoke	:write	[6 4]
2026-03-14 15:01:03,703{GMT}	INFO	[jepsen worker 8] jepsen.util: 140	:info	:write	[7 1]	:net-timeout
2026-03-14 15:01:03,704{GMT}	INFO	[jepsen worker 8] jepsen.util: 152	:invoke	:cas	[7 [4 3]]
2026-03-14 15:01:03,774{GMT}	INFO	[jepsen worker 9] jepsen.util: 141	:info	:cas	[7 [0 3]]	:net-timeout
2026-03-14 15:01:03,774{GMT}	INFO	[jepsen worker 9] jepsen.util: 153	:invoke	:write	[7 3]
2026-03-14 15:01:03,820{GMT}	INFO	[jepsen worker 4] jepsen.util: 136	:info	:cas	[6 [2 4]]	:net-timeout
2026-03-14 15:01:03,828{GMT}	INFO	[jepsen worker 4] jepsen.util: 148	:invoke	:cas	[6 [0 0]]
2026-03-14 15:01:03,878{GMT}	INFO	[jepsen worker 2] jepsen.util: 2	:fail	:read	[6 nil]	:net-timeout
2026-03-14 15:01:03,878{GMT}	INFO	[jepsen worker 2] jepsen.util: 2	:invoke	:read	[6 nil]
2026-03-14 15:01:03,938{GMT}	INFO	[jepsen worker 11] jepsen.util: 143	:info	:write	[7 3]	:net-timeout
2026-03-14 15:01:03,938{GMT}	INFO	[jepsen worker 11] jepsen.util: 155	:invoke	:write	[7 4]
2026-03-14 15:01:03,980{GMT}	INFO	[jepsen worker 6] jepsen.util: 150	:info	:cas	[7 [1 3]]	:net-timeout
2026-03-14 15:01:03,980{GMT}	INFO	[jepsen worker 6] jepsen.util: 162	:invoke	:cas	[7 [1 0]]
2026-03-14 15:01:04,003{GMT}	INFO	[jepsen worker 5] jepsen.util: 137	:info	:write	[6 4]	:net-timeout
2026-03-14 15:01:04,003{GMT}	INFO	[jepsen worker 5] jepsen.util: 149	:invoke	:write	[6 2]
2026-03-14 15:01:04,068{GMT}	INFO	[jepsen worker 10] jepsen.util: 142	:info	:cas	[7 [0 3]]	:net-timeout
2026-03-14 15:01:04,068{GMT}	INFO	[jepsen worker 10] jepsen.util: 154	:invoke	:cas	[7 [3 1]]
2026-03-14 15:01:04,123{GMT}	INFO	[jepsen worker 7] jepsen.util: 139	:info	:cas	[7 [0 1]]	:net-timeout
2026-03-14 15:01:04,123{GMT}	INFO	[jepsen worker 7] jepsen.util: 151	:invoke	:cas	[7 [4 1]]
2026-03-14 15:01:04,495{GMT}	INFO	[jepsen worker 0] jepsen.util: 0	:fail	:read	[6 nil]	:net-timeout
2026-03-14 15:01:04,495{GMT}	INFO	[jepsen worker 0] jepsen.util: 0	:invoke	:read	[6 nil]
2026-03-14 15:01:04,570{GMT}	INFO	[jepsen worker 1] jepsen.util: 1	:fail	:read	[6 nil]	:net-timeout
2026-03-14 15:01:04,570{GMT}	INFO	[jepsen worker 1] jepsen.util: 1	:invoke	:read	[6 nil]
2026-03-14 15:01:04,635{GMT}	INFO	[jepsen worker 3] jepsen.util: 159	:info	:write	[6 4]	:net-timeout
2026-03-14 15:01:04,636{GMT}	INFO	[jepsen worker 3] jepsen.util: 171	:invoke	:cas	[6 [3 1]]
2026-03-14 15:01:04,704{GMT}	INFO	[jepsen worker 8] jepsen.util: 152	:info	:cas	[7 [4 3]]	:net-timeout
2026-03-14 15:01:04,704{GMT}	INFO	[jepsen worker 8] jepsen.util: 164	:invoke	:cas	[7 [0 3]]
2026-03-14 15:01:04,779{GMT}	INFO	[jepsen worker 9] jepsen.util: 153	:info	:write	[7 3]	:net-timeout
2026-03-14 15:01:04,780{GMT}	INFO	[jepsen worker 9] jepsen.util: 165	:invoke	:write	[7 3]
2026-03-14 15:01:04,832{GMT}	INFO	[jepsen worker 4] jepsen.util: 148	:info	:cas	[6 [0 0]]	:net-timeout
2026-03-14 15:01:04,833{GMT}	INFO	[jepsen worker 4] jepsen.util: 160	:invoke	:write	[6 1]
2026-03-14 15:01:04,880{GMT}	INFO	[jepsen worker 2] jepsen.util: 2	:fail	:read	[6 nil]	:net-timeout
2026-03-14 15:01:04,880{GMT}	INFO	[jepsen worker 2] jepsen.util: 2	:invoke	:read	[6 nil]
2026-03-14 15:01:04,942{GMT}	INFO	[jepsen worker 11] jepsen.util: 155	:info	:write	[7 4]	:net-timeout
2026-03-14 15:01:04,942{GMT}	INFO	[jepsen worker 11] jepsen.util: 167	:invoke	:write	[8 0]
2026-03-14 15:01:04,985{GMT}	INFO	[jepsen worker 6] jepsen.util: 162	:info	:cas	[7 [1 0]]	:net-timeout
2026-03-14 15:01:04,985{GMT}	INFO	[jepsen worker 6] jepsen.util: 174	:invoke	:cas	[8 [4 2]]
2026-03-14 15:01:05,008{GMT}	INFO	[jepsen worker 5] jepsen.util: 149	:info	:write	[6 2]	:net-timeout
2026-03-14 15:01:05,008{GMT}	INFO	[jepsen worker 5] jepsen.util: 161	:invoke	:cas	[6 [0 1]]
2026-03-14 15:01:05,073{GMT}	INFO	[jepsen worker 10] jepsen.util: 154	:info	:cas	[7 [3 1]]	:net-timeout
2026-03-14 15:01:05,073{GMT}	INFO	[jepsen worker 10] jepsen.util: 166	:invoke	:write	[8 1]
2026-03-14 15:01:05,124{GMT}	INFO	[jepsen worker 7] jepsen.util: 151	:info	:cas	[7 [4 1]]	:net-timeout
2026-03-14 15:01:05,124{GMT}	INFO	[jepsen worker 7] jepsen.util: 163	:invoke	:cas	[8 [3 2]]
2026-03-14 15:01:05,491{GMT}	INFO	[jepsen worker 0] jepsen.util: 0	:ok	:read	[6 4]
2026-03-14 15:01:05,491{GMT}	INFO	[jepsen worker 0] jepsen.util: 0	:invoke	:read	[6 nil]
2026-03-14 15:01:05,492{GMT}	INFO	[jepsen worker 3] jepsen.util: 171	:fail	:cas	[6 [3 1]]	[:precondition-failed "expected 3 but had 4"]
2026-03-14 15:01:05,492{GMT}	INFO	[jepsen worker 9] jepsen.util: 165	:ok	:write	[7 3]
2026-03-14 15:01:05,493{GMT}	INFO	[jepsen worker 6] jepsen.util: 174	:fail	:cas	[8 [4 2]]	[:precondition-failed "expected 4 but had "]
2026-03-14 15:01:05,493{GMT}	INFO	[jepsen worker 0] jepsen.util: 0	:ok	:read	[6 4]
2026-03-14 15:01:05,511{GMT}	INFO	[jepsen worker 9] jepsen.util: 165	:invoke	:cas	[8 [1 1]]
2026-03-14 15:01:05,512{GMT}	INFO	[jepsen worker 9] jepsen.util: 165	:fail	:cas	[8 [1 1]]	[:precondition-failed "expected 1 but had "]
2026-03-14 15:01:05,558{GMT}	INFO	[jepsen worker 1] jepsen.util: 1	:ok	:read	[6 4]
2026-03-14 15:01:05,559{GMT}	INFO	[jepsen worker 4] jepsen.util: 160	:ok	:write	[6 1]
2026-03-14 15:01:05,560{GMT}	INFO	[jepsen worker 10] jepsen.util: 166	:ok	:write	[8 1]
2026-03-14 15:01:05,560{GMT}	INFO	[jepsen worker 7] jepsen.util: 163	:fail	:cas	[8 [3 2]]	[:precondition-failed "expected 3 but had 1"]
2026-03-14 15:01:05,577{GMT}	INFO	[jepsen worker 3] jepsen.util: 171	:invoke	:cas	[6 [2 4]]
2026-03-14 15:01:05,579{GMT}	INFO	[jepsen worker 3] jepsen.util: 171	:fail	:cas	[6 [2 4]]	[:precondition-failed "expected 2 but had 1"]
2026-03-14 15:01:05,607{GMT}	INFO	[jepsen worker 3] jepsen.util: 171	:invoke	:write	[6 1]
2026-03-14 15:01:05,608{GMT}	INFO	[jepsen worker 3] jepsen.util: 171	:ok	:write	[6 1]
2026-03-14 15:01:05,639{GMT}	INFO	[jepsen worker 8] jepsen.util: 164	:fail	:cas	[7 [0 3]]	[:precondition-failed "expected 0 but had 4"]
2026-03-14 15:01:05,639{GMT}	INFO	[jepsen worker 2] jepsen.util: 2	:ok	:read	[6 2]
2026-03-14 15:01:05,640{GMT}	INFO	[jepsen worker 11] jepsen.util: 167	:ok	:write	[8 0]
2026-03-14 15:01:05,641{GMT}	INFO	[jepsen worker 5] jepsen.util: 161	:fail	:cas	[6 [0 1]]	[:precondition-failed "expected 0 but had 2"]
2026-03-14 15:01:05,647{GMT}	INFO	[jepsen worker 6] jepsen.util: 174	:invoke	:write	[8 2]
2026-03-14 15:01:05,649{GMT}	INFO	[jepsen worker 6] jepsen.util: 174	:ok	:write	[8 2]
2026-03-14 15:01:05,675{GMT}	INFO	[jepsen worker 3] jepsen.util: 171	:invoke	:write	[6 0]
2026-03-14 15:01:05,676{GMT}	INFO	[jepsen worker 3] jepsen.util: 171	:ok	:write	[6 0]
2026-03-14 15:01:05,680{GMT}	INFO	[jepsen worker 6] jepsen.util: 174	:invoke	:cas	[8 [4 2]]
2026-03-14 15:01:05,682{GMT}	INFO	[jepsen worker 6] jepsen.util: 174	:fail	:cas	[8 [4 2]]	[:precondition-failed "expected 4 but had 2"]
2026-03-14 15:01:05,693{GMT}	INFO	[jepsen worker 6] jepsen.util: 174	:invoke	:write	[8 0]
2026-03-14 15:01:05,695{GMT}	INFO	[jepsen worker 6] jepsen.util: 174	:ok	:write	[8 0]
2026-03-14 15:01:05,753{GMT}	INFO	[jepsen worker 6] jepsen.util: 174	:invoke	:cas	[8 [0 4]]
2026-03-14 15:01:05,755{GMT}	INFO	[jepsen worker 6] jepsen.util: 174	:ok	:cas	[8 [0 4]]
2026-03-14 15:01:05,811{GMT}	INFO	[jepsen worker 4] jepsen.util: 160	:invoke	:write	[6 0]
2026-03-14 15:01:05,813{GMT}	INFO	[jepsen worker 4] jepsen.util: 160	:ok	:write	[6 0]
2026-03-14 15:01:05,824{GMT}	INFO	[jepsen worker 6] jepsen.util: 174	:invoke	:write	[8 3]
2026-03-14 15:01:05,825{GMT}	INFO	[jepsen worker 6] jepsen.util: 174	:ok	:write	[8 3]
2026-03-14 15:01:05,891{GMT}	INFO	[jepsen worker 3] jepsen.util: 171	:invoke	:cas	[6 [4 0]]
2026-03-14 15:01:05,893{GMT}	INFO	[jepsen worker 3] jepsen.util: 171	:fail	:cas	[6 [4 0]]	[:precondition-failed "expected 4 but had 0"]
2026-03-14 15:01:05,903{GMT}	INFO	[jepsen worker 7] jepsen.util: 163	:invoke	:cas	[8 [4 0]]
2026-03-14 15:01:05,905{GMT}	INFO	[jepsen worker 7] jepsen.util: 163	:fail	:cas	[8 [4 0]]	[:precondition-failed "expected 4 but had 3"]
2026-03-14 15:01:05,961{GMT}	INFO	[jepsen worker 3] jepsen.util: 171	:invoke	:cas	[6 [0 0]]
2026-03-14 15:01:05,967{GMT}	INFO	[jepsen worker 3] jepsen.util: 171	:ok	:cas	[6 [0 0]]
2026-03-14 15:01:06,004{GMT}	INFO	[jepsen worker 0] jepsen.util: 0	:invoke	:read	[6 nil]
2026-03-14 15:01:06,007{GMT}	INFO	[jepsen worker 0] jepsen.util: 0	:ok	:read	[6 0]
2026-03-14 15:01:06,020{GMT}	INFO	[jepsen worker 3] jepsen.util: 171	:invoke	:cas	[6 [3 0]]
2026-03-14 15:01:06,022{GMT}	INFO	[jepsen worker 3] jepsen.util: 171	:fail	:cas	[6 [3 0]]	[:precondition-failed "expected 3 but had 0"]
2026-03-14 15:01:06,075{GMT}	INFO	[jepsen worker 0] jepsen.util: 0	:invoke	:read	[6 nil]
2026-03-14 15:01:06,078{GMT}	INFO	[jepsen worker 0] jepsen.util: 0	:ok	:read	[6 0]
2026-03-14 15:01:06,123{GMT}	INFO	[jepsen worker 6] jepsen.util: 174	:invoke	:cas	[8 [2 4]]
2026-03-14 15:01:06,126{GMT}	INFO	[jepsen worker 6] jepsen.util: 174	:fail	:cas	[8 [2 4]]	[:precondition-failed "expected 2 but had 3"]
2026-03-14 15:01:06,163{GMT}	INFO	[jepsen worker 3] jepsen.util: 171	:invoke	:cas	[6 [1 0]]
2026-03-14 15:01:06,167{GMT}	INFO	[jepsen worker 3] jepsen.util: 171	:fail	:cas	[6 [1 0]]	[:precondition-failed "expected 1 but had 0"]
2026-03-14 15:01:06,203{GMT}	INFO	[jepsen worker 6] jepsen.util: 174	:invoke	:write	[8 4]
2026-03-14 15:01:06,205{GMT}	INFO	[jepsen worker 6] jepsen.util: 174	:ok	:write	[8 4]
2026-03-14 15:01:06,237{GMT}	INFO	[jepsen worker 6] jepsen.util: 174	:invoke	:cas	[8 [4 0]]
2026-03-14 15:01:06,239{GMT}	INFO	[jepsen worker 6] jepsen.util: 174	:ok	:cas	[8 [4 0]]
2026-03-14 15:01:06,244{GMT}	INFO	[jepsen worker 0] jepsen.util: 0	:invoke	:read	[6 nil]
2026-03-14 15:01:06,245{GMT}	INFO	[jepsen worker 0] jepsen.util: 0	:ok	:read	[6 0]
2026-03-14 15:01:06,251{GMT}	INFO	[jepsen worker 4] jepsen.util: 160	:invoke	:cas	[6 [0 3]]
2026-03-14 15:01:06,253{GMT}	INFO	[jepsen worker 4] jepsen.util: 160	:ok	:cas	[6 [0 3]]
2026-03-14 15:01:06,279{GMT}	INFO	[jepsen worker 5] jepsen.util: 161	:invoke	:cas	[6 [0 3]]
2026-03-14 15:01:06,281{GMT}	INFO	[jepsen worker 5] jepsen.util: 161	:fail	:cas	[6 [0 3]]	[:precondition-failed "expected 0 but had 3"]
2026-03-14 15:01:06,326{GMT}	INFO	[jepsen worker 0] jepsen.util: 0	:invoke	:read	[6 nil]
2026-03-14 15:01:06,328{GMT}	INFO	[jepsen worker 0] jepsen.util: 0	:ok	:read	[6 3]
2026-03-14 15:01:06,395{GMT}	INFO	[jepsen worker 7] jepsen.util: 163	:invoke	:cas	[8 [0 2]]
2026-03-14 15:01:06,398{GMT}	INFO	[jepsen worker 7] jepsen.util: 163	:ok	:cas	[8 [0 2]]
2026-03-14 15:01:06,448{GMT}	INFO	[jepsen worker 8] jepsen.util: 164	:invoke	:write	[8 2]
2026-03-14 15:01:06,450{GMT}	INFO	[jepsen worker 8] jepsen.util: 164	:ok	:write	[8 2]
2026-03-14 15:01:06,461{GMT}	INFO	[jepsen worker 0] jepsen.util: 0	:invoke	:read	[6 nil]
2026-03-14 15:01:06,463{GMT}	INFO	[jepsen worker 0] jepsen.util: 0	:ok	:read	[6 3]
2026-03-14 15:01:06,513{GMT}	INFO	[jepsen worker 10] jepsen.util: 166	:invoke	:write	[8 2]
2026-03-14 15:01:06,516{GMT}	INFO	[jepsen worker 10] jepsen.util: 166	:ok	:write	[8 2]
2026-03-14 15:01:06,537{GMT}	INFO	[jepsen worker 3] jepsen.util: 171	:invoke	:cas	[6 [4 3]]
2026-03-14 15:01:06,541{GMT}	INFO	[jepsen worker 3] jepsen.util: 171	:fail	:cas	[6 [4 3]]	[:precondition-failed "expected 4 but had 3"]
2026-03-14 15:01:06,561{GMT}	INFO	[jepsen worker 6] jepsen.util: 174	:invoke	:cas	[8 [2 0]]
2026-03-14 15:01:06,565{GMT}	INFO	[jepsen worker 6] jepsen.util: 174	:ok	:cas	[8 [2 0]]
2026-03-14 15:01:06,597{GMT}	INFO	[jepsen worker 6] jepsen.util: 174	:invoke	:cas	[8 [1 3]]
2026-03-14 15:01:06,599{GMT}	INFO	[jepsen worker 7] jepsen.util: 163	:invoke	:cas	[8 [1 0]]
2026-03-14 15:01:06,600{GMT}	INFO	[jepsen worker 6] jepsen.util: 174	:fail	:cas	[8 [1 3]]	[:precondition-failed "expected 1 but had 0"]
2026-03-14 15:01:06,601{GMT}	INFO	[jepsen worker 7] jepsen.util: 163	:fail	:cas	[8 [1 0]]	[:precondition-failed "expected 1 but had 0"]
2026-03-14 15:01:06,614{GMT}	INFO	[jepsen worker 3] jepsen.util: 171	:invoke	:cas	[6 [1 3]]
2026-03-14 15:01:06,617{GMT}	INFO	[jepsen worker 3] jepsen.util: 171	:fail	:cas	[6 [1 3]]	[:precondition-failed "expected 1 but had 3"]
2026-03-14 15:01:06,673{GMT}	INFO	[jepsen worker 3] jepsen.util: 171	:invoke	:cas	[6 [3 3]]
2026-03-14 15:01:06,673{GMT}	INFO	[jepsen worker 6] jepsen.util: 174	:invoke	:cas	[8 [4 1]]
2026-03-14 15:01:06,676{GMT}	INFO	[jepsen worker 3] jepsen.util: 171	:ok	:cas	[6 [3 3]]
2026-03-14 15:01:06,677{GMT}	INFO	[jepsen worker 6] jepsen.util: 174	:fail	:cas	[8 [4 1]]	[:precondition-failed "expected 4 but had 0"]
2026-03-14 15:01:06,718{GMT}	INFO	[jepsen worker 5] jepsen.util: 161	:invoke	:cas	[6 [1 4]]
2026-03-14 15:01:06,721{GMT}	INFO	[jepsen worker 5] jepsen.util: 161	:fail	:cas	[6 [1 4]]	[:precondition-failed "expected 1 but had 3"]
2026-03-14 15:01:06,771{GMT}	INFO	[jepsen worker 6] jepsen.util: 174	:invoke	:cas	[8 [3 0]]
2026-03-14 15:01:06,773{GMT}	INFO	[jepsen worker 6] jepsen.util: 174	:fail	:cas	[8 [3 0]]	[:precondition-failed "expected 3 but had 0"]
2026-03-14 15:01:06,803{GMT}	INFO	[jepsen worker 0] jepsen.util: 0	:invoke	:read	[6 nil]
2026-03-14 15:01:06,806{GMT}	INFO	[jepsen worker 0] jepsen.util: 0	:ok	:read	[6 3]
2026-03-14 15:01:06,870{GMT}	INFO	[jepsen worker 0] jepsen.util: 0	:invoke	:read	[6 nil]
2026-03-14 15:01:06,872{GMT}	INFO	[jepsen worker 0] jepsen.util: 0	:ok	:read	[6 3]
2026-03-14 15:01:06,887{GMT}	INFO	[jepsen worker 9] jepsen.util: 165	:invoke	:write	[8 3]
2026-03-14 15:01:06,889{GMT}	INFO	[jepsen worker 9] jepsen.util: 165	:ok	:write	[8 3]
2026-03-14 15:01:06,897{GMT}	INFO	[jepsen worker 10] jepsen.util: 166	:invoke	:cas	[8 [4 0]]
2026-03-14 15:01:06,899{GMT}	INFO	[jepsen worker 10] jepsen.util: 166	:fail	:cas	[8 [4 0]]	[:precondition-failed "expected 4 but had 3"]
2026-03-14 15:01:06,921{GMT}	INFO	[jepsen worker 11] jepsen.util: 167	:invoke	:cas	[8 [3 4]]
2026-03-14 15:01:06,923{GMT}	INFO	[jepsen worker 11] jepsen.util: 167	:ok	:cas	[8 [3 4]]
2026-03-14 15:01:06,990{GMT}	INFO	[jepsen worker 0] jepsen.util: 0	:invoke	:read	[6 nil]
2026-03-14 15:01:06,992{GMT}	INFO	[jepsen worker 0] jepsen.util: 0	:ok	:read	[6 3]
2026-03-14 15:01:07,048{GMT}	INFO	[jepsen worker 6] jepsen.util: 174	:invoke	:cas	[8 [2 2]]
2026-03-14 15:01:07,050{GMT}	INFO	[jepsen worker 6] jepsen.util: 174	:fail	:cas	[8 [2 2]]	[:precondition-failed "expected 2 but had 4"]
2026-03-14 15:01:07,114{GMT}	INFO	[jepsen worker 1] jepsen.util: 1	:invoke	:read	[6 nil]
2026-03-14 15:01:07,116{GMT}	INFO	[jepsen worker 1] jepsen.util: 1	:ok	:read	[6 3]
2026-03-14 15:01:07,174{GMT}	INFO	[jepsen worker 6] jepsen.util: 174	:invoke	:cas	[8 [2 0]]
2026-03-14 15:01:07,176{GMT}	INFO	[jepsen worker 6] jepsen.util: 174	:fail	:cas	[8 [2 0]]	[:precondition-failed "expected 2 but had 4"]
2026-03-14 15:01:07,216{GMT}	INFO	[jepsen worker 0] jepsen.util: 0	:invoke	:read	[6 nil]
2026-03-14 15:01:07,217{GMT}	INFO	[jepsen worker 0] jepsen.util: 0	:ok	:read	[6 3]
2026-03-14 15:01:07,248{GMT}	INFO	[jepsen worker 0] jepsen.util: 0	:invoke	:read	[6 nil]
2026-03-14 15:01:07,250{GMT}	INFO	[jepsen worker 0] jepsen.util: 0	:ok	:read	[6 3]
2026-03-14 15:01:07,281{GMT}	INFO	[jepsen worker 0] jepsen.util: 0	:invoke	:read	[6 nil]
2026-03-14 15:01:07,282{GMT}	INFO	[jepsen worker 0] jepsen.util: 0	:ok	:read	[6 3]
2026-03-14 15:01:07,338{GMT}	INFO	[jepsen worker 3] jepsen.util: 171	:invoke	:cas	[6 [3 3]]
2026-03-14 15:01:07,341{GMT}	INFO	[jepsen worker 3] jepsen.util: 171	:ok	:cas	[6 [3 3]]
2026-03-14 15:01:07,404{GMT}	INFO	[jepsen worker 3] jepsen.util: 171	:invoke	:write	[6 4]
2026-03-14 15:01:07,406{GMT}	INFO	[jepsen worker 3] jepsen.util: 171	:ok	:write	[6 4]
2026-03-14 15:01:07,431{GMT}	INFO	[jepsen worker 8] jepsen.util: 164	:invoke	:cas	[8 [4 4]]
2026-03-14 15:01:07,436{GMT}	INFO	[jepsen worker 8] jepsen.util: 164	:ok	:cas	[8 [4 4]]
2026-03-14 15:01:07,502{GMT}	INFO	[jepsen worker 3] jepsen.util: 171	:invoke	:cas	[6 [1 1]]
2026-03-14 15:01:07,531{GMT}	INFO	[jepsen worker 10] jepsen.util: 166	:invoke	:cas	[8 [4 0]]
2026-03-14 15:01:07,561{GMT}	INFO	[jepsen worker 0] jepsen.util: 0	:invoke	:read	[6 nil]
2026-03-14 15:01:07,603{GMT}	INFO	[jepsen worker 4] jepsen.util: 160	:invoke	:cas	[6 [1 4]]
2026-03-14 15:01:07,639{GMT}	INFO	[jepsen worker 5] jepsen.util: 161	:invoke	:cas	[6 [2 1]]
2026-03-14 15:01:07,689{GMT}	INFO	[jepsen worker 1] jepsen.util: 1	:invoke	:read	[6 nil]
2026-03-14 15:01:07,725{GMT}	INFO	[jepsen worker 2] jepsen.util: 2	:invoke	:read	[6 nil]
2026-03-14 15:01:07,739{GMT}	INFO	[jepsen worker 6] jepsen.util: 174	:invoke	:cas	[8 [4 2]]
2026-03-14 15:01:07,775{GMT}	INFO	[jepsen worker 7] jepsen.util: 163	:invoke	:cas	[8 [1 3]]
2026-03-14 15:01:07,783{GMT}	INFO	[jepsen worker 8] jepsen.util: 164	:invoke	:cas	[8 [4 1]]
2026-03-14 15:01:07,839{GMT}	INFO	[jepsen worker 9] jepsen.util: 165	:invoke	:cas	[8 [2 3]]
2026-03-14 15:01:07,851{GMT}	INFO	[jepsen worker 11] jepsen.util: 167	:invoke	:write	[8 1]
2026-03-14 15:01:08,504{GMT}	INFO	[jepsen worker 3] jepsen.util: 171	:info	:cas	[6 [1 1]]	:net-timeout
2026-03-14 15:01:08,505{GMT}	INFO	[jepsen worker 3] jepsen.util: 183	:invoke	:cas	[6 [0 3]]
2026-03-14 15:01:08,532{GMT}	INFO	[jepsen worker 10] jepsen.util: 166	:info	:cas	[8 [4 0]]	:net-timeout
2026-03-14 15:01:08,532{GMT}	INFO	[jepsen worker 10] jepsen.util: 178	:invoke	:cas	[8 [0 2]]
2026-03-14 15:01:08,565{GMT}	INFO	[jepsen worker 0] jepsen.util: 0	:fail	:read	[6 nil]	:net-timeout
2026-03-14 15:01:08,603{GMT}	INFO	[jepsen worker 0] jepsen.util: 0	:invoke	:read	[6 nil]
2026-03-14 15:01:08,608{GMT}	INFO	[jepsen worker 4] jepsen.util: 160	:info	:cas	[6 [1 4]]	:net-timeout
2026-03-14 15:01:08,608{GMT}	INFO	[jepsen worker 4] jepsen.util: 172	:invoke	:cas	[6 [0 3]]
2026-03-14 15:01:08,644{GMT}	INFO	[jepsen worker 5] jepsen.util: 161	:info	:cas	[6 [2 1]]	:net-timeout
2026-03-14 15:01:08,670{GMT}	INFO	[jepsen worker 5] jepsen.util: 173	:invoke	:write	[6 1]
2026-03-14 15:01:08,694{GMT}	INFO	[jepsen worker 1] jepsen.util: 1	:fail	:read	[6 nil]	:net-timeout
2026-03-14 15:01:08,724{GMT}	INFO	[jepsen worker 1] jepsen.util: 1	:invoke	:read	[6 nil]
2026-03-14 15:01:08,726{GMT}	INFO	[jepsen worker 2] jepsen.util: 2	:fail	:read	[6 nil]	:net-timeout
2026-03-14 15:01:08,743{GMT}	INFO	[jepsen worker 6] jepsen.util: 174	:info	:cas	[8 [4 2]]	:net-timeout
2026-03-14 15:01:08,780{GMT}	INFO	[jepsen worker 7] jepsen.util: 163	:info	:cas	[8 [1 3]]	:net-timeout
2026-03-14 15:01:08,780{GMT}	INFO	[jepsen worker 2] jepsen.util: 2	:invoke	:read	[6 nil]
2026-03-14 15:01:08,787{GMT}	INFO	[jepsen worker 8] jepsen.util: 164	:info	:cas	[8 [4 1]]	:net-timeout
2026-03-14 15:01:08,844{GMT}	INFO	[jepsen worker 9] jepsen.util: 165	:info	:cas	[8 [2 3]]	:net-timeout
2026-03-14 15:01:08,844{GMT}	INFO	[jepsen worker 6] jepsen.util: 186	:invoke	:cas	[8 [4 2]]
2026-03-14 15:01:08,855{GMT}	INFO	[jepsen worker 11] jepsen.util: 167	:info	:write	[8 1]	:net-timeout
2026-03-14 15:01:08,897{GMT}	INFO	[jepsen worker 7] jepsen.util: 175	:invoke	:write	[8 0]
2026-03-14 15:01:08,927{GMT}	INFO	[jepsen worker 8] jepsen.util: 176	:invoke	:cas	[8 [3 1]]
2026-03-14 15:01:08,940{GMT}	INFO	[jepsen worker 9] jepsen.util: 177	:invoke	:write	[8 1]
2026-03-14 15:01:08,992{GMT}	INFO	[jepsen worker 11] jepsen.util: 179	:invoke	:cas	[8 [2 3]]
2026-03-14 15:01:09,509{GMT}	INFO	[jepsen worker 3] jepsen.util: 183	:info	:cas	[6 [0 3]]	:net-timeout
2026-03-14 15:01:09,510{GMT}	INFO	[jepsen worker 3] jepsen.util: 195	:invoke	:cas	[6 [4 0]]
2026-03-14 15:01:09,537{GMT}	INFO	[jepsen worker 10] jepsen.util: 178	:info	:cas	[8 [0 2]]	:net-timeout
2026-03-14 15:01:09,561{GMT}	INFO	[jepsen worker 10] jepsen.util: 190	:invoke	:cas	[8 [1 1]]
2026-03-14 15:01:09,607{GMT}	INFO	[jepsen worker 0] jepsen.util: 0	:fail	:read	[6 nil]	:net-timeout
2026-03-14 15:01:09,607{GMT}	INFO	[jepsen worker 0] jepsen.util: 0	:invoke	:read	[6 nil]
2026-03-14 15:01:09,612{GMT}	INFO	[jepsen worker 4] jepsen.util: 172	:info	:cas	[6 [0 3]]	:net-timeout
2026-03-14 15:01:09,663{GMT}	INFO	[jepsen worker 4] jepsen.util: 184	:invoke	:cas	[9 [4 2]]
2026-03-14 15:01:09,675{GMT}	INFO	[jepsen worker 5] jepsen.util: 173	:info	:write	[6 1]	:net-timeout
2026-03-14 15:01:09,676{GMT}	INFO	[jepsen worker 5] jepsen.util: 185	:invoke	:write	[9 3]
2026-03-14 15:01:09,729{GMT}	INFO	[jepsen worker 1] jepsen.util: 1	:fail	:read	[6 nil]	:net-timeout
2026-03-14 15:01:09,742{GMT}	INFO	[jepsen worker 1] jepsen.util: 1	:invoke	:read	[9 nil]
2026-03-14 15:01:09,785{GMT}	INFO	[jepsen worker 2] jepsen.util: 2	:fail	:read	[6 nil]	:net-timeout
2026-03-14 15:01:09,786{GMT}	INFO	[jepsen worker 2] jepsen.util: 2	:invoke	:read	[9 nil]
2026-03-14 15:01:09,849{GMT}	INFO	[jepsen worker 6] jepsen.util: 186	:info	:cas	[8 [4 2]]	:net-timeout
2026-03-14 15:01:09,849{GMT}	INFO	[jepsen worker 6] jepsen.util: 198	:invoke	:write	[8 3]
2026-03-14 15:01:09,901{GMT}	INFO	[jepsen worker 7] jepsen.util: 175	:info	:write	[8 0]	:net-timeout
2026-03-14 15:01:09,902{GMT}	INFO	[jepsen worker 7] jepsen.util: 187	:invoke	:cas	[8 [3 1]]
2026-03-14 15:01:09,932{GMT}	INFO	[jepsen worker 8] jepsen.util: 176	:info	:cas	[8 [3 1]]	:net-timeout
2026-03-14 15:01:09,932{GMT}	INFO	[jepsen worker 8] jepsen.util: 188	:invoke	:write	[8 0]
2026-03-14 15:01:09,945{GMT}	INFO	[jepsen worker 9] jepsen.util: 177	:info	:write	[8 1]	:net-timeout
2026-03-14 15:01:09,996{GMT}	INFO	[jepsen worker 11] jepsen.util: 179	:info	:cas	[8 [2 3]]	:net-timeout
2026-03-14 15:01:09,999{GMT}	INFO	[jepsen worker 9] jepsen.util: 189	:invoke	:write	[10 4]
2026-03-14 15:01:10,051{GMT}	INFO	[jepsen worker 11] jepsen.util: 191	:invoke	:write	[10 2]
2026-03-14 15:01:10,515{GMT}	INFO	[jepsen worker 3] jepsen.util: 195	:info	:cas	[6 [4 0]]	:net-timeout
2026-03-14 15:01:10,515{GMT}	INFO	[jepsen worker 3] jepsen.util: 207	:invoke	:cas	[9 [2 4]]
2026-03-14 15:01:10,565{GMT}	INFO	[jepsen worker 10] jepsen.util: 190	:info	:cas	[8 [1 1]]	:net-timeout
2026-03-14 15:01:10,565{GMT}	INFO	[jepsen worker 10] jepsen.util: 202	:invoke	:cas	[10 [3 3]]
2026-03-14 15:01:10,612{GMT}	INFO	[jepsen worker 0] jepsen.util: 0	:fail	:read	[6 nil]	:net-timeout
2026-03-14 15:01:10,612{GMT}	INFO	[jepsen worker 0] jepsen.util: 0	:invoke	:read	[9 nil]
2026-03-14 15:01:10,663{GMT}	INFO	[jepsen worker 4] jepsen.util: 184	:info	:cas	[9 [4 2]]	:net-timeout
2026-03-14 15:01:10,663{GMT}	INFO	[jepsen worker 4] jepsen.util: 196	:invoke	:write	[9 2]
2026-03-14 15:01:10,680{GMT}	INFO	[jepsen worker 5] jepsen.util: 185	:info	:write	[9 3]	:net-timeout
2026-03-14 15:01:10,702{GMT}	INFO	[jepsen worker 5] jepsen.util: 197	:invoke	:write	[9 1]
2026-03-14 15:01:10,746{GMT}	INFO	[jepsen worker 1] jepsen.util: 1	:fail	:read	[9 nil]	:net-timeout
2026-03-14 15:01:10,767{GMT}	INFO	[jepsen worker 1] jepsen.util: 1	:invoke	:read	[9 nil]
2026-03-14 15:01:10,790{GMT}	INFO	[jepsen worker 2] jepsen.util: 2	:fail	:read	[9 nil]	:net-timeout
2026-03-14 15:01:10,834{GMT}	INFO	[jepsen worker 2] jepsen.util: 2	:invoke	:read	[9 nil]
2026-03-14 15:01:10,854{GMT}	INFO	[jepsen worker 6] jepsen.util: 198	:info	:write	[8 3]	:net-timeout
2026-03-14 15:01:10,854{GMT}	INFO	[jepsen worker 6] jepsen.util: 210	:invoke	:write	[10 0]
2026-03-14 15:01:10,903{GMT}	INFO	[jepsen worker 7] jepsen.util: 187	:info	:cas	[8 [3 1]]	:net-timeout
2026-03-14 15:01:10,903{GMT}	INFO	[jepsen worker 7] jepsen.util: 199	:invoke	:write	[10 1]
2026-03-14 15:01:10,937{GMT}	INFO	[jepsen worker 8] jepsen.util: 188	:info	:write	[8 0]	:net-timeout
2026-03-14 15:01:10,937{GMT}	INFO	[jepsen worker 8] jepsen.util: 200	:invoke	:cas	[10 [2 3]]
2026-03-14 15:01:11,002{GMT}	INFO	[jepsen worker 9] jepsen.util: 189	:info	:write	[10 4]	:net-timeout
2026-03-14 15:01:11,002{GMT}	INFO	[jepsen worker 9] jepsen.util: 201	:invoke	:cas	[10 [2 0]]
2026-03-14 15:01:11,054{GMT}	INFO	[jepsen worker 11] jepsen.util: 191	:info	:write	[10 2]	:net-timeout
2026-03-14 15:01:11,054{GMT}	INFO	[jepsen worker 11] jepsen.util: 203	:invoke	:write	[10 4]
2026-03-14 15:01:11,517{GMT}	INFO	[jepsen worker 3] jepsen.util: 207	:info	:cas	[9 [2 4]]	:net-timeout
2026-03-14 15:01:11,517{GMT}	INFO	[jepsen worker 3] jepsen.util: 219	:invoke	:cas	[9 [3 2]]
2026-03-14 15:01:11,565{GMT}	INFO	[jepsen worker 10] jepsen.util: 202	:info	:cas	[10 [3 3]]	:net-timeout
2026-03-14 15:01:11,566{GMT}	INFO	[jepsen worker 10] jepsen.util: 214	:invoke	:cas	[10 [1 4]]
2026-03-14 15:01:11,612{GMT}	INFO	[jepsen worker 0] jepsen.util: 0	:fail	:read	[9 nil]	:net-timeout
2026-03-14 15:01:11,612{GMT}	INFO	[jepsen worker 0] jepsen.util: 0	:invoke	:read	[9 nil]
2026-03-14 15:01:11,667{GMT}	INFO	[jepsen worker 4] jepsen.util: 196	:info	:write	[9 2]	:net-timeout
2026-03-14 15:01:11,668{GMT}	INFO	[jepsen worker 4] jepsen.util: 208	:invoke	:cas	[9 [1 0]]
2026-03-14 15:01:11,702{GMT}	INFO	[jepsen worker 5] jepsen.util: 197	:info	:write	[9 1]	:net-timeout
2026-03-14 15:01:11,708{GMT}	INFO	[jepsen worker 5] jepsen.util: 209	:invoke	:cas	[9 [1 4]]
2026-03-14 15:01:11,768{GMT}	INFO	[jepsen worker 1] jepsen.util: 1	:fail	:read	[9 nil]	:net-timeout
2026-03-14 15:01:11,776{GMT}	INFO	[jepsen worker 1] jepsen.util: 1	:invoke	:read	[9 nil]
2026-03-14 15:01:11,835{GMT}	INFO	[jepsen worker 2] jepsen.util: 2	:fail	:read	[9 nil]	:net-timeout
2026-03-14 15:01:11,835{GMT}	INFO	[jepsen worker 2] jepsen.util: 2	:invoke	:read	[9 nil]
2026-03-14 15:01:11,854{GMT}	INFO	[jepsen worker 6] jepsen.util: 210	:info	:write	[10 0]	:net-timeout
2026-03-14 15:01:11,872{GMT}	INFO	[jepsen worker 6] jepsen.util: 222	:invoke	:write	[10 4]
2026-03-14 15:01:11,907{GMT}	INFO	[jepsen worker 7] jepsen.util: 199	:info	:write	[10 1]	:net-timeout
2026-03-14 15:01:11,919{GMT}	INFO	[jepsen worker 7] jepsen.util: 211	:invoke	:write	[10 1]
2026-03-14 15:01:11,939{GMT}	INFO	[jepsen worker 8] jepsen.util: 200	:info	:cas	[10 [2 3]]	:net-timeout
2026-03-14 15:01:11,958{GMT}	INFO	[jepsen worker 8] jepsen.util: 212	:invoke	:write	[10 0]
2026-03-14 15:01:12,002{GMT}	INFO	[jepsen worker 9] jepsen.util: 201	:info	:cas	[10 [2 0]]	:net-timeout
2026-03-14 15:01:12,002{GMT}	INFO	[jepsen worker 9] jepsen.util: 213	:invoke	:write	[10 2]
2026-03-14 15:01:12,058{GMT}	INFO	[jepsen worker 11] jepsen.util: 203	:info	:write	[10 4]	:net-timeout
2026-03-14 15:01:12,058{GMT}	INFO	[jepsen worker 11] jepsen.util: 215	:invoke	:write	[10 2]
2026-03-14 15:01:12,519{GMT}	INFO	[jepsen worker 3] jepsen.util: 219	:info	:cas	[9 [3 2]]	:net-timeout
2026-03-14 15:01:12,519{GMT}	INFO	[jepsen worker 3] jepsen.util: 231	:invoke	:cas	[9 [1 3]]
2026-03-14 15:01:12,570{GMT}	INFO	[jepsen worker 10] jepsen.util: 214	:info	:cas	[10 [1 4]]	:net-timeout
2026-03-14 15:01:12,570{GMT}	INFO	[jepsen worker 10] jepsen.util: 226	:invoke	:write	[10 2]
2026-03-14 15:01:12,611{GMT}	INFO	[jepsen worker 0] jepsen.util: 0	:fail	:read	[9 nil]	:net-timeout
2026-03-14 15:01:12,633{GMT}	INFO	[jepsen worker 0] jepsen.util: 0	:invoke	:read	[9 nil]
2026-03-14 15:01:12,670{GMT}	INFO	[jepsen worker 4] jepsen.util: 208	:info	:cas	[9 [1 0]]	:net-timeout
2026-03-14 15:01:12,671{GMT}	INFO	[jepsen worker 4] jepsen.util: 220	:invoke	:cas	[9 [3 0]]
2026-03-14 15:01:12,713{GMT}	INFO	[jepsen worker 5] jepsen.util: 209	:info	:cas	[9 [1 4]]	:net-timeout
2026-03-14 15:01:12,735{GMT}	INFO	[jepsen worker 5] jepsen.util: 221	:invoke	:cas	[9 [4 2]]
2026-03-14 15:01:12,776{GMT}	INFO	[jepsen worker 1] jepsen.util: 1	:fail	:read	[9 nil]	:net-timeout
2026-03-14 15:01:12,776{GMT}	INFO	[jepsen worker 1] jepsen.util: 1	:invoke	:read	[9 nil]
2026-03-14 15:01:12,840{GMT}	INFO	[jepsen worker 2] jepsen.util: 2	:fail	:read	[9 nil]	:net-timeout
2026-03-14 15:01:12,840{GMT}	INFO	[jepsen worker 2] jepsen.util: 2	:invoke	:read	[9 nil]
2026-03-14 15:01:12,876{GMT}	INFO	[jepsen worker 6] jepsen.util: 222	:info	:write	[10 4]	:net-timeout
2026-03-14 15:01:12,884{GMT}	INFO	[jepsen worker 6] jepsen.util: 234	:invoke	:cas	[10 [1 3]]
2026-03-14 15:01:12,924{GMT}	INFO	[jepsen worker 7] jepsen.util: 211	:info	:write	[10 1]	:net-timeout
2026-03-14 15:01:12,925{GMT}	INFO	[jepsen worker 7] jepsen.util: 223	:invoke	:write	[11 2]
2026-03-14 15:01:12,962{GMT}	INFO	[jepsen worker 8] jepsen.util: 212	:info	:write	[10 0]	:net-timeout
2026-03-14 15:01:12,963{GMT}	INFO	[jepsen worker 8] jepsen.util: 224	:invoke	:cas	[11 [1 0]]
2026-03-14 15:01:13,007{GMT}	INFO	[jepsen worker 9] jepsen.util: 213	:info	:write	[10 2]	:net-timeout
2026-03-14 15:01:13,007{GMT}	INFO	[jepsen worker 9] jepsen.util: 225	:invoke	:cas	[11 [0 3]]
2026-03-14 15:01:13,063{GMT}	INFO	[jepsen worker 11] jepsen.util: 215	:info	:write	[10 2]	:net-timeout
2026-03-14 15:01:13,065{GMT}	INFO	[jepsen worker 11] jepsen.util: 227	:invoke	:write	[11 1]
2026-03-14 15:01:13,524{GMT}	INFO	[jepsen worker 3] jepsen.util: 231	:info	:cas	[9 [1 3]]	:net-timeout
2026-03-14 15:01:13,524{GMT}	INFO	[jepsen worker 3] jepsen.util: 243	:invoke	:cas	[9 [2 4]]
2026-03-14 15:01:13,572{GMT}	INFO	[jepsen worker 10] jepsen.util: 226	:info	:write	[10 2]	:net-timeout
2026-03-14 15:01:13,572{GMT}	INFO	[jepsen worker 10] jepsen.util: 238	:invoke	:cas	[11 [3 0]]
2026-03-14 15:01:13,637{GMT}	INFO	[jepsen worker 0] jepsen.util: 0	:fail	:read	[9 nil]	:net-timeout
2026-03-14 15:01:13,637{GMT}	INFO	[jepsen worker 0] jepsen.util: 0	:invoke	:read	[9 nil]
2026-03-14 15:01:13,670{GMT}	INFO	[jepsen worker 4] jepsen.util: 220	:info	:cas	[9 [3 0]]	:net-timeout
2026-03-14 15:01:13,670{GMT}	INFO	[jepsen worker 4] jepsen.util: 232	:invoke	:write	[9 0]
2026-03-14 15:01:13,740{GMT}	INFO	[jepsen worker 5] jepsen.util: 221	:info	:cas	[9 [4 2]]	:net-timeout
2026-03-14 15:01:13,740{GMT}	INFO	[jepsen worker 5] jepsen.util: 233	:invoke	:cas	[9 [4 2]]
2026-03-14 15:01:13,779{GMT}	INFO	[jepsen worker 1] jepsen.util: 1	:fail	:read	[9 nil]	:net-timeout
2026-03-14 15:01:13,779{GMT}	INFO	[jepsen worker 1] jepsen.util: 1	:invoke	:read	[9 nil]
2026-03-14 15:01:13,845{GMT}	INFO	[jepsen worker 2] jepsen.util: 2	:fail	:read	[9 nil]	:net-timeout
2026-03-14 15:01:13,845{GMT}	INFO	[jepsen worker 2] jepsen.util: 2	:invoke	:read	[9 nil]
2026-03-14 15:01:13,887{GMT}	INFO	[jepsen worker 6] jepsen.util: 234	:info	:cas	[10 [1 3]]	:net-timeout
2026-03-14 15:01:13,887{GMT}	INFO	[jepsen worker 6] jepsen.util: 246	:invoke	:cas	[11 [3 4]]
2026-03-14 15:01:13,929{GMT}	INFO	[jepsen worker 7] jepsen.util: 223	:info	:write	[11 2]	:net-timeout
2026-03-14 15:01:13,930{GMT}	INFO	[jepsen worker 7] jepsen.util: 235	:invoke	:cas	[11 [2 1]]
2026-03-14 15:01:13,968{GMT}	INFO	[jepsen worker 8] jepsen.util: 224	:info	:cas	[11 [1 0]]	:net-timeout
2026-03-14 15:01:13,968{GMT}	INFO	[jepsen worker 8] jepsen.util: 236	:invoke	:cas	[11 [1 3]]
2026-03-14 15:01:14,012{GMT}	INFO	[jepsen worker 9] jepsen.util: 225	:info	:cas	[11 [0 3]]	:net-timeout
2026-03-14 15:01:14,012{GMT}	INFO	[jepsen worker 9] jepsen.util: 237	:invoke	:cas	[11 [0 1]]
2026-03-14 15:01:14,070{GMT}	INFO	[jepsen worker 11] jepsen.util: 227	:info	:write	[11 1]	:net-timeout
2026-03-14 15:01:14,075{GMT}	INFO	[jepsen worker 11] jepsen.util: 239	:invoke	:cas	[11 [0 3]]
2026-03-14 15:01:14,529{GMT}	INFO	[jepsen worker 3] jepsen.util: 243	:info	:cas	[9 [2 4]]	:net-timeout
2026-03-14 15:01:14,529{GMT}	INFO	[jepsen worker 3] jepsen.util: 255	:invoke	:cas	[9 [0 3]]
2026-03-14 15:01:14,577{GMT}	INFO	[jepsen worker 10] jepsen.util: 238	:info	:cas	[11 [3 0]]	:net-timeout
2026-03-14 15:01:14,579{GMT}	INFO	[jepsen worker 10] jepsen.util: 250	:invoke	:cas	[11 [3 4]]
2026-03-14 15:01:14,642{GMT}	INFO	[jepsen worker 0] jepsen.util: 0	:fail	:read	[9 nil]	:net-timeout
2026-03-14 15:01:14,642{GMT}	INFO	[jepsen worker 0] jepsen.util: 0	:invoke	:read	[9 nil]
2026-03-14 15:01:14,675{GMT}	INFO	[jepsen worker 4] jepsen.util: 232	:info	:write	[9 0]	:net-timeout
2026-03-14 15:01:14,683{GMT}	INFO	[jepsen worker 4] jepsen.util: 244	:invoke	:cas	[12 [0 1]]
2026-03-14 15:01:14,742{GMT}	INFO	[jepsen worker 5] jepsen.util: 233	:info	:cas	[9 [4 2]]	:net-timeout
2026-03-14 15:01:14,743{GMT}	INFO	[jepsen worker 5] jepsen.util: 245	:invoke	:cas	[12 [4 2]]
2026-03-14 15:01:14,783{GMT}	INFO	[jepsen worker 1] jepsen.util: 1	:fail	:read	[9 nil]	:net-timeout
2026-03-14 15:01:14,809{GMT}	INFO	[jepsen worker 1] jepsen.util: 1	:invoke	:read	[12 nil]
2026-03-14 15:01:14,849{GMT}	INFO	[jepsen worker 2] jepsen.util: 2	:fail	:read	[9 nil]	:net-timeout
2026-03-14 15:01:14,849{GMT}	INFO	[jepsen worker 2] jepsen.util: 2	:invoke	:read	[12 nil]
2026-03-14 15:01:14,891{GMT}	INFO	[jepsen worker 6] jepsen.util: 246	:info	:cas	[11 [3 4]]	:net-timeout
2026-03-14 15:01:14,916{GMT}	INFO	[jepsen worker 6] jepsen.util: 258	:invoke	:cas	[11 [3 0]]
2026-03-14 15:01:14,933{GMT}	INFO	[jepsen worker 7] jepsen.util: 235	:info	:cas	[11 [2 1]]	:net-timeout
2026-03-14 15:01:14,953{GMT}	INFO	[jepsen worker 7] jepsen.util: 247	:invoke	:write	[11 1]
2026-03-14 15:01:14,972{GMT}	INFO	[jepsen worker 8] jepsen.util: 236	:info	:cas	[11 [1 3]]	:net-timeout
2026-03-14 15:01:15,016{GMT}	INFO	[jepsen worker 8] jepsen.util: 248	:invoke	:cas	[11 [0 0]]
2026-03-14 15:01:15,017{GMT}	INFO	[jepsen worker 9] jepsen.util: 237	:info	:cas	[11 [0 1]]	:net-timeout
2026-03-14 15:01:15,017{GMT}	INFO	[jepsen worker 9] jepsen.util: 249	:invoke	:write	[11 2]
2026-03-14 15:01:15,077{GMT}	INFO	[jepsen worker 11] jepsen.util: 239	:info	:cas	[11 [0 3]]	:net-timeout
2026-03-14 15:01:15,078{GMT}	INFO	[jepsen worker 11] jepsen.util: 251	:invoke	:write	[13 2]
2026-03-14 15:01:15,521{GMT}	INFO	[jepsen worker 5] jepsen.util: 245	:fail	:cas	[12 [4 2]]	[:precondition-failed "expected 4 but had "]
2026-03-14 15:01:15,521{GMT}	INFO	[jepsen worker 5] jepsen.util: 245	:invoke	:write	[12 4]
2026-03-14 15:01:15,522{GMT}	INFO	[jepsen worker 2] jepsen.util: 2	:fail	:read	[12 nil]	[:key-does-not-exist "key not found"]
2026-03-14 15:01:15,523{GMT}	INFO	[jepsen worker 8] jepsen.util: 248	:fail	:cas	[11 [0 0]]	[:precondition-failed "expected 0 but had 1"]
2026-03-14 15:01:15,524{GMT}	INFO	[jepsen worker 3] jepsen.util: 255	:ok	:cas	[9 [0 3]]
2026-03-14 15:01:15,524{GMT}	INFO	[jepsen worker 11] jepsen.util: 251	:ok	:write	[13 2]
2026-03-14 15:01:15,524{GMT}	INFO	[jepsen worker 10] jepsen.util: 250	:fail	:cas	[11 [3 4]]	[:precondition-failed "expected 3 but had 1"]
2026-03-14 15:01:15,525{GMT}	INFO	[jepsen worker 5] jepsen.util: 245	:ok	:write	[12 4]
2026-03-14 15:01:15,525{GMT}	INFO	[jepsen worker 0] jepsen.util: 0	:ok	:read	[9 3]
2026-03-14 15:01:15,525{GMT}	INFO	[jepsen worker 4] jepsen.util: 244	:fail	:cas	[12 [0 1]]	[:precondition-failed "expected 0 but had "]
2026-03-14 15:01:15,527{GMT}	INFO	[jepsen worker 1] jepsen.util: 1	:ok	:read	[12 4]
2026-03-14 15:01:15,527{GMT}	INFO	[jepsen worker 6] jepsen.util: 258	:fail	:cas	[11 [3 0]]	[:precondition-failed "expected 3 but had 1"]
2026-03-14 15:01:15,528{GMT}	INFO	[jepsen worker 7] jepsen.util: 247	:ok	:write	[11 1]
2026-03-14 15:01:15,528{GMT}	INFO	[jepsen worker 9] jepsen.util: 249	:ok	:write	[11 2]
2026-03-14 15:01:15,571{GMT}	INFO	[jepsen worker 6] jepsen.util: 258	:invoke	:cas	[13 [0 3]]
2026-03-14 15:01:15,573{GMT}	INFO	[jepsen worker 6] jepsen.util: 258	:fail	:cas	[13 [0 3]]	[:precondition-failed "expected 0 but had 2"]
2026-03-14 15:01:15,621{GMT}	INFO	[jepsen worker 0] jepsen.util: 0	:invoke	:read	[12 nil]
2026-03-14 15:01:15,622{GMT}	INFO	[jepsen worker 0] jepsen.util: 0	:ok	:read	[12 4]
2026-03-14 15:01:15,673{GMT}	INFO	[jepsen worker 4] jepsen.util: 244	:invoke	:write	[12 0]
2026-03-14 15:01:15,675{GMT}	INFO	[jepsen worker 4] jepsen.util: 244	:ok	:write	[12 0]
2026-03-14 15:01:15,725{GMT}	INFO	[jepsen worker 6] jepsen.util: 258	:invoke	:cas	[13 [1 2]]
2026-03-14 15:01:15,728{GMT}	INFO	[jepsen worker 6] jepsen.util: 258	:fail	:cas	[13 [1 2]]	[:precondition-failed "expected 1 but had 2"]
2026-03-14 15:01:15,777{GMT}	INFO	[jepsen worker 6] jepsen.util: 258	:invoke	:cas	[13 [0 1]]
2026-03-14 15:01:15,779{GMT}	INFO	[jepsen worker 6] jepsen.util: 258	:fail	:cas	[13 [0 1]]	[:precondition-failed "expected 0 but had 2"]
2026-03-14 15:01:15,788{GMT}	INFO	[jepsen worker 0] jepsen.util: 0	:invoke	:read	[12 nil]
2026-03-14 15:01:15,790{GMT}	INFO	[jepsen worker 0] jepsen.util: 0	:ok	:read	[12 0]
2026-03-14 15:01:15,831{GMT}	INFO	[jepsen worker 0] jepsen.util: 0	:invoke	:read	[12 nil]
2026-03-14 15:01:15,833{GMT}	INFO	[jepsen worker 0] jepsen.util: 0	:ok	:read	[12 0]
2026-03-14 15:01:15,888{GMT}	INFO	[jepsen worker 9] jepsen.util: 249	:invoke	:cas	[13 [0 0]]
2026-03-14 15:01:15,891{GMT}	INFO	[jepsen worker 9] jepsen.util: 249	:fail	:cas	[13 [0 0]]	[:precondition-failed "expected 0 but had 2"]
2026-03-14 15:01:15,891{GMT}	INFO	[jepsen worker 10] jepsen.util: 250	:invoke	:write	[13 3]
2026-03-14 15:01:15,893{GMT}	INFO	[jepsen worker 10] jepsen.util: 250	:ok	:write	[13 3]
2026-03-14 15:01:15,917{GMT}	INFO	[jepsen worker 11] jepsen.util: 251	:invoke	:write	[13 4]
2026-03-14 15:01:15,920{GMT}	INFO	[jepsen worker 11] jepsen.util: 251	:ok	:write	[13 4]
2026-03-14 15:01:15,966{GMT}	INFO	[jepsen worker 3] jepsen.util: 255	:invoke	:cas	[12 [1 3]]
2026-03-14 15:01:15,972{GMT}	INFO	[jepsen worker 3] jepsen.util: 255	:fail	:cas	[12 [1 3]]	[:precondition-failed "expected 1 but had 0"]
2026-03-14 15:01:15,991{GMT}	INFO	[jepsen worker 6] jepsen.util: 258	:invoke	:write	[13 0]
2026-03-14 15:01:15,994{GMT}	INFO	[jepsen worker 6] jepsen.util: 258	:ok	:write	[13 0]
2026-03-14 15:01:16,041{GMT}	INFO	[jepsen worker 3] jepsen.util: 255	:invoke	:write	[12 4]
2026-03-14 15:01:16,047{GMT}	INFO	[jepsen worker 3] jepsen.util: 255	:ok	:write	[12 4]
2026-03-14 15:01:16,061{GMT}	INFO	[jepsen worker 2] jepsen.util: 2	:invoke	:read	[12 nil]
2026-03-14 15:01:16,064{GMT}	INFO	[jepsen worker 2] jepsen.util: 2	:ok	:read	[12 4]
2026-03-14 15:01:16,128{GMT}	INFO	[jepsen worker 0] jepsen.util: 0	:invoke	:read	[12 nil]
2026-03-14 15:01:16,133{GMT}	INFO	[jepsen worker 0] jepsen.util: 0	:ok	:read	[12 4]
2026-03-14 15:01:16,183{GMT}	INFO	[jepsen worker 4] jepsen.util: 244	:invoke	:cas	[12 [2 1]]
2026-03-14 15:01:16,189{GMT}	INFO	[jepsen worker 4] jepsen.util: 244	:fail	:cas	[12 [2 1]]	[:precondition-failed "expected 2 but had 4"]
2026-03-14 15:01:16,200{GMT}	INFO	[jepsen worker 6] jepsen.util: 258	:invoke	:cas	[13 [3 3]]
2026-03-14 15:01:16,205{GMT}	INFO	[jepsen worker 6] jepsen.util: 258	:fail	:cas	[13 [3 3]]	[:precondition-failed "expected 3 but had 0"]
2026-03-14 15:01:16,248{GMT}	INFO	[jepsen worker 0] jepsen.util: 0	:invoke	:read	[12 nil]
2026-03-14 15:01:16,253{GMT}	INFO	[jepsen worker 0] jepsen.util: 0	:ok	:read	[12 4]
2026-03-14 15:01:16,301{GMT}	INFO	[jepsen worker 0] jepsen.util: 0	:invoke	:read	[12 nil]
2026-03-14 15:01:16,306{GMT}	INFO	[jepsen worker 0] jepsen.util: 0	:ok	:read	[12 4]
2026-03-14 15:01:16,363{GMT}	INFO	[jepsen worker 0] jepsen.util: 0	:invoke	:read	[12 nil]
2026-03-14 15:01:16,377{GMT}	INFO	[jepsen worker 0] jepsen.util: 0	:ok	:read	[12 4]
2026-03-14 15:01:16,386{GMT}	INFO	[jepsen worker 0] jepsen.util: 0	:invoke	:read	[12 nil]
2026-03-14 15:01:16,394{GMT}	INFO	[jepsen worker 0] jepsen.util: 0	:ok	:read	[12 4]
2026-03-14 15:01:16,433{GMT}	INFO	[jepsen worker 0] jepsen.util: 0	:invoke	:read	[12 nil]
2026-03-14 15:01:16,435{GMT}	INFO	[jepsen worker 0] jepsen.util: 0	:ok	:read	[12 4]
2026-03-14 15:01:16,491{GMT}	INFO	[jepsen worker 3] jepsen.util: 255	:invoke	:cas	[12 [1 2]]
2026-03-14 15:01:16,493{GMT}	INFO	[jepsen worker 3] jepsen.util: 255	:fail	:cas	[12 [1 2]]	[:precondition-failed "expected 1 but had 4"]
2026-03-14 15:01:16,541{GMT}	INFO	[jepsen worker 0] jepsen.util: 0	:invoke	:read	[12 nil]
2026-03-14 15:01:16,549{GMT}	INFO	[jepsen worker 0] jepsen.util: 0	:ok	:read	[12 4]
2026-03-14 15:01:16,596{GMT}	INFO	[jepsen worker 6] jepsen.util: 258	:invoke	:cas	[13 [3 1]]
2026-03-14 15:01:16,598{GMT}	INFO	[jepsen worker 6] jepsen.util: 258	:fail	:cas	[13 [3 1]]	[:precondition-failed "expected 3 but had 0"]
2026-03-14 15:01:16,650{GMT}	INFO	[jepsen worker 3] jepsen.util: 255	:invoke	:cas	[12 [1 0]]
2026-03-14 15:01:16,652{GMT}	INFO	[jepsen worker 3] jepsen.util: 255	:fail	:cas	[12 [1 0]]	[:precondition-failed "expected 1 but had 4"]
2026-03-14 15:01:16,662{GMT}	INFO	[jepsen worker 6] jepsen.util: 258	:invoke	:write	[13 1]
2026-03-14 15:01:16,663{GMT}	INFO	[jepsen worker 6] jepsen.util: 258	:ok	:write	[13 1]
2026-03-14 15:01:16,704{GMT}	INFO	[jepsen worker 3] jepsen.util: 255	:invoke	:write	[12 4]
2026-03-14 15:01:16,706{GMT}	INFO	[jepsen worker 3] jepsen.util: 255	:ok	:write	[12 4]
2026-03-14 15:01:16,721{GMT}	INFO	[jepsen worker 0] jepsen.util: 0	:invoke	:read	[12 nil]
2026-03-14 15:01:16,723{GMT}	INFO	[jepsen worker 0] jepsen.util: 0	:ok	:read	[12 4]
2026-03-14 15:01:16,743{GMT}	INFO	[jepsen worker 6] jepsen.util: 258	:invoke	:write	[13 4]
2026-03-14 15:01:16,744{GMT}	INFO	[jepsen worker 6] jepsen.util: 258	:ok	:write	[13 4]
2026-03-14 15:01:16,784{GMT}	INFO	[jepsen worker 6] jepsen.util: 258	:invoke	:cas	[13 [1 0]]
2026-03-14 15:01:16,788{GMT}	INFO	[jepsen worker 6] jepsen.util: 258	:fail	:cas	[13 [1 0]]	[:precondition-failed "expected 1 but had 4"]
2026-03-14 15:01:16,808{GMT}	INFO	[jepsen worker 0] jepsen.util: 0	:invoke	:read	[12 nil]
2026-03-14 15:01:16,811{GMT}	INFO	[jepsen worker 0] jepsen.util: 0	:ok	:read	[12 4]
2026-03-14 15:01:16,856{GMT}	INFO	[jepsen worker 3] jepsen.util: 255	:invoke	:cas	[12 [1 4]]
2026-03-14 15:01:16,861{GMT}	INFO	[jepsen worker 3] jepsen.util: 255	:fail	:cas	[12 [1 4]]	[:precondition-failed "expected 1 but had 4"]
2026-03-14 15:01:16,922{GMT}	INFO	[jepsen worker 9] jepsen.util: 249	:invoke	:write	[13 2]
2026-03-14 15:01:16,924{GMT}	INFO	[jepsen worker 9] jepsen.util: 249	:ok	:write	[13 2]
2026-03-14 15:01:16,989{GMT}	INFO	[jepsen worker 0] jepsen.util: 0	:invoke	:read	[12 nil]
2026-03-14 15:01:16,991{GMT}	INFO	[jepsen worker 0] jepsen.util: 0	:ok	:read	[12 4]
2026-03-14 15:01:17,052{GMT}	INFO	[jepsen worker 11] jepsen.util: 251	:invoke	:cas	[13 [2 1]]
2026-03-14 15:01:17,054{GMT}	INFO	[jepsen worker 11] jepsen.util: 251	:ok	:cas	[13 [2 1]]
2026-03-14 15:01:17,081{GMT}	INFO	[jepsen worker 3] jepsen.util: 255	:invoke	:write	[12 4]
2026-03-14 15:01:17,083{GMT}	INFO	[jepsen worker 3] jepsen.util: 255	:ok	:write	[12 4]
2026-03-14 15:01:17,147{GMT}	INFO	[jepsen worker 6] jepsen.util: 258	:invoke	:cas	[13 [4 4]]
2026-03-14 15:01:17,148{GMT}	INFO	[jepsen worker 7] jepsen.util: 247	:invoke	:write	[13 3]
2026-03-14 15:01:17,151{GMT}	INFO	[jepsen worker 7] jepsen.util: 247	:ok	:write	[13 3]
2026-03-14 15:01:17,151{GMT}	INFO	[jepsen worker 6] jepsen.util: 258	:fail	:cas	[13 [4 4]]	[:precondition-failed "expected 4 but had 1"]
2026-03-14 15:01:17,206{GMT}	INFO	[jepsen worker 3] jepsen.util: 255	:invoke	:cas	[12 [0 2]]
2026-03-14 15:01:17,208{GMT}	INFO	[jepsen worker 3] jepsen.util: 255	:fail	:cas	[12 [0 2]]	[:precondition-failed "expected 0 but had 4"]
2026-03-14 15:01:17,270{GMT}	INFO	[jepsen worker 6] jepsen.util: 258	:invoke	:cas	[13 [2 2]]
2026-03-14 15:01:17,272{GMT}	INFO	[jepsen worker 6] jepsen.util: 258	:fail	:cas	[13 [2 2]]	[:precondition-failed "expected 2 but had 3"]
2026-03-14 15:01:17,282{GMT}	INFO	[jepsen worker 4] jepsen.util: 244	:invoke	:cas	[12 [4 4]]
2026-03-14 15:01:17,285{GMT}	INFO	[jepsen worker 4] jepsen.util: 244	:ok	:cas	[12 [4 4]]
2026-03-14 15:01:17,316{GMT}	INFO	[jepsen worker 0] jepsen.util: 0	:invoke	:read	[12 nil]
2026-03-14 15:01:17,318{GMT}	INFO	[jepsen worker 0] jepsen.util: 0	:ok	:read	[12 4]
2026-03-14 15:01:17,318{GMT}	INFO	[jepsen worker 6] jepsen.util: 258	:invoke	:cas	[13 [3 2]]
2026-03-14 15:01:17,321{GMT}	INFO	[jepsen worker 6] jepsen.util: 258	:ok	:cas	[13 [3 2]]
2026-03-14 15:01:17,337{GMT}	INFO	[jepsen worker 7] jepsen.util: 247	:invoke	:cas	[13 [3 4]]
2026-03-14 15:01:17,340{GMT}	INFO	[jepsen worker 7] jepsen.util: 247	:fail	:cas	[13 [3 4]]	[:precondition-failed "expected 3 but had 2"]
2026-03-14 15:01:17,375{GMT}	INFO	[jepsen worker 3] jepsen.util: 255	:invoke	:write	[12 1]
2026-03-14 15:01:17,378{GMT}	INFO	[jepsen worker 3] jepsen.util: 255	:ok	:write	[12 1]
2026-03-14 15:01:17,439{GMT}	INFO	[jepsen worker 0] jepsen.util: 0	:invoke	:read	[12 nil]
2026-03-14 15:01:17,444{GMT}	INFO	[jepsen worker 0] jepsen.util: 0	:ok	:read	[12 1]
2026-03-14 15:01:17,456{GMT}	INFO	[jepsen worker 10] jepsen.util: 250	:invoke	:cas	[13 [2 0]]
2026-03-14 15:01:17,464{GMT}	INFO	[jepsen worker 10] jepsen.util: 250	:ok	:cas	[13 [2 0]]
2026-03-14 15:01:17,492{GMT}	INFO	[jepsen worker 0] jepsen.util: 0	:invoke	:read	[12 nil]
2026-03-14 15:01:17,497{GMT}	INFO	[jepsen worker 0] jepsen.util: 0	:ok	:read	[12 1]
2026-03-14 15:01:17,551{GMT}	INFO	[jepsen worker 6] jepsen.util: 258	:invoke	:cas	[13 [2 4]]
2026-03-14 15:01:17,557{GMT}	INFO	[jepsen worker 6] jepsen.util: 258	:fail	:cas	[13 [2 4]]	[:precondition-failed "expected 2 but had 0"]
2026-03-14 15:01:17,618{GMT}	INFO	[jepsen worker 3] jepsen.util: 255	:invoke	:cas	[12 [0 0]]
2026-03-14 15:01:17,622{GMT}	INFO	[jepsen worker 3] jepsen.util: 255	:fail	:cas	[12 [0 0]]	[:precondition-failed "expected 0 but had 1"]
2026-03-14 15:01:17,679{GMT}	INFO	[jepsen worker 6] jepsen.util: 258	:invoke	:write	[13 3]
2026-03-14 15:01:17,682{GMT}	INFO	[jepsen worker 6] jepsen.util: 258	:ok	:write	[13 3]
2026-03-14 15:01:17,745{GMT}	INFO	[jepsen worker 2] jepsen.util: 2	:invoke	:read	[12 nil]
2026-03-14 15:01:17,748{GMT}	INFO	[jepsen worker 2] jepsen.util: 2	:ok	:read	[12 1]
2026-03-14 15:01:17,766{GMT}	INFO	[jepsen worker 3] jepsen.util: 255	:invoke	:cas	[12 [4 3]]
2026-03-14 15:01:17,770{GMT}	INFO	[jepsen worker 3] jepsen.util: 255	:fail	:cas	[12 [4 3]]	[:precondition-failed "expected 4 but had 1"]
2026-03-14 15:01:17,796{GMT}	INFO	[jepsen worker 0] jepsen.util: 0	:invoke	:read	[12 nil]
2026-03-14 15:01:17,799{GMT}	INFO	[jepsen worker 0] jepsen.util: 0	:ok	:read	[12 1]
2026-03-14 15:01:17,803{GMT}	INFO	[jepsen worker 6] jepsen.util: 258	:invoke	:cas	[13 [1 3]]
2026-03-14 15:01:17,804{GMT}	INFO	[jepsen worker 6] jepsen.util: 258	:fail	:cas	[13 [1 3]]	[:precondition-failed "expected 1 but had 3"]
2026-03-14 15:01:17,832{GMT}	INFO	[jepsen worker 0] jepsen.util: 0	:invoke	:read	[12 nil]
2026-03-14 15:01:17,833{GMT}	INFO	[jepsen worker 0] jepsen.util: 0	:ok	:read	[12 1]
2026-03-14 15:01:17,880{GMT}	INFO	[jepsen worker 0] jepsen.util: 0	:invoke	:read	[12 nil]
2026-03-14 15:01:17,882{GMT}	INFO	[jepsen worker 0] jepsen.util: 0	:ok	:read	[12 1]
2026-03-14 15:01:17,918{GMT}	INFO	[jepsen worker 3] jepsen.util: 255	:invoke	:write	[12 4]
2026-03-14 15:01:17,919{GMT}	INFO	[jepsen worker 3] jepsen.util: 255	:ok	:write	[12 4]
2026-03-14 15:01:17,965{GMT}	INFO	[jepsen worker 9] jepsen.util: 249	:invoke	:cas	[13 [0 1]]
2026-03-14 15:01:17,967{GMT}	INFO	[jepsen worker 9] jepsen.util: 249	:fail	:cas	[13 [0 1]]	[:precondition-failed "expected 0 but had 3"]
2026-03-14 15:01:17,982{GMT}	INFO	[jepsen worker 10] jepsen.util: 250	:invoke	:write	[13 1]
2026-03-14 15:01:17,984{GMT}	INFO	[jepsen worker 10] jepsen.util: 250	:ok	:write	[13 1]
2026-03-14 15:01:18,015{GMT}	INFO	[jepsen worker 0] jepsen.util: 0	:invoke	:read	[12 nil]
2026-03-14 15:01:18,017{GMT}	INFO	[jepsen worker 0] jepsen.util: 0	:ok	:read	[12 4]
2026-03-14 15:01:18,022{GMT}	INFO	[jepsen worker 6] jepsen.util: 258	:invoke	:cas	[13 [2 1]]
2026-03-14 15:01:18,023{GMT}	INFO	[jepsen worker 6] jepsen.util: 258	:fail	:cas	[13 [2 1]]	[:precondition-failed "expected 2 but had 1"]
2026-03-14 15:01:18,061{GMT}	INFO	[jepsen worker 0] jepsen.util: 0	:invoke	:read	[12 nil]
2026-03-14 15:01:18,064{GMT}	INFO	[jepsen worker 0] jepsen.util: 0	:ok	:read	[12 4]
2026-03-14 15:01:18,117{GMT}	INFO	[jepsen worker 6] jepsen.util: 258	:invoke	:cas	[13 [3 3]]
2026-03-14 15:01:18,121{GMT}	INFO	[jepsen worker 6] jepsen.util: 258	:fail	:cas	[13 [3 3]]	[:precondition-failed "expected 3 but had 1"]
2026-03-14 15:01:18,145{GMT}	INFO	[jepsen worker 2] jepsen.util: 2	:invoke	:read	[12 nil]
2026-03-14 15:01:18,148{GMT}	INFO	[jepsen worker 2] jepsen.util: 2	:ok	:read	[12 4]
2026-03-14 15:01:18,157{GMT}	INFO	[jepsen worker 3] jepsen.util: 255	:invoke	:cas	[12 [4 4]]
2026-03-14 15:01:18,161{GMT}	INFO	[jepsen worker 3] jepsen.util: 255	:ok	:cas	[12 [4 4]]
2026-03-14 15:01:18,188{GMT}	INFO	[jepsen worker 6] jepsen.util: 258	:invoke	:cas	[13 [2 3]]
2026-03-14 15:01:18,191{GMT}	INFO	[jepsen worker 6] jepsen.util: 258	:fail	:cas	[13 [2 3]]	[:precondition-failed "expected 2 but had 1"]
2026-03-14 15:01:18,217{GMT}	INFO	[jepsen worker 6] jepsen.util: 258	:invoke	:write	[13 0]
2026-03-14 15:01:18,220{GMT}	INFO	[jepsen worker 6] jepsen.util: 258	:ok	:write	[13 0]
2026-03-14 15:01:18,252{GMT}	INFO	[jepsen worker 3] jepsen.util: 255	:invoke	:write	[12 0]
2026-03-14 15:01:18,255{GMT}	INFO	[jepsen worker 3] jepsen.util: 255	:ok	:write	[12 0]
2026-03-14 15:01:18,266{GMT}	INFO	[jepsen worker 7] jepsen.util: 247	:invoke	:cas	[13 [1 0]]
2026-03-14 15:01:18,269{GMT}	INFO	[jepsen worker 7] jepsen.util: 247	:fail	:cas	[13 [1 0]]	[:precondition-failed "expected 1 but had 0"]
2026-03-14 15:01:18,294{GMT}	INFO	[jepsen worker 0] jepsen.util: 0	:invoke	:read	[12 nil]
2026-03-14 15:01:18,297{GMT}	INFO	[jepsen worker 0] jepsen.util: 0	:ok	:read	[12 0]
2026-03-14 15:01:18,333{GMT}	INFO	[jepsen worker 9] jepsen.util: 249	:invoke	:cas	[13 [0 4]]
2026-03-14 15:01:18,338{GMT}	INFO	[jepsen worker 9] jepsen.util: 249	:ok	:cas	[13 [0 4]]
2026-03-14 15:01:18,371{GMT}	INFO	[jepsen worker 10] jepsen.util: 250	:invoke	:cas	[13 [3 1]]
2026-03-14 15:01:18,374{GMT}	INFO	[jepsen worker 10] jepsen.util: 250	:fail	:cas	[13 [3 1]]	[:precondition-failed "expected 3 but had 4"]
2026-03-14 15:01:18,382{GMT}	INFO	[jepsen worker 0] jepsen.util: 0	:invoke	:read	[12 nil]
2026-03-14 15:01:18,384{GMT}	INFO	[jepsen worker 0] jepsen.util: 0	:ok	:read	[12 0]
2026-03-14 15:01:18,440{GMT}	INFO	[jepsen worker 3] jepsen.util: 255	:invoke	:cas	[12 [2 4]]
2026-03-14 15:01:18,444{GMT}	INFO	[jepsen worker 3] jepsen.util: 255	:fail	:cas	[12 [2 4]]	[:precondition-failed "expected 2 but had 0"]
2026-03-14 15:01:18,454{GMT}	INFO	[jepsen worker 6] jepsen.util: 258	:invoke	:cas	[13 [3 3]]
2026-03-14 15:01:18,456{GMT}	INFO	[jepsen worker 6] jepsen.util: 258	:fail	:cas	[13 [3 3]]	[:precondition-failed "expected 3 but had 4"]
2026-03-14 15:01:18,473{GMT}	INFO	[jepsen worker 6] jepsen.util: 258	:invoke	:write	[13 1]
2026-03-14 15:01:18,476{GMT}	INFO	[jepsen worker 6] jepsen.util: 258	:ok	:write	[13 1]
2026-03-14 15:01:18,528{GMT}	INFO	[jepsen worker 6] jepsen.util: 258	:invoke	:cas	[13 [2 2]]
2026-03-14 15:01:18,531{GMT}	INFO	[jepsen worker 6] jepsen.util: 258	:fail	:cas	[13 [2 2]]	[:precondition-failed "expected 2 but had 1"]
2026-03-14 15:01:18,545{GMT}	INFO	[jepsen worker 3] jepsen.util: 255	:invoke	:cas	[12 [0 4]]
2026-03-14 15:01:18,546{GMT}	INFO	[jepsen worker 4] jepsen.util: 244	:invoke	:cas	[12 [0 0]]
2026-03-14 15:01:18,548{GMT}	INFO	[jepsen worker 3] jepsen.util: 255	:ok	:cas	[12 [0 4]]
2026-03-14 15:01:18,548{GMT}	INFO	[jepsen worker 4] jepsen.util: 244	:ok	:cas	[12 [0 0]]
2026-03-14 15:01:18,592{GMT}	INFO	[jepsen worker 0] jepsen.util: 0	:invoke	:read	[12 nil]
2026-03-14 15:01:18,595{GMT}	INFO	[jepsen worker 0] jepsen.util: 0	:ok	:read	[12 0]
2026-03-14 15:01:18,656{GMT}	INFO	[jepsen worker 6] jepsen.util: 258	:invoke	:cas	[13 [3 1]]
2026-03-14 15:01:18,661{GMT}	INFO	[jepsen worker 6] jepsen.util: 258	:fail	:cas	[13 [3 1]]	[:precondition-failed "expected 3 but had 1"]
2026-03-14 15:01:18,688{GMT}	INFO	[jepsen worker 7] jepsen.util: 247	:invoke	:cas	[13 [2 3]]
2026-03-14 15:01:18,695{GMT}	INFO	[jepsen worker 7] jepsen.util: 247	:fail	:cas	[13 [2 3]]	[:precondition-failed "expected 2 but had 1"]
2026-03-14 15:01:18,728{GMT}	INFO	[jepsen worker 0] jepsen.util: 0	:invoke	:read	[12 nil]
2026-03-14 15:01:18,733{GMT}	INFO	[jepsen worker 0] jepsen.util: 0	:ok	:read	[12 0]
2026-03-14 15:01:18,741{GMT}	INFO	[jepsen worker 3] jepsen.util: 255	:invoke	:write	[12 4]
2026-03-14 15:01:18,748{GMT}	INFO	[jepsen worker 3] jepsen.util: 255	:ok	:write	[12 4]
2026-03-14 15:01:18,794{GMT}	INFO	[jepsen worker 10] jepsen.util: 250	:invoke	:cas	[13 [3 3]]
2026-03-14 15:01:18,799{GMT}	INFO	[jepsen worker 10] jepsen.util: 250	:fail	:cas	[13 [3 3]]	[:precondition-failed "expected 3 but had 1"]
2026-03-14 15:01:18,813{GMT}	INFO	[jepsen worker 0] jepsen.util: 0	:invoke	:read	[12 nil]
2026-03-14 15:01:18,817{GMT}	INFO	[jepsen worker 0] jepsen.util: 0	:ok	:read	[12 4]
2026-03-14 15:01:18,834{GMT}	INFO	[jepsen worker 3] jepsen.util: 255	:invoke	:cas	[12 [3 4]]
2026-03-14 15:01:18,839{GMT}	INFO	[jepsen worker 3] jepsen.util: 255	:fail	:cas	[12 [3 4]]	[:precondition-failed "expected 3 but had 4"]
2026-03-14 15:01:18,857{GMT}	INFO	[jepsen worker 6] jepsen.util: 258	:invoke	:write	[13 3]
2026-03-14 15:01:18,861{GMT}	INFO	[jepsen worker 6] jepsen.util: 258	:ok	:write	[13 3]
2026-03-14 15:01:18,892{GMT}	INFO	[jepsen worker 1] jepsen.util: 1	:invoke	:read	[12 nil]
2026-03-14 15:01:18,895{GMT}	INFO	[jepsen worker 1] jepsen.util: 1	:ok	:read	[12 4]
2026-03-14 15:01:18,915{GMT}	INFO	[jepsen worker 6] jepsen.util: 258	:invoke	:cas	[13 [2 4]]
2026-03-14 15:01:18,917{GMT}	INFO	[jepsen worker 6] jepsen.util: 258	:fail	:cas	[13 [2 4]]	[:precondition-failed "expected 2 but had 3"]
2026-03-14 15:01:18,939{GMT}	INFO	[jepsen worker 6] jepsen.util: 258	:invoke	:cas	[13 [3 4]]
2026-03-14 15:01:18,943{GMT}	INFO	[jepsen worker 6] jepsen.util: 258	:ok	:cas	[13 [3 4]]
2026-03-14 15:01:18,976{GMT}	INFO	[jepsen worker 6] jepsen.util: 258	:invoke	:cas	[13 [2 4]]
2026-03-14 15:01:18,978{GMT}	INFO	[jepsen worker 6] jepsen.util: 258	:fail	:cas	[13 [2 4]]	[:precondition-failed "expected 2 but had 4"]
2026-03-14 15:01:19,022{GMT}	INFO	[jepsen worker 5] jepsen.util: 245	:invoke	:write	[12 4]
2026-03-14 15:01:19,025{GMT}	INFO	[jepsen worker 5] jepsen.util: 245	:ok	:write	[12 4]
2026-03-14 15:01:19,090{GMT}	INFO	[jepsen worker 3] jepsen.util: 255	:invoke	:write	[12 1]
2026-03-14 15:01:19,092{GMT}	INFO	[jepsen worker 3] jepsen.util: 255	:ok	:write	[12 1]
2026-03-14 15:01:19,101{GMT}	INFO	[jepsen worker 0] jepsen.util: 0	:invoke	:read	[12 nil]
2026-03-14 15:01:19,103{GMT}	INFO	[jepsen worker 0] jepsen.util: 0	:ok	:read	[12 1]
2026-03-14 15:01:19,106{GMT}	INFO	[jepsen worker 8] jepsen.util: 248	:invoke	:cas	[13 [3 4]]
2026-03-14 15:01:19,108{GMT}	INFO	[jepsen worker 8] jepsen.util: 248	:fail	:cas	[13 [3 4]]	[:precondition-failed "expected 3 but had 4"]
2026-03-14 15:01:19,123{GMT}	INFO	[jepsen worker 9] jepsen.util: 249	:invoke	:cas	[13 [3 1]]
2026-03-14 15:01:19,125{GMT}	INFO	[jepsen worker 9] jepsen.util: 249	:fail	:cas	[13 [3 1]]	[:precondition-failed "expected 3 but had 4"]
2026-03-14 15:01:19,190{GMT}	INFO	[jepsen worker 0] jepsen.util: 0	:invoke	:read	[12 nil]
2026-03-14 15:01:19,194{GMT}	INFO	[jepsen worker 0] jepsen.util: 0	:ok	:read	[12 1]
2026-03-14 15:01:19,259{GMT}	INFO	[jepsen worker 3] jepsen.util: 255	:invoke	:cas	[12 [0 0]]
2026-03-14 15:01:19,264{GMT}	INFO	[jepsen worker 3] jepsen.util: 255	:fail	:cas	[12 [0 0]]	[:precondition-failed "expected 0 but had 1"]
2026-03-14 15:01:19,300{GMT}	INFO	[jepsen worker 3] jepsen.util: 255	:invoke	:write	[12 4]
2026-03-14 15:01:19,305{GMT}	INFO	[jepsen worker 3] jepsen.util: 255	:ok	:write	[12 4]
2026-03-14 15:01:19,313{GMT}	INFO	[jepsen worker 6] jepsen.util: 258	:invoke	:cas	[13 [3 0]]
2026-03-14 15:01:19,318{GMT}	INFO	[jepsen worker 6] jepsen.util: 258	:fail	:cas	[13 [3 0]]	[:precondition-failed "expected 3 but had 4"]
2026-03-14 15:01:19,372{GMT}	INFO	[jepsen worker 6] jepsen.util: 258	:invoke	:write	[13 2]
2026-03-14 15:01:19,377{GMT}	INFO	[jepsen worker 6] jepsen.util: 258	:ok	:write	[13 2]
2026-03-14 15:01:19,437{GMT}	INFO	[jepsen worker 2] jepsen.util: 2	:invoke	:read	[12 nil]
2026-03-14 15:01:19,437{GMT}	INFO	[jepsen worker 6] jepsen.util: 258	:invoke	:write	[13 3]
2026-03-14 15:01:19,442{GMT}	INFO	[jepsen worker 6] jepsen.util: 258	:ok	:write	[13 3]
2026-03-14 15:01:19,442{GMT}	INFO	[jepsen worker 2] jepsen.util: 2	:ok	:read	[12 4]
2026-03-14 15:01:19,471{GMT}	INFO	[jepsen worker 6] jepsen.util: 258	:invoke	:write	[13 2]
2026-03-14 15:01:19,476{GMT}	INFO	[jepsen worker 5] jepsen.util: 245	:invoke	:cas	[12 [1 0]]
2026-03-14 15:01:19,503{GMT}	INFO	[jepsen worker 0] jepsen.util: 0	:invoke	:read	[12 nil]
2026-03-14 15:01:19,550{GMT}	INFO	[jepsen worker 7] jepsen.util: 247	:invoke	:cas	[13 [3 4]]
2026-03-14 15:01:19,559{GMT}	INFO	[jepsen worker 1] jepsen.util: 1	:invoke	:read	[12 nil]
2026-03-14 15:01:19,627{GMT}	INFO	[jepsen worker 9] jepsen.util: 249	:invoke	:cas	[13 [3 3]]
2026-03-14 15:01:19,685{GMT}	INFO	[jepsen worker 10] jepsen.util: 250	:invoke	:cas	[13 [1 0]]
2026-03-14 15:01:19,712{GMT}	INFO	[jepsen worker 3] jepsen.util: 255	:invoke	:cas	[12 [3 4]]
2026-03-14 15:01:19,751{GMT}	INFO	[jepsen worker 8] jepsen.util: 248	:invoke	:write	[13 0]
2026-03-14 15:01:19,764{GMT}	INFO	[jepsen worker 11] jepsen.util: 251	:invoke	:cas	[13 [3 4]]
2026-03-14 15:01:19,804{GMT}	INFO	[jepsen worker 4] jepsen.util: 244	:invoke	:cas	[12 [3 1]]
2026-03-14 15:01:19,852{GMT}	INFO	[jepsen worker 2] jepsen.util: 2	:invoke	:read	[12 nil]
2026-03-14 15:01:20,471{GMT}	INFO	[jepsen worker 6] jepsen.util: 258	:info	:write	[13 2]	:net-timeout
2026-03-14 15:01:20,471{GMT}	INFO	[jepsen worker 6] jepsen.util: 270	:invoke	:cas	[13 [4 0]]
2026-03-14 15:01:20,481{GMT}	INFO	[jepsen worker 5] jepsen.util: 245	:info	:cas	[12 [1 0]]	:net-timeout
2026-03-14 15:01:20,507{GMT}	INFO	[jepsen worker 0] jepsen.util: 0	:fail	:read	[12 nil]	:net-timeout
2026-03-14 15:01:20,525{GMT}	INFO	[jepsen worker 0] jepsen.util: 0	:invoke	:read	[12 nil]
2026-03-14 15:01:20,552{GMT}	INFO	[jepsen worker 7] jepsen.util: 247	:info	:cas	[13 [3 4]]	:net-timeout
2026-03-14 15:01:20,552{GMT}	INFO	[jepsen worker 5] jepsen.util: 257	:invoke	:write	[12 2]
2026-03-14 15:01:20,552{GMT}	INFO	[jepsen worker 7] jepsen.util: 259	:invoke	:cas	[13 [4 3]]
2026-03-14 15:01:20,562{GMT}	INFO	[jepsen worker 1] jepsen.util: 1	:fail	:read	[12 nil]	:net-timeout
2026-03-14 15:01:20,618{GMT}	INFO	[jepsen worker 1] jepsen.util: 1	:invoke	:read	[12 nil]
2026-03-14 15:01:20,628{GMT}	INFO	[jepsen worker 9] jepsen.util: 249	:info	:cas	[13 [3 3]]	:net-timeout
2026-03-14 15:01:20,641{GMT}	INFO	[jepsen worker 9] jepsen.util: 261	:invoke	:write	[13 2]
2026-03-14 15:01:20,690{GMT}	INFO	[jepsen worker 10] jepsen.util: 250	:info	:cas	[13 [1 0]]	:net-timeout
2026-03-14 15:01:20,690{GMT}	INFO	[jepsen worker 10] jepsen.util: 262	:invoke	:cas	[13 [0 3]]
2026-03-14 15:01:20,713{GMT}	INFO	[jepsen worker 3] jepsen.util: 255	:info	:cas	[12 [3 4]]	:net-timeout
2026-03-14 15:01:20,737{GMT}	INFO	[jepsen worker 3] jepsen.util: 267	:invoke	:write	[12 1]
2026-03-14 15:01:20,756{GMT}	INFO	[jepsen worker 8] jepsen.util: 248	:info	:write	[13 0]	:net-timeout
2026-03-14 15:01:20,769{GMT}	INFO	[jepsen worker 11] jepsen.util: 251	:info	:cas	[13 [3 4]]	:net-timeout
2026-03-14 15:01:20,791{GMT}	INFO	[jepsen worker 11] jepsen.util: 263	:invoke	:write	[13 1]
2026-03-14 15:01:20,805{GMT}	INFO	[jepsen worker 4] jepsen.util: 244	:info	:cas	[12 [3 1]]	:net-timeout
2026-03-14 15:01:20,812{GMT}	INFO	[jepsen worker 4] jepsen.util: 256	:invoke	:write	[12 2]
2026-03-14 15:01:20,847{GMT}	INFO	[jepsen worker 8] jepsen.util: 260	:invoke	:write	[13 3]
2026-03-14 15:01:20,853{GMT}	INFO	[jepsen worker 2] jepsen.util: 2	:fail	:read	[12 nil]	:net-timeout
2026-03-14 15:01:20,856{GMT}	INFO	[jepsen worker 2] jepsen.util: 2	:invoke	:read	[12 nil]
2026-03-14 15:01:21,474{GMT}	INFO	[jepsen worker 6] jepsen.util: 270	:info	:cas	[13 [4 0]]	:net-timeout
2026-03-14 15:01:21,474{GMT}	INFO	[jepsen worker 6] jepsen.util: 282	:invoke	:cas	[13 [2 0]]
2026-03-14 15:01:21,528{GMT}	INFO	[jepsen worker 0] jepsen.util: 0	:fail	:read	[12 nil]	:net-timeout
2026-03-14 15:01:21,528{GMT}	INFO	[jepsen worker 0] jepsen.util: 0	:invoke	:read	[12 nil]
2026-03-14 15:01:21,555{GMT}	INFO	[jepsen worker 7] jepsen.util: 259	:info	:cas	[13 [4 3]]	:net-timeout
2026-03-14 15:01:21,555{GMT}	INFO	[jepsen worker 5] jepsen.util: 257	:info	:write	[12 2]	:net-timeout
2026-03-14 15:01:21,555{GMT}	INFO	[jepsen worker 5] jepsen.util: 269	:invoke	:write	[12 0]
2026-03-14 15:01:21,605{GMT}	INFO	[jepsen worker 7] jepsen.util: 271	:invoke	:cas	[13 [0 1]]
2026-03-14 15:01:21,618{GMT}	INFO	[jepsen worker 1] jepsen.util: 1	:fail	:read	[12 nil]	:net-timeout
2026-03-14 15:01:21,618{GMT}	INFO	[jepsen worker 1] jepsen.util: 1	:invoke	:read	[12 nil]
2026-03-14 15:01:21,641{GMT}	INFO	[jepsen worker 9] jepsen.util: 261	:info	:write	[13 2]	:net-timeout
2026-03-14 15:01:21,659{GMT}	INFO	[jepsen worker 9] jepsen.util: 273	:invoke	:write	[13 2]
2026-03-14 15:01:21,694{GMT}	INFO	[jepsen worker 10] jepsen.util: 262	:info	:cas	[13 [0 3]]	:net-timeout
2026-03-14 15:01:21,715{GMT}	INFO	[jepsen worker 10] jepsen.util: 274	:invoke	:cas	[13 [0 1]]
2026-03-14 15:01:21,741{GMT}	INFO	[jepsen worker 3] jepsen.util: 267	:info	:write	[12 1]	:net-timeout
2026-03-14 15:01:21,756{GMT}	INFO	[jepsen worker 3] jepsen.util: 279	:invoke	:cas	[12 [1 3]]
2026-03-14 15:01:21,795{GMT}	INFO	[jepsen worker 11] jepsen.util: 263	:info	:write	[13 1]	:net-timeout
2026-03-14 15:01:21,795{GMT}	INFO	[jepsen worker 11] jepsen.util: 275	:invoke	:write	[13 3]
2026-03-14 15:01:21,812{GMT}	INFO	[jepsen worker 4] jepsen.util: 256	:info	:write	[12 2]	:net-timeout
2026-03-14 15:01:21,852{GMT}	INFO	[jepsen worker 8] jepsen.util: 260	:info	:write	[13 3]	:net-timeout
2026-03-14 15:01:21,859{GMT}	INFO	[jepsen worker 2] jepsen.util: 2	:fail	:read	[12 nil]	:net-timeout
2026-03-14 15:01:21,861{GMT}	INFO	[jepsen worker 8] jepsen.util: 272	:invoke	:write	[13 1]
2026-03-14 15:01:21,864{GMT}	INFO	[jepsen worker 4] jepsen.util: 268	:invoke	:cas	[12 [4 1]]
2026-03-14 15:01:21,876{GMT}	INFO	[jepsen worker 2] jepsen.util: 2	:invoke	:read	[12 nil]
2026-03-14 15:01:22,479{GMT}	INFO	[jepsen worker 6] jepsen.util: 282	:info	:cas	[13 [2 0]]	:net-timeout
2026-03-14 15:01:22,479{GMT}	INFO	[jepsen worker 6] jepsen.util: 294	:invoke	:write	[13 2]
2026-03-14 15:01:22,529{GMT}	INFO	[jepsen worker 0] jepsen.util: 0	:fail	:read	[12 nil]	:net-timeout
2026-03-14 15:01:22,529{GMT}	INFO	[jepsen worker 0] jepsen.util: 0	:invoke	:read	[12 nil]
2026-03-14 15:01:22,560{GMT}	INFO	[jepsen worker 5] jepsen.util: 269	:info	:write	[12 0]	:net-timeout
2026-03-14 15:01:22,564{GMT}	INFO	[jepsen worker 5] jepsen.util: 281	:invoke	:cas	[12 [0 0]]
2026-03-14 15:01:22,605{GMT}	INFO	[jepsen worker 7] jepsen.util: 271	:info	:cas	[13 [0 1]]	:net-timeout
2026-03-14 15:01:22,605{GMT}	INFO	[jepsen worker 7] jepsen.util: 283	:invoke	:cas	[13 [4 1]]
2026-03-14 15:01:22,622{GMT}	INFO	[jepsen worker 1] jepsen.util: 1	:fail	:read	[12 nil]	:net-timeout
2026-03-14 15:01:22,660{GMT}	INFO	[jepsen worker 9] jepsen.util: 273	:info	:write	[13 2]	:net-timeout
2026-03-14 15:01:22,662{GMT}	INFO	[jepsen worker 1] jepsen.util: 1	:invoke	:read	[12 nil]
2026-03-14 15:01:22,689{GMT}	INFO	[jepsen worker 9] jepsen.util: 285	:invoke	:cas	[14 [4 4]]
2026-03-14 15:01:22,715{GMT}	INFO	[jepsen worker 10] jepsen.util: 274	:info	:cas	[13 [0 1]]	:net-timeout
2026-03-14 15:01:22,743{GMT}	INFO	[jepsen worker 10] jepsen.util: 286	:invoke	:cas	[14 [3 4]]
2026-03-14 15:01:22,760{GMT}	INFO	[jepsen worker 3] jepsen.util: 279	:info	:cas	[12 [1 3]]	:net-timeout
2026-03-14 15:01:22,800{GMT}	INFO	[jepsen worker 11] jepsen.util: 275	:info	:write	[13 3]	:net-timeout
2026-03-14 15:01:22,801{GMT}	INFO	[jepsen worker 11] jepsen.util: 287	:invoke	:write	[14 3]
2026-03-14 15:01:22,847{GMT}	INFO	[jepsen worker 3] jepsen.util: 291	:invoke	:cas	[12 [4 2]]
2026-03-14 15:01:22,863{GMT}	INFO	[jepsen worker 8] jepsen.util: 272	:info	:write	[13 1]	:net-timeout
2026-03-14 15:01:22,864{GMT}	INFO	[jepsen worker 8] jepsen.util: 284	:invoke	:cas	[14 [1 1]]
2026-03-14 15:01:22,865{GMT}	INFO	[jepsen worker 4] jepsen.util: 268	:info	:cas	[12 [4 1]]	:net-timeout
2026-03-14 15:01:22,877{GMT}	INFO	[jepsen worker 2] jepsen.util: 2	:fail	:read	[12 nil]	:net-timeout
2026-03-14 15:01:22,925{GMT}	INFO	[jepsen worker 4] jepsen.util: 280	:invoke	:write	[12 3]
2026-03-14 15:01:22,940{GMT}	INFO	[jepsen worker 2] jepsen.util: 2	:invoke	:read	[12 nil]
2026-03-14 15:01:23,483{GMT}	INFO	[jepsen worker 6] jepsen.util: 294	:info	:write	[13 2]	:net-timeout
2026-03-14 15:01:23,483{GMT}	INFO	[jepsen worker 6] jepsen.util: 306	:invoke	:write	[14 0]
2026-03-14 15:01:23,533{GMT}	INFO	[jepsen worker 0] jepsen.util: 0	:fail	:read	[12 nil]	:net-timeout
2026-03-14 15:01:23,535{GMT}	INFO	[jepsen worker 0] jepsen.util: 0	:invoke	:read	[12 nil]
2026-03-14 15:01:23,569{GMT}	INFO	[jepsen worker 5] jepsen.util: 281	:info	:cas	[12 [0 0]]	:net-timeout
2026-03-14 15:01:23,569{GMT}	INFO	[jepsen worker 5] jepsen.util: 293	:invoke	:cas	[12 [4 1]]
2026-03-14 15:01:23,609{GMT}	INFO	[jepsen worker 7] jepsen.util: 283	:info	:cas	[13 [4 1]]	:net-timeout
2026-03-14 15:01:23,609{GMT}	INFO	[jepsen worker 7] jepsen.util: 295	:invoke	:cas	[14 [2 2]]
2026-03-14 15:01:23,663{GMT}	INFO	[jepsen worker 1] jepsen.util: 1	:fail	:read	[12 nil]	:net-timeout
2026-03-14 15:01:23,663{GMT}	INFO	[jepsen worker 1] jepsen.util: 1	:invoke	:read	[12 nil]
2026-03-14 15:01:23,694{GMT}	INFO	[jepsen worker 9] jepsen.util: 285	:info	:cas	[14 [4 4]]	:net-timeout
2026-03-14 15:01:23,700{GMT}	INFO	[jepsen worker 9] jepsen.util: 297	:invoke	:cas	[14 [1 2]]
2026-03-14 15:01:23,743{GMT}	INFO	[jepsen worker 10] jepsen.util: 286	:info	:cas	[14 [3 4]]	:net-timeout
2026-03-14 15:01:23,744{GMT}	INFO	[jepsen worker 10] jepsen.util: 298	:invoke	:cas	[14 [2 2]]
2026-03-14 15:01:23,806{GMT}	INFO	[jepsen worker 11] jepsen.util: 287	:info	:write	[14 3]	:net-timeout
2026-03-14 15:01:23,806{GMT}	INFO	[jepsen worker 11] jepsen.util: 299	:invoke	:cas	[14 [4 1]]
2026-03-14 15:01:23,849{GMT}	INFO	[jepsen worker 3] jepsen.util: 291	:info	:cas	[12 [4 2]]	:net-timeout
2026-03-14 15:01:23,861{GMT}	INFO	[jepsen worker 3] jepsen.util: 303	:invoke	:write	[12 3]
2026-03-14 15:01:23,866{GMT}	INFO	[jepsen worker 8] jepsen.util: 284	:info	:cas	[14 [1 1]]	:net-timeout
2026-03-14 15:01:23,917{GMT}	INFO	[jepsen worker 8] jepsen.util: 296	:invoke	:cas	[14 [3 3]]
2026-03-14 15:01:23,927{GMT}	INFO	[jepsen worker 4] jepsen.util: 280	:info	:write	[12 3]	:net-timeout
2026-03-14 15:01:23,944{GMT}	INFO	[jepsen worker 2] jepsen.util: 2	:fail	:read	[12 nil]	:net-timeout
2026-03-14 15:01:23,966{GMT}	INFO	[jepsen worker 4] jepsen.util: 292	:invoke	:cas	[12 [3 0]]
2026-03-14 15:01:23,967{GMT}	INFO	[jepsen worker 2] jepsen.util: 2	:invoke	:read	[12 nil]
2026-03-14 15:01:24,486{GMT}	INFO	[jepsen worker 6] jepsen.util: 306	:info	:write	[14 0]	:net-timeout
2026-03-14 15:01:24,486{GMT}	INFO	[jepsen worker 6] jepsen.util: 318	:invoke	:cas	[14 [0 0]]
2026-03-14 15:01:24,539{GMT}	INFO	[jepsen worker 0] jepsen.util: 0	:fail	:read	[12 nil]	:net-timeout
2026-03-14 15:01:24,539{GMT}	INFO	[jepsen worker 0] jepsen.util: 0	:invoke	:read	[12 nil]
2026-03-14 15:01:24,570{GMT}	INFO	[jepsen worker 5] jepsen.util: 293	:info	:cas	[12 [4 1]]	:net-timeout
2026-03-14 15:01:24,570{GMT}	INFO	[jepsen worker 5] jepsen.util: 305	:invoke	:cas	[12 [3 4]]
2026-03-14 15:01:24,615{GMT}	INFO	[jepsen worker 7] jepsen.util: 295	:info	:cas	[14 [2 2]]	:net-timeout
2026-03-14 15:01:24,615{GMT}	INFO	[jepsen worker 7] jepsen.util: 307	:invoke	:cas	[14 [3 3]]
2026-03-14 15:01:24,668{GMT}	INFO	[jepsen worker 1] jepsen.util: 1	:fail	:read	[12 nil]	:net-timeout
2026-03-14 15:01:24,668{GMT}	INFO	[jepsen worker 1] jepsen.util: 1	:invoke	:read	[12 nil]
2026-03-14 15:01:24,705{GMT}	INFO	[jepsen worker 9] jepsen.util: 297	:info	:cas	[14 [1 2]]	:net-timeout
2026-03-14 15:01:24,705{GMT}	INFO	[jepsen worker 9] jepsen.util: 309	:invoke	:write	[14 0]
2026-03-14 15:01:24,748{GMT}	INFO	[jepsen worker 10] jepsen.util: 298	:info	:cas	[14 [2 2]]	:net-timeout
2026-03-14 15:01:24,749{GMT}	INFO	[jepsen worker 10] jepsen.util: 310	:invoke	:cas	[14 [3 3]]
2026-03-14 15:01:24,810{GMT}	INFO	[jepsen worker 11] jepsen.util: 299	:info	:cas	[14 [4 1]]	:net-timeout
2026-03-14 15:01:24,811{GMT}	INFO	[jepsen worker 11] jepsen.util: 311	:invoke	:write	[14 2]
2026-03-14 15:01:24,865{GMT}	INFO	[jepsen worker 3] jepsen.util: 303	:info	:write	[12 3]	:net-timeout
2026-03-14 15:01:24,869{GMT}	INFO	[jepsen worker 3] jepsen.util: 315	:invoke	:cas	[15 [2 2]]
2026-03-14 15:01:24,921{GMT}	INFO	[jepsen worker 8] jepsen.util: 296	:info	:cas	[14 [3 3]]	:net-timeout
2026-03-14 15:01:24,922{GMT}	INFO	[jepsen worker 8] jepsen.util: 308	:invoke	:write	[16 0]
2026-03-14 15:01:24,971{GMT}	INFO	[jepsen worker 4] jepsen.util: 292	:info	:cas	[12 [3 0]]	:net-timeout
2026-03-14 15:01:24,971{GMT}	INFO	[jepsen worker 4] jepsen.util: 304	:invoke	:cas	[15 [2 1]]
2026-03-14 15:01:24,972{GMT}	INFO	[jepsen worker 2] jepsen.util: 2	:fail	:read	[12 nil]	:net-timeout
2026-03-14 15:01:24,979{GMT}	INFO	[jepsen worker 2] jepsen.util: 2	:invoke	:read	[15 nil]
2026-03-14 15:01:25,490{GMT}	INFO	[jepsen worker 6] jepsen.util: 318	:info	:cas	[14 [0 0]]	:net-timeout
2026-03-14 15:01:25,490{GMT}	INFO	[jepsen worker 6] jepsen.util: 330	:invoke	:cas	[16 [4 0]]
2026-03-14 15:01:25,544{GMT}	INFO	[jepsen worker 0] jepsen.util: 0	:fail	:read	[12 nil]	:net-timeout
2026-03-14 15:01:25,544{GMT}	INFO	[jepsen worker 0] jepsen.util: 0	:invoke	:read	[15 nil]
2026-03-14 15:01:25,574{GMT}	INFO	[jepsen worker 5] jepsen.util: 305	:info	:cas	[12 [3 4]]	:net-timeout
2026-03-14 15:01:25,575{GMT}	INFO	[jepsen worker 5] jepsen.util: 317	:invoke	:write	[15 1]
2026-03-14 15:01:25,614{GMT}	INFO	[jepsen worker 7] jepsen.util: 307	:info	:cas	[14 [3 3]]	:net-timeout
2026-03-14 15:01:25,614{GMT}	INFO	[jepsen worker 7] jepsen.util: 319	:invoke	:cas	[16 [2 4]]
2026-03-14 15:01:25,672{GMT}	INFO	[jepsen worker 1] jepsen.util: 1	:fail	:read	[12 nil]	:net-timeout
2026-03-14 15:01:25,672{GMT}	INFO	[jepsen worker 1] jepsen.util: 1	:invoke	:read	[15 nil]
2026-03-14 15:01:25,710{GMT}	INFO	[jepsen worker 9] jepsen.util: 309	:info	:write	[14 0]	:net-timeout
2026-03-14 15:01:25,710{GMT}	INFO	[jepsen worker 9] jepsen.util: 321	:invoke	:cas	[16 [3 1]]
2026-03-14 15:01:25,750{GMT}	INFO	[jepsen worker 10] jepsen.util: 310	:info	:cas	[14 [3 3]]	:net-timeout
2026-03-14 15:01:25,751{GMT}	INFO	[jepsen worker 10] jepsen.util: 322	:invoke	:cas	[16 [3 4]]
2026-03-14 15:01:25,813{GMT}	INFO	[jepsen worker 11] jepsen.util: 311	:info	:write	[14 2]	:net-timeout
2026-03-14 15:01:25,815{GMT}	INFO	[jepsen worker 11] jepsen.util: 323	:invoke	:write	[16 0]
2026-03-14 15:01:25,871{GMT}	INFO	[jepsen worker 3] jepsen.util: 315	:info	:cas	[15 [2 2]]	:net-timeout
2026-03-14 15:01:25,872{GMT}	INFO	[jepsen worker 3] jepsen.util: 327	:invoke	:write	[15 0]
2026-03-14 15:01:25,927{GMT}	INFO	[jepsen worker 8] jepsen.util: 308	:info	:write	[16 0]	:net-timeout
2026-03-14 15:01:25,927{GMT}	INFO	[jepsen worker 8] jepsen.util: 320	:invoke	:cas	[16 [3 1]]
2026-03-14 15:01:25,972{GMT}	INFO	[jepsen worker 4] jepsen.util: 304	:info	:cas	[15 [2 1]]	:net-timeout
2026-03-14 15:01:25,973{GMT}	INFO	[jepsen worker 4] jepsen.util: 316	:invoke	:write	[15 0]
2026-03-14 15:01:25,983{GMT}	INFO	[jepsen worker 2] jepsen.util: 2	:fail	:read	[15 nil]	:net-timeout
2026-03-14 15:01:25,989{GMT}	INFO	[jepsen worker 2] jepsen.util: 2	:invoke	:read	[15 nil]
2026-03-14 15:01:26,495{GMT}	INFO	[jepsen worker 6] jepsen.util: 330	:info	:cas	[16 [4 0]]	:net-timeout
2026-03-14 15:01:26,496{GMT}	INFO	[jepsen worker 6] jepsen.util: 342	:invoke	:cas	[16 [3 2]]
2026-03-14 15:01:26,548{GMT}	INFO	[jepsen worker 0] jepsen.util: 0	:fail	:read	[15 nil]	:net-timeout
2026-03-14 15:01:26,549{GMT}	INFO	[jepsen worker 0] jepsen.util: 0	:invoke	:read	[15 nil]
2026-03-14 15:01:26,579{GMT}	INFO	[jepsen worker 5] jepsen.util: 317	:info	:write	[15 1]	:net-timeout
2026-03-14 15:01:26,591{GMT}	INFO	[jepsen worker 5] jepsen.util: 329	:invoke	:cas	[15 [1 3]]
2026-03-14 15:01:26,618{GMT}	INFO	[jepsen worker 7] jepsen.util: 319	:info	:cas	[16 [2 4]]	:net-timeout
2026-03-14 15:01:26,618{GMT}	INFO	[jepsen worker 7] jepsen.util: 331	:invoke	:cas	[16 [3 0]]
2026-03-14 15:01:26,677{GMT}	INFO	[jepsen worker 1] jepsen.util: 1	:fail	:read	[15 nil]	:net-timeout
2026-03-14 15:01:26,677{GMT}	INFO	[jepsen worker 1] jepsen.util: 1	:invoke	:read	[15 nil]
2026-03-14 15:01:26,715{GMT}	INFO	[jepsen worker 9] jepsen.util: 321	:info	:cas	[16 [3 1]]	:net-timeout
2026-03-14 15:01:26,725{GMT}	INFO	[jepsen worker 9] jepsen.util: 333	:invoke	:cas	[16 [2 0]]
2026-03-14 15:01:26,752{GMT}	INFO	[jepsen worker 10] jepsen.util: 322	:info	:cas	[16 [3 4]]	:net-timeout
2026-03-14 15:01:26,794{GMT}	INFO	[jepsen worker 10] jepsen.util: 334	:invoke	:cas	[16 [4 1]]
2026-03-14 15:01:26,820{GMT}	INFO	[jepsen worker 11] jepsen.util: 323	:info	:write	[16 0]	:net-timeout
2026-03-14 15:01:26,828{GMT}	INFO	[jepsen worker 11] jepsen.util: 335	:invoke	:cas	[16 [0 2]]
2026-03-14 15:01:26,876{GMT}	INFO	[jepsen worker 3] jepsen.util: 327	:info	:write	[15 0]	:net-timeout
2026-03-14 15:01:26,877{GMT}	INFO	[jepsen worker 3] jepsen.util: 339	:invoke	:cas	[15 [0 2]]
2026-03-14 15:01:26,928{GMT}	INFO	[jepsen worker 8] jepsen.util: 320	:info	:cas	[16 [3 1]]	:net-timeout
2026-03-14 15:01:26,928{GMT}	INFO	[jepsen worker 8] jepsen.util: 332	:invoke	:write	[16 1]
2026-03-14 15:01:26,974{GMT}	INFO	[jepsen worker 4] jepsen.util: 316	:info	:write	[15 0]	:net-timeout
2026-03-14 15:01:26,990{GMT}	INFO	[jepsen worker 2] jepsen.util: 2	:fail	:read	[15 nil]	:net-timeout
2026-03-14 15:01:26,990{GMT}	INFO	[jepsen worker 4] jepsen.util: 328	:invoke	:cas	[15 [0 3]]
2026-03-14 15:01:27,049{GMT}	INFO	[jepsen worker 2] jepsen.util: 2	:invoke	:read	[15 nil]
2026-03-14 15:01:27,500{GMT}	INFO	[jepsen worker 6] jepsen.util: 342	:info	:cas	[16 [3 2]]	:net-timeout
2026-03-14 15:01:27,500{GMT}	INFO	[jepsen worker 6] jepsen.util: 354	:invoke	:cas	[16 [4 0]]
2026-03-14 15:01:27,552{GMT}	INFO	[jepsen worker 0] jepsen.util: 0	:fail	:read	[15 nil]	:net-timeout
2026-03-14 15:01:27,553{GMT}	INFO	[jepsen worker 0] jepsen.util: 0	:invoke	:read	[15 nil]
2026-03-14 15:01:27,595{GMT}	INFO	[jepsen worker 5] jepsen.util: 329	:info	:cas	[15 [1 3]]	:net-timeout
2026-03-14 15:01:27,620{GMT}	INFO	[jepsen worker 5] jepsen.util: 341	:invoke	:cas	[15 [0 3]]
2026-03-14 15:01:27,623{GMT}	INFO	[jepsen worker 7] jepsen.util: 331	:info	:cas	[16 [3 0]]	:net-timeout
2026-03-14 15:01:27,675{GMT}	INFO	[jepsen worker 7] jepsen.util: 343	:invoke	:cas	[16 [1 2]]
2026-03-14 15:01:27,678{GMT}	INFO	[jepsen worker 1] jepsen.util: 1	:fail	:read	[15 nil]	:net-timeout
2026-03-14 15:01:27,729{GMT}	INFO	[jepsen worker 9] jepsen.util: 333	:info	:cas	[16 [2 0]]	:net-timeout
2026-03-14 15:01:27,730{GMT}	INFO	[jepsen worker 9] jepsen.util: 345	:invoke	:cas	[17 [0 2]]
2026-03-14 15:01:27,768{GMT}	INFO	[jepsen worker 1] jepsen.util: 1	:invoke	:read	[15 nil]
2026-03-14 15:01:27,798{GMT}	INFO	[jepsen worker 10] jepsen.util: 334	:info	:cas	[16 [4 1]]	:net-timeout
2026-03-14 15:01:27,799{GMT}	INFO	[jepsen worker 10] jepsen.util: 346	:invoke	:write	[17 3]
2026-03-14 15:01:27,829{GMT}	INFO	[jepsen worker 11] jepsen.util: 335	:info	:cas	[16 [0 2]]	:net-timeout
2026-03-14 15:01:27,839{GMT}	INFO	[jepsen worker 11] jepsen.util: 347	:invoke	:cas	[17 [3 1]]
2026-03-14 15:01:27,877{GMT}	INFO	[jepsen worker 3] jepsen.util: 339	:info	:cas	[15 [0 2]]	:net-timeout
2026-03-14 15:01:27,899{GMT}	INFO	[jepsen worker 3] jepsen.util: 351	:invoke	:cas	[15 [4 1]]
2026-03-14 15:01:27,928{GMT}	INFO	[jepsen worker 8] jepsen.util: 332	:info	:write	[16 1]	:net-timeout
2026-03-14 15:01:27,928{GMT}	INFO	[jepsen worker 8] jepsen.util: 344	:invoke	:write	[17 0]
2026-03-14 15:01:27,995{GMT}	INFO	[jepsen worker 4] jepsen.util: 328	:info	:cas	[15 [0 3]]	:net-timeout
2026-03-14 15:01:27,995{GMT}	INFO	[jepsen worker 4] jepsen.util: 340	:invoke	:write	[15 2]
2026-03-14 15:01:28,053{GMT}	INFO	[jepsen worker 2] jepsen.util: 2	:fail	:read	[15 nil]	:net-timeout
2026-03-14 15:01:28,054{GMT}	INFO	[jepsen worker 2] jepsen.util: 2	:invoke	:read	[15 nil]
2026-03-14 15:01:28,505{GMT}	INFO	[jepsen worker 6] jepsen.util: 354	:info	:cas	[16 [4 0]]	:net-timeout
2026-03-14 15:01:28,505{GMT}	INFO	[jepsen worker 6] jepsen.util: 366	:invoke	:cas	[17 [2 2]]
2026-03-14 15:01:28,553{GMT}	INFO	[jepsen worker 0] jepsen.util: 0	:fail	:read	[15 nil]	:net-timeout
2026-03-14 15:01:28,553{GMT}	INFO	[jepsen worker 0] jepsen.util: 0	:invoke	:read	[15 nil]
2026-03-14 15:01:28,625{GMT}	INFO	[jepsen worker 5] jepsen.util: 341	:info	:cas	[15 [0 3]]	:net-timeout
2026-03-14 15:01:28,625{GMT}	INFO	[jepsen worker 5] jepsen.util: 353	:invoke	:cas	[15 [1 1]]
2026-03-14 15:01:28,680{GMT}	INFO	[jepsen worker 7] jepsen.util: 343	:info	:cas	[16 [1 2]]	:net-timeout
2026-03-14 15:01:28,680{GMT}	INFO	[jepsen worker 7] jepsen.util: 355	:invoke	:cas	[17 [2 2]]
2026-03-14 15:01:28,732{GMT}	INFO	[jepsen worker 9] jepsen.util: 345	:info	:cas	[17 [0 2]]	:net-timeout
2026-03-14 15:01:28,732{GMT}	INFO	[jepsen worker 9] jepsen.util: 357	:invoke	:write	[17 0]
2026-03-14 15:01:28,768{GMT}	INFO	[jepsen worker 1] jepsen.util: 1	:fail	:read	[15 nil]	:net-timeout
2026-03-14 15:01:28,781{GMT}	INFO	[jepsen worker 1] jepsen.util: 1	:invoke	:read	[15 nil]
2026-03-14 15:01:28,800{GMT}	INFO	[jepsen worker 10] jepsen.util: 346	:info	:write	[17 3]	:net-timeout
2026-03-14 15:01:28,801{GMT}	INFO	[jepsen worker 10] jepsen.util: 358	:invoke	:cas	[17 [2 0]]
2026-03-14 15:01:28,843{GMT}	INFO	[jepsen worker 11] jepsen.util: 347	:info	:cas	[17 [3 1]]	:net-timeout
2026-03-14 15:01:28,844{GMT}	INFO	[jepsen worker 11] jepsen.util: 359	:invoke	:cas	[17 [0 4]]
2026-03-14 15:01:28,904{GMT}	INFO	[jepsen worker 3] jepsen.util: 351	:info	:cas	[15 [4 1]]	:net-timeout
2026-03-14 15:01:28,904{GMT}	INFO	[jepsen worker 3] jepsen.util: 363	:invoke	:cas	[15 [0 3]]
2026-03-14 15:01:28,933{GMT}	INFO	[jepsen worker 8] jepsen.util: 344	:info	:write	[17 0]	:net-timeout
2026-03-14 15:01:28,953{GMT}	INFO	[jepsen worker 8] jepsen.util: 356	:invoke	:write	[17 3]
2026-03-14 15:01:28,999{GMT}	INFO	[jepsen worker 4] jepsen.util: 340	:info	:write	[15 2]	:net-timeout
2026-03-14 15:01:29,024{GMT}	INFO	[jepsen worker 4] jepsen.util: 352	:invoke	:write	[15 1]
2026-03-14 15:01:29,056{GMT}	INFO	[jepsen worker 2] jepsen.util: 2	:fail	:read	[15 nil]	:net-timeout
2026-03-14 15:01:29,056{GMT}	INFO	[jepsen worker 2] jepsen.util: 2	:invoke	:read	[15 nil]
2026-03-14 15:01:29,505{GMT}	INFO	[jepsen worker 6] jepsen.util: 366	:info	:cas	[17 [2 2]]	:net-timeout
2026-03-14 15:01:29,505{GMT}	INFO	[jepsen worker 6] jepsen.util: 378	:invoke	:cas	[17 [4 2]]
2026-03-14 15:01:29,530{GMT}	INFO	[jepsen worker 0] jepsen.util: 0	:ok	:read	[15 2]
2026-03-14 15:01:29,531{GMT}	INFO	[jepsen worker 9] jepsen.util: 357	:ok	:write	[17 0]
2026-03-14 15:01:29,531{GMT}	INFO	[jepsen worker 5] jepsen.util: 353	:fail	:cas	[15 [1 1]]	[:precondition-failed "expected 1 but had 2"]
2026-03-14 15:01:29,532{GMT}	INFO	[jepsen worker 3] jepsen.util: 363	:fail	:cas	[15 [0 3]]	[:precondition-failed "expected 0 but had 2"]
2026-03-14 15:01:29,532{GMT}	INFO	[jepsen worker 6] jepsen.util: 378	:fail	:cas	[17 [4 2]]	[:precondition-failed "expected 4 but had 0"]
2026-03-14 15:01:29,532{GMT}	INFO	[jepsen worker 11] jepsen.util: 359	:ok	:cas	[17 [0 4]]
2026-03-14 15:01:29,533{GMT}	INFO	[jepsen worker 8] jepsen.util: 356	:ok	:write	[17 3]
2026-03-14 15:01:29,534{GMT}	INFO	[jepsen worker 2] jepsen.util: 2	:ok	:read	[15 2]
2026-03-14 15:01:29,560{GMT}	INFO	[jepsen worker 8] jepsen.util: 356	:invoke	:cas	[17 [2 0]]
2026-03-14 15:01:29,561{GMT}	INFO	[jepsen worker 8] jepsen.util: 356	:fail	:cas	[17 [2 0]]	[:precondition-failed "expected 2 but had 3"]
2026-03-14 15:01:29,580{GMT}	INFO	[jepsen worker 7] jepsen.util: 355	:fail	:cas	[17 [2 2]]	[:precondition-failed "expected 2 but had 3"]
2026-03-14 15:01:29,580{GMT}	INFO	[jepsen worker 1] jepsen.util: 1	:ok	:read	[15 2]
2026-03-14 15:01:29,581{GMT}	INFO	[jepsen worker 10] jepsen.util: 358	:fail	:cas	[17 [2 0]]	[:precondition-failed "expected 2 but had 3"]
2026-03-14 15:01:29,581{GMT}	INFO	[jepsen worker 4] jepsen.util: 352	:ok	:write	[15 1]
2026-03-14 15:01:29,621{GMT}	INFO	[jepsen worker 0] jepsen.util: 0	:invoke	:read	[15 nil]
2026-03-14 15:01:29,622{GMT}	INFO	[jepsen worker 0] jepsen.util: 0	:ok	:read	[15 1]
2026-03-14 15:01:29,666{GMT}	INFO	[jepsen worker 3] jepsen.util: 363	:invoke	:write	[15 1]
2026-03-14 15:01:29,668{GMT}	INFO	[jepsen worker 3] jepsen.util: 363	:ok	:write	[15 1]
2026-03-14 15:01:29,672{GMT}	INFO	[jepsen worker 11] jepsen.util: 359	:invoke	:cas	[17 [3 4]]
2026-03-14 15:01:29,675{GMT}	INFO	[jepsen worker 11] jepsen.util: 359	:ok	:cas	[17 [3 4]]
2026-03-14 15:01:29,699{GMT}	INFO	[jepsen worker 3] jepsen.util: 363	:invoke	:cas	[15 [3 1]]
2026-03-14 15:01:29,701{GMT}	INFO	[jepsen worker 3] jepsen.util: 363	:fail	:cas	[15 [3 1]]	[:precondition-failed "expected 3 but had 1"]
2026-03-14 15:01:29,766{GMT}	INFO	[jepsen worker 6] jepsen.util: 378	:invoke	:write	[17 0]
2026-03-14 15:01:29,768{GMT}	INFO	[jepsen worker 6] jepsen.util: 378	:ok	:write	[17 0]
2026-03-14 15:01:29,833{GMT}	INFO	[jepsen worker 1] jepsen.util: 1	:invoke	:read	[15 nil]
2026-03-14 15:01:29,837{GMT}	INFO	[jepsen worker 1] jepsen.util: 1	:ok	:read	[15 1]
2026-03-14 15:01:29,857{GMT}	INFO	[jepsen worker 3] jepsen.util: 363	:invoke	:cas	[15 [0 1]]
2026-03-14 15:01:29,863{GMT}	INFO	[jepsen worker 3] jepsen.util: 363	:fail	:cas	[15 [0 1]]	[:precondition-failed "expected 0 but had 1"]
2026-03-14 15:01:29,912{GMT}	INFO	[jepsen worker 0] jepsen.util: 0	:invoke	:read	[15 nil]
2026-03-14 15:01:29,917{GMT}	INFO	[jepsen worker 0] jepsen.util: 0	:ok	:read	[15 1]
2026-03-14 15:01:29,933{GMT}	INFO	[jepsen worker 4] jepsen.util: 352	:invoke	:cas	[15 [3 1]]
2026-03-14 15:01:29,938{GMT}	INFO	[jepsen worker 4] jepsen.util: 352	:fail	:cas	[15 [3 1]]	[:precondition-failed "expected 3 but had 1"]
2026-03-14 15:01:29,954{GMT}	INFO	[jepsen worker 0] jepsen.util: 0	:invoke	:read	[15 nil]
2026-03-14 15:01:29,957{GMT}	INFO	[jepsen worker 0] jepsen.util: 0	:ok	:read	[15 1]
2026-03-14 15:01:29,972{GMT}	INFO	[jepsen worker 6] jepsen.util: 378	:invoke	:cas	[17 [3 3]]
2026-03-14 15:01:29,972{GMT}	INFO	[jepsen worker 0] jepsen.util: 0	:invoke	:read	[15 nil]
2026-03-14 15:01:29,974{GMT}	INFO	[jepsen worker 6] jepsen.util: 378	:fail	:cas	[17 [3 3]]	[:precondition-failed "expected 3 but had 0"]
2026-03-14 15:01:29,975{GMT}	INFO	[jepsen worker 0] jepsen.util: 0	:ok	:read	[15 1]
2026-03-14 15:01:30,040{GMT}	INFO	[jepsen worker 8] jepsen.util: 356	:invoke	:cas	[17 [2 3]]
2026-03-14 15:01:30,043{GMT}	INFO	[jepsen worker 8] jepsen.util: 356	:fail	:cas	[17 [2 3]]	[:precondition-failed "expected 2 but had 0"]
2026-03-14 15:01:30,046{GMT}	INFO	[jepsen worker 9] jepsen.util: 357	:invoke	:cas	[17 [4 3]]
2026-03-14 15:01:30,047{GMT}	INFO	[jepsen worker 9] jepsen.util: 357	:fail	:cas	[17 [4 3]]	[:precondition-failed "expected 4 but had 0"]
2026-03-14 15:01:30,050{GMT}	INFO	[jepsen worker 0] jepsen.util: 0	:invoke	:read	[15 nil]
2026-03-14 15:01:30,052{GMT}	INFO	[jepsen worker 0] jepsen.util: 0	:ok	:read	[15 1]
2026-03-14 15:01:30,058{GMT}	INFO	[jepsen worker 3] jepsen.util: 363	:invoke	:cas	[15 [4 3]]
2026-03-14 15:01:30,059{GMT}	INFO	[jepsen worker 3] jepsen.util: 363	:fail	:cas	[15 [4 3]]	[:precondition-failed "expected 4 but had 1"]
2026-03-14 15:01:30,100{GMT}	INFO	[jepsen worker 6] jepsen.util: 378	:invoke	:cas	[17 [4 1]]
2026-03-14 15:01:30,103{GMT}	INFO	[jepsen worker 6] jepsen.util: 378	:fail	:cas	[17 [4 1]]	[:precondition-failed "expected 4 but had 0"]
2026-03-14 15:01:30,156{GMT}	INFO	[jepsen worker 6] jepsen.util: 378	:invoke	:cas	[17 [4 1]]
2026-03-14 15:01:30,161{GMT}	INFO	[jepsen worker 6] jepsen.util: 378	:fail	:cas	[17 [4 1]]	[:precondition-failed "expected 4 but had 0"]
2026-03-14 15:01:30,203{GMT}	INFO	[jepsen worker 3] jepsen.util: 363	:invoke	:cas	[15 [4 2]]
2026-03-14 15:01:30,209{GMT}	INFO	[jepsen worker 3] jepsen.util: 363	:fail	:cas	[15 [4 2]]	[:precondition-failed "expected 4 but had 1"]
2026-03-14 15:01:30,228{GMT}	INFO	[jepsen worker 6] jepsen.util: 378	:invoke	:cas	[17 [4 2]]
2026-03-14 15:01:30,231{GMT}	INFO	[jepsen worker 6] jepsen.util: 378	:fail	:cas	[17 [4 2]]	[:precondition-failed "expected 4 but had 0"]
2026-03-14 15:01:30,276{GMT}	INFO	[jepsen worker 6] jepsen.util: 378	:invoke	:write	[17 4]
2026-03-14 15:01:30,279{GMT}	INFO	[jepsen worker 6] jepsen.util: 378	:ok	:write	[17 4]
2026-03-14 15:01:30,309{GMT}	INFO	[jepsen worker 6] jepsen.util: 378	:invoke	:cas	[17 [3 4]]
2026-03-14 15:01:30,310{GMT}	INFO	[jepsen worker 7] jepsen.util: 355	:invoke	:cas	[17 [3 1]]
2026-03-14 15:01:30,312{GMT}	INFO	[jepsen worker 6] jepsen.util: 378	:fail	:cas	[17 [3 4]]	[:precondition-failed "expected 3 but had 4"]
2026-03-14 15:01:30,312{GMT}	INFO	[jepsen worker 7] jepsen.util: 355	:fail	:cas	[17 [3 1]]	[:precondition-failed "expected 3 but had 4"]
2026-03-14 15:01:30,374{GMT}	INFO	[jepsen worker 3] jepsen.util: 363	:invoke	:write	[15 1]
2026-03-14 15:01:30,378{GMT}	INFO	[jepsen worker 3] jepsen.util: 363	:ok	:write	[15 1]
2026-03-14 15:01:30,417{GMT}	INFO	[jepsen worker 0] jepsen.util: 0	:invoke	:read	[15 nil]
2026-03-14 15:01:30,422{GMT}	INFO	[jepsen worker 0] jepsen.util: 0	:ok	:read	[15 1]
2026-03-14 15:01:30,453{GMT}	INFO	[jepsen worker 3] jepsen.util: 363	:invoke	:cas	[15 [4 2]]
2026-03-14 15:01:30,458{GMT}	INFO	[jepsen worker 3] jepsen.util: 363	:fail	:cas	[15 [4 2]]	[:precondition-failed "expected 4 but had 1"]
2026-03-14 15:01:30,465{GMT}	INFO	[jepsen worker 0] jepsen.util: 0	:invoke	:read	[15 nil]
2026-03-14 15:01:30,470{GMT}	INFO	[jepsen worker 0] jepsen.util: 0	:ok	:read	[15 1]
2026-03-14 15:01:30,533{GMT}	INFO	[jepsen worker 10] jepsen.util: 358	:invoke	:cas	[17 [3 3]]
2026-03-14 15:01:30,535{GMT}	INFO	[jepsen worker 10] jepsen.util: 358	:fail	:cas	[17 [3 3]]	[:precondition-failed "expected 3 but had 4"]
2026-03-14 15:01:30,559{GMT}	INFO	[jepsen worker 11] jepsen.util: 359	:invoke	:cas	[17 [1 3]]
2026-03-14 15:01:30,560{GMT}	INFO	[jepsen worker 11] jepsen.util: 359	:fail	:cas	[17 [1 3]]	[:precondition-failed "expected 1 but had 4"]
2026-03-14 15:01:30,578{GMT}	INFO	[jepsen worker 3] jepsen.util: 363	:invoke	:write	[15 0]
2026-03-14 15:01:30,579{GMT}	INFO	[jepsen worker 3] jepsen.util: 363	:ok	:write	[15 0]
2026-03-14 15:01:30,598{GMT}	INFO	[jepsen worker 6] jepsen.util: 378	:invoke	:write	[17 4]
2026-03-14 15:01:30,600{GMT}	INFO	[jepsen worker 6] jepsen.util: 378	:ok	:write	[17 4]
2026-03-14 15:01:30,665{GMT}	INFO	[jepsen worker 1] jepsen.util: 1	:invoke	:read	[15 nil]
2026-03-14 15:01:30,667{GMT}	INFO	[jepsen worker 1] jepsen.util: 1	:ok	:read	[15 0]
2026-03-14 15:01:30,684{GMT}	INFO	[jepsen worker 6] jepsen.util: 378	:invoke	:cas	[17 [1 2]]
2026-03-14 15:01:30,686{GMT}	INFO	[jepsen worker 6] jepsen.util: 378	:fail	:cas	[17 [1 2]]	[:precondition-failed "expected 1 but had 4"]
2026-03-14 15:01:30,722{GMT}	INFO	[jepsen worker 3] jepsen.util: 363	:invoke	:cas	[15 [1 1]]
2026-03-14 15:01:30,724{GMT}	INFO	[jepsen worker 3] jepsen.util: 363	:fail	:cas	[15 [1 1]]	[:precondition-failed "expected 1 but had 0"]
2026-03-14 15:01:30,747{GMT}	INFO	[jepsen worker 0] jepsen.util: 0	:invoke	:read	[15 nil]
2026-03-14 15:01:30,749{GMT}	INFO	[jepsen worker 0] jepsen.util: 0	:ok	:read	[15 0]
2026-03-14 15:01:30,791{GMT}	INFO	[jepsen worker 5] jepsen.util: 353	:invoke	:write	[15 0]
2026-03-14 15:01:30,793{GMT}	INFO	[jepsen worker 5] jepsen.util: 353	:ok	:write	[15 0]
2026-03-14 15:01:30,840{GMT}	INFO	[jepsen worker 0] jepsen.util: 0	:invoke	:read	[15 nil]
2026-03-14 15:01:30,842{GMT}	INFO	[jepsen worker 0] jepsen.util: 0	:ok	:read	[15 0]
2026-03-14 15:01:30,876{GMT}	INFO	[jepsen worker 3] jepsen.util: 363	:invoke	:write	[15 4]
2026-03-14 15:01:30,879{GMT}	INFO	[jepsen worker 3] jepsen.util: 363	:ok	:write	[15 4]
2026-03-14 15:01:30,936{GMT}	INFO	[jepsen worker 3] jepsen.util: 363	:invoke	:cas	[15 [2 3]]
2026-03-14 15:01:30,941{GMT}	INFO	[jepsen worker 3] jepsen.util: 363	:fail	:cas	[15 [2 3]]	[:precondition-failed "expected 2 but had 4"]
2026-03-14 15:01:30,962{GMT}	INFO	[jepsen worker 3] jepsen.util: 363	:invoke	:cas	[15 [3 2]]
2026-03-14 15:01:30,967{GMT}	INFO	[jepsen worker 3] jepsen.util: 363	:fail	:cas	[15 [3 2]]	[:precondition-failed "expected 3 but had 4"]
2026-03-14 15:01:31,013{GMT}	INFO	[jepsen worker 10] jepsen.util: 358	:invoke	:cas	[17 [4 3]]
2026-03-14 15:01:31,020{GMT}	INFO	[jepsen worker 10] jepsen.util: 358	:ok	:cas	[17 [4 3]]
2026-03-14 15:01:31,073{GMT}	INFO	[jepsen worker 0] jepsen.util: 0	:invoke	:read	[15 nil]
2026-03-14 15:01:31,076{GMT}	INFO	[jepsen worker 0] jepsen.util: 0	:ok	:read	[15 4]
2026-03-14 15:01:31,144{GMT}	INFO	[jepsen worker 3] jepsen.util: 363	:invoke	:cas	[15 [2 0]]
2026-03-14 15:01:31,149{GMT}	INFO	[jepsen worker 3] jepsen.util: 363	:fail	:cas	[15 [2 0]]	[:precondition-failed "expected 2 but had 4"]
2026-03-14 15:01:31,202{GMT}	INFO	[jepsen worker 6] jepsen.util: 378	:invoke	:write	[17 3]
2026-03-14 15:01:31,208{GMT}	INFO	[jepsen worker 6] jepsen.util: 378	:ok	:write	[17 3]
2026-03-14 15:01:31,223{GMT}	INFO	[jepsen worker 3] jepsen.util: 363	:invoke	:cas	[15 [0 1]]
2026-03-14 15:01:31,227{GMT}	INFO	[jepsen worker 3] jepsen.util: 363	:fail	:cas	[15 [0 1]]	[:precondition-failed "expected 0 but had 4"]
2026-03-14 15:01:31,258{GMT}	INFO	[jepsen worker 6] jepsen.util: 378	:invoke	:cas	[17 [1 1]]
2026-03-14 15:01:31,263{GMT}	INFO	[jepsen worker 6] jepsen.util: 378	:fail	:cas	[17 [1 1]]	[:precondition-failed "expected 1 but had 3"]
2026-03-14 15:01:31,266{GMT}	INFO	[jepsen worker 6] jepsen.util: 378	:invoke	:write	[17 3]
2026-03-14 15:01:31,270{GMT}	INFO	[jepsen worker 6] jepsen.util: 378	:ok	:write	[17 3]
2026-03-14 15:01:31,296{GMT}	INFO	[jepsen worker 6] jepsen.util: 378	:invoke	:cas	[17 [1 4]]
2026-03-14 15:01:31,298{GMT}	INFO	[jepsen worker 6] jepsen.util: 378	:fail	:cas	[17 [1 4]]	[:precondition-failed "expected 1 but had 3"]
2026-03-14 15:01:31,334{GMT}	INFO	[jepsen worker 5] jepsen.util: 353	:invoke	:cas	[15 [0 0]]
2026-03-14 15:01:31,336{GMT}	INFO	[jepsen worker 5] jepsen.util: 353	:fail	:cas	[15 [0 0]]	[:precondition-failed "expected 0 but had 4"]
2026-03-14 15:01:31,364{GMT}	INFO	[jepsen worker 6] jepsen.util: 378	:invoke	:cas	[17 [4 4]]
2026-03-14 15:01:31,366{GMT}	INFO	[jepsen worker 6] jepsen.util: 378	:fail	:cas	[17 [4 4]]	[:precondition-failed "expected 4 but had 3"]
2026-03-14 15:01:31,417{GMT}	INFO	[jepsen worker 7] jepsen.util: 355	:invoke	:cas	[17 [3 1]]
2026-03-14 15:01:31,421{GMT}	INFO	[jepsen worker 7] jepsen.util: 355	:ok	:cas	[17 [3 1]]
2026-03-14 15:01:31,440{GMT}	INFO	[jepsen worker 8] jepsen.util: 356	:invoke	:cas	[17 [2 1]]
2026-03-14 15:01:31,442{GMT}	INFO	[jepsen worker 8] jepsen.util: 356	:fail	:cas	[17 [2 1]]	[:precondition-failed "expected 2 but had 1"]
2026-03-14 15:01:31,455{GMT}	INFO	[jepsen worker 9] jepsen.util: 357	:invoke	:cas	[17 [3 3]]
2026-03-14 15:01:31,458{GMT}	INFO	[jepsen worker 9] jepsen.util: 357	:fail	:cas	[17 [3 3]]	[:precondition-failed "expected 3 but had 1"]
2026-03-14 15:01:31,520{GMT}	INFO	[jepsen worker 0] jepsen.util: 0	:invoke	:read	[15 nil]
2026-03-14 15:01:31,583{GMT}	INFO	[jepsen worker 1] jepsen.util: 1	:invoke	:read	[15 nil]
2026-03-14 15:01:31,593{GMT}	INFO	[jepsen worker 6] jepsen.util: 378	:invoke	:cas	[17 [3 0]]
2026-03-14 15:01:31,658{GMT}	INFO	[jepsen worker 3] jepsen.util: 363	:invoke	:cas	[15 [3 1]]
2026-03-14 15:01:31,672{GMT}	INFO	[jepsen worker 4] jepsen.util: 352	:invoke	:write	[15 4]
2026-03-14 15:01:31,719{GMT}	INFO	[jepsen worker 7] jepsen.util: 355	:invoke	:cas	[17 [4 2]]
2026-03-14 15:01:31,776{GMT}	INFO	[jepsen worker 8] jepsen.util: 356	:invoke	:write	[17 1]
2026-03-14 15:01:31,786{GMT}	INFO	[jepsen worker 9] jepsen.util: 357	:invoke	:write	[17 1]
2026-03-14 15:01:31,828{GMT}	INFO	[jepsen worker 2] jepsen.util: 2	:invoke	:read	[15 nil]
2026-03-14 15:01:31,892{GMT}	INFO	[jepsen worker 5] jepsen.util: 353	:invoke	:cas	[15 [0 1]]
2026-03-14 15:01:31,933{GMT}	INFO	[jepsen worker 10] jepsen.util: 358	:invoke	:cas	[17 [3 0]]
2026-03-14 15:01:31,985{GMT}	INFO	[jepsen worker 11] jepsen.util: 359	:invoke	:cas	[17 [1 0]]
2026-03-14 15:01:32,521{GMT}	INFO	[jepsen worker 0] jepsen.util: 0	:fail	:read	[15 nil]	:net-timeout
2026-03-14 15:01:32,521{GMT}	INFO	[jepsen worker 0] jepsen.util: 0	:invoke	:read	[15 nil]
2026-03-14 15:01:32,587{GMT}	INFO	[jepsen worker 1] jepsen.util: 1	:fail	:read	[15 nil]	:net-timeout
2026-03-14 15:01:32,587{GMT}	INFO	[jepsen worker 1] jepsen.util: 1	:invoke	:read	[15 nil]
2026-03-14 15:01:32,597{GMT}	INFO	[jepsen worker 6] jepsen.util: 378	:info	:cas	[17 [3 0]]	:net-timeout
2026-03-14 15:01:32,631{GMT}	INFO	[jepsen worker 6] jepsen.util: 390	:invoke	:cas	[17 [1 1]]
2026-03-14 15:01:32,663{GMT}	INFO	[jepsen worker 3] jepsen.util: 363	:info	:cas	[15 [3 1]]	:net-timeout
2026-03-14 15:01:32,664{GMT}	INFO	[jepsen worker 3] jepsen.util: 375	:invoke	:cas	[15 [3 3]]
2026-03-14 15:01:32,673{GMT}	INFO	[jepsen worker 4] jepsen.util: 352	:info	:write	[15 4]	:net-timeout
2026-03-14 15:01:32,723{GMT}	INFO	[jepsen worker 7] jepsen.util: 355	:info	:cas	[17 [4 2]]	:net-timeout
2026-03-14 15:01:32,723{GMT}	INFO	[jepsen worker 7] jepsen.util: 367	:invoke	:write	[17 2]
2026-03-14 15:01:32,728{GMT}	INFO	[jepsen worker 4] jepsen.util: 364	:invoke	:cas	[18 [3 4]]
2026-03-14 15:01:32,777{GMT}	INFO	[jepsen worker 8] jepsen.util: 356	:info	:write	[17 1]	:net-timeout
2026-03-14 15:01:32,790{GMT}	INFO	[jepsen worker 8] jepsen.util: 368	:invoke	:write	[17 3]
2026-03-14 15:01:32,791{GMT}	INFO	[jepsen worker 9] jepsen.util: 357	:info	:write	[17 1]	:net-timeout
2026-03-14 15:01:32,833{GMT}	INFO	[jepsen worker 2] jepsen.util: 2	:fail	:read	[15 nil]	:net-timeout
2026-03-14 15:01:32,845{GMT}	INFO	[jepsen worker 9] jepsen.util: 369	:invoke	:cas	[17 [3 0]]
2026-03-14 15:01:32,862{GMT}	INFO	[jepsen worker 2] jepsen.util: 2	:invoke	:read	[18 nil]
2026-03-14 15:01:32,893{GMT}	INFO	[jepsen worker 5] jepsen.util: 353	:info	:cas	[15 [0 1]]	:net-timeout
2026-03-14 15:01:32,920{GMT}	INFO	[jepsen worker 5] jepsen.util: 365	:invoke	:write	[18 2]
2026-03-14 15:01:32,938{GMT}	INFO	[jepsen worker 10] jepsen.util: 358	:info	:cas	[17 [3 0]]	:net-timeout
2026-03-14 15:01:32,939{GMT}	INFO	[jepsen worker 10] jepsen.util: 370	:invoke	:write	[19 1]
2026-03-14 15:01:32,989{GMT}	INFO	[jepsen worker 11] jepsen.util: 359	:info	:cas	[17 [1 0]]	:net-timeout
2026-03-14 15:01:32,990{GMT}	INFO	[jepsen worker 11] jepsen.util: 371	:invoke	:write	[19 3]
2026-03-14 15:01:33,526{GMT}	INFO	[jepsen worker 0] jepsen.util: 0	:fail	:read	[15 nil]	:net-timeout
2026-03-14 15:01:33,526{GMT}	INFO	[jepsen worker 0] jepsen.util: 0	:invoke	:read	[18 nil]
2026-03-14 15:01:33,592{GMT}	INFO	[jepsen worker 1] jepsen.util: 1	:fail	:read	[15 nil]	:net-timeout
2026-03-14 15:01:33,592{GMT}	INFO	[jepsen worker 1] jepsen.util: 1	:invoke	:read	[18 nil]
2026-03-14 15:01:33,636{GMT}	INFO	[jepsen worker 6] jepsen.util: 390	:info	:cas	[17 [1 1]]	:net-timeout
2026-03-14 15:01:33,653{GMT}	INFO	[jepsen worker 6] jepsen.util: 402	:invoke	:write	[19 1]
2026-03-14 15:01:33,666{GMT}	INFO	[jepsen worker 3] jepsen.util: 375	:info	:cas	[15 [3 3]]	:net-timeout
2026-03-14 15:01:33,716{GMT}	INFO	[jepsen worker 3] jepsen.util: 387	:invoke	:write	[18 2]
2026-03-14 15:01:33,724{GMT}	INFO	[jepsen worker 7] jepsen.util: 367	:info	:write	[17 2]	:net-timeout
2026-03-14 15:01:33,733{GMT}	INFO	[jepsen worker 4] jepsen.util: 364	:info	:cas	[18 [3 4]]	:net-timeout
2026-03-14 15:01:33,762{GMT}	INFO	[jepsen worker 4] jepsen.util: 376	:invoke	:cas	[18 [4 0]]
2026-03-14 15:01:33,793{GMT}	INFO	[jepsen worker 8] jepsen.util: 368	:info	:write	[17 3]	:net-timeout
2026-03-14 15:01:33,794{GMT}	INFO	[jepsen worker 7] jepsen.util: 379	:invoke	:cas	[19 [2 4]]
2026-03-14 15:01:33,836{GMT}	INFO	[jepsen worker 8] jepsen.util: 380	:invoke	:write	[19 4]
2026-03-14 15:01:33,850{GMT}	INFO	[jepsen worker 9] jepsen.util: 369	:info	:cas	[17 [3 0]]	:net-timeout
2026-03-14 15:01:33,867{GMT}	INFO	[jepsen worker 2] jepsen.util: 2	:fail	:read	[18 nil]	:net-timeout
2026-03-14 15:01:33,868{GMT}	INFO	[jepsen worker 9] jepsen.util: 381	:invoke	:cas	[19 [1 0]]
2026-03-14 15:01:33,922{GMT}	INFO	[jepsen worker 5] jepsen.util: 365	:info	:write	[18 2]	:net-timeout
2026-03-14 15:01:33,927{GMT}	INFO	[jepsen worker 2] jepsen.util: 2	:invoke	:read	[18 nil]
2026-03-14 15:01:33,941{GMT}	INFO	[jepsen worker 10] jepsen.util: 370	:info	:write	[19 1]	:net-timeout
2026-03-14 15:01:33,970{GMT}	INFO	[jepsen worker 5] jepsen.util: 377	:invoke	:cas	[18 [4 1]]
2026-03-14 15:01:33,993{GMT}	INFO	[jepsen worker 11] jepsen.util: 371	:info	:write	[19 3]	:net-timeout
2026-03-14 15:01:33,993{GMT}	INFO	[jepsen worker 10] jepsen.util: 382	:invoke	:write	[19 4]
2026-03-14 15:01:34,030{GMT}	INFO	[jepsen worker 11] jepsen.util: 383	:invoke	:write	[19 0]
2026-03-14 15:01:34,528{GMT}	INFO	[jepsen worker 0] jepsen.util: 0	:fail	:read	[18 nil]	:net-timeout
2026-03-14 15:01:34,529{GMT}	INFO	[jepsen worker 0] jepsen.util: 0	:invoke	:read	[18 nil]
2026-03-14 15:01:34,593{GMT}	INFO	[jepsen worker 1] jepsen.util: 1	:fail	:read	[18 nil]	:net-timeout
2026-03-14 15:01:34,593{GMT}	INFO	[jepsen worker 1] jepsen.util: 1	:invoke	:read	[18 nil]
2026-03-14 15:01:34,654{GMT}	INFO	[jepsen worker 6] jepsen.util: 402	:info	:write	[19 1]	:net-timeout
2026-03-14 15:01:34,654{GMT}	INFO	[jepsen worker 6] jepsen.util: 414	:invoke	:write	[19 0]
2026-03-14 15:01:34,721{GMT}	INFO	[jepsen worker 3] jepsen.util: 387	:info	:write	[18 2]	:net-timeout
2026-03-14 15:01:34,721{GMT}	INFO	[jepsen worker 3] jepsen.util: 399	:invoke	:write	[18 3]
2026-03-14 15:01:34,767{GMT}	INFO	[jepsen worker 4] jepsen.util: 376	:info	:cas	[18 [4 0]]	:net-timeout
2026-03-14 15:01:34,776{GMT}	INFO	[jepsen worker 4] jepsen.util: 388	:invoke	:write	[18 0]
2026-03-14 15:01:34,801{GMT}	INFO	[jepsen worker 7] jepsen.util: 379	:info	:cas	[19 [2 4]]	:net-timeout
2026-03-14 15:01:34,801{GMT}	INFO	[jepsen worker 7] jepsen.util: 391	:invoke	:write	[19 3]
2026-03-14 15:01:34,841{GMT}	INFO	[jepsen worker 8] jepsen.util: 380	:info	:write	[19 4]	:net-timeout
2026-03-14 15:01:34,850{GMT}	INFO	[jepsen worker 8] jepsen.util: 392	:invoke	:cas	[19 [3 3]]
2026-03-14 15:01:34,873{GMT}	INFO	[jepsen worker 9] jepsen.util: 381	:info	:cas	[19 [1 0]]	:net-timeout
2026-03-14 15:01:34,873{GMT}	INFO	[jepsen worker 9] jepsen.util: 393	:invoke	:cas	[19 [0 2]]
2026-03-14 15:01:34,929{GMT}	INFO	[jepsen worker 2] jepsen.util: 2	:fail	:read	[18 nil]	:net-timeout
2026-03-14 15:01:34,930{GMT}	INFO	[jepsen worker 2] jepsen.util: 2	:invoke	:read	[18 nil]
2026-03-14 15:01:34,974{GMT}	INFO	[jepsen worker 5] jepsen.util: 377	:info	:cas	[18 [4 1]]	:net-timeout
2026-03-14 15:01:34,988{GMT}	INFO	[jepsen worker 5] jepsen.util: 389	:invoke	:write	[18 1]
2026-03-14 15:01:34,994{GMT}	INFO	[jepsen worker 10] jepsen.util: 382	:info	:write	[19 4]	:net-timeout
2026-03-14 15:01:35,031{GMT}	INFO	[jepsen worker 11] jepsen.util: 383	:info	:write	[19 0]	:net-timeout
2026-03-14 15:01:35,046{GMT}	INFO	[jepsen worker 10] jepsen.util: 394	:invoke	:cas	[19 [1 0]]
2026-03-14 15:01:35,074{GMT}	INFO	[jepsen worker 11] jepsen.util: 395	:invoke	:cas	[19 [2 3]]
2026-03-14 15:01:35,533{GMT}	INFO	[jepsen worker 0] jepsen.util: 0	:fail	:read	[18 nil]	:net-timeout
2026-03-14 15:01:35,533{GMT}	INFO	[jepsen worker 0] jepsen.util: 0	:invoke	:read	[18 nil]
2026-03-14 15:01:35,597{GMT}	INFO	[jepsen worker 1] jepsen.util: 1	:fail	:read	[18 nil]	:net-timeout
2026-03-14 15:01:35,598{GMT}	INFO	[jepsen worker 1] jepsen.util: 1	:invoke	:read	[18 nil]
2026-03-14 15:01:35,658{GMT}	INFO	[jepsen worker 6] jepsen.util: 414	:info	:write	[19 0]	:net-timeout
2026-03-14 15:01:35,658{GMT}	INFO	[jepsen worker 6] jepsen.util: 426	:invoke	:cas	[19 [0 3]]
2026-03-14 15:01:35,726{GMT}	INFO	[jepsen worker 3] jepsen.util: 399	:info	:write	[18 3]	:net-timeout
2026-03-14 15:01:35,726{GMT}	INFO	[jepsen worker 3] jepsen.util: 411	:invoke	:cas	[18 [2 3]]
2026-03-14 15:01:35,780{GMT}	INFO	[jepsen worker 4] jepsen.util: 388	:info	:write	[18 0]	:net-timeout
2026-03-14 15:01:35,781{GMT}	INFO	[jepsen worker 4] jepsen.util: 400	:invoke	:cas	[18 [2 3]]
2026-03-14 15:01:35,806{GMT}	INFO	[jepsen worker 7] jepsen.util: 391	:info	:write	[19 3]	:net-timeout
2026-03-14 15:01:35,818{GMT}	INFO	[jepsen worker 7] jepsen.util: 403	:invoke	:write	[20 1]
2026-03-14 15:01:35,855{GMT}	INFO	[jepsen worker 8] jepsen.util: 392	:info	:cas	[19 [3 3]]	:net-timeout
2026-03-14 15:01:35,855{GMT}	INFO	[jepsen worker 8] jepsen.util: 404	:invoke	:cas	[20 [1 3]]
2026-03-14 15:01:35,878{GMT}	INFO	[jepsen worker 9] jepsen.util: 393	:info	:cas	[19 [0 2]]	:net-timeout
2026-03-14 15:01:35,878{GMT}	INFO	[jepsen worker 9] jepsen.util: 405	:invoke	:cas	[20 [0 0]]
2026-03-14 15:01:35,932{GMT}	INFO	[jepsen worker 2] jepsen.util: 2	:fail	:read	[18 nil]	:net-timeout
2026-03-14 15:01:35,933{GMT}	INFO	[jepsen worker 2] jepsen.util: 2	:invoke	:read	[18 nil]
2026-03-14 15:01:35,993{GMT}	INFO	[jepsen worker 5] jepsen.util: 389	:info	:write	[18 1]	:net-timeout
2026-03-14 15:01:35,996{GMT}	INFO	[jepsen worker 5] jepsen.util: 401	:invoke	:write	[18 3]
2026-03-14 15:01:36,048{GMT}	INFO	[jepsen worker 10] jepsen.util: 394	:info	:cas	[19 [1 0]]	:net-timeout
2026-03-14 15:01:36,048{GMT}	INFO	[jepsen worker 10] jepsen.util: 406	:invoke	:write	[20 4]
2026-03-14 15:01:36,076{GMT}	INFO	[jepsen worker 11] jepsen.util: 395	:info	:cas	[19 [2 3]]	:net-timeout
2026-03-14 15:01:36,076{GMT}	INFO	[jepsen worker 11] jepsen.util: 407	:invoke	:cas	[20 [0 3]]
2026-03-14 15:01:36,535{GMT}	INFO	[jepsen worker 0] jepsen.util: 0	:fail	:read	[18 nil]	:net-timeout
2026-03-14 15:01:36,535{GMT}	INFO	[jepsen worker 0] jepsen.util: 0	:invoke	:read	[18 nil]
2026-03-14 15:01:36,601{GMT}	INFO	[jepsen worker 1] jepsen.util: 1	:fail	:read	[18 nil]	:net-timeout
2026-03-14 15:01:36,601{GMT}	INFO	[jepsen worker 1] jepsen.util: 1	:invoke	:read	[18 nil]
2026-03-14 15:01:36,663{GMT}	INFO	[jepsen worker 6] jepsen.util: 426	:info	:cas	[19 [0 3]]	:net-timeout
2026-03-14 15:01:36,664{GMT}	INFO	[jepsen worker 6] jepsen.util: 438	:invoke	:cas	[20 [2 1]]
2026-03-14 15:01:36,726{GMT}	INFO	[jepsen worker 3] jepsen.util: 411	:info	:cas	[18 [2 3]]	:net-timeout
2026-03-14 15:01:36,727{GMT}	INFO	[jepsen worker 3] jepsen.util: 423	:invoke	:write	[18 0]
2026-03-14 15:01:36,783{GMT}	INFO	[jepsen worker 4] jepsen.util: 400	:info	:cas	[18 [2 3]]	:net-timeout
2026-03-14 15:01:36,784{GMT}	INFO	[jepsen worker 4] jepsen.util: 412	:invoke	:cas	[18 [4 3]]
2026-03-14 15:01:36,823{GMT}	INFO	[jepsen worker 7] jepsen.util: 403	:info	:write	[20 1]	:net-timeout
2026-03-14 15:01:36,823{GMT}	INFO	[jepsen worker 7] jepsen.util: 415	:invoke	:cas	[20 [3 0]]
2026-03-14 15:01:36,859{GMT}	INFO	[jepsen worker 8] jepsen.util: 404	:info	:cas	[20 [1 3]]	:net-timeout
2026-03-14 15:01:36,868{GMT}	INFO	[jepsen worker 8] jepsen.util: 416	:invoke	:cas	[20 [2 0]]
2026-03-14 15:01:36,882{GMT}	INFO	[jepsen worker 9] jepsen.util: 405	:info	:cas	[20 [0 0]]	:net-timeout
2026-03-14 15:01:36,905{GMT}	INFO	[jepsen worker 9] jepsen.util: 417	:invoke	:cas	[20 [3 4]]
2026-03-14 15:01:36,937{GMT}	INFO	[jepsen worker 2] jepsen.util: 2	:fail	:read	[18 nil]	:net-timeout
2026-03-14 15:01:36,937{GMT}	INFO	[jepsen worker 2] jepsen.util: 2	:invoke	:read	[18 nil]
2026-03-14 15:01:37,001{GMT}	INFO	[jepsen worker 5] jepsen.util: 401	:info	:write	[18 3]	:net-timeout
2026-03-14 15:01:37,001{GMT}	INFO	[jepsen worker 5] jepsen.util: 413	:invoke	:cas	[18 [4 0]]
2026-03-14 15:01:37,047{GMT}	INFO	[jepsen worker 10] jepsen.util: 406	:info	:write	[20 4]	:net-timeout
2026-03-14 15:01:37,048{GMT}	INFO	[jepsen worker 10] jepsen.util: 418	:invoke	:cas	[20 [1 1]]
2026-03-14 15:01:37,080{GMT}	INFO	[jepsen worker 11] jepsen.util: 407	:info	:cas	[20 [0 3]]	:net-timeout
2026-03-14 15:01:37,080{GMT}	INFO	[jepsen worker 11] jepsen.util: 419	:invoke	:cas	[20 [4 3]]
2026-03-14 15:01:37,539{GMT}	INFO	[jepsen worker 0] jepsen.util: 0	:fail	:read	[18 nil]	:net-timeout
2026-03-14 15:01:37,540{GMT}	INFO	[jepsen worker 0] jepsen.util: 0	:invoke	:read	[18 nil]
2026-03-14 15:01:37,606{GMT}	INFO	[jepsen worker 1] jepsen.util: 1	:fail	:read	[18 nil]	:net-timeout
2026-03-14 15:01:37,606{GMT}	INFO	[jepsen worker 1] jepsen.util: 1	:invoke	:read	[18 nil]
2026-03-14 15:01:37,668{GMT}	INFO	[jepsen worker 6] jepsen.util: 438	:info	:cas	[20 [2 1]]	:net-timeout
2026-03-14 15:01:37,668{GMT}	INFO	[jepsen worker 6] jepsen.util: 450	:invoke	:cas	[20 [2 1]]
2026-03-14 15:01:37,730{GMT}	INFO	[jepsen worker 3] jepsen.util: 423	:info	:write	[18 0]	:net-timeout
2026-03-14 15:01:37,731{GMT}	INFO	[jepsen worker 3] jepsen.util: 435	:invoke	:write	[18 4]
2026-03-14 15:01:37,784{GMT}	INFO	[jepsen worker 4] jepsen.util: 412	:info	:cas	[18 [4 3]]	:net-timeout
2026-03-14 15:01:37,784{GMT}	INFO	[jepsen worker 4] jepsen.util: 424	:invoke	:write	[21 4]
2026-03-14 15:01:37,826{GMT}	INFO	[jepsen worker 7] jepsen.util: 415	:info	:cas	[20 [3 0]]	:net-timeout
2026-03-14 15:01:37,826{GMT}	INFO	[jepsen worker 7] jepsen.util: 427	:invoke	:write	[20 2]
2026-03-14 15:01:37,872{GMT}	INFO	[jepsen worker 8] jepsen.util: 416	:info	:cas	[20 [2 0]]	:net-timeout
2026-03-14 15:01:37,873{GMT}	INFO	[jepsen worker 8] jepsen.util: 428	:invoke	:write	[20 1]
2026-03-14 15:01:37,910{GMT}	INFO	[jepsen worker 9] jepsen.util: 417	:info	:cas	[20 [3 4]]	:net-timeout
2026-03-14 15:01:37,942{GMT}	INFO	[jepsen worker 2] jepsen.util: 2	:fail	:read	[18 nil]	:net-timeout
2026-03-14 15:01:37,942{GMT}	INFO	[jepsen worker 2] jepsen.util: 2	:invoke	:read	[21 nil]
2026-03-14 15:01:37,988{GMT}	INFO	[jepsen worker 9] jepsen.util: 429	:invoke	:cas	[20 [0 2]]
2026-03-14 15:01:38,005{GMT}	INFO	[jepsen worker 5] jepsen.util: 413	:info	:cas	[18 [4 0]]	:net-timeout
2026-03-14 15:01:38,040{GMT}	INFO	[jepsen worker 5] jepsen.util: 425	:invoke	:write	[21 1]
2026-03-14 15:01:38,052{GMT}	INFO	[jepsen worker 10] jepsen.util: 418	:info	:cas	[20 [1 1]]	:net-timeout
2026-03-14 15:01:38,084{GMT}	INFO	[jepsen worker 11] jepsen.util: 419	:info	:cas	[20 [4 3]]	:net-timeout
2026-03-14 15:01:38,088{GMT}	INFO	[jepsen worker 10] jepsen.util: 430	:invoke	:cas	[22 [1 1]]
2026-03-14 15:01:38,124{GMT}	INFO	[jepsen worker 11] jepsen.util: 431	:invoke	:write	[22 4]
2026-03-14 15:01:38,540{GMT}	INFO	[jepsen worker 0] jepsen.util: 0	:fail	:read	[18 nil]	:net-timeout
2026-03-14 15:01:38,540{GMT}	INFO	[jepsen worker 0] jepsen.util: 0	:invoke	:read	[21 nil]
2026-03-14 15:01:38,611{GMT}	INFO	[jepsen worker 1] jepsen.util: 1	:fail	:read	[18 nil]	:net-timeout
2026-03-14 15:01:38,611{GMT}	INFO	[jepsen worker 1] jepsen.util: 1	:invoke	:read	[21 nil]
2026-03-14 15:01:38,673{GMT}	INFO	[jepsen worker 6] jepsen.util: 450	:info	:cas	[20 [2 1]]	:net-timeout
2026-03-14 15:01:38,673{GMT}	INFO	[jepsen worker 6] jepsen.util: 462	:invoke	:cas	[22 [4 4]]
2026-03-14 15:01:38,735{GMT}	INFO	[jepsen worker 3] jepsen.util: 435	:info	:write	[18 4]	:net-timeout
2026-03-14 15:01:38,736{GMT}	INFO	[jepsen worker 3] jepsen.util: 447	:invoke	:cas	[21 [2 3]]
2026-03-14 15:01:38,789{GMT}	INFO	[jepsen worker 4] jepsen.util: 424	:info	:write	[21 4]	:net-timeout
2026-03-14 15:01:38,789{GMT}	INFO	[jepsen worker 4] jepsen.util: 436	:invoke	:cas	[21 [0 3]]
2026-03-14 15:01:38,831{GMT}	INFO	[jepsen worker 7] jepsen.util: 427	:info	:write	[20 2]	:net-timeout
2026-03-14 15:01:38,832{GMT}	INFO	[jepsen worker 7] jepsen.util: 439	:invoke	:write	[22 0]
2026-03-14 15:01:38,876{GMT}	INFO	[jepsen worker 8] jepsen.util: 428	:info	:write	[20 1]	:net-timeout
2026-03-14 15:01:38,877{GMT}	INFO	[jepsen worker 8] jepsen.util: 440	:invoke	:cas	[22 [3 2]]
2026-03-14 15:01:38,947{GMT}	INFO	[jepsen worker 2] jepsen.util: 2	:fail	:read	[21 nil]	:net-timeout
2026-03-14 15:01:38,947{GMT}	INFO	[jepsen worker 2] jepsen.util: 2	:invoke	:read	[21 nil]
2026-03-14 15:01:38,991{GMT}	INFO	[jepsen worker 9] jepsen.util: 429	:info	:cas	[20 [0 2]]	:net-timeout
2026-03-14 15:01:39,005{GMT}	INFO	[jepsen worker 9] jepsen.util: 441	:invoke	:cas	[22 [0 3]]
2026-03-14 15:01:39,045{GMT}	INFO	[jepsen worker 5] jepsen.util: 425	:info	:write	[21 1]	:net-timeout
2026-03-14 15:01:39,069{GMT}	INFO	[jepsen worker 5] jepsen.util: 437	:invoke	:cas	[21 [1 0]]
2026-03-14 15:01:39,091{GMT}	INFO	[jepsen worker 10] jepsen.util: 430	:info	:cas	[22 [1 1]]	:net-timeout
2026-03-14 15:01:39,100{GMT}	INFO	[jepsen worker 10] jepsen.util: 442	:invoke	:write	[22 3]
2026-03-14 15:01:39,125{GMT}	INFO	[jepsen worker 11] jepsen.util: 431	:info	:write	[22 4]	:net-timeout
2026-03-14 15:01:39,125{GMT}	INFO	[jepsen worker 11] jepsen.util: 443	:invoke	:write	[22 2]
2026-03-14 15:01:39,514{GMT}	INFO	[jepsen worker 1] jepsen.util: 1	:ok	:read	[21 1]
2026-03-14 15:01:39,514{GMT}	INFO	[jepsen worker 1] jepsen.util: 1	:invoke	:read	[21 nil]
2026-03-14 15:01:39,515{GMT}	INFO	[jepsen worker 4] jepsen.util: 436	:fail	:cas	[21 [0 3]]	[:precondition-failed "expected 0 but had 1"]
2026-03-14 15:01:39,516{GMT}	INFO	[jepsen worker 7] jepsen.util: 439	:ok	:write	[22 0]
2026-03-14 15:01:39,516{GMT}	INFO	[jepsen worker 8] jepsen.util: 440	:fail	:cas	[22 [3 2]]	[:precondition-failed "expected 3 but had 0"]
2026-03-14 15:01:39,517{GMT}	INFO	[jepsen worker 2] jepsen.util: 2	:ok	:read	[21 1]
2026-03-14 15:01:39,517{GMT}	INFO	[jepsen worker 0] jepsen.util: 0	:ok	:read	[21 1]
2026-03-14 15:01:39,517{GMT}	INFO	[jepsen worker 10] jepsen.util: 442	:ok	:write	[22 3]
2026-03-14 15:01:39,517{GMT}	INFO	[jepsen worker 1] jepsen.util: 1	:ok	:read	[21 1]
2026-03-14 15:01:39,517{GMT}	INFO	[jepsen worker 6] jepsen.util: 462	:fail	:cas	[22 [4 4]]	[:precondition-failed "expected 4 but had 3"]
2026-03-14 15:01:39,518{GMT}	INFO	[jepsen worker 5] jepsen.util: 437	:ok	:cas	[21 [1 0]]
2026-03-14 15:01:39,519{GMT}	INFO	[jepsen worker 3] jepsen.util: 447	:fail	:cas	[21 [2 3]]	[:precondition-failed "expected 2 but had 1"]
2026-03-14 15:01:39,519{GMT}	INFO	[jepsen worker 11] jepsen.util: 443	:ok	:write	[22 2]
2026-03-14 15:01:39,519{GMT}	INFO	[jepsen worker 9] jepsen.util: 441	:fail	:cas	[22 [0 3]]	[:precondition-failed "expected 0 but had 2"]
2026-03-14 15:01:39,569{GMT}	INFO	[jepsen worker 6] jepsen.util: 462	:invoke	:cas	[22 [4 4]]
2026-03-14 15:01:39,571{GMT}	INFO	[jepsen worker 6] jepsen.util: 462	:fail	:cas	[22 [4 4]]	[:precondition-failed "expected 4 but had 2"]
2026-03-14 15:01:39,581{GMT}	INFO	[jepsen worker 6] jepsen.util: 462	:invoke	:cas	[22 [4 3]]
2026-03-14 15:01:39,582{GMT}	INFO	[jepsen worker 6] jepsen.util: 462	:fail	:cas	[22 [4 3]]	[:precondition-failed "expected 4 but had 2"]
2026-03-14 15:01:39,624{GMT}	INFO	[jepsen worker 6] jepsen.util: 462	:invoke	:cas	[22 [2 4]]
2026-03-14 15:01:39,627{GMT}	INFO	[jepsen worker 6] jepsen.util: 462	:ok	:cas	[22 [2 4]]
2026-03-14 15:01:39,688{GMT}	INFO	[jepsen worker 0] jepsen.util: 0	:invoke	:read	[21 nil]
2026-03-14 15:01:39,692{GMT}	INFO	[jepsen worker 0] jepsen.util: 0	:ok	:read	[21 0]
2026-03-14 15:01:39,750{GMT}	INFO	[jepsen worker 7] jepsen.util: 439	:invoke	:write	[22 1]
2026-03-14 15:01:39,754{GMT}	INFO	[jepsen worker 7] jepsen.util: 439	:ok	:write	[22 1]
2026-03-14 15:01:39,812{GMT}	INFO	[jepsen worker 8] jepsen.util: 440	:invoke	:cas	[22 [0 3]]
2026-03-14 15:01:39,818{GMT}	INFO	[jepsen worker 8] jepsen.util: 440	:fail	:cas	[22 [0 3]]	[:precondition-failed "expected 0 but had 1"]
2026-03-14 15:01:39,883{GMT}	INFO	[jepsen worker 9] jepsen.util: 441	:invoke	:write	[22 2]
2026-03-14 15:01:39,888{GMT}	INFO	[jepsen worker 9] jepsen.util: 441	:ok	:write	[22 2]
2026-03-14 15:01:39,893{GMT}	INFO	[jepsen worker 0] jepsen.util: 0	:invoke	:read	[21 nil]
2026-03-14 15:01:39,898{GMT}	INFO	[jepsen worker 0] jepsen.util: 0	:ok	:read	[21 0]
2026-03-14 15:01:39,950{GMT}	INFO	[jepsen worker 0] jepsen.util: 0	:invoke	:read	[21 nil]
2026-03-14 15:01:39,955{GMT}	INFO	[jepsen worker 0] jepsen.util: 0	:ok	:read	[21 0]
2026-03-14 15:01:39,995{GMT}	INFO	[jepsen worker 3] jepsen.util: 447	:invoke	:write	[21 2]
2026-03-14 15:01:40,000{GMT}	INFO	[jepsen worker 3] jepsen.util: 447	:ok	:write	[21 2]
2026-03-14 15:01:40,002{GMT}	INFO	[jepsen worker 6] jepsen.util: 462	:invoke	:cas	[22 [4 2]]
2026-03-14 15:01:40,005{GMT}	INFO	[jepsen worker 1] jepsen.util: 1	:invoke	:read	[21 nil]
2026-03-14 15:01:40,005{GMT}	INFO	[jepsen worker 6] jepsen.util: 462	:fail	:cas	[22 [4 2]]	[:precondition-failed "expected 4 but had 2"]
2026-03-14 15:01:40,008{GMT}	INFO	[jepsen worker 1] jepsen.util: 1	:ok	:read	[21 2]
2026-03-14 15:01:40,062{GMT}	INFO	[jepsen worker 3] jepsen.util: 447	:invoke	:write	[21 0]
2026-03-14 15:01:40,067{GMT}	INFO	[jepsen worker 3] jepsen.util: 447	:ok	:write	[21 0]
2026-03-14 15:01:40,093{GMT}	INFO	[jepsen worker 6] jepsen.util: 462	:invoke	:write	[22 4]
2026-03-14 15:01:40,097{GMT}	INFO	[jepsen worker 6] jepsen.util: 462	:ok	:write	[22 4]
2026-03-14 15:01:40,149{GMT}	INFO	[jepsen worker 6] jepsen.util: 462	:invoke	:cas	[22 [3 1]]
2026-03-14 15:01:40,153{GMT}	INFO	[jepsen worker 6] jepsen.util: 462	:fail	:cas	[22 [3 1]]	[:precondition-failed "expected 3 but had 4"]
2026-03-14 15:01:40,175{GMT}	INFO	[jepsen worker 6] jepsen.util: 462	:invoke	:cas	[22 [2 4]]
2026-03-14 15:01:40,181{GMT}	INFO	[jepsen worker 6] jepsen.util: 462	:fail	:cas	[22 [2 4]]	[:precondition-failed "expected 2 but had 4"]
2026-03-14 15:01:40,240{GMT}	INFO	[jepsen worker 6] jepsen.util: 462	:invoke	:cas	[22 [3 4]]
2026-03-14 15:01:40,245{GMT}	INFO	[jepsen worker 6] jepsen.util: 462	:fail	:cas	[22 [3 4]]	[:precondition-failed "expected 3 but had 4"]
2026-03-14 15:01:40,263{GMT}	INFO	[jepsen worker 7] jepsen.util: 439	:invoke	:cas	[22 [1 3]]
2026-03-14 15:01:40,267{GMT}	INFO	[jepsen worker 7] jepsen.util: 439	:fail	:cas	[22 [1 3]]	[:precondition-failed "expected 1 but had 4"]
2026-03-14 15:01:40,297{GMT}	INFO	[jepsen worker 8] jepsen.util: 440	:invoke	:write	[22 3]
2026-03-14 15:01:40,299{GMT}	INFO	[jepsen worker 8] jepsen.util: 440	:ok	:write	[22 3]
2026-03-14 15:01:40,304{GMT}	INFO	[jepsen worker 9] jepsen.util: 441	:invoke	:write	[22 2]
2026-03-14 15:01:40,307{GMT}	INFO	[jepsen worker 9] jepsen.util: 441	:ok	:write	[22 2]
2026-03-14 15:01:40,315{GMT}	INFO	[jepsen worker 10] jepsen.util: 442	:invoke	:cas	[22 [3 3]]
2026-03-14 15:01:40,317{GMT}	INFO	[jepsen worker 10] jepsen.util: 442	:fail	:cas	[22 [3 3]]	[:precondition-failed "expected 3 but had 2"]
2026-03-14 15:01:40,371{GMT}	INFO	[jepsen worker 0] jepsen.util: 0	:invoke	:read	[21 nil]
2026-03-14 15:01:40,375{GMT}	INFO	[jepsen worker 0] jepsen.util: 0	:ok	:read	[21 0]
2026-03-14 15:01:40,399{GMT}	INFO	[jepsen worker 6] jepsen.util: 462	:invoke	:cas	[22 [0 1]]
2026-03-14 15:01:40,404{GMT}	INFO	[jepsen worker 6] jepsen.util: 462	:fail	:cas	[22 [0 1]]	[:precondition-failed "expected 0 but had 2"]
2026-03-14 15:01:40,457{GMT}	INFO	[jepsen worker 0] jepsen.util: 0	:invoke	:read	[21 nil]
2026-03-14 15:01:40,461{GMT}	INFO	[jepsen worker 0] jepsen.util: 0	:ok	:read	[21 0]
2026-03-14 15:01:40,522{GMT}	INFO	[jepsen worker 6] jepsen.util: 462	:invoke	:cas	[22 [0 3]]
2026-03-14 15:01:40,525{GMT}	INFO	[jepsen worker 6] jepsen.util: 462	:fail	:cas	[22 [0 3]]	[:precondition-failed "expected 0 but had 2"]
2026-03-14 15:01:40,542{GMT}	INFO	[jepsen worker 6] jepsen.util: 462	:invoke	:cas	[22 [1 2]]
2026-03-14 15:01:40,543{GMT}	INFO	[jepsen worker 6] jepsen.util: 462	:fail	:cas	[22 [1 2]]	[:precondition-failed "expected 1 but had 2"]
2026-03-14 15:01:40,563{GMT}	INFO	[jepsen worker 3] jepsen.util: 447	:invoke	:cas	[21 [0 4]]
2026-03-14 15:01:40,566{GMT}	INFO	[jepsen worker 3] jepsen.util: 447	:ok	:cas	[21 [0 4]]
2026-03-14 15:01:40,622{GMT}	INFO	[jepsen worker 0] jepsen.util: 0	:invoke	:read	[21 nil]
2026-03-14 15:01:40,623{GMT}	INFO	[jepsen worker 0] jepsen.util: 0	:ok	:read	[21 4]
2026-03-14 15:01:40,649{GMT}	INFO	[jepsen worker 0] jepsen.util: 0	:invoke	:read	[21 nil]
2026-03-14 15:01:40,651{GMT}	INFO	[jepsen worker 0] jepsen.util: 0	:ok	:read	[21 4]
2026-03-14 15:01:40,667{GMT}	INFO	[jepsen worker 3] jepsen.util: 447	:invoke	:cas	[21 [2 1]]
2026-03-14 15:01:40,669{GMT}	INFO	[jepsen worker 3] jepsen.util: 447	:fail	:cas	[21 [2 1]]	[:precondition-failed "expected 2 but had 4"]
2026-03-14 15:01:40,688{GMT}	INFO	[jepsen worker 7] jepsen.util: 439	:invoke	:write	[22 1]
2026-03-14 15:01:40,690{GMT}	INFO	[jepsen worker 7] jepsen.util: 439	:ok	:write	[22 1]
2026-03-14 15:01:40,697{GMT}	INFO	[jepsen worker 8] jepsen.util: 440	:invoke	:cas	[22 [3 2]]
2026-03-14 15:01:40,699{GMT}	INFO	[jepsen worker 8] jepsen.util: 440	:fail	:cas	[22 [3 2]]	[:precondition-failed "expected 3 but had 1"]
2026-03-14 15:01:40,760{GMT}	INFO	[jepsen worker 3] jepsen.util: 447	:invoke	:write	[21 4]
2026-03-14 15:01:40,765{GMT}	INFO	[jepsen worker 3] jepsen.util: 447	:ok	:write	[21 4]
2026-03-14 15:01:40,815{GMT}	INFO	[jepsen worker 0] jepsen.util: 0	:invoke	:read	[21 nil]
2026-03-14 15:01:40,820{GMT}	INFO	[jepsen worker 0] jepsen.util: 0	:ok	:read	[21 4]
2026-03-14 15:01:40,849{GMT}	INFO	[jepsen worker 3] jepsen.util: 447	:invoke	:write	[21 3]
2026-03-14 15:01:40,853{GMT}	INFO	[jepsen worker 3] jepsen.util: 447	:ok	:write	[21 3]
2026-03-14 15:01:40,898{GMT}	INFO	[jepsen worker 6] jepsen.util: 462	:invoke	:cas	[22 [3 1]]
2026-03-14 15:01:40,903{GMT}	INFO	[jepsen worker 6] jepsen.util: 462	:fail	:cas	[22 [3 1]]	[:precondition-failed "expected 3 but had 1"]
2026-03-14 15:01:40,913{GMT}	INFO	[jepsen worker 6] jepsen.util: 462	:invoke	:cas	[22 [2 0]]
2026-03-14 15:01:40,917{GMT}	INFO	[jepsen worker 6] jepsen.util: 462	:fail	:cas	[22 [2 0]]	[:precondition-failed "expected 2 but had 1"]
2026-03-14 15:01:40,972{GMT}	INFO	[jepsen worker 1] jepsen.util: 1	:invoke	:read	[21 nil]
2026-03-14 15:01:40,977{GMT}	INFO	[jepsen worker 1] jepsen.util: 1	:ok	:read	[21 3]
2026-03-14 15:01:41,037{GMT}	INFO	[jepsen worker 2] jepsen.util: 2	:invoke	:read	[21 nil]
2026-03-14 15:01:41,042{GMT}	INFO	[jepsen worker 2] jepsen.util: 2	:ok	:read	[21 3]
2026-03-14 15:01:41,042{GMT}	INFO	[jepsen worker 3] jepsen.util: 447	:invoke	:cas	[21 [2 3]]
2026-03-14 15:01:41,047{GMT}	INFO	[jepsen worker 3] jepsen.util: 447	:fail	:cas	[21 [2 3]]	[:precondition-failed "expected 2 but had 3"]
2026-03-14 15:01:41,067{GMT}	INFO	[jepsen worker 0] jepsen.util: 0	:invoke	:read	[21 nil]
2026-03-14 15:01:41,070{GMT}	INFO	[jepsen worker 0] jepsen.util: 0	:ok	:read	[21 3]
2026-03-14 15:01:41,127{GMT}	INFO	[jepsen worker 6] jepsen.util: 462	:invoke	:cas	[22 [0 3]]
2026-03-14 15:01:41,132{GMT}	INFO	[jepsen worker 6] jepsen.util: 462	:fail	:cas	[22 [0 3]]	[:precondition-failed "expected 0 but had 1"]
2026-03-14 15:01:41,159{GMT}	INFO	[jepsen worker 6] jepsen.util: 462	:invoke	:cas	[22 [1 3]]
2026-03-14 15:01:41,163{GMT}	INFO	[jepsen worker 6] jepsen.util: 462	:ok	:cas	[22 [1 3]]
2026-03-14 15:01:41,211{GMT}	INFO	[jepsen worker 7] jepsen.util: 439	:invoke	:cas	[22 [1 3]]
2026-03-14 15:01:41,214{GMT}	INFO	[jepsen worker 7] jepsen.util: 439	:fail	:cas	[22 [1 3]]	[:precondition-failed "expected 1 but had 3"]
2026-03-14 15:01:41,268{GMT}	INFO	[jepsen worker 8] jepsen.util: 440	:invoke	:cas	[22 [4 2]]
2026-03-14 15:01:41,271{GMT}	INFO	[jepsen worker 8] jepsen.util: 440	:fail	:cas	[22 [4 2]]	[:precondition-failed "expected 4 but had 3"]
2026-03-14 15:01:41,325{GMT}	INFO	[jepsen worker 9] jepsen.util: 441	:invoke	:write	[22 0]
2026-03-14 15:01:41,328{GMT}	INFO	[jepsen worker 9] jepsen.util: 441	:ok	:write	[22 0]
2026-03-14 15:01:41,329{GMT}	INFO	[jepsen worker 3] jepsen.util: 447	:invoke	:cas	[21 [3 0]]
2026-03-14 15:01:41,332{GMT}	INFO	[jepsen worker 3] jepsen.util: 447	:ok	:cas	[21 [3 0]]
2026-03-14 15:01:41,351{GMT}	INFO	[jepsen worker 3] jepsen.util: 447	:invoke	:cas	[21 [4 0]]
2026-03-14 15:01:41,355{GMT}	INFO	[jepsen worker 3] jepsen.util: 447	:fail	:cas	[21 [4 0]]	[:precondition-failed "expected 4 but had 0"]
2026-03-14 15:01:41,368{GMT}	INFO	[jepsen worker 0] jepsen.util: 0	:invoke	:read	[21 nil]
2026-03-14 15:01:41,371{GMT}	INFO	[jepsen worker 0] jepsen.util: 0	:ok	:read	[21 0]
2026-03-14 15:01:41,438{GMT}	INFO	[jepsen worker 6] jepsen.util: 462	:invoke	:write	[22 2]
2026-03-14 15:01:41,439{GMT}	INFO	[jepsen worker 6] jepsen.util: 462	:ok	:write	[22 2]
2026-03-14 15:01:41,489{GMT}	INFO	[jepsen worker 6] jepsen.util: 462	:invoke	:write	[22 4]
2026-03-14 15:01:41,491{GMT}	INFO	[jepsen worker 6] jepsen.util: 462	:ok	:write	[22 4]
2026-03-14 15:01:41,506{GMT}	INFO	[jepsen worker 3] jepsen.util: 447	:invoke	:cas	[21 [4 1]]
2026-03-14 15:01:41,508{GMT}	INFO	[jepsen worker 3] jepsen.util: 447	:fail	:cas	[21 [4 1]]	[:precondition-failed "expected 4 but had 0"]
2026-03-14 15:01:41,535{GMT}	INFO	[jepsen worker 6] jepsen.util: 462	:invoke	:write	[22 4]
2026-03-14 15:01:41,536{GMT}	INFO	[jepsen worker 6] jepsen.util: 462	:ok	:write	[22 4]
2026-03-14 15:01:41,589{GMT}	INFO	[jepsen worker 6] jepsen.util: 462	:invoke	:cas	[22 [3 0]]
2026-03-14 15:01:41,591{GMT}	INFO	[jepsen worker 6] jepsen.util: 462	:fail	:cas	[22 [3 0]]	[:precondition-failed "expected 3 but had 4"]
2026-03-14 15:01:41,624{GMT}	INFO	[jepsen worker 0] jepsen.util: 0	:invoke	:read	[21 nil]
2026-03-14 15:01:41,627{GMT}	INFO	[jepsen worker 0] jepsen.util: 0	:ok	:read	[21 0]
2026-03-14 15:01:41,639{GMT}	INFO	[jepsen worker 6] jepsen.util: 462	:invoke	:write	[22 2]
2026-03-14 15:01:41,641{GMT}	INFO	[jepsen worker 6] jepsen.util: 462	:ok	:write	[22 2]
2026-03-14 15:01:41,656{GMT}	INFO	[jepsen worker 0] jepsen.util: 0	:invoke	:read	[21 nil]
2026-03-14 15:01:41,658{GMT}	INFO	[jepsen worker 0] jepsen.util: 0	:ok	:read	[21 0]
2026-03-14 15:01:41,728{GMT}	INFO	[jepsen worker 3] jepsen.util: 447	:invoke	:cas	[21 [0 4]]
2026-03-14 15:01:41,733{GMT}	INFO	[jepsen worker 3] jepsen.util: 447	:ok	:cas	[21 [0 4]]
2026-03-14 15:01:41,753{GMT}	INFO	[jepsen worker 9] jepsen.util: 441	:invoke	:cas	[22 [2 0]]
2026-03-14 15:01:41,757{GMT}	INFO	[jepsen worker 9] jepsen.util: 441	:ok	:cas	[22 [2 0]]
2026-03-14 15:01:41,806{GMT}	INFO	[jepsen worker 3] jepsen.util: 447	:invoke	:cas	[21 [0 3]]
2026-03-14 15:01:41,810{GMT}	INFO	[jepsen worker 3] jepsen.util: 447	:fail	:cas	[21 [0 3]]	[:precondition-failed "expected 0 but had 4"]
2026-03-14 15:01:41,837{GMT}	INFO	[jepsen worker 3] jepsen.util: 447	:invoke	:cas	[21 [3 2]]
2026-03-14 15:01:41,840{GMT}	INFO	[jepsen worker 3] jepsen.util: 447	:fail	:cas	[21 [3 2]]	[:precondition-failed "expected 3 but had 4"]
2026-03-14 15:01:41,854{GMT}	INFO	[jepsen worker 0] jepsen.util: 0	:invoke	:read	[21 nil]
2026-03-14 15:01:41,854{GMT}	INFO	[jepsen worker 1] jepsen.util: 1	:invoke	:read	[21 nil]
2026-03-14 15:01:41,858{GMT}	INFO	[jepsen worker 1] jepsen.util: 1	:ok	:read	[21 4]
2026-03-14 15:01:41,858{GMT}	INFO	[jepsen worker 0] jepsen.util: 0	:ok	:read	[21 4]
2026-03-14 15:01:41,913{GMT}	INFO	[jepsen worker 6] jepsen.util: 462	:invoke	:cas	[22 [0 3]]
2026-03-14 15:01:41,917{GMT}	INFO	[jepsen worker 6] jepsen.util: 462	:ok	:cas	[22 [0 3]]
2026-03-14 15:01:41,954{GMT}	INFO	[jepsen worker 2] jepsen.util: 2	:invoke	:read	[21 nil]
2026-03-14 15:01:41,955{GMT}	INFO	[jepsen worker 2] jepsen.util: 2	:ok	:read	[21 4]
2026-03-14 15:01:41,990{GMT}	INFO	[jepsen worker 0] jepsen.util: 0	:invoke	:read	[21 nil]
2026-03-14 15:01:41,992{GMT}	INFO	[jepsen worker 0] jepsen.util: 0	:ok	:read	[21 4]
2026-03-14 15:01:42,001{GMT}	INFO	[jepsen worker 6] jepsen.util: 462	:invoke	:cas	[22 [0 4]]
2026-03-14 15:01:42,003{GMT}	INFO	[jepsen worker 6] jepsen.util: 462	:fail	:cas	[22 [0 4]]	[:precondition-failed "expected 0 but had 3"]
2026-03-14 15:01:42,057{GMT}	INFO	[jepsen worker 6] jepsen.util: 462	:invoke	:write	[22 0]
2026-03-14 15:01:42,060{GMT}	INFO	[jepsen worker 6] jepsen.util: 462	:ok	:write	[22 0]
2026-03-14 15:01:42,086{GMT}	INFO	[jepsen worker 6] jepsen.util: 462	:invoke	:cas	[22 [1 2]]
2026-03-14 15:01:42,090{GMT}	INFO	[jepsen worker 6] jepsen.util: 462	:fail	:cas	[22 [1 2]]	[:precondition-failed "expected 1 but had 0"]
2026-03-14 15:01:42,124{GMT}	INFO	[jepsen worker 7] jepsen.util: 439	:invoke	:cas	[22 [4 3]]
2026-03-14 15:01:42,125{GMT}	INFO	[jepsen worker 7] jepsen.util: 439	:fail	:cas	[22 [4 3]]	[:precondition-failed "expected 4 but had 0"]
2026-03-14 15:01:42,129{GMT}	INFO	[jepsen worker 8] jepsen.util: 440	:invoke	:write	[22 0]
2026-03-14 15:01:42,130{GMT}	INFO	[jepsen worker 8] jepsen.util: 440	:ok	:write	[22 0]
2026-03-14 15:01:42,193{GMT}	INFO	[jepsen worker 0] jepsen.util: 0	:invoke	:read	[21 nil]
2026-03-14 15:01:42,195{GMT}	INFO	[jepsen worker 0] jepsen.util: 0	:ok	:read	[21 4]
2026-03-14 15:01:42,243{GMT}	INFO	[jepsen worker 0] jepsen.util: 0	:invoke	:read	[21 nil]
2026-03-14 15:01:42,245{GMT}	INFO	[jepsen worker 0] jepsen.util: 0	:ok	:read	[21 4]
2026-03-14 15:01:42,276{GMT}	INFO	[jepsen worker 0] jepsen.util: 0	:invoke	:read	[21 nil]
2026-03-14 15:01:42,278{GMT}	INFO	[jepsen worker 0] jepsen.util: 0	:ok	:read	[21 4]
2026-03-14 15:01:42,326{GMT}	INFO	[jepsen worker 6] jepsen.util: 462	:invoke	:cas	[22 [4 3]]
2026-03-14 15:01:42,328{GMT}	INFO	[jepsen worker 6] jepsen.util: 462	:fail	:cas	[22 [4 3]]	[:precondition-failed "expected 4 but had 0"]
2026-03-14 15:01:42,387{GMT}	INFO	[jepsen worker 0] jepsen.util: 0	:invoke	:read	[21 nil]
2026-03-14 15:01:42,389{GMT}	INFO	[jepsen worker 0] jepsen.util: 0	:ok	:read	[21 4]
2026-03-14 15:01:42,441{GMT}	INFO	[jepsen worker 6] jepsen.util: 462	:invoke	:cas	[22 [2 0]]
2026-03-14 15:01:42,442{GMT}	INFO	[jepsen worker 6] jepsen.util: 462	:fail	:cas	[22 [2 0]]	[:precondition-failed "expected 2 but had 0"]
2026-03-14 15:01:42,448{GMT}	INFO	[jepsen worker 6] jepsen.util: 462	:invoke	:cas	[22 [2 1]]
2026-03-14 15:01:42,450{GMT}	INFO	[jepsen worker 6] jepsen.util: 462	:fail	:cas	[22 [2 1]]	[:precondition-failed "expected 2 but had 0"]
2026-03-14 15:01:42,503{GMT}	INFO	[jepsen worker 3] jepsen.util: 447	:invoke	:write	[21 3]
2026-03-14 15:01:42,504{GMT}	INFO	[jepsen worker 3] jepsen.util: 447	:ok	:write	[21 3]
2026-03-14 15:01:42,543{GMT}	INFO	[jepsen worker 6] jepsen.util: 462	:invoke	:cas	[22 [2 4]]
2026-03-14 15:01:42,545{GMT}	INFO	[jepsen worker 6] jepsen.util: 462	:fail	:cas	[22 [2 4]]	[:precondition-failed "expected 2 but had 0"]
2026-03-14 15:01:42,598{GMT}	INFO	[jepsen worker 6] jepsen.util: 462	:invoke	:cas	[22 [1 4]]
2026-03-14 15:01:42,600{GMT}	INFO	[jepsen worker 6] jepsen.util: 462	:fail	:cas	[22 [1 4]]	[:precondition-failed "expected 1 but had 0"]
2026-03-14 15:01:42,625{GMT}	INFO	[jepsen worker 6] jepsen.util: 462	:invoke	:write	[22 4]
2026-03-14 15:01:42,627{GMT}	INFO	[jepsen worker 6] jepsen.util: 462	:ok	:write	[22 4]
2026-03-14 15:01:42,631{GMT}	INFO	[jepsen worker 3] jepsen.util: 447	:invoke	:cas	[21 [0 1]]
2026-03-14 15:01:42,633{GMT}	INFO	[jepsen worker 3] jepsen.util: 447	:fail	:cas	[21 [0 1]]	[:precondition-failed "expected 0 but had 3"]
2026-03-14 15:01:42,638{GMT}	INFO	[jepsen worker 0] jepsen.util: 0	:invoke	:read	[21 nil]
2026-03-14 15:01:42,639{GMT}	INFO	[jepsen worker 0] jepsen.util: 0	:ok	:read	[21 3]
2026-03-14 15:01:42,645{GMT}	INFO	[jepsen worker 9] jepsen.util: 441	:invoke	:cas	[22 [1 3]]
2026-03-14 15:01:42,648{GMT}	INFO	[jepsen worker 9] jepsen.util: 441	:fail	:cas	[22 [1 3]]	[:precondition-failed "expected 1 but had 4"]
2026-03-14 15:01:42,658{GMT}	INFO	[jepsen worker 3] jepsen.util: 447	:invoke	:cas	[21 [3 2]]
2026-03-14 15:01:42,660{GMT}	INFO	[jepsen worker 3] jepsen.util: 447	:ok	:cas	[21 [3 2]]
2026-03-14 15:01:42,671{GMT}	INFO	[jepsen worker 3] jepsen.util: 447	:invoke	:cas	[21 [0 3]]
2026-03-14 15:01:42,674{GMT}	INFO	[jepsen worker 3] jepsen.util: 447	:fail	:cas	[21 [0 3]]	[:precondition-failed "expected 0 but had 2"]
2026-03-14 15:01:42,725{GMT}	INFO	[jepsen worker 6] jepsen.util: 462	:invoke	:cas	[22 [3 1]]
2026-03-14 15:01:42,729{GMT}	INFO	[jepsen worker 0] jepsen.util: 0	:invoke	:read	[21 nil]
2026-03-14 15:01:42,729{GMT}	INFO	[jepsen worker 6] jepsen.util: 462	:fail	:cas	[22 [3 1]]	[:precondition-failed "expected 3 but had 4"]
2026-03-14 15:01:42,731{GMT}	INFO	[jepsen worker 0] jepsen.util: 0	:ok	:read	[21 2]
2026-03-14 15:01:42,748{GMT}	INFO	[jepsen worker 1] jepsen.util: 1	:invoke	:read	[21 nil]
2026-03-14 15:01:42,750{GMT}	INFO	[jepsen worker 1] jepsen.util: 1	:ok	:read	[21 2]
2026-03-14 15:01:42,810{GMT}	INFO	[jepsen worker 3] jepsen.util: 447	:invoke	:cas	[21 [0 0]]
2026-03-14 15:01:42,814{GMT}	INFO	[jepsen worker 3] jepsen.util: 447	:fail	:cas	[21 [0 0]]	[:precondition-failed "expected 0 but had 2"]
2026-03-14 15:01:42,842{GMT}	INFO	[jepsen worker 3] jepsen.util: 447	:invoke	:cas	[21 [2 4]]
2026-03-14 15:01:42,848{GMT}	INFO	[jepsen worker 3] jepsen.util: 447	:ok	:cas	[21 [2 4]]
2026-03-14 15:01:42,903{GMT}	INFO	[jepsen worker 6] jepsen.util: 462	:invoke	:cas	[22 [0 0]]
2026-03-14 15:01:42,905{GMT}	INFO	[jepsen worker 6] jepsen.util: 462	:fail	:cas	[22 [0 0]]	[:precondition-failed "expected 0 but had 4"]
2026-03-14 15:01:42,961{GMT}	INFO	[jepsen worker 6] jepsen.util: 462	:invoke	:cas	[22 [1 4]]
2026-03-14 15:01:42,966{GMT}	INFO	[jepsen worker 6] jepsen.util: 462	:fail	:cas	[22 [1 4]]	[:precondition-failed "expected 1 but had 4"]
2026-03-14 15:01:43,017{GMT}	INFO	[jepsen worker 6] jepsen.util: 462	:invoke	:write	[22 0]
2026-03-14 15:01:43,021{GMT}	INFO	[jepsen worker 6] jepsen.util: 462	:ok	:write	[22 0]
2026-03-14 15:01:43,067{GMT}	INFO	[jepsen worker 3] jepsen.util: 447	:invoke	:cas	[21 [0 1]]
2026-03-14 15:01:43,071{GMT}	INFO	[jepsen worker 3] jepsen.util: 447	:fail	:cas	[21 [0 1]]	[:precondition-failed "expected 0 but had 4"]
2026-03-14 15:01:43,105{GMT}	INFO	[jepsen worker 8] jepsen.util: 440	:invoke	:write	[22 0]
2026-03-14 15:01:43,109{GMT}	INFO	[jepsen worker 8] jepsen.util: 440	:ok	:write	[22 0]
2026-03-14 15:01:43,140{GMT}	INFO	[jepsen worker 9] jepsen.util: 441	:invoke	:cas	[22 [3 0]]
2026-03-14 15:01:43,144{GMT}	INFO	[jepsen worker 9] jepsen.util: 441	:fail	:cas	[22 [3 0]]	[:precondition-failed "expected 3 but had 0"]
2026-03-14 15:01:43,204{GMT}	INFO	[jepsen worker 0] jepsen.util: 0	:invoke	:read	[21 nil]
2026-03-14 15:01:43,207{GMT}	INFO	[jepsen worker 0] jepsen.util: 0	:ok	:read	[21 4]
2026-03-14 15:01:43,240{GMT}	INFO	[jepsen worker 11] jepsen.util: 443	:invoke	:write	[22 0]
2026-03-14 15:01:43,244{GMT}	INFO	[jepsen worker 11] jepsen.util: 443	:ok	:write	[22 0]
2026-03-14 15:01:43,309{GMT}	INFO	[jepsen worker 6] jepsen.util: 462	:invoke	:write	[22 1]
2026-03-14 15:01:43,313{GMT}	INFO	[jepsen worker 6] jepsen.util: 462	:ok	:write	[22 1]
2026-03-14 15:01:43,377{GMT}	INFO	[jepsen worker 0] jepsen.util: 0	:invoke	:read	[21 nil]
2026-03-14 15:01:43,381{GMT}	INFO	[jepsen worker 0] jepsen.util: 0	:ok	:read	[21 4]
2026-03-14 15:01:43,415{GMT}	INFO	[jepsen worker 6] jepsen.util: 462	:invoke	:cas	[22 [4 0]]
2026-03-14 15:01:43,417{GMT}	INFO	[jepsen worker 6] jepsen.util: 462	:fail	:cas	[22 [4 0]]	[:precondition-failed "expected 4 but had 1"]
2026-03-14 15:01:43,438{GMT}	INFO	[jepsen worker 6] jepsen.util: 462	:invoke	:write	[22 3]
2026-03-14 15:01:43,440{GMT}	INFO	[jepsen worker 6] jepsen.util: 462	:ok	:write	[22 3]
2026-03-14 15:01:43,448{GMT}	INFO	[jepsen worker 6] jepsen.util: 462	:invoke	:cas	[22 [0 1]]
2026-03-14 15:01:43,450{GMT}	INFO	[jepsen worker 6] jepsen.util: 462	:fail	:cas	[22 [0 1]]	[:precondition-failed "expected 0 but had 3"]
2026-03-14 15:01:43,503{GMT}	INFO	[jepsen worker 6] jepsen.util: 462	:invoke	:cas	[22 [2 1]]
2026-03-14 15:01:43,561{GMT}	INFO	[jepsen worker 7] jepsen.util: 439	:invoke	:write	[22 1]
2026-03-14 15:01:43,629{GMT}	INFO	[jepsen worker 0] jepsen.util: 0	:invoke	:read	[21 nil]
2026-03-14 15:01:43,691{GMT}	INFO	[jepsen worker 8] jepsen.util: 440	:invoke	:write	[22 1]
2026-03-14 15:01:43,728{GMT}	INFO	[jepsen worker 1] jepsen.util: 1	:invoke	:read	[21 nil]
2026-03-14 15:01:43,761{GMT}	INFO	[jepsen worker 2] jepsen.util: 2	:invoke	:read	[21 nil]
2026-03-14 15:01:43,767{GMT}	INFO	[jepsen worker 3] jepsen.util: 447	:invoke	:cas	[21 [1 0]]
2026-03-14 15:01:43,774{GMT}	INFO	[jepsen worker 4] jepsen.util: 436	:invoke	:cas	[21 [0 4]]
2026-03-14 15:01:43,814{GMT}	INFO	[jepsen worker 5] jepsen.util: 437	:invoke	:write	[21 2]
2026-03-14 15:01:43,873{GMT}	INFO	[jepsen worker 9] jepsen.util: 441	:invoke	:cas	[22 [4 2]]
2026-03-14 15:01:43,928{GMT}	INFO	[jepsen worker 10] jepsen.util: 442	:invoke	:cas	[22 [3 3]]
2026-03-14 15:01:43,932{GMT}	INFO	[jepsen worker 11] jepsen.util: 443	:invoke	:cas	[22 [4 2]]
2026-03-14 15:01:44,508{GMT}	INFO	[jepsen worker 6] jepsen.util: 462	:info	:cas	[22 [2 1]]	:net-timeout
2026-03-14 15:01:44,508{GMT}	INFO	[jepsen worker 6] jepsen.util: 474	:invoke	:cas	[22 [2 4]]
2026-03-14 15:01:44,565{GMT}	INFO	[jepsen worker 7] jepsen.util: 439	:info	:write	[22 1]	:net-timeout
2026-03-14 15:01:44,566{GMT}	INFO	[jepsen worker 7] jepsen.util: 451	:invoke	:write	[22 0]
2026-03-14 15:01:44,633{GMT}	INFO	[jepsen worker 0] jepsen.util: 0	:fail	:read	[21 nil]	:net-timeout
2026-03-14 15:01:44,633{GMT}	INFO	[jepsen worker 0] jepsen.util: 0	:invoke	:read	[21 nil]
2026-03-14 15:01:44,696{GMT}	INFO	[jepsen worker 8] jepsen.util: 440	:info	:write	[22 1]	:net-timeout
2026-03-14 15:01:44,696{GMT}	INFO	[jepsen worker 8] jepsen.util: 452	:invoke	:cas	[22 [4 1]]
2026-03-14 15:01:44,733{GMT}	INFO	[jepsen worker 1] jepsen.util: 1	:fail	:read	[21 nil]	:net-timeout
2026-03-14 15:01:44,759{GMT}	INFO	[jepsen worker 1] jepsen.util: 1	:invoke	:read	[21 nil]
2026-03-14 15:01:44,761{GMT}	INFO	[jepsen worker 2] jepsen.util: 2	:fail	:read	[21 nil]	:net-timeout
2026-03-14 15:01:44,771{GMT}	INFO	[jepsen worker 3] jepsen.util: 447	:info	:cas	[21 [1 0]]	:net-timeout
2026-03-14 15:01:44,778{GMT}	INFO	[jepsen worker 4] jepsen.util: 436	:info	:cas	[21 [0 4]]	:net-timeout
2026-03-14 15:01:44,818{GMT}	INFO	[jepsen worker 5] jepsen.util: 437	:info	:write	[21 2]	:net-timeout
2026-03-14 15:01:44,823{GMT}	INFO	[jepsen worker 2] jepsen.util: 2	:invoke	:read	[21 nil]
2026-03-14 15:01:44,841{GMT}	INFO	[jepsen worker 3] jepsen.util: 459	:invoke	:cas	[21 [1 4]]
2026-03-14 15:01:44,878{GMT}	INFO	[jepsen worker 9] jepsen.util: 441	:info	:cas	[22 [4 2]]	:net-timeout
2026-03-14 15:01:44,878{GMT}	INFO	[jepsen worker 9] jepsen.util: 453	:invoke	:write	[22 2]
2026-03-14 15:01:44,883{GMT}	INFO	[jepsen worker 4] jepsen.util: 448	:invoke	:cas	[21 [1 2]]
2026-03-14 15:01:44,922{GMT}	INFO	[jepsen worker 5] jepsen.util: 449	:invoke	:cas	[21 [4 2]]
2026-03-14 15:01:44,933{GMT}	INFO	[jepsen worker 10] jepsen.util: 442	:info	:cas	[22 [3 3]]	:net-timeout
2026-03-14 15:01:44,933{GMT}	INFO	[jepsen worker 11] jepsen.util: 443	:info	:cas	[22 [4 2]]	:net-timeout
2026-03-14 15:01:44,952{GMT}	INFO	[jepsen worker 10] jepsen.util: 454	:invoke	:cas	[22 [1 0]]
2026-03-14 15:01:44,976{GMT}	INFO	[jepsen worker 11] jepsen.util: 455	:invoke	:cas	[22 [4 4]]
2026-03-14 15:01:45,509{GMT}	INFO	[jepsen worker 6] jepsen.util: 474	:info	:cas	[22 [2 4]]	:net-timeout
2026-03-14 15:01:45,510{GMT}	INFO	[jepsen worker 6] jepsen.util: 486	:invoke	:cas	[22 [0 2]]
2026-03-14 15:01:45,566{GMT}	INFO	[jepsen worker 7] jepsen.util: 451	:info	:write	[22 0]	:net-timeout
2026-03-14 15:01:45,573{GMT}	INFO	[jepsen worker 7] jepsen.util: 463	:invoke	:write	[22 1]
2026-03-14 15:01:45,634{GMT}	INFO	[jepsen worker 0] jepsen.util: 0	:fail	:read	[21 nil]	:net-timeout
2026-03-14 15:01:45,634{GMT}	INFO	[jepsen worker 0] jepsen.util: 0	:invoke	:read	[21 nil]
2026-03-14 15:01:45,696{GMT}	INFO	[jepsen worker 8] jepsen.util: 452	:info	:cas	[22 [4 1]]	:net-timeout
2026-03-14 15:01:45,696{GMT}	INFO	[jepsen worker 8] jepsen.util: 464	:invoke	:cas	[23 [3 1]]
2026-03-14 15:01:45,760{GMT}	INFO	[jepsen worker 1] jepsen.util: 1	:fail	:read	[21 nil]	:net-timeout
2026-03-14 15:01:45,760{GMT}	INFO	[jepsen worker 1] jepsen.util: 1	:invoke	:read	[21 nil]
2026-03-14 15:01:45,826{GMT}	INFO	[jepsen worker 2] jepsen.util: 2	:fail	:read	[21 nil]	:net-timeout
2026-03-14 15:01:45,827{GMT}	INFO	[jepsen worker 2] jepsen.util: 2	:invoke	:read	[21 nil]
2026-03-14 15:01:45,846{GMT}	INFO	[jepsen worker 3] jepsen.util: 459	:info	:cas	[21 [1 4]]	:net-timeout
2026-03-14 15:01:45,846{GMT}	INFO	[jepsen worker 3] jepsen.util: 471	:invoke	:cas	[21 [4 3]]
2026-03-14 15:01:45,880{GMT}	INFO	[jepsen worker 9] jepsen.util: 453	:info	:write	[22 2]	:net-timeout
2026-03-14 15:01:45,880{GMT}	INFO	[jepsen worker 9] jepsen.util: 465	:invoke	:cas	[23 [3 3]]
2026-03-14 15:01:45,888{GMT}	INFO	[jepsen worker 4] jepsen.util: 448	:info	:cas	[21 [1 2]]	:net-timeout
2026-03-14 15:01:45,926{GMT}	INFO	[jepsen worker 5] jepsen.util: 449	:info	:cas	[21 [4 2]]	:net-timeout
2026-03-14 15:01:45,927{GMT}	INFO	[jepsen worker 4] jepsen.util: 460	:invoke	:write	[21 4]
2026-03-14 15:01:45,938{GMT}	INFO	[jepsen worker 5] jepsen.util: 461	:invoke	:cas	[21 [4 4]]
2026-03-14 15:01:45,957{GMT}	INFO	[jepsen worker 10] jepsen.util: 454	:info	:cas	[22 [1 0]]	:net-timeout
2026-03-14 15:01:45,981{GMT}	INFO	[jepsen worker 11] jepsen.util: 455	:info	:cas	[22 [4 4]]	:net-timeout
2026-03-14 15:01:45,981{GMT}	INFO	[jepsen worker 10] jepsen.util: 466	:invoke	:write	[23 4]
2026-03-14 15:01:46,000{GMT}	INFO	[jepsen worker 11] jepsen.util: 467	:invoke	:write	[23 0]
2026-03-14 15:01:46,514{GMT}	INFO	[jepsen worker 6] jepsen.util: 486	:info	:cas	[22 [0 2]]	:net-timeout
2026-03-14 15:01:46,577{GMT}	INFO	[jepsen worker 7] jepsen.util: 463	:info	:write	[22 1]	:net-timeout
2026-03-14 15:01:46,636{GMT}	INFO	[jepsen worker 0] jepsen.util: 0	:fail	:read	[21 nil]	:net-timeout
2026-03-14 15:01:46,701{GMT}	INFO	[jepsen worker 8] jepsen.util: 464	:info	:cas	[23 [3 1]]	:net-timeout
2026-03-14 15:01:46,764{GMT}	INFO	[jepsen worker 1] jepsen.util: 1	:fail	:read	[21 nil]	:net-timeout
2026-03-14 15:01:46,831{GMT}	INFO	[jepsen worker 2] jepsen.util: 2	:fail	:read	[21 nil]	:net-timeout
2026-03-14 15:01:46,849{GMT}	INFO	[jepsen worker 3] jepsen.util: 471	:info	:cas	[21 [4 3]]	:net-timeout
2026-03-14 15:01:46,882{GMT}	INFO	[jepsen worker 9] jepsen.util: 465	:info	:cas	[23 [3 3]]	:net-timeout
2026-03-14 15:01:46,927{GMT}	INFO	[jepsen worker 4] jepsen.util: 460	:info	:write	[21 4]	:net-timeout
2026-03-14 15:01:46,942{GMT}	INFO	[jepsen worker 5] jepsen.util: 461	:info	:cas	[21 [4 4]]	:net-timeout
2026-03-14 15:01:46,985{GMT}	INFO	[jepsen worker 10] jepsen.util: 466	:info	:write	[23 4]	:net-timeout
2026-03-14 15:01:47,004{GMT}	INFO	[jepsen worker 11] jepsen.util: 467	:info	:write	[23 0]	:net-timeout
2026-03-14 15:01:47,015{GMT}	INFO	[jepsen test runner] jepsen.core: Run complete, writing
2026-03-14 15:01:47,052{GMT}	INFO	[jepsen node n1] maelstrom.db: Tearing down n1
2026-03-14 15:01:47,052{GMT}	INFO	[jepsen node n2] maelstrom.db: Tearing down n2
2026-03-14 15:01:47,052{GMT}	INFO	[jepsen node n0] maelstrom.db: Tearing down n0
2026-03-14 15:01:48,194{GMT}	INFO	[jepsen node n0] maelstrom.net: Shutting down Maelstrom network
2026-03-14 15:01:48,196{GMT}	INFO	[jepsen test runner] jepsen.core: Analyzing...
2026-03-14 15:01:48,333{GMT}	INFO	[clojure-agent-send-pool-9] jepsen.independent: Wrote /Users/md.sakibulislam/Desktop/KTH/Period - 3/Distributed-Systems-Advance/Battle-testing-OmniPaxos-Project/Omnipaxos-Project/store/lin-kv/20260314T150045.329+0100/independent/6/results.edn
2026-03-14 15:01:48,334{GMT}	INFO	[clojure-agent-send-pool-1] jepsen.independent: Wrote /Users/md.sakibulislam/Desktop/KTH/Period - 3/Distributed-Systems-Advance/Battle-testing-OmniPaxos-Project/Omnipaxos-Project/store/lin-kv/20260314T150045.329+0100/independent/7/results.edn
2026-03-14 15:01:48,334{GMT}	INFO	[clojure-agent-send-pool-1] jepsen.independent: Wrote /Users/md.sakibulislam/Desktop/KTH/Period - 3/Distributed-Systems-Advance/Battle-testing-OmniPaxos-Project/Omnipaxos-Project/store/lin-kv/20260314T150045.329+0100/independent/7/history.edn
2026-03-14 15:01:48,334{GMT}	INFO	[clojure-agent-send-pool-5] jepsen.independent: Wrote /Users/md.sakibulislam/Desktop/KTH/Period - 3/Distributed-Systems-Advance/Battle-testing-OmniPaxos-Project/Omnipaxos-Project/store/lin-kv/20260314T150045.329+0100/independent/15/results.edn
2026-03-14 15:01:48,334{GMT}	INFO	[clojure-agent-send-pool-9] jepsen.independent: Wrote /Users/md.sakibulislam/Desktop/KTH/Period - 3/Distributed-Systems-Advance/Battle-testing-OmniPaxos-Project/Omnipaxos-Project/store/lin-kv/20260314T150045.329+0100/independent/6/history.edn
2026-03-14 15:01:48,336{GMT}	INFO	[clojure-agent-send-pool-5] jepsen.independent: Wrote /Users/md.sakibulislam/Desktop/KTH/Period - 3/Distributed-Systems-Advance/Battle-testing-OmniPaxos-Project/Omnipaxos-Project/store/lin-kv/20260314T150045.329+0100/independent/15/history.edn
2026-03-14 15:01:48,338{GMT}	INFO	[clojure-agent-send-pool-0] jepsen.independent: Wrote /Users/md.sakibulislam/Desktop/KTH/Period - 3/Distributed-Systems-Advance/Battle-testing-OmniPaxos-Project/Omnipaxos-Project/store/lin-kv/20260314T150045.329+0100/independent/0/results.edn
2026-03-14 15:01:48,340{GMT}	INFO	[clojure-agent-send-pool-0] jepsen.independent: Wrote /Users/md.sakibulislam/Desktop/KTH/Period - 3/Distributed-Systems-Advance/Battle-testing-OmniPaxos-Project/Omnipaxos-Project/store/lin-kv/20260314T150045.329+0100/independent/0/history.edn
2026-03-14 15:01:48,351{GMT}	INFO	[clojure-agent-send-pool-5] jepsen.independent: Wrote /Users/md.sakibulislam/Desktop/KTH/Period - 3/Distributed-Systems-Advance/Battle-testing-OmniPaxos-Project/Omnipaxos-Project/store/lin-kv/20260314T150045.329+0100/independent/23/results.edn
2026-03-14 15:01:48,352{GMT}	INFO	[clojure-agent-send-pool-4] jepsen.independent: Wrote /Users/md.sakibulislam/Desktop/KTH/Period - 3/Distributed-Systems-Advance/Battle-testing-OmniPaxos-Project/Omnipaxos-Project/store/lin-kv/20260314T150045.329+0100/independent/4/results.edn
2026-03-14 15:01:48,353{GMT}	INFO	[clojure-agent-send-pool-5] jepsen.independent: Wrote /Users/md.sakibulislam/Desktop/KTH/Period - 3/Distributed-Systems-Advance/Battle-testing-OmniPaxos-Project/Omnipaxos-Project/store/lin-kv/20260314T150045.329+0100/independent/23/history.edn
2026-03-14 15:01:48,353{GMT}	INFO	[clojure-agent-send-pool-4] jepsen.independent: Wrote /Users/md.sakibulislam/Desktop/KTH/Period - 3/Distributed-Systems-Advance/Battle-testing-OmniPaxos-Project/Omnipaxos-Project/store/lin-kv/20260314T150045.329+0100/independent/4/history.edn
2026-03-14 15:01:48,389{GMT}	INFO	[clojure-agent-send-pool-1] jepsen.independent: Wrote /Users/md.sakibulislam/Desktop/KTH/Period - 3/Distributed-Systems-Advance/Battle-testing-OmniPaxos-Project/Omnipaxos-Project/store/lin-kv/20260314T150045.329+0100/independent/12/results.edn
2026-03-14 15:01:48,392{GMT}	INFO	[clojure-agent-send-pool-2] jepsen.independent: Wrote /Users/md.sakibulislam/Desktop/KTH/Period - 3/Distributed-Systems-Advance/Battle-testing-OmniPaxos-Project/Omnipaxos-Project/store/lin-kv/20260314T150045.329+0100/independent/20/results.edn
2026-03-14 15:01:48,393{GMT}	INFO	[clojure-agent-send-pool-2] jepsen.independent: Wrote /Users/md.sakibulislam/Desktop/KTH/Period - 3/Distributed-Systems-Advance/Battle-testing-OmniPaxos-Project/Omnipaxos-Project/store/lin-kv/20260314T150045.329+0100/independent/20/history.edn
2026-03-14 15:01:48,395{GMT}	INFO	[clojure-agent-send-pool-1] jepsen.independent: Wrote /Users/md.sakibulislam/Desktop/KTH/Period - 3/Distributed-Systems-Advance/Battle-testing-OmniPaxos-Project/Omnipaxos-Project/store/lin-kv/20260314T150045.329+0100/independent/12/history.edn
2026-03-14 15:01:48,411{GMT}	INFO	[clojure-agent-send-pool-6] jepsen.independent: Wrote /Users/md.sakibulislam/Desktop/KTH/Period - 3/Distributed-Systems-Advance/Battle-testing-OmniPaxos-Project/Omnipaxos-Project/store/lin-kv/20260314T150045.329+0100/independent/21/results.edn
2026-03-14 15:01:48,412{GMT}	INFO	[clojure-agent-send-pool-11] jepsen.independent: Wrote /Users/md.sakibulislam/Desktop/KTH/Period - 3/Distributed-Systems-Advance/Battle-testing-OmniPaxos-Project/Omnipaxos-Project/store/lin-kv/20260314T150045.329+0100/independent/3/results.edn
2026-03-14 15:01:48,413{GMT}	INFO	[clojure-agent-send-pool-11] jepsen.independent: Wrote /Users/md.sakibulislam/Desktop/KTH/Period - 3/Distributed-Systems-Advance/Battle-testing-OmniPaxos-Project/Omnipaxos-Project/store/lin-kv/20260314T150045.329+0100/independent/3/history.edn
2026-03-14 15:01:48,418{GMT}	INFO	[clojure-agent-send-pool-6] jepsen.independent: Wrote /Users/md.sakibulislam/Desktop/KTH/Period - 3/Distributed-Systems-Advance/Battle-testing-OmniPaxos-Project/Omnipaxos-Project/store/lin-kv/20260314T150045.329+0100/independent/21/history.edn
2026-03-14 15:01:48,421{GMT}	INFO	[clojure-agent-send-pool-4] jepsen.independent: Wrote /Users/md.sakibulislam/Desktop/KTH/Period - 3/Distributed-Systems-Advance/Battle-testing-OmniPaxos-Project/Omnipaxos-Project/store/lin-kv/20260314T150045.329+0100/independent/9/results.edn
2026-03-14 15:01:48,423{GMT}	INFO	[clojure-agent-send-pool-4] jepsen.independent: Wrote /Users/md.sakibulislam/Desktop/KTH/Period - 3/Distributed-Systems-Advance/Battle-testing-OmniPaxos-Project/Omnipaxos-Project/store/lin-kv/20260314T150045.329+0100/independent/9/history.edn
2026-03-14 15:01:48,434{GMT}	INFO	[clojure-agent-send-pool-7] jepsen.independent: Wrote /Users/md.sakibulislam/Desktop/KTH/Period - 3/Distributed-Systems-Advance/Battle-testing-OmniPaxos-Project/Omnipaxos-Project/store/lin-kv/20260314T150045.329+0100/independent/13/results.edn
2026-03-14 15:01:48,435{GMT}	INFO	[clojure-agent-send-pool-0] jepsen.independent: Wrote /Users/md.sakibulislam/Desktop/KTH/Period - 3/Distributed-Systems-Advance/Battle-testing-OmniPaxos-Project/Omnipaxos-Project/store/lin-kv/20260314T150045.329+0100/independent/19/results.edn
2026-03-14 15:01:48,436{GMT}	INFO	[clojure-agent-send-pool-7] jepsen.independent: Wrote /Users/md.sakibulislam/Desktop/KTH/Period - 3/Distributed-Systems-Advance/Battle-testing-OmniPaxos-Project/Omnipaxos-Project/store/lin-kv/20260314T150045.329+0100/independent/13/history.edn
2026-03-14 15:01:48,436{GMT}	INFO	[clojure-agent-send-pool-0] jepsen.independent: Wrote /Users/md.sakibulislam/Desktop/KTH/Period - 3/Distributed-Systems-Advance/Battle-testing-OmniPaxos-Project/Omnipaxos-Project/store/lin-kv/20260314T150045.329+0100/independent/19/history.edn
2026-03-14 15:01:48,458{GMT}	INFO	[clojure-agent-send-pool-3] jepsen.independent: Wrote /Users/md.sakibulislam/Desktop/KTH/Period - 3/Distributed-Systems-Advance/Battle-testing-OmniPaxos-Project/Omnipaxos-Project/store/lin-kv/20260314T150045.329+0100/independent/1/results.edn
2026-03-14 15:01:48,458{GMT}	INFO	[clojure-agent-send-pool-3] jepsen.independent: Wrote /Users/md.sakibulislam/Desktop/KTH/Period - 3/Distributed-Systems-Advance/Battle-testing-OmniPaxos-Project/Omnipaxos-Project/store/lin-kv/20260314T150045.329+0100/independent/1/history.edn
2026-03-14 15:01:48,468{GMT}	INFO	[clojure-agent-send-pool-4] jepsen.independent: Wrote /Users/md.sakibulislam/Desktop/KTH/Period - 3/Distributed-Systems-Advance/Battle-testing-OmniPaxos-Project/Omnipaxos-Project/store/lin-kv/20260314T150045.329+0100/independent/18/results.edn
2026-03-14 15:01:48,469{GMT}	INFO	[clojure-agent-send-pool-4] jepsen.independent: Wrote /Users/md.sakibulislam/Desktop/KTH/Period - 3/Distributed-Systems-Advance/Battle-testing-OmniPaxos-Project/Omnipaxos-Project/store/lin-kv/20260314T150045.329+0100/independent/18/history.edn
2026-03-14 15:01:48,477{GMT}	INFO	[clojure-agent-send-pool-1] jepsen.independent: Wrote /Users/md.sakibulislam/Desktop/KTH/Period - 3/Distributed-Systems-Advance/Battle-testing-OmniPaxos-Project/Omnipaxos-Project/store/lin-kv/20260314T150045.329+0100/independent/5/results.edn
2026-03-14 15:01:48,478{GMT}	INFO	[clojure-agent-send-pool-1] jepsen.independent: Wrote /Users/md.sakibulislam/Desktop/KTH/Period - 3/Distributed-Systems-Advance/Battle-testing-OmniPaxos-Project/Omnipaxos-Project/store/lin-kv/20260314T150045.329+0100/independent/5/history.edn
2026-03-14 15:01:48,478{GMT}	INFO	[clojure-agent-send-pool-11] jepsen.independent: Wrote /Users/md.sakibulislam/Desktop/KTH/Period - 3/Distributed-Systems-Advance/Battle-testing-OmniPaxos-Project/Omnipaxos-Project/store/lin-kv/20260314T150045.329+0100/independent/16/results.edn
2026-03-14 15:01:48,478{GMT}	INFO	[clojure-agent-send-pool-11] jepsen.independent: Wrote /Users/md.sakibulislam/Desktop/KTH/Period - 3/Distributed-Systems-Advance/Battle-testing-OmniPaxos-Project/Omnipaxos-Project/store/lin-kv/20260314T150045.329+0100/independent/16/history.edn
2026-03-14 15:01:48,486{GMT}	INFO	[clojure-agent-send-pool-2] jepsen.independent: Wrote /Users/md.sakibulislam/Desktop/KTH/Period - 3/Distributed-Systems-Advance/Battle-testing-OmniPaxos-Project/Omnipaxos-Project/store/lin-kv/20260314T150045.329+0100/independent/14/results.edn
2026-03-14 15:01:48,487{GMT}	INFO	[clojure-agent-send-pool-2] jepsen.independent: Wrote /Users/md.sakibulislam/Desktop/KTH/Period - 3/Distributed-Systems-Advance/Battle-testing-OmniPaxos-Project/Omnipaxos-Project/store/lin-kv/20260314T150045.329+0100/independent/14/history.edn
2026-03-14 15:01:48,504{GMT}	INFO	[clojure-agent-send-pool-6] jepsen.independent: Wrote /Users/md.sakibulislam/Desktop/KTH/Period - 3/Distributed-Systems-Advance/Battle-testing-OmniPaxos-Project/Omnipaxos-Project/store/lin-kv/20260314T150045.329+0100/independent/10/results.edn
2026-03-14 15:01:48,504{GMT}	INFO	[clojure-agent-send-pool-6] jepsen.independent: Wrote /Users/md.sakibulislam/Desktop/KTH/Period - 3/Distributed-Systems-Advance/Battle-testing-OmniPaxos-Project/Omnipaxos-Project/store/lin-kv/20260314T150045.329+0100/independent/10/history.edn
2026-03-14 15:01:48,532{GMT}	INFO	[clojure-agent-send-pool-7] jepsen.independent: Wrote /Users/md.sakibulislam/Desktop/KTH/Period - 3/Distributed-Systems-Advance/Battle-testing-OmniPaxos-Project/Omnipaxos-Project/store/lin-kv/20260314T150045.329+0100/independent/8/results.edn
2026-03-14 15:01:48,537{GMT}	INFO	[clojure-agent-send-pool-7] jepsen.independent: Wrote /Users/md.sakibulislam/Desktop/KTH/Period - 3/Distributed-Systems-Advance/Battle-testing-OmniPaxos-Project/Omnipaxos-Project/store/lin-kv/20260314T150045.329+0100/independent/8/history.edn
2026-03-14 15:01:48,541{GMT}	INFO	[clojure-agent-send-pool-8] jepsen.independent: Wrote /Users/md.sakibulislam/Desktop/KTH/Period - 3/Distributed-Systems-Advance/Battle-testing-OmniPaxos-Project/Omnipaxos-Project/store/lin-kv/20260314T150045.329+0100/independent/22/results.edn
2026-03-14 15:01:48,543{GMT}	INFO	[clojure-agent-send-pool-8] jepsen.independent: Wrote /Users/md.sakibulislam/Desktop/KTH/Period - 3/Distributed-Systems-Advance/Battle-testing-OmniPaxos-Project/Omnipaxos-Project/store/lin-kv/20260314T150045.329+0100/independent/22/history.edn
2026-03-14 15:01:48,585{GMT}	INFO	[clojure-agent-send-pool-5] jepsen.independent: Wrote /Users/md.sakibulislam/Desktop/KTH/Period - 3/Distributed-Systems-Advance/Battle-testing-OmniPaxos-Project/Omnipaxos-Project/store/lin-kv/20260314T150045.329+0100/independent/11/results.edn
2026-03-14 15:01:48,586{GMT}	INFO	[clojure-agent-send-pool-5] jepsen.independent: Wrote /Users/md.sakibulislam/Desktop/KTH/Period - 3/Distributed-Systems-Advance/Battle-testing-OmniPaxos-Project/Omnipaxos-Project/store/lin-kv/20260314T150045.329+0100/independent/11/history.edn
2026-03-14 15:01:48,605{GMT}	INFO	[clojure-agent-send-pool-10] jepsen.independent: Wrote /Users/md.sakibulislam/Desktop/KTH/Period - 3/Distributed-Systems-Advance/Battle-testing-OmniPaxos-Project/Omnipaxos-Project/store/lin-kv/20260314T150045.329+0100/independent/17/results.edn
2026-03-14 15:01:48,606{GMT}	INFO	[clojure-agent-send-pool-10] jepsen.independent: Wrote /Users/md.sakibulislam/Desktop/KTH/Period - 3/Distributed-Systems-Advance/Battle-testing-OmniPaxos-Project/Omnipaxos-Project/store/lin-kv/20260314T150045.329+0100/independent/17/history.edn
2026-03-14 15:01:48,620{GMT}	INFO	[clojure-agent-send-pool-9] jepsen.independent: Wrote /Users/md.sakibulislam/Desktop/KTH/Period - 3/Distributed-Systems-Advance/Battle-testing-OmniPaxos-Project/Omnipaxos-Project/store/lin-kv/20260314T150045.329+0100/independent/2/results.edn
2026-03-14 15:01:48,621{GMT}	INFO	[clojure-agent-send-pool-9] jepsen.independent: Wrote /Users/md.sakibulislam/Desktop/KTH/Period - 3/Distributed-Systems-Advance/Battle-testing-OmniPaxos-Project/Omnipaxos-Project/store/lin-kv/20260314T150045.329+0100/independent/2/history.edn
2026-03-14 15:01:48,805{GMT}	INFO	[jepsen test runner] jepsen.core: Analysis complete
2026-03-14 15:01:48,941{GMT}	INFO	[jepsen results] jepsen.store: Wrote /Users/md.sakibulislam/Desktop/KTH/Period - 3/Distributed-Systems-Advance/Battle-testing-OmniPaxos-Project/Omnipaxos-Project/store/lin-kv/20260314T150045.329+0100/results.edn
2026-03-14 15:01:49,045{GMT}	INFO	[jepsen test runner] jepsen.core: {:perf {:latency-graph {:valid? true},
        :rate-graph {:valid? true},
        :valid? true},
 :timeline {:valid? true},
 :exceptions {:valid? true},
 :stats {:valid? true,
         :count 963,
         :ok-count 285,
         :fail-count 324,
         :info-count 354,
         :by-f {:cas {:valid? true,
                      :count 468,
                      :ok-count 39,
                      :fail-count 206,
                      :info-count 223},
                :read {:valid? true,
                       :count 242,
                       :ok-count 124,
                       :fail-count 118,
                       :info-count 0},
                :write {:valid? true,
                        :count 253,
                        :ok-count 122,
                        :fail-count 0,
                        :info-count 131}}},
 :availability {:valid? true, :ok-fraction 0.29595014},
 :net {:all {:send-count 1896,
             :recv-count 1896,
             :msg-count 1896,
             :msgs-per-op 1.9688474},
       :clients {:send-count 1896, :recv-count 1896, :msg-count 1896},
       :servers {:send-count 0,
                 :recv-count 0,
                 :msg-count 0,
                 :msgs-per-op 0.0},
       :valid? true},
 :workload {:valid? false,
            :results {0 {:linearizable {:valid? true,
                                        :model #knossos.model.CASRegister{:value 4},
                                        :final-paths (),
                                        :configs ()},
                         :timeline {:valid? true},
                         :valid? true},
                      1 {:linearizable {:valid? true,
                                        :configs ({:model #knossos.model.CASRegister{:value nil},
                                                   :last-op nil,
                                                   :pending [{:process 6,
                                                              :type :invoke,
                                                              :f :write,
                                                              :value 4,
                                                              :index 0,
                                                              :time 5669959}
                                                             {:process 7,
                                                              :type :invoke,
                                                              :f :cas,
                                                              :value [3
                                                                      0],
                                                              :index 1,
                                                              :time 28195709}
                                                             {:process 8,
                                                              :type :invoke,
                                                              :f :write,
                                                              :value 1,
                                                              :index 2,
                                                              :time 41410417}
                                                             {:process 9,
                                                              :type :invoke,
                                                              :f :write,
                                                              :value 0,
                                                              :index 4,
                                                              :time 84202750}
                                                             {:process 10,
                                                              :type :invoke,
                                                              :f :cas,
                                                              :value [3
                                                                      0],
                                                              :index 8,
                                                              :time 250252417}
                                                             {:process 11,
                                                              :type :invoke,
                                                              :f :write,
                                                              :value 2,
                                                              :index 11,
                                                              :time 395092542}
                                                             {:process 18,
                                                              :type :invoke,
                                                              :f :write,
                                                              :value 2,
                                                              :index 13,
                                                              :time 1019470000}
                                                             {:process 19,
                                                              :type :invoke,
                                                              :f :cas,
                                                              :value [3
                                                                      2],
                                                              :index 19,
                                                              :time 1133447500}
                                                             {:process 20,
                                                              :type :invoke,
                                                              :f :write,
                                                              :value 1,
                                                              :index 23,
                                                              :time 1195920459}
                                                             {:process 21,
                                                              :type :invoke,
                                                              :f :write,
                                                              :value 2,
                                                              :index 28,
                                                              :time 1306199334}
                                                             {:process 22,
                                                              :type :invoke,
                                                              :f :cas,
                                                              :value [4
                                                                      1],
                                                              :index 30,
                                                              :time 1334434459}
                                                             {:process 23,
                                                              :type :invoke,
                                                              :f :cas,
                                                              :value [4
                                                                      2],
                                                              :index 35,
                                                              :time 1441890375}
                                                             {:process 30,
                                                              :type :invoke,
                                                              :f :cas,
                                                              :value [4
                                                                      4],
                                                              :index 37,
                                                              :time 2022968625}
                                                             {:process 31,
                                                              :type :invoke,
                                                              :f :cas,
                                                              :value [2
                                                                      4],
                                                              :index 41,
                                                              :time 2139619334}
                                                             {:process 32,
                                                              :type :invoke,
                                                              :f :write,
                                                              :value 2,
                                                              :index 45,
                                                              :time 2203930375}
                                                             {:process 33,
                                                              :type :invoke,
                                                              :f :write,
                                                              :value 1,
                                                              :index 52,
                                                              :time 2344126209}
                                                             {:process 34,
                                                              :type :invoke,
                                                              :f :cas,
                                                              :value [4
                                                                      0],
                                                              :index 53,
                                                              :time 2373528959}
                                                             {:process 35,
                                                              :type :invoke,
                                                              :f :write,
                                                              :value 2,
                                                              :index 58,
                                                              :time 2459939417}
                                                             {:process 42,
                                                              :type :invoke,
                                                              :f :cas,
                                                              :value [3
                                                                      3],
                                                              :index 61,
                                                              :time 3029068750}
                                                             {:process 43,
                                                              :type :invoke,
                                                              :f :write,
                                                              :value 2,
                                                              :index 65,
                                                              :time 3141573584}]}),
                                        :final-paths ()},
                         :timeline {:valid? true},
                         :valid? true},
                      2 {:linearizable {:valid? true,
                                        :configs ({:model #knossos.model.CASRegister{:value 2},
                                                   :last-op {:process 66,
                                                             :type :ok,
                                                             :f :write,
                                                             :value 2,
                                                             :index 339,
                                                             :time 8914971917},
                                                   :pending [{:process 44,
                                                              :type :invoke,
                                                              :f :cas,
                                                              :value [3
                                                                      4],
                                                              :index 69,
                                                              :time 3251597584}
                                                             {:process 47,
                                                              :type :invoke,
                                                              :f :cas,
                                                              :value [0
                                                                      2],
                                                              :index 81,
                                                              :time 3475229834}
                                                             {:process 55,
                                                              :type :invoke,
                                                              :f :cas,
                                                              :value [4
                                                                      2],
                                                              :index 358,
                                                              :time 9459882834}
                                                             {:process 56,
                                                              :type :invoke,
                                                              :f :write,
                                                              :value 2,
                                                              :index 351,
                                                              :time 9244559125}
                                                             {:process 57,
                                                              :type :invoke,
                                                              :f :cas,
                                                              :value [4
                                                                      1],
                                                              :index 352,
                                                              :time 9282216250}
                                                             {:process 58,
                                                              :type :invoke,
                                                              :f :cas,
                                                              :value [3
                                                                      3],
                                                              :index 359,
                                                              :time 9514535625}
                                                             {:process 59,
                                                              :type :invoke,
                                                              :f :write,
                                                              :value 1,
                                                              :index 354,
                                                              :time 9357720292}
                                                             {:process 66,
                                                              :type :invoke,
                                                              :f :cas,
                                                              :value [1
                                                                      0],
                                                              :index 356,
                                                              :time 9388164084}
                                                             {:process 68,
                                                              :type :invoke,
                                                              :f :cas,
                                                              :value [0
                                                                      2],
                                                              :index 367,
                                                              :time 10286149834}
                                                             {:process 69,
                                                              :type :invoke,
                                                              :f :write,
                                                              :value 1,
                                                              :index 369,
                                                              :time 10287912917}
                                                             {:process 71,
                                                              :type :invoke,
                                                              :f :cas,
                                                              :value [3
                                                                      0],
                                                              :index 373,
                                                              :time 10358898084}
                                                             {:process 78,
                                                              :type :invoke,
                                                              :f :cas,
                                                              :value [4
                                                                      1],
                                                              :index 379,
                                                              :time 10439206000}]}
                                                  {:model #knossos.model.CASRegister{:value 2},
                                                   :last-op {:process 66,
                                                             :type :ok,
                                                             :f :write,
                                                             :value 2,
                                                             :index 339,
                                                             :time 8914971917},
                                                   :pending [{:process 44,
                                                              :type :invoke,
                                                              :f :cas,
                                                              :value [3
                                                                      4],
                                                              :index 69,
                                                              :time 3251597584}
                                                             {:process 45,
                                                              :type :invoke,
                                                              :f :write,
                                                              :value 0,
                                                              :index 75,
                                                              :time 3357546625}
                                                             {:process 46,
                                                              :type :invoke,
                                                              :f :cas,
                                                              :value [2
                                                                      1],
                                                              :index 77,
                                                              :time 3379505667}
                                                             {:process 47,
                                                              :type :invoke,
                                                              :f :cas,
                                                              :value [0
                                                                      2],
                                                              :index 81,
                                                              :time 3475229834}
                                                             {:process 55,
                                                              :type :invoke,
                                                              :f :cas,
                                                              :value [4
                                                                      2],
                                                              :index 358,
                                                              :time 9459882834}
                                                             {:process 56,
                                                              :type :invoke,
                                                              :f :write,
                                                              :value 2,
                                                              :index 351,
                                                              :time 9244559125}
                                                             {:process 57,
                                                              :type :invoke,
                                                              :f :cas,
                                                              :value [4
                                                                      1],
                                                              :index 352,
                                                              :time 9282216250}
                                                             {:process 58,
                                                              :type :invoke,
                                                              :f :cas,
                                                              :value [3
                                                                      3],
                                                              :index 359,
                                                              :time 9514535625}
                                                             {:process 59,
                                                              :type :invoke,
                                                              :f :write,
                                                              :value 1,
                                                              :index 354,
                                                              :time 9357720292}
                                                             {:process 66,
                                                              :type :invoke,
                                                              :f :cas,
                                                              :value [1
                                                                      0],
                                                              :index 356,
                                                              :time 9388164084}
                                                             {:process 68,
                                                              :type :invoke,
                                                              :f :cas,
                                                              :value [0
                                                                      2],
                                                              :index 367,
                                                              :time 10286149834}
                                                             {:process 69,
                                                              :type :invoke,
                                                              :f :write,
                                                              :value 1,
                                                              :index 369,
                                                              :time 10287912917}
                                                             {:process 71,
                                                              :type :invoke,
                                                              :f :cas,
                                                              :value [3
                                                                      0],
                                                              :index 373,
                                                              :time 10358898084}
                                                             {:process 78,
                                                              :type :invoke,
                                                              :f :cas,
                                                              :value [4
                                                                      1],
                                                              :index 379,
                                                              :time 10439206000}]}
                                                  {:model #knossos.model.CASRegister{:value 2},
                                                   :last-op {:process 66,
                                                             :type :ok,
                                                             :f :write,
                                                             :value 2,
                                                             :index 339,
                                                             :time 8914971917},
                                                   :pending [{:process 45,
                                                              :type :invoke,
                                                              :f :write,
                                                              :value 0,
                                                              :index 75,
                                                              :time 3357546625}
                                                             {:process 46,
                                                              :type :invoke,
                                                              :f :cas,
                                                              :value [2
                                                                      1],
                                                              :index 77,
                                                              :time 3379505667}
                                                             {:process 55,
                                                              :type :invoke,
                                                              :f :cas,
                                                              :value [4
                                                                      2],
                                                              :index 358,
                                                              :time 9459882834}
                                                             {:process 56,
                                                              :type :invoke,
                                                              :f :write,
                                                              :value 2,
                                                              :index 351,
                                                              :time 9244559125}
                                                             {:process 57,
                                                              :type :invoke,
                                                              :f :cas,
                                                              :value [4
                                                                      1],
                                                              :index 352,
                                                              :time 9282216250}
                                                             {:process 58,
                                                              :type :invoke,
                                                              :f :cas,
                                                              :value [3
                                                                      3],
                                                              :index 359,
                                                              :time 9514535625}
                                                             {:process 59,
                                                              :type :invoke,
                                                              :f :write,
                                                              :value 1,
                                                              :index 354,
                                                              :time 9357720292}
                                                             {:process 66,
                                                              :type :invoke,
                                                              :f :cas,
                                                              :value [1
                                                                      0],
                                                              :index 356,
                                                              :time 9388164084}
                                                             {:process 68,
                                                              :type :invoke,
                                                              :f :cas,
                                                              :value [0
                                                                      2],
                                                              :index 367,
                                                              :time 10286149834}
                                                             {:process 69,
                                                              :type :invoke,
                                                              :f :write,
                                                              :value 1,
                                                              :index 369,
                                                              :time 10287912917}
                                                             {:process 71,
                                                              :type :invoke,
                                                              :f :cas,
                                                              :value [3
                                                                      0],
                                                              :index 373,
                                                              :time 10358898084}
                                                             {:process 78,
                                                              :type :invoke,
                                                              :f :cas,
                                                              :value [4
                                                                      1],
                                                              :index 379,
                                                              :time 10439206000}]}
                                                  {:model #knossos.model.CASRegister{:value 2},
                                                   :last-op {:process 66,
                                                             :type :ok,
                                                             :f :write,
                                                             :value 2,
                                                             :index 339,
                                                             :time 8914971917},
                                                   :pending [{:process 54,
                                                              :type :invoke,
                                                              :f :cas,
                                                              :value [2
                                                                      2],
                                                              :index 85,
                                                              :time 4034723250}
                                                             {:process 55,
                                                              :type :invoke,
                                                              :f :cas,
                                                              :value [4
                                                                      2],
                                                              :index 358,
                                                              :time 9459882834}
                                                             {:process 56,
                                                              :type :invoke,
                                                              :f :write,
                                                              :value 2,
                                                              :index 351,
                                                              :time 9244559125}
                                                             {:process 57,
                                                              :type :invoke,
                                                              :f :cas,
                                                              :value [4
                                                                      1],
                                                              :index 352,
                                                              :time 9282216250}
                                                             {:process 58,
                                                              :type :invoke,
                                                              :f :cas,
                                                              :value [3
                                                                      3],
                                                              :index 359,
                                                              :time 9514535625}
                                                             {:process 59,
                                                              :type :invoke,
                                                              :f :write,
                                                              :value 1,
                                                              :index 354,
                                                              :time 9357720292}
                                                             {:process 66,
                                                              :type :invoke,
                                                              :f :cas,
                                                              :value [1
                                                                      0],
                                                              :index 356,
                                                              :time 9388164084}
                                                             {:process 68,
                                                              :type :invoke,
                                                              :f :cas,
                                                              :value [0
                                                                      2],
                                                              :index 367,
                                                              :time 10286149834}
                                                             {:process 69,
                                                              :type :invoke,
                                                              :f :write,
                                                              :value 1,
                                                              :index 369,
                                                              :time 10287912917}
                                                             {:process 71,
                                                              :type :invoke,
                                                              :f :cas,
                                                              :value [3
                                                                      0],
                                                              :index 373,
                                                              :time 10358898084}
                                                             {:process 78,
                                                              :type :invoke,
                                                              :f :cas,
                                                              :value [4
                                                                      1],
                                                              :index 379,
                                                              :time 10439206000}]}
                                                  {:model #knossos.model.CASRegister{:value 2},
                                                   :last-op {:process 66,
                                                             :type :ok,
                                                             :f :write,
                                                             :value 2,
                                                             :index 339,
                                                             :time 8914971917},
                                                   :pending [{:process 44,
                                                              :type :invoke,
                                                              :f :cas,
                                                              :value [3
                                                                      4],
                                                              :index 69,
                                                              :time 3251597584}
                                                             {:process 46,
                                                              :type :invoke,
                                                              :f :cas,
                                                              :value [2
                                                                      1],
                                                              :index 77,
                                                              :time 3379505667}
                                                             {:process 47,
                                                              :type :invoke,
                                                              :f :cas,
                                                              :value [0
                                                                      2],
                                                              :index 81,
                                                              :time 3475229834}
                                                             {:process 55,
                                                              :type :invoke,
                                                              :f :cas,
                                                              :value [4
                                                                      2],
                                                              :index 358,
                                                              :time 9459882834}
                                                             {:process 56,
                                                              :type :invoke,
                                                              :f :write,
                                                              :value 2,
                                                              :index 351,
                                                              :time 9244559125}
                                                             {:process 57,
                                                              :type :invoke,
                                                              :f :cas,
                                                              :value [4
                                                                      1],
                                                              :index 352,
                                                              :time 9282216250}
                                                             {:process 58,
                                                              :type :invoke,
                                                              :f :cas,
                                                              :value [3
                                                                      3],
                                                              :index 359,
                                                              :time 9514535625}
                                                             {:process 59,
                                                              :type :invoke,
                                                              :f :write,
                                                              :value 1,
                                                              :index 354,
                                                              :time 9357720292}
                                                             {:process 66,
                                                              :type :invoke,
                                                              :f :cas,
                                                              :value [1
                                                                      0],
                                                              :index 356,
                                                              :time 9388164084}
                                                             {:process 68,
                                                              :type :invoke,
                                                              :f :cas,
                                                              :value [0
                                                                      2],
                                                              :index 367,
                                                              :time 10286149834}
                                                             {:process 69,
                                                              :type :invoke,
                                                              :f :write,
                                                              :value 1,
                                                              :index 369,
                                                              :time 10287912917}
                                                             {:process 71,
                                                              :type :invoke,
                                                              :f :cas,
                                                              :value [3
                                                                      0],
                                                              :index 373,
                                                              :time 10358898084}
                                                             {:process 78,
                                                              :type :invoke,
                                                              :f :cas,
                                                              :value [4
                                                                      1],
                                                              :index 379,
                                                              :time 10439206000}]}
                                                  {:model #knossos.model.CASRegister{:value 2},
                                                   :last-op {:process 66,
                                                             :type :ok,
                                                             :f :write,
                                                             :value 2,
                                                             :index 339,
                                                             :time 8914971917},
                                                   :pending [{:process 44,
                                                              :type :invoke,
                                                              :f :cas,
                                                              :value [3
                                                                      4],
                                                              :index 69,
                                                              :time 3251597584}
                                                             {:process 45,
                                                              :type :invoke,
                                                              :f :write,
                                                              :value 0,
                                                              :index 75,
                                                              :time 3357546625}
                                                             {:process 47,
                                                              :type :invoke,
                                                              :f :cas,
                                                              :value [0
                                                                      2],
                                                              :index 81,
                                                              :time 3475229834}
                                                             {:process 55,
                                                              :type :invoke,
                                                              :f :cas,
                                                              :value [4
                                                                      2],
                                                              :index 358,
                                                              :time 9459882834}
                                                             {:process 56,
                                                              :type :invoke,
                                                              :f :write,
                                                              :value 2,
                                                              :index 351,
                                                              :time 9244559125}
                                                             {:process 57,
                                                              :type :invoke,
                                                              :f :cas,
                                                              :value [4
                                                                      1],
                                                              :index 352,
                                                              :time 9282216250}
                                                             {:process 58,
                                                              :type :invoke,
                                                              :f :cas,
                                                              :value [3
                                                                      3],
                                                              :index 359,
                                                              :time 9514535625}
                                                             {:process 59,
                                                              :type :invoke,
                                                              :f :write,
                                                              :value 1,
                                                              :index 354,
                                                              :time 9357720292}
                                                             {:process 66,
                                                              :type :invoke,
                                                              :f :cas,
                                                              :value [1
                                                                      0],
                                                              :index 356,
                                                              :time 9388164084}
                                                             {:process 68,
                                                              :type :invoke,
                                                              :f :cas,
                                                              :value [0
                                                                      2],
                                                              :index 367,
                                                              :time 10286149834}
                                                             {:process 69,
                                                              :type :invoke,
                                                              :f :write,
                                                              :value 1,
                                                              :index 369,
                                                              :time 10287912917}
                                                             {:process 71,
                                                              :type :invoke,
                                                              :f :cas,
                                                              :value [3
                                                                      0],
                                                              :index 373,
                                                              :time 10358898084}
                                                             {:process 78,
                                                              :type :invoke,
                                                              :f :cas,
                                                              :value [4
                                                                      1],
                                                              :index 379,
                                                              :time 10439206000}]}
                                                  {:model #knossos.model.CASRegister{:value 2},
                                                   :last-op {:process 66,
                                                             :type :ok,
                                                             :f :write,
                                                             :value 2,
                                                             :index 339,
                                                             :time 8914971917},
                                                   :pending [{:process 44,
                                                              :type :invoke,
                                                              :f :cas,
                                                              :value [3
                                                                      4],
                                                              :index 69,
                                                              :time 3251597584}
                                                             {:process 45,
                                                              :type :invoke,
                                                              :f :write,
                                                              :value 0,
                                                              :index 75,
                                                              :time 3357546625}
                                                             {:process 54,
                                                              :type :invoke,
                                                              :f :cas,
                                                              :value [2
                                                                      2],
                                                              :index 85,
                                                              :time 4034723250}
                                                             {:process 55,
                                                              :type :invoke,
                                                              :f :cas,
                                                              :value [4
                                                                      2],
                                                              :index 358,
                                                              :time 9459882834}
                                                             {:process 56,
                                                              :type :invoke,
                                                              :f :write,
                                                              :value 2,
                                                              :index 351,
                                                              :time 9244559125}
                                                             {:process 57,
                                                              :type :invoke,
                                                              :f :cas,
                                                              :value [4
                                                                      1],
                                                              :index 352,
                                                              :time 9282216250}
                                                             {:process 58,
                                                              :type :invoke,
                                                              :f :cas,
                                                              :value [3
                                                                      3],
                                                              :index 359,
                                                              :time 9514535625}
                                                             {:process 59,
                                                              :type :invoke,
                                                              :f :write,
                                                              :value 1,
                                                              :index 354,
                                                              :time 9357720292}
                                                             {:process 66,
                                                              :type :invoke,
                                                              :f :cas,
                                                              :value [1
                                                                      0],
                                                              :index 356,
                                                              :time 9388164084}
                                                             {:process 68,
                                                              :type :invoke,
                                                              :f :cas,
                                                              :value [0
                                                                      2],
                                                              :index 367,
                                                              :time 10286149834}
                                                             {:process 69,
                                                              :type :invoke,
                                                              :f :write,
                                                              :value 1,
                                                              :index 369,
                                                              :time 10287912917}
                                                             {:process 71,
                                                              :type :invoke,
                                                              :f :cas,
                                                              :value [3
                                                                      0],
                                                              :index 373,
                                                              :time 10358898084}
                                                             {:process 78,
                                                              :type :invoke,
                                                              :f :cas,
                                                              :value [4
                                                                      1],
                                                              :index 379,
                                                              :time 10439206000}]}
                                                  {:model #knossos.model.CASRegister{:value 2},
                                                   :last-op {:process 66,
                                                             :type :ok,
                                                             :f :write,
                                                             :value 2,
                                                             :index 339,
                                                             :time 8914971917},
                                                   :pending [{:process 44,
                                                              :type :invoke,
                                                              :f :cas,
                                                              :value [3
                                                                      4],
                                                              :index 69,
                                                              :time 3251597584}
                                                             {:process 45,
                                                              :type :invoke,
                                                              :f :write,
                                                              :value 0,
                                                              :index 75,
                                                              :time 3357546625}
                                                             {:process 46,
                                                              :type :invoke,
                                                              :f :cas,
                                                              :value [2
                                                                      1],
                                                              :index 77,
                                                              :time 3379505667}
                                                             {:process 54,
                                                              :type :invoke,
                                                              :f :cas,
                                                              :value [2
                                                                      2],
                                                              :index 85,
                                                              :time 4034723250}
                                                             {:process 55,
                                                              :type :invoke,
                                                              :f :cas,
                                                              :value [4
                                                                      2],
                                                              :index 358,
                                                              :time 9459882834}
                                                             {:process 56,
                                                              :type :invoke,
                                                              :f :write,
                                                              :value 2,
                                                              :index 351,
                                                              :time 9244559125}
                                                             {:process 57,
                                                              :type :invoke,
                                                              :f :cas,
                                                              :value [4
                                                                      1],
                                                              :index 352,
                                                              :time 9282216250}
                                                             {:process 58,
                                                              :type :invoke,
                                                              :f :cas,
                                                              :value [3
                                                                      3],
                                                              :index 359,
                                                              :time 9514535625}
                                                             {:process 59,
                                                              :type :invoke,
                                                              :f :write,
                                                              :value 1,
                                                              :index 354,
                                                              :time 9357720292}
                                                             {:process 66,
                                                              :type :invoke,
                                                              :f :cas,
                                                              :value [1
                                                                      0],
                                                              :index 356,
                                                              :time 9388164084}
                                                             {:process 68,
                                                              :type :invoke,
                                                              :f :cas,
                                                              :value [0
                                                                      2],
                                                              :index 367,
                                                              :time 10286149834}
                                                             {:process 69,
                                                              :type :invoke,
                                                              :f :write,
                                                              :value 1,
                                                              :index 369,
                                                              :time 10287912917}
                                                             {:process 71,
                                                              :type :invoke,
                                                              :f :cas,
                                                              :value [3
                                                                      0],
                                                              :index 373,
                                                              :time 10358898084}
                                                             {:process 78,
                                                              :type :invoke,
                                                              :f :cas,
                                                              :value [4
                                                                      1],
                                                              :index 379,
                                                              :time 10439206000}]}
                                                  {:model #knossos.model.CASRegister{:value 2},
                                                   :last-op {:process 66,
                                                             :type :ok,
                                                             :f :write,
                                                             :value 2,
                                                             :index 339,
                                                             :time 8914971917},
                                                   :pending [{:process 44,
                                                              :type :invoke,
                                                              :f :cas,
                                                              :value [3
                                                                      4],
                                                              :index 69,
                                                              :time 3251597584}
                                                             {:process 46,
                                                              :type :invoke,
                                                              :f :cas,
                                                              :value [2
                                                                      1],
                                                              :index 77,
                                                              :time 3379505667}
                                                             {:process 54,
                                                              :type :invoke,
                                                              :f :cas,
                                                              :value [2
                                                                      2],
                                                              :index 85,
                                                              :time 4034723250}
                                                             {:process 55,
                                                              :type :invoke,
                                                              :f :cas,
                                                              :value [4
                                                                      2],
                                                              :index 358,
                                                              :time 9459882834}
                                                             {:process 56,
                                                              :type :invoke,
                                                              :f :write,
                                                              :value 2,
                                                              :index 351,
                                                              :time 9244559125}
                                                             {:process 57,
                                                              :type :invoke,
                                                              :f :cas,
                                                              :value [4
                                                                      1],
                                                              :index 352,
                                                              :time 9282216250}
                                                             {:process 58,
                                                              :type :invoke,
                                                              :f :cas,
                                                              :value [3
                                                                      3],
                                                              :index 359,
                                                              :time 9514535625}
                                                             {:process 59,
                                                              :type :invoke,
                                                              :f :write,
                                                              :value 1,
                                                              :index 354,
                                                              :time 9357720292}
                                                             {:process 66,
                                                              :type :invoke,
                                                              :f :cas,
                                                              :value [1
                                                                      0],
                                                              :index 356,
                                                              :time 9388164084}
                                                             {:process 68,
                                                              :type :invoke,
                                                              :f :cas,
                                                              :value [0
                                                                      2],
                                                              :index 367,
                                                              :time 10286149834}
                                                             {:process 69,
                                                              :type :invoke,
                                                              :f :write,
                                                              :value 1,
                                                              :index 369,
                                                              :time 10287912917}
                                                             {:process 71,
                                                              :type :invoke,
                                                              :f :cas,
                                                              :value [3
                                                                      0],
                                                              :index 373,
                                                              :time 10358898084}
                                                             {:process 78,
                                                              :type :invoke,
                                                              :f :cas,
                                                              :value [4
                                                                      1],
                                                              :index 379,
                                                              :time 10439206000}]}
                                                  {:model #knossos.model.CASRegister{:value 2},
                                                   :last-op {:process 66,
                                                             :type :ok,
                                                             :f :write,
                                                             :value 2,
                                                             :index 339,
                                                             :time 8914971917},
                                                   :pending [{:process 44,
                                                              :type :invoke,
                                                              :f :cas,
                                                              :value [3
                                                                      4],
                                                              :index 69,
                                                              :time 3251597584}
                                                             {:process 55,
                                                              :type :invoke,
                                                              :f :cas,
                                                              :value [4
                                                                      2],
                                                              :index 358,
                                                              :time 9459882834}
                                                             {:process 56,
                                                              :type :invoke,
                                                              :f :write,
                                                              :value 2,
                                                              :index 351,
                                                              :time 9244559125}
                                                             {:process 57,
                                                              :type :invoke,
                                                              :f :cas,
                                                              :value [4
                                                                      1],
                                                              :index 352,
                                                              :time 9282216250}
                                                             {:process 58,
                                                              :type :invoke,
                                                              :f :cas,
                                                              :value [3
                                                                      3],
                                                              :index 359,
                                                              :time 9514535625}
                                                             {:process 59,
                                                              :type :invoke,
                                                              :f :write,
                                                              :value 1,
                                                              :index 354,
                                                              :time 9357720292}
                                                             {:process 66,
                                                              :type :invoke,
                                                              :f :cas,
                                                              :value [1
                                                                      0],
                                                              :index 356,
                                                              :time 9388164084}
                                                             {:process 68,
                                                              :type :invoke,
                                                              :f :cas,
                                                              :value [0
                                                                      2],
                                                              :index 367,
                                                              :time 10286149834}
                                                             {:process 69,
                                                              :type :invoke,
                                                              :f :write,
                                                              :value 1,
                                                              :index 369,
                                                              :time 10287912917}
                                                             {:process 71,
                                                              :type :invoke,
                                                              :f :cas,
                                                              :value [3
                                                                      0],
                                                              :index 373,
                                                              :time 10358898084}
                                                             {:process 78,
                                                              :type :invoke,
                                                              :f :cas,
                                                              :value [4
                                                                      1],
                                                              :index 379,
                                                              :time 10439206000}]}),
                                        :final-paths ()},
                         :timeline {:valid? true},
                         :valid? true},
                      3 {:linearizable {:valid? true,
                                        :configs ({:model #knossos.model.CASRegister{:value nil},
                                                   :last-op nil,
                                                   :pending [{:process 64,
                                                              :type :invoke,
                                                              :f :cas,
                                                              :value [4
                                                                      4],
                                                              :index 371,
                                                              :time 10321645875}
                                                             {:process 65,
                                                              :type :invoke,
                                                              :f :cas,
                                                              :value [1
                                                                      2],
                                                              :index 378,
                                                              :time 10438611417}
                                                             {:process 76,
                                                              :type :invoke,
                                                              :f :cas,
                                                              :value [0
                                                                      0],
                                                              :index 395,
                                                              :time 11362686959}
                                                             {:process 77,
                                                              :type :invoke,
                                                              :f :write,
                                                              :value 1,
                                                              :index 402,
                                                              :time 11444275959}
                                                             {:process 87,
                                                              :type :invoke,
                                                              :f :write,
                                                              :value 0,
                                                              :index 389,
                                                              :time 11240400500}
                                                             {:process 88,
                                                              :type :invoke,
                                                              :f :write,
                                                              :value 4,
                                                              :index 419,
                                                              :time 12365481917}
                                                             {:process 89,
                                                              :type :invoke,
                                                              :f :cas,
                                                              :value [0
                                                                      0],
                                                              :index 425,
                                                              :time 12459358959}
                                                             {:process 99,
                                                              :type :invoke,
                                                              :f :cas,
                                                              :value [0
                                                                      0],
                                                              :index 413,
                                                              :time 12250569792}
                                                             {:process 100,
                                                              :type :invoke,
                                                              :f :cas,
                                                              :value [1
                                                                      3],
                                                              :index 444,
                                                              :time 13436418875}
                                                             {:process 101,
                                                              :type :invoke,
                                                              :f :write,
                                                              :value 3,
                                                              :index 449,
                                                              :time 13502372792}
                                                             {:process 111,
                                                              :type :invoke,
                                                              :f :write,
                                                              :value 3,
                                                              :index 437,
                                                              :time 13255390834}
                                                             {:process 112,
                                                              :type :invoke,
                                                              :f :cas,
                                                              :value [1
                                                                      0],
                                                              :index 467,
                                                              :time 14442016000}
                                                             {:process 113,
                                                              :type :invoke,
                                                              :f :cas,
                                                              :value [2
                                                                      4],
                                                              :index 472,
                                                              :time 14526043250}
                                                             {:process 123,
                                                              :type :invoke,
                                                              :f :cas,
                                                              :value [4
                                                                      2],
                                                              :index 461,
                                                              :time 14256181125}
                                                             {:process 135,
                                                              :type :invoke,
                                                              :f :cas,
                                                              :value [2
                                                                      3],
                                                              :index 485,
                                                              :time 15260995167}]}),
                                        :final-paths ()},
                         :timeline {:valid? true},
                         :valid? true},
                      4 {:linearizable {:valid? true,
                                        :configs ({:model #knossos.model.CASRegister{:value nil},
                                                   :last-op nil,
                                                   :pending [{:process 67,
                                                              :type :invoke,
                                                              :f :write,
                                                              :value 1,
                                                              :index 381,
                                                              :time 10467348375}
                                                             {:process 70,
                                                              :type :invoke,
                                                              :f :cas,
                                                              :value [1
                                                                      2],
                                                              :index 383,
                                                              :time 10520665417}
                                                             {:process 79,
                                                              :type :invoke,
                                                              :f :cas,
                                                              :value [4
                                                                      3],
                                                              :index 406,
                                                              :time 11527113167}
                                                             {:process 80,
                                                              :type :invoke,
                                                              :f :cas,
                                                              :value [1
                                                                      1],
                                                              :index 391,
                                                              :time 11291571084}
                                                             {:process 81,
                                                              :type :invoke,
                                                              :f :write,
                                                              :value 4,
                                                              :index 394,
                                                              :time 11338670584}
                                                             {:process 82,
                                                              :type :invoke,
                                                              :f :write,
                                                              :value 0,
                                                              :index 407,
                                                              :time 11553572042}
                                                             {:process 83,
                                                              :type :invoke,
                                                              :f :cas,
                                                              :value [3
                                                                      1],
                                                              :index 397,
                                                              :time 11393807250}
                                                             {:process 90,
                                                              :type :invoke,
                                                              :f :write,
                                                              :value 4,
                                                              :index 404,
                                                              :time 11472774209}
                                                             {:process 91,
                                                              :type :invoke,
                                                              :f :cas,
                                                              :value [4
                                                                      3],
                                                              :index 429,
                                                              :time 12545236834}
                                                             {:process 92,
                                                              :type :invoke,
                                                              :f :cas,
                                                              :value [0
                                                                      3],
                                                              :index 415,
                                                              :time 12296906542}
                                                             {:process 93,
                                                              :type :invoke,
                                                              :f :cas,
                                                              :value [0
                                                                      2],
                                                              :index 417,
                                                              :time 12344041417}
                                                             {:process 94,
                                                              :type :invoke,
                                                              :f :cas,
                                                              :value [2
                                                                      2],
                                                              :index 431,
                                                              :time 12576910125}
                                                             {:process 95,
                                                              :type :invoke,
                                                              :f :cas,
                                                              :value [0
                                                                      2],
                                                              :index 423,
                                                              :time 12444133750}
                                                             {:process 102,
                                                              :type :invoke,
                                                              :f :cas,
                                                              :value [4
                                                                      3],
                                                              :index 427,
                                                              :time 12482506834}
                                                             {:process 104,
                                                              :type :invoke,
                                                              :f :cas,
                                                              :value [0
                                                                      3],
                                                              :index 439,
                                                              :time 13322035542}]}),
                                        :final-paths ()},
                         :timeline {:valid? true},
                         :valid? true},
                      5 {:linearizable {:valid? true,
                                        :configs ({:model #knossos.model.CASRegister{:value nil},
                                                   :last-op nil,
                                                   :pending [{:process 103,
                                                              :type :invoke,
                                                              :f :cas,
                                                              :value [3
                                                                      0],
                                                              :index 454,
                                                              :time 13585164834}
                                                             {:process 105,
                                                              :type :invoke,
                                                              :f :cas,
                                                              :value [1
                                                                      1],
                                                              :index 442,
                                                              :time 13369155500}
                                                             {:process 106,
                                                              :type :invoke,
                                                              :f :cas,
                                                              :value [0
                                                                      4],
                                                              :index 455,
                                                              :time 13628712334}
                                                             {:process 107,
                                                              :type :invoke,
                                                              :f :write,
                                                              :value 1,
                                                              :index 450,
                                                              :time 13516156250}
                                                             {:process 114,
                                                              :type :invoke,
                                                              :f :cas,
                                                              :value [3
                                                                      1],
                                                              :index 452,
                                                              :time 13561911292}
                                                             {:process 115,
                                                              :type :invoke,
                                                              :f :write,
                                                              :value 3,
                                                              :index 477,
                                                              :time 14609778709}
                                                             {:process 116,
                                                              :type :invoke,
                                                              :f :cas,
                                                              :value [0
                                                                      1],
                                                              :index 463,
                                                              :time 14328192917}
                                                             {:process 117,
                                                              :type :invoke,
                                                              :f :cas,
                                                              :value [2
                                                                      1],
                                                              :index 465,
                                                              :time 14374459250}
                                                             {:process 118,
                                                              :type :invoke,
                                                              :f :cas,
                                                              :value [0
                                                                      0],
                                                              :index 479,
                                                              :time 14631863375}
                                                             {:process 119,
                                                              :type :invoke,
                                                              :f :cas,
                                                              :value [1
                                                                      1],
                                                              :index 473,
                                                              :time 14540335875}
                                                             {:process 126,
                                                              :type :invoke,
                                                              :f :write,
                                                              :value 1,
                                                              :index 475,
                                                              :time 14564719750}
                                                             {:process 128,
                                                              :type :invoke,
                                                              :f :cas,
                                                              :value [2
                                                                      2],
                                                              :index 487,
                                                              :time 15333069875}
                                                             {:process 129,
                                                              :type :invoke,
                                                              :f :cas,
                                                              :value [2
                                                                      3],
                                                              :index 489,
                                                              :time 15403766542}
                                                             {:process 131,
                                                              :type :invoke,
                                                              :f :write,
                                                              :value 4,
                                                              :index 496,
                                                              :time 15569000375}
                                                             {:process 138,
                                                              :type :invoke,
                                                              :f :cas,
                                                              :value [4
                                                                      2],
                                                              :index 498,
                                                              :time 15571722459}]}),
                                        :final-paths ()},
                         :timeline {:valid? true},
                         :valid? true},
                      6 {:linearizable {:valid? true,
                                        :model #knossos.model.CASRegister{:value 3},
                                        :final-paths (),
                                        :configs ()},
                         :timeline {:valid? true},
                         :valid? true},
                      7 {:linearizable {:valid? true,
                                        :model #knossos.model.CASRegister{:value 3},
                                        :final-paths (),
                                        :configs ()},
                         :timeline {:valid? true},
                         :valid? true},
                      8 {:linearizable {:valid? true,
                                        :configs ({:model #knossos.model.CASRegister{:value 4},
                                                   :last-op {:process 164,
                                                             :type :ok,
                                                             :f :cas,
                                                             :value [4
                                                                     4],
                                                             :index 693,
                                                             :time 21072220792},
                                                   :pending [{:process 163,
                                                              :type :invoke,
                                                              :f :cas,
                                                              :value [1
                                                                      3],
                                                              :index 702,
                                                              :time 21411180292}
                                                             {:process 164,
                                                              :type :invoke,
                                                              :f :cas,
                                                              :value [4
                                                                      1],
                                                              :index 703,
                                                              :time 21419087625}
                                                             {:process 165,
                                                              :type :invoke,
                                                              :f :cas,
                                                              :value [2
                                                                      3],
                                                              :index 704,
                                                              :time 21475257959}
                                                             {:process 166,
                                                              :type :invoke,
                                                              :f :cas,
                                                              :value [4
                                                                      0],
                                                              :index 695,
                                                              :time 21167469459}
                                                             {:process 167,
                                                              :type :invoke,
                                                              :f :write,
                                                              :value 1,
                                                              :index 705,
                                                              :time 21486891000}
                                                             {:process 174,
                                                              :type :invoke,
                                                              :f :cas,
                                                              :value [4
                                                                      2],
                                                              :index 701,
                                                              :time 21374842292}
                                                             {:process 175,
                                                              :type :invoke,
                                                              :f :write,
                                                              :value 0,
                                                              :index 726,
                                                              :time 22533077709}
                                                             {:process 176,
                                                              :type :invoke,
                                                              :f :cas,
                                                              :value [3
                                                                      1],
                                                              :index 727,
                                                              :time 22563588375}
                                                             {:process 177,
                                                              :type :invoke,
                                                              :f :write,
                                                              :value 1,
                                                              :index 728,
                                                              :time 22576911542}
                                                             {:process 178,
                                                              :type :invoke,
                                                              :f :cas,
                                                              :value [0
                                                                      2],
                                                              :index 709,
                                                              :time 22168805084}
                                                             {:process 179,
                                                              :type :invoke,
                                                              :f :cas,
                                                              :value [2
                                                                      3],
                                                              :index 729,
                                                              :time 22628006834}
                                                             {:process 186,
                                                              :type :invoke,
                                                              :f :cas,
                                                              :value [4
                                                                      2],
                                                              :index 724,
                                                              :time 22480560875}
                                                             {:process 187,
                                                              :type :invoke,
                                                              :f :cas,
                                                              :value [3
                                                                      1],
                                                              :index 747,
                                                              :time 23538165250}
                                                             {:process 188,
                                                              :type :invoke,
                                                              :f :write,
                                                              :value 0,
                                                              :index 749,
                                                              :time 23568636417}
                                                             {:process 190,
                                                              :type :invoke,
                                                              :f :cas,
                                                              :value [1
                                                                      1],
                                                              :index 733,
                                                              :time 23196773417}
                                                             {:process 198,
                                                              :type :invoke,
                                                              :f :write,
                                                              :value 3,
                                                              :index 745,
                                                              :time 23485554250}]}),
                                        :final-paths ()},
                         :timeline {:valid? true},
                         :valid? true},
                      9 {:linearizable {:valid? true,
                                        :model #knossos.model.CASRegister{:value 2},
                                        :final-paths (),
                                        :configs ()},
                         :timeline {:valid? true},
                         :valid? true},
                      10 {:linearizable {:valid? true,
                                         :configs ({:model #knossos.model.CASRegister{:value nil},
                                                    :last-op nil,
                                                    :pending [{:process 189,
                                                               :type :invoke,
                                                               :f :write,
                                                               :value 4,
                                                               :index 752,
                                                               :time 23635256209}
                                                              {:process 191,
                                                               :type :invoke,
                                                               :f :write,
                                                               :value 2,
                                                               :index 753,
                                                               :time 23686874292}
                                                              {:process 199,
                                                               :type :invoke,
                                                               :f :write,
                                                               :value 1,
                                                               :index 771,
                                                               :time 24539832000}
                                                              {:process 200,
                                                               :type :invoke,
                                                               :f :cas,
                                                               :value [2
                                                                       3],
                                                               :index 773,
                                                               :time 24573474625}
                                                              {:process 201,
                                                               :type :invoke,
                                                               :f :cas,
                                                               :value [2
                                                                       0],
                                                               :index 775,
                                                               :time 24638834625}
                                                              {:process 202,
                                                               :type :invoke,
                                                               :f :cas,
                                                               :value [3
                                                                       3],
                                                               :index 757,
                                                               :time 24201792709}
                                                              {:process 203,
                                                               :type :invoke,
                                                               :f :write,
                                                               :value 4,
                                                               :index 777,
                                                               :time 24690311417}
                                                              {:process 210,
                                                               :type :invoke,
                                                               :f :write,
                                                               :value 0,
                                                               :index 769,
                                                               :time 24490711375}
                                                              {:process 211,
                                                               :type :invoke,
                                                               :f :write,
                                                               :value 1,
                                                               :index 795,
                                                               :time 25555513542}
                                                              {:process 212,
                                                               :type :invoke,
                                                               :f :write,
                                                               :value 0,
                                                               :index 797,
                                                               :time 25594391334}
                                                              {:process 213,
                                                               :type :invoke,
                                                               :f :write,
                                                               :value 2,
                                                               :index 799,
                                                               :time 25638831334}
                                                              {:process 214,
                                                               :type :invoke,
                                                               :f :cas,
                                                               :value [1
                                                                       4],
                                                               :index 781,
                                                               :time 25202085125}
                                                              {:process 215,
                                                               :type :invoke,
                                                               :f :write,
                                                               :value 2,
                                                               :index 801,
                                                               :time 25694856834}
                                                              {:process 222,
                                                               :type :invoke,
                                                               :f :write,
                                                               :value 4,
                                                               :index 793,
                                                               :time 25508081042}
                                                              {:process 226,
                                                               :type :invoke,
                                                               :f :write,
                                                               :value 2,
                                                               :index 805,
                                                               :time 26206750667}
                                                              {:process 234,
                                                               :type :invoke,
                                                               :f :cas,
                                                               :value [1
                                                                       3],
                                                               :index 817,
                                                               :time 26520264959}]}),
                                         :final-paths ()},
                          :timeline {:valid? true},
                          :valid? true},
                      11 {:linearizable {:valid? true,
                                         :configs ({:model #knossos.model.CASRegister{:value 1},
                                                    :last-op {:process 247,
                                                              :type :ok,
                                                              :f :write,
                                                              :value 1,
                                                              :index 886,
                                                              :time 29164494167},
                                                    :pending [{:process 224,
                                                               :type :invoke,
                                                               :f :cas,
                                                               :value [1
                                                                       0],
                                                               :index 821,
                                                               :time 26599234250}
                                                              {:process 225,
                                                               :type :invoke,
                                                               :f :cas,
                                                               :value [0
                                                                       3],
                                                               :index 823,
                                                               :time 26643543417}
                                                              {:process 236,
                                                               :type :invoke,
                                                               :f :cas,
                                                               :value [1
                                                                       3],
                                                               :index 845,
                                                               :time 27604588792}
                                                              {:process 237,
                                                               :type :invoke,
                                                               :f :cas,
                                                               :value [0
                                                                       1],
                                                               :index 847,
                                                               :time 27648701250}
                                                              {:process 238,
                                                               :type :invoke,
                                                               :f :cas,
                                                               :value [3
                                                                       0],
                                                               :index 829,
                                                               :time 27208879625}
                                                              {:process 239,
                                                               :type :invoke,
                                                               :f :cas,
                                                               :value [0
                                                                       3],
                                                               :index 849,
                                                               :time 27711125959}
                                                              {:process 246,
                                                               :type :invoke,
                                                               :f :cas,
                                                               :value [3
                                                                       4],
                                                               :index 841,
                                                               :time 27523260042}]}
                                                   {:model #knossos.model.CASRegister{:value 1},
                                                    :last-op {:process 247,
                                                              :type :ok,
                                                              :f :write,
                                                              :value 1,
                                                              :index 886,
                                                              :time 29164494167},
                                                    :pending [{:process 223,
                                                               :type :invoke,
                                                               :f :write,
                                                               :value 2,
                                                               :index 819,
                                                               :time 26560697667}
                                                              {:process 224,
                                                               :type :invoke,
                                                               :f :cas,
                                                               :value [1
                                                                       0],
                                                               :index 821,
                                                               :time 26599234250}
                                                              {:process 225,
                                                               :type :invoke,
                                                               :f :cas,
                                                               :value [0
                                                                       3],
                                                               :index 823,
                                                               :time 26643543417}
                                                              {:process 235,
                                                               :type :invoke,
                                                               :f :cas,
                                                               :value [2
                                                                       1],
                                                               :index 843,
                                                               :time 27566031792}
                                                              {:process 237,
                                                               :type :invoke,
                                                               :f :cas,
                                                               :value [0
                                                                       1],
                                                               :index 847,
                                                               :time 27648701250}
                                                              {:process 238,
                                                               :type :invoke,
                                                               :f :cas,
                                                               :value [3
                                                                       0],
                                                               :index 829,
                                                               :time 27208879625}
                                                              {:process 239,
                                                               :type :invoke,
                                                               :f :cas,
                                                               :value [0
                                                                       3],
                                                               :index 849,
                                                               :time 27711125959}
                                                              {:process 246,
                                                               :type :invoke,
                                                               :f :cas,
                                                               :value [3
                                                                       4],
                                                               :index 841,
                                                               :time 27523260042}]}
                                                   {:model #knossos.model.CASRegister{:value 2},
                                                    :last-op {:process 249,
                                                              :type :ok,
                                                              :f :write,
                                                              :value 2,
                                                              :index 887,
                                                              :time 29164522542},
                                                    :pending [{:process 224,
                                                               :type :invoke,
                                                               :f :cas,
                                                               :value [1
                                                                       0],
                                                               :index 821,
                                                               :time 26599234250}
                                                              {:process 225,
                                                               :type :invoke,
                                                               :f :cas,
                                                               :value [0
                                                                       3],
                                                               :index 823,
                                                               :time 26643543417}
                                                              {:process 227,
                                                               :type :invoke,
                                                               :f :write,
                                                               :value 1,
                                                               :index 825,
                                                               :time 26701718209}
                                                              {:process 236,
                                                               :type :invoke,
                                                               :f :cas,
                                                               :value [1
                                                                       3],
                                                               :index 845,
                                                               :time 27604588792}
                                                              {:process 237,
                                                               :type :invoke,
                                                               :f :cas,
                                                               :value [0
                                                                       1],
                                                               :index 847,
                                                               :time 27648701250}
                                                              {:process 238,
                                                               :type :invoke,
                                                               :f :cas,
                                                               :value [3
                                                                       0],
                                                               :index 829,
                                                               :time 27208879625}
                                                              {:process 239,
                                                               :type :invoke,
                                                               :f :cas,
                                                               :value [0
                                                                       3],
                                                               :index 849,
                                                               :time 27711125959}
                                                              {:process 246,
                                                               :type :invoke,
                                                               :f :cas,
                                                               :value [3
                                                                       4],
                                                               :index 841,
                                                               :time 27523260042}]}
                                                   {:model #knossos.model.CASRegister{:value 2},
                                                    :last-op {:process 249,
                                                              :type :ok,
                                                              :f :write,
                                                              :value 2,
                                                              :index 887,
                                                              :time 29164522542},
                                                    :pending [{:process 235,
                                                               :type :invoke,
                                                               :f :cas,
                                                               :value [2
                                                                       1],
                                                               :index 843,
                                                               :time 27566031792}
                                                              {:process 236,
                                                               :type :invoke,
                                                               :f :cas,
                                                               :value [1
                                                                       3],
                                                               :index 845,
                                                               :time 27604588792}
                                                              {:process 237,
                                                               :type :invoke,
                                                               :f :cas,
                                                               :value [0
                                                                       1],
                                                               :index 847,
                                                               :time 27648701250}
                                                              {:process 238,
                                                               :type :invoke,
                                                               :f :cas,
                                                               :value [3
                                                                       0],
                                                               :index 829,
                                                               :time 27208879625}
                                                              {:process 239,
                                                               :type :invoke,
                                                               :f :cas,
                                                               :value [0
                                                                       3],
                                                               :index 849,
                                                               :time 27711125959}]}
                                                   {:model #knossos.model.CASRegister{:value 2},
                                                    :last-op {:process 249,
                                                              :type :ok,
                                                              :f :write,
                                                              :value 2,
                                                              :index 887,
                                                              :time 29164522542},
                                                    :pending [{:process 225,
                                                               :type :invoke,
                                                               :f :cas,
                                                               :value [0
                                                                       3],
                                                               :index 823,
                                                               :time 26643543417}
                                                              {:process 227,
                                                               :type :invoke,
                                                               :f :write,
                                                               :value 1,
                                                               :index 825,
                                                               :time 26701718209}
                                                              {:process 236,
                                                               :type :invoke,
                                                               :f :cas,
                                                               :value [1
                                                                       3],
                                                               :index 845,
                                                               :time 27604588792}
                                                              {:process 237,
                                                               :type :invoke,
                                                               :f :cas,
                                                               :value [0
                                                                       1],
                                                               :index 847,
                                                               :time 27648701250}
                                                              {:process 238,
                                                               :type :invoke,
                                                               :f :cas,
                                                               :value [3
                                                                       0],
                                                               :index 829,
                                                               :time 27208879625}
                                                              {:process 239,
                                                               :type :invoke,
                                                               :f :cas,
                                                               :value [0
                                                                       3],
                                                               :index 849,
                                                               :time 27711125959}
                                                              {:process 246,
                                                               :type :invoke,
                                                               :f :cas,
                                                               :value [3
                                                                       4],
                                                               :index 841,
                                                               :time 27523260042}]}
                                                   {:model #knossos.model.CASRegister{:value 2},
                                                    :last-op {:process 249,
                                                              :type :ok,
                                                              :f :write,
                                                              :value 2,
                                                              :index 887,
                                                              :time 29164522542},
                                                    :pending [{:process 224,
                                                               :type :invoke,
                                                               :f :cas,
                                                               :value [1
                                                                       0],
                                                               :index 821,
                                                               :time 26599234250}
                                                              {:process 225,
                                                               :type :invoke,
                                                               :f :cas,
                                                               :value [0
                                                                       3],
                                                               :index 823,
                                                               :time 26643543417}
                                                              {:process 227,
                                                               :type :invoke,
                                                               :f :write,
                                                               :value 1,
                                                               :index 825,
                                                               :time 26701718209}
                                                              {:process 235,
                                                               :type :invoke,
                                                               :f :cas,
                                                               :value [2
                                                                       1],
                                                               :index 843,
                                                               :time 27566031792}
                                                              {:process 237,
                                                               :type :invoke,
                                                               :f :cas,
                                                               :value [0
                                                                       1],
                                                               :index 847,
                                                               :time 27648701250}]}
                                                   {:model #knossos.model.CASRegister{:value 1},
                                                    :last-op {:process 247,
                                                              :type :ok,
                                                              :f :write,
                                                              :value 1,
                                                              :index 886,
                                                              :time 29164494167},
                                                    :pending [{:process 225,
                                                               :type :invoke,
                                                               :f :cas,
                                                               :value [0
                                                                       3],
                                                               :index 823,
                                                               :time 26643543417}
                                                              {:process 236,
                                                               :type :invoke,
                                                               :f :cas,
                                                               :value [1
                                                                       3],
                                                               :index 845,
                                                               :time 27604588792}
                                                              {:process 237,
                                                               :type :invoke,
                                                               :f :cas,
                                                               :value [0
                                                                       1],
                                                               :index 847,
                                                               :time 27648701250}
                                                              {:process 238,
                                                               :type :invoke,
                                                               :f :cas,
                                                               :value [3
                                                                       0],
                                                               :index 829,
                                                               :time 27208879625}
                                                              {:process 239,
                                                               :type :invoke,
                                                               :f :cas,
                                                               :value [0
                                                                       3],
                                                               :index 849,
                                                               :time 27711125959}
                                                              {:process 246,
                                                               :type :invoke,
                                                               :f :cas,
                                                               :value [3
                                                                       4],
                                                               :index 841,
                                                               :time 27523260042}]}
                                                   {:model #knossos.model.CASRegister{:value 1},
                                                    :last-op {:process 247,
                                                              :type :ok,
                                                              :f :write,
                                                              :value 1,
                                                              :index 886,
                                                              :time 29164494167},
                                                    :pending [{:process 225,
                                                               :type :invoke,
                                                               :f :cas,
                                                               :value [0
                                                                       3],
                                                               :index 823,
                                                               :time 26643543417}
                                                              {:process 235,
                                                               :type :invoke,
                                                               :f :cas,
                                                               :value [2
                                                                       1],
                                                               :index 843,
                                                               :time 27566031792}]}
                                                   {:model #knossos.model.CASRegister{:value 1},
                                                    :last-op {:process 247,
                                                              :type :ok,
                                                              :f :write,
                                                              :value 1,
                                                              :index 886,
                                                              :time 29164494167},
                                                    :pending [{:process 223,
                                                               :type :invoke,
                                                               :f :write,
                                                               :value 2,
                                                               :index 819,
                                                               :time 26560697667}
                                                              {:process 224,
                                                               :type :invoke,
                                                               :f :cas,
                                                               :value [1
                                                                       0],
                                                               :index 821,
                                                               :time 26599234250}
                                                              {:process 225,
                                                               :type :invoke,
                                                               :f :cas,
                                                               :value [0
                                                                       3],
                                                               :index 823,
                                                               :time 26643543417}
                                                              {:process 235,
                                                               :type :invoke,
                                                               :f :cas,
                                                               :value [2
                                                                       1],
                                                               :index 843,
                                                               :time 27566031792}
                                                              {:process 236,
                                                               :type :invoke,
                                                               :f :cas,
                                                               :value [1
                                                                       3],
                                                               :index 845,
                                                               :time 27604588792}
                                                              {:process 237,
                                                               :type :invoke,
                                                               :f :cas,
                                                               :value [0
                                                                       1],
                                                               :index 847,
                                                               :time 27648701250}
                                                              {:process 238,
                                                               :type :invoke,
                                                               :f :cas,
                                                               :value [3
                                                                       0],
                                                               :index 829,
                                                               :time 27208879625}
                                                              {:process 239,
                                                               :type :invoke,
                                                               :f :cas,
                                                               :value [0
                                                                       3],
                                                               :index 849,
                                                               :time 27711125959}
                                                              {:process 246,
                                                               :type :invoke,
                                                               :f :cas,
                                                               :value [3
                                                                       4],
                                                               :index 841,
                                                               :time 27523260042}]}
                                                   {:model #knossos.model.CASRegister{:value 1},
                                                    :last-op {:process 247,
                                                              :type :ok,
                                                              :f :write,
                                                              :value 1,
                                                              :index 886,
                                                              :time 29164494167},
                                                    :pending [{:process 223,
                                                               :type :invoke,
                                                               :f :write,
                                                               :value 2,
                                                               :index 819,
                                                               :time 26560697667}
                                                              {:process 225,
                                                               :type :invoke,
                                                               :f :cas,
                                                               :value [0
                                                                       3],
                                                               :index 823,
                                                               :time 26643543417}
                                                              {:process 235,
                                                               :type :invoke,
                                                               :f :cas,
                                                               :value [2
                                                                       1],
                                                               :index 843,
                                                               :time 27566031792}
                                                              {:process 236,
                                                               :type :invoke,
                                                               :f :cas,
                                                               :value [1
                                                                       3],
                                                               :index 845,
                                                               :time 27604588792}
                                                              {:process 237,
                                                               :type :invoke,
                                                               :f :cas,
                                                               :value [0
                                                                       1],
                                                               :index 847,
                                                               :time 27648701250}
                                                              {:process 238,
                                                               :type :invoke,
                                                               :f :cas,
                                                               :value [3
                                                                       0],
                                                               :index 829,
                                                               :time 27208879625}
                                                              {:process 239,
                                                               :type :invoke,
                                                               :f :cas,
                                                               :value [0
                                                                       3],
                                                               :index 849,
                                                               :time 27711125959}
                                                              {:process 246,
                                                               :type :invoke,
                                                               :f :cas,
                                                               :value [3
                                                                       4],
                                                               :index 841,
                                                               :time 27523260042}]}),
                                         :final-paths ()},
                          :timeline {:valid? true},
                          :valid? true},
                      12 {:linearizable {:valid? false,
                                         :configs ({:model #knossos.model.CASRegister{:value 4},
                                                    :last-op {:process 255,
                                                              :type :ok,
                                                              :f :cas,
                                                              :value [0
                                                                      4],
                                                              :index 1048,
                                                              :time 32184746792},
                                                    :pending [{:process 0,
                                                               :type :invoke,
                                                               :f :read,
                                                               :value 0,
                                                               :index 1050,
                                                               :time 32228837500}]}),
                                         :final-paths ([{:op {:process 255,
                                                              :type :ok,
                                                              :f :cas,
                                                              :value [0
                                                                      4],
                                                              :index 1048,
                                                              :time 32184746792},
                                                         :model #knossos.model.CASRegister{:value 4}}
                                                        {:op {:process 0,
                                                              :type :ok,
                                                              :f :read,
                                                              :value 0,
                                                              :index 1051,
                                                              :time 32231730292},
                                                         :model #knossos.model.Inconsistent{:msg "can't read 0 from register 4"}}]),
                                         :previous-ok {:process 244,
                                                       :type :ok,
                                                       :f :cas,
                                                       :value [0 0],
                                                       :index 1049,
                                                       :time 32185060834},
                                         :last-op {:process 255,
                                                   :type :ok,
                                                   :f :cas,
                                                   :value [0 4],
                                                   :index 1048,
                                                   :time 32184746792},
                                         :op {:process 0,
                                              :type :ok,
                                              :f :read,
                                              :value 0,
                                              :index 1051,
                                              :time 32231730292}},
                          :timeline {:valid? true},
                          :valid? false},
                      13 {:linearizable {:valid? true,
                                         :configs ({:model #knossos.model.CASRegister{:value 3},
                                                    :last-op {:process 258,
                                                              :type :ok,
                                                              :f :write,
                                                              :value 3,
                                                              :index 1098,
                                                              :time 33078205709},
                                                    :pending [{:process 247,
                                                               :type :invoke,
                                                               :f :cas,
                                                               :value [3
                                                                       4],
                                                               :index 1103,
                                                               :time 33186124125}
                                                              {:process 248,
                                                               :type :invoke,
                                                               :f :write,
                                                               :value 0,
                                                               :index 1108,
                                                               :time 33387189042}
                                                              {:process 249,
                                                               :type :invoke,
                                                               :f :cas,
                                                               :value [3
                                                                       3],
                                                               :index 1105,
                                                               :time 33262589584}
                                                              {:process 250,
                                                               :type :invoke,
                                                               :f :cas,
                                                               :value [1
                                                                       0],
                                                               :index 1106,
                                                               :time 33320819042}
                                                              {:process 251,
                                                               :type :invoke,
                                                               :f :cas,
                                                               :value [3
                                                                       4],
                                                               :index 1109,
                                                               :time 33400526209}
                                                              {:process 258,
                                                               :type :invoke,
                                                               :f :write,
                                                               :value 2,
                                                               :index 1100,
                                                               :time 33106749500}
                                                              {:process 259,
                                                               :type :invoke,
                                                               :f :cas,
                                                               :value [4
                                                                       3],
                                                               :index 1119,
                                                               :time 34188826875}
                                                              {:process 260,
                                                               :type :invoke,
                                                               :f :write,
                                                               :value 3,
                                                               :index 1133,
                                                               :time 34483748542}
                                                              {:process 261,
                                                               :type :invoke,
                                                               :f :write,
                                                               :value 2,
                                                               :index 1123,
                                                               :time 34277177000}
                                                              {:process 262,
                                                               :type :invoke,
                                                               :f :cas,
                                                               :value [0
                                                                       3],
                                                               :index 1125,
                                                               :time 34326175667}
                                                              {:process 263,
                                                               :type :invoke,
                                                               :f :write,
                                                               :value 1,
                                                               :index 1130,
                                                               :time 34427376959}
                                                              {:process 270,
                                                               :type :invoke,
                                                               :f :cas,
                                                               :value [4
                                                                       0],
                                                               :index 1113,
                                                               :time 34107689125}
                                                              {:process 271,
                                                               :type :invoke,
                                                               :f :cas,
                                                               :value [0
                                                                       1],
                                                               :index 1143,
                                                               :time 35241638292}
                                                              {:process 272,
                                                               :type :invoke,
                                                               :f :write,
                                                               :value 1,
                                                               :index 1157,
                                                               :time 35497783042}
                                                              {:process 273,
                                                               :type :invoke,
                                                               :f :write,
                                                               :value 2,
                                                               :index 1147,
                                                               :time 35295751542}
                                                              {:process 274,
                                                               :type :invoke,
                                                               :f :cas,
                                                               :value [0
                                                                       1],
                                                               :index 1149,
                                                               :time 35351381084}
                                                              {:process 275,
                                                               :type :invoke,
                                                               :f :write,
                                                               :value 3,
                                                               :index 1153,
                                                               :time 35431973375}
                                                              {:process 282,
                                                               :type :invoke,
                                                               :f :cas,
                                                               :value [2
                                                                       0],
                                                               :index 1137,
                                                               :time 35110503292}
                                                              {:process 283,
                                                               :type :invoke,
                                                               :f :cas,
                                                               :value [4
                                                                       1],
                                                               :index 1167,
                                                               :time 36241336250}
                                                              {:process 294,
                                                               :type :invoke,
                                                               :f :write,
                                                               :value 2,
                                                               :index 1161,
                                                               :time 36115374042}]}),
                                         :final-paths ()},
                          :timeline {:valid? true},
                          :valid? true},
                      14 {:linearizable {:valid? true,
                                         :configs ({:model #knossos.model.CASRegister{:value nil},
                                                    :last-op nil,
                                                    :pending [{:process 284,
                                                               :type :invoke,
                                                               :f :cas,
                                                               :value [1
                                                                       1],
                                                               :index 1179,
                                                               :time 36499983584}
                                                              {:process 285,
                                                               :type :invoke,
                                                               :f :cas,
                                                               :value [4
                                                                       4],
                                                               :index 1171,
                                                               :time 36325454875}
                                                              {:process 286,
                                                               :type :invoke,
                                                               :f :cas,
                                                               :value [3
                                                                       4],
                                                               :index 1173,
                                                               :time 36379111500}
                                                              {:process 287,
                                                               :type :invoke,
                                                               :f :write,
                                                               :value 3,
                                                               :index 1176,
                                                               :time 36437909459}
                                                              {:process 295,
                                                               :type :invoke,
                                                               :f :cas,
                                                               :value [2
                                                                       2],
                                                               :index 1191,
                                                               :time 37245815917}
                                                              {:process 296,
                                                               :type :invoke,
                                                               :f :cas,
                                                               :value [3
                                                                       3],
                                                               :index 1203,
                                                               :time 37553279500}
                                                              {:process 297,
                                                               :type :invoke,
                                                               :f :cas,
                                                               :value [1
                                                                       2],
                                                               :index 1195,
                                                               :time 37336859792}
                                                              {:process 298,
                                                               :type :invoke,
                                                               :f :cas,
                                                               :value [2
                                                                       2],
                                                               :index 1197,
                                                               :time 37380082375}
                                                              {:process 299,
                                                               :type :invoke,
                                                               :f :cas,
                                                               :value [4
                                                                       1],
                                                               :index 1199,
                                                               :time 37442260334}
                                                              {:process 306,
                                                               :type :invoke,
                                                               :f :write,
                                                               :value 0,
                                                               :index 1185,
                                                               :time 37119749209}
                                                              {:process 307,
                                                               :type :invoke,
                                                               :f :cas,
                                                               :value [3
                                                                       3],
                                                               :index 1215,
                                                               :time 38251333459}
                                                              {:process 309,
                                                               :type :invoke,
                                                               :f :write,
                                                               :value 0,
                                                               :index 1219,
                                                               :time 38341849292}
                                                              {:process 310,
                                                               :type :invoke,
                                                               :f :cas,
                                                               :value [3
                                                                       3],
                                                               :index 1221,
                                                               :time 38384987292}
                                                              {:process 311,
                                                               :type :invoke,
                                                               :f :write,
                                                               :value 2,
                                                               :index 1223,
                                                               :time 38447055000}
                                                              {:process 318,
                                                               :type :invoke,
                                                               :f :cas,
                                                               :value [0
                                                                       0],
                                                               :index 1209,
                                                               :time 38122267500}]}),
                                         :final-paths ()},
                          :timeline {:valid? true},
                          :valid? true},
                      15 {:linearizable {:valid? true,
                                         :model #knossos.model.CASRegister{:value 4},
                                         :final-paths (),
                                         :configs ()},
                          :timeline {:valid? true},
                          :valid? true},
                      16 {:linearizable {:valid? true,
                                         :configs ({:model #knossos.model.CASRegister{:value nil},
                                                    :last-op nil,
                                                    :pending [{:process 308,
                                                               :type :invoke,
                                                               :f :write,
                                                               :value 0,
                                                               :index 1227,
                                                               :time 38558174459}
                                                              {:process 319,
                                                               :type :invoke,
                                                               :f :cas,
                                                               :value [2
                                                                       4],
                                                               :index 1239,
                                                               :time 39250864292}
                                                              {:process 320,
                                                               :type :invoke,
                                                               :f :cas,
                                                               :value [3
                                                                       1],
                                                               :index 1251,
                                                               :time 39563710709}
                                                              {:process 321,
                                                               :type :invoke,
                                                               :f :cas,
                                                               :value [3
                                                                       1],
                                                               :index 1243,
                                                               :time 39346798000}
                                                              {:process 322,
                                                               :type :invoke,
                                                               :f :cas,
                                                               :value [3
                                                                       4],
                                                               :index 1245,
                                                               :time 39386971750}
                                                              {:process 323,
                                                               :type :invoke,
                                                               :f :write,
                                                               :value 0,
                                                               :index 1247,
                                                               :time 39451623625}
                                                              {:process 330,
                                                               :type :invoke,
                                                               :f :cas,
                                                               :value [4
                                                                       0],
                                                               :index 1233,
                                                               :time 39126851584}
                                                              {:process 331,
                                                               :type :invoke,
                                                               :f :cas,
                                                               :value [3
                                                                       0],
                                                               :index 1263,
                                                               :time 40254467834}
                                                              {:process 332,
                                                               :type :invoke,
                                                               :f :write,
                                                               :value 1,
                                                               :index 1275,
                                                               :time 40564302042}
                                                              {:process 333,
                                                               :type :invoke,
                                                               :f :cas,
                                                               :value [2
                                                                       0],
                                                               :index 1267,
                                                               :time 40360874334}
                                                              {:process 334,
                                                               :type :invoke,
                                                               :f :cas,
                                                               :value [4
                                                                       1],
                                                               :index 1269,
                                                               :time 40430118709}
                                                              {:process 335,
                                                               :type :invoke,
                                                               :f :cas,
                                                               :value [0
                                                                       2],
                                                               :index 1271,
                                                               :time 40463848125}
                                                              {:process 342,
                                                               :type :invoke,
                                                               :f :cas,
                                                               :value [3
                                                                       2],
                                                               :index 1257,
                                                               :time 40131977375}
                                                              {:process 343,
                                                               :type :invoke,
                                                               :f :cas,
                                                               :value [1
                                                                       2],
                                                               :index 1287,
                                                               :time 41311137500}
                                                              {:process 354,
                                                               :type :invoke,
                                                               :f :cas,
                                                               :value [4
                                                                       0],
                                                               :index 1281,
                                                               :time 41136337084}]}),
                                         :final-paths ()},
                          :timeline {:valid? true},
                          :valid? true},
                      17 {:linearizable {:valid? true,
                                         :configs ({:model #knossos.model.CASRegister{:value 1},
                                                    :last-op {:process 355,
                                                              :type :ok,
                                                              :f :cas,
                                                              :value [3
                                                                      1],
                                                              :index 1445,
                                                              :time 45057283334},
                                                    :pending [{:process 344,
                                                               :type :invoke,
                                                               :f :write,
                                                               :value 0,
                                                               :index 1299,
                                                               :time 41564478709}
                                                              {:process 346,
                                                               :type :invoke,
                                                               :f :write,
                                                               :value 3,
                                                               :index 1293,
                                                               :time 41435147292}
                                                              {:process 347,
                                                               :type :invoke,
                                                               :f :cas,
                                                               :value [3
                                                                       1],
                                                               :index 1295,
                                                               :time 41475160500}
                                                              {:process 355,
                                                               :type :invoke,
                                                               :f :cas,
                                                               :value [4
                                                                       2],
                                                               :index 1455,
                                                               :time 45354739334}
                                                              {:process 356,
                                                               :type :invoke,
                                                               :f :write,
                                                               :value 1,
                                                               :index 1456,
                                                               :time 45412588834}
                                                              {:process 357,
                                                               :type :invoke,
                                                               :f :write,
                                                               :value 1,
                                                               :index 1457,
                                                               :time 45421786375}
                                                              {:process 358,
                                                               :type :invoke,
                                                               :f :cas,
                                                               :value [3
                                                                       0],
                                                               :index 1460,
                                                               :time 45569989000}
                                                              {:process 359,
                                                               :type :invoke,
                                                               :f :cas,
                                                               :value [1
                                                                       0],
                                                               :index 1461,
                                                               :time 45620959209}
                                                              {:process 366,
                                                               :type :invoke,
                                                               :f :cas,
                                                               :value [2
                                                                       2],
                                                               :index 1305,
                                                               :time 42141207167}
                                                              {:process 367,
                                                               :type :invoke,
                                                               :f :write,
                                                               :value 2,
                                                               :index 1472,
                                                               :time 46359263750}
                                                              {:process 368,
                                                               :type :invoke,
                                                               :f :write,
                                                               :value 3,
                                                               :index 1475,
                                                               :time 46426556250}
                                                              {:process 369,
                                                               :type :invoke,
                                                               :f :cas,
                                                               :value [3
                                                                       0],
                                                               :index 1478,
                                                               :time 46481095459}
                                                              {:process 378,
                                                               :type :invoke,
                                                               :f :cas,
                                                               :value [3
                                                                       0],
                                                               :index 1452,
                                                               :time 45229661834}
                                                              {:process 390,
                                                               :type :invoke,
                                                               :f :cas,
                                                               :value [1
                                                                       1],
                                                               :index 1467,
                                                               :time 46267483000}]}
                                                   {:model #knossos.model.CASRegister{:value 1},
                                                    :last-op {:process 355,
                                                              :type :ok,
                                                              :f :cas,
                                                              :value [3
                                                                      1],
                                                              :index 1445,
                                                              :time 45057283334},
                                                    :pending [{:process 344,
                                                               :type :invoke,
                                                               :f :write,
                                                               :value 0,
                                                               :index 1299,
                                                               :time 41564478709}
                                                              {:process 355,
                                                               :type :invoke,
                                                               :f :cas,
                                                               :value [4
                                                                       2],
                                                               :index 1455,
                                                               :time 45354739334}
                                                              {:process 356,
                                                               :type :invoke,
                                                               :f :write,
                                                               :value 1,
                                                               :index 1456,
                                                               :time 45412588834}
                                                              {:process 357,
                                                               :type :invoke,
                                                               :f :write,
                                                               :value 1,
                                                               :index 1457,
                                                               :time 45421786375}
                                                              {:process 358,
                                                               :type :invoke,
                                                               :f :cas,
                                                               :value [3
                                                                       0],
                                                               :index 1460,
                                                               :time 45569989000}
                                                              {:process 359,
                                                               :type :invoke,
                                                               :f :cas,
                                                               :value [1
                                                                       0],
                                                               :index 1461,
                                                               :time 45620959209}
                                                              {:process 366,
                                                               :type :invoke,
                                                               :f :cas,
                                                               :value [2
                                                                       2],
                                                               :index 1305,
                                                               :time 42141207167}
                                                              {:process 367,
                                                               :type :invoke,
                                                               :f :write,
                                                               :value 2,
                                                               :index 1472,
                                                               :time 46359263750}
                                                              {:process 368,
                                                               :type :invoke,
                                                               :f :write,
                                                               :value 3,
                                                               :index 1475,
                                                               :time 46426556250}
                                                              {:process 369,
                                                               :type :invoke,
                                                               :f :cas,
                                                               :value [3
                                                                       0],
                                                               :index 1478,
                                                               :time 46481095459}
                                                              {:process 378,
                                                               :type :invoke,
                                                               :f :cas,
                                                               :value [3
                                                                       0],
                                                               :index 1452,
                                                               :time 45229661834}
                                                              {:process 390,
                                                               :type :invoke,
                                                               :f :cas,
                                                               :value [1
                                                                       1],
                                                               :index 1467,
                                                               :time 46267483000}]}
                                                   {:model #knossos.model.CASRegister{:value 1},
                                                    :last-op {:process 355,
                                                              :type :ok,
                                                              :f :cas,
                                                              :value [3
                                                                      1],
                                                              :index 1445,
                                                              :time 45057283334},
                                                    :pending [{:process 344,
                                                               :type :invoke,
                                                               :f :write,
                                                               :value 0,
                                                               :index 1299,
                                                               :time 41564478709}
                                                              {:process 355,
                                                               :type :invoke,
                                                               :f :cas,
                                                               :value [4
                                                                       2],
                                                               :index 1455,
                                                               :time 45354739334}
                                                              {:process 356,
                                                               :type :invoke,
                                                               :f :write,
                                                               :value 1,
                                                               :index 1456,
                                                               :time 45412588834}
                                                              {:process 357,
                                                               :type :invoke,
                                                               :f :write,
                                                               :value 1,
                                                               :index 1457,
                                                               :time 45421786375}
                                                              {:process 358,
                                                               :type :invoke,
                                                               :f :cas,
                                                               :value [3
                                                                       0],
                                                               :index 1460,
                                                               :time 45569989000}
                                                              {:process 359,
                                                               :type :invoke,
                                                               :f :cas,
                                                               :value [1
                                                                       0],
                                                               :index 1461,
                                                               :time 45620959209}
                                                              {:process 367,
                                                               :type :invoke,
                                                               :f :write,
                                                               :value 2,
                                                               :index 1472,
                                                               :time 46359263750}
                                                              {:process 368,
                                                               :type :invoke,
                                                               :f :write,
                                                               :value 3,
                                                               :index 1475,
                                                               :time 46426556250}
                                                              {:process 369,
                                                               :type :invoke,
                                                               :f :cas,
                                                               :value [3
                                                                       0],
                                                               :index 1478,
                                                               :time 46481095459}
                                                              {:process 378,
                                                               :type :invoke,
                                                               :f :cas,
                                                               :value [3
                                                                       0],
                                                               :index 1452,
                                                               :time 45229661834}
                                                              {:process 390,
                                                               :type :invoke,
                                                               :f :cas,
                                                               :value [1
                                                                       1],
                                                               :index 1467,
                                                               :time 46267483000}]}
                                                   {:model #knossos.model.CASRegister{:value 1},
                                                    :last-op {:process 355,
                                                              :type :ok,
                                                              :f :cas,
                                                              :value [3
                                                                      1],
                                                              :index 1445,
                                                              :time 45057283334},
                                                    :pending [{:process 344,
                                                               :type :invoke,
                                                               :f :write,
                                                               :value 0,
                                                               :index 1299,
                                                               :time 41564478709}
                                                              {:process 346,
                                                               :type :invoke,
                                                               :f :write,
                                                               :value 3,
                                                               :index 1293,
                                                               :time 41435147292}
                                                              {:process 347,
                                                               :type :invoke,
                                                               :f :cas,
                                                               :value [3
                                                                       1],
                                                               :index 1295,
                                                               :time 41475160500}
                                                              {:process 355,
                                                               :type :invoke,
                                                               :f :cas,
                                                               :value [4
                                                                       2],
                                                               :index 1455,
                                                               :time 45354739334}
                                                              {:process 356,
                                                               :type :invoke,
                                                               :f :write,
                                                               :value 1,
                                                               :index 1456,
                                                               :time 45412588834}
                                                              {:process 357,
                                                               :type :invoke,
                                                               :f :write,
                                                               :value 1,
                                                               :index 1457,
                                                               :time 45421786375}
                                                              {:process 358,
                                                               :type :invoke,
                                                               :f :cas,
                                                               :value [3
                                                                       0],
                                                               :index 1460,
                                                               :time 45569989000}
                                                              {:process 359,
                                                               :type :invoke,
                                                               :f :cas,
                                                               :value [1
                                                                       0],
                                                               :index 1461,
                                                               :time 45620959209}
                                                              {:process 367,
                                                               :type :invoke,
                                                               :f :write,
                                                               :value 2,
                                                               :index 1472,
                                                               :time 46359263750}
                                                              {:process 368,
                                                               :type :invoke,
                                                               :f :write,
                                                               :value 3,
                                                               :index 1475,
                                                               :time 46426556250}
                                                              {:process 369,
                                                               :type :invoke,
                                                               :f :cas,
                                                               :value [3
                                                                       0],
                                                               :index 1478,
                                                               :time 46481095459}
                                                              {:process 378,
                                                               :type :invoke,
                                                               :f :cas,
                                                               :value [3
                                                                       0],
                                                               :index 1452,
                                                               :time 45229661834}
                                                              {:process 390,
                                                               :type :invoke,
                                                               :f :cas,
                                                               :value [1
                                                                       1],
                                                               :index 1467,
                                                               :time 46267483000}]}
                                                   {:model #knossos.model.CASRegister{:value 1},
                                                    :last-op {:process 355,
                                                              :type :ok,
                                                              :f :cas,
                                                              :value [3
                                                                      1],
                                                              :index 1445,
                                                              :time 45057283334},
                                                    :pending [{:process 346,
                                                               :type :invoke,
                                                               :f :write,
                                                               :value 3,
                                                               :index 1293,
                                                               :time 41435147292}
                                                              {:process 355,
                                                               :type :invoke,
                                                               :f :cas,
                                                               :value [4
                                                                       2],
                                                               :index 1455,
                                                               :time 45354739334}
                                                              {:process 356,
                                                               :type :invoke,
                                                               :f :write,
                                                               :value 1,
                                                               :index 1456,
                                                               :time 45412588834}
                                                              {:process 357,
                                                               :type :invoke,
                                                               :f :write,
                                                               :value 1,
                                                               :index 1457,
                                                               :time 45421786375}
                                                              {:process 358,
                                                               :type :invoke,
                                                               :f :cas,
                                                               :value [3
                                                                       0],
                                                               :index 1460,
                                                               :time 45569989000}
                                                              {:process 359,
                                                               :type :invoke,
                                                               :f :cas,
                                                               :value [1
                                                                       0],
                                                               :index 1461,
                                                               :time 45620959209}
                                                              {:process 366,
                                                               :type :invoke,
                                                               :f :cas,
                                                               :value [2
                                                                       2],
                                                               :index 1305,
                                                               :time 42141207167}
                                                              {:process 367,
                                                               :type :invoke,
                                                               :f :write,
                                                               :value 2,
                                                               :index 1472,
                                                               :time 46359263750}
                                                              {:process 368,
                                                               :type :invoke,
                                                               :f :write,
                                                               :value 3,
                                                               :index 1475,
                                                               :time 46426556250}
                                                              {:process 369,
                                                               :type :invoke,
                                                               :f :cas,
                                                               :value [3
                                                                       0],
                                                               :index 1478,
                                                               :time 46481095459}
                                                              {:process 378,
                                                               :type :invoke,
                                                               :f :cas,
                                                               :value [3
                                                                       0],
                                                               :index 1452,
                                                               :time 45229661834}
                                                              {:process 390,
                                                               :type :invoke,
                                                               :f :cas,
                                                               :value [1
                                                                       1],
                                                               :index 1467,
                                                               :time 46267483000}]}
                                                   {:model #knossos.model.CASRegister{:value 1},
                                                    :last-op {:process 355,
                                                              :type :ok,
                                                              :f :cas,
                                                              :value [3
                                                                      1],
                                                              :index 1445,
                                                              :time 45057283334},
                                                    :pending [{:process 344,
                                                               :type :invoke,
                                                               :f :write,
                                                               :value 0,
                                                               :index 1299,
                                                               :time 41564478709}
                                                              {:process 345,
                                                               :type :invoke,
                                                               :f :cas,
                                                               :value [0
                                                                       2],
                                                               :index 1290,
                                                               :time 41366078959}
                                                              {:process 347,
                                                               :type :invoke,
                                                               :f :cas,
                                                               :value [3
                                                                       1],
                                                               :index 1295,
                                                               :time 41475160500}
                                                              {:process 355,
                                                               :type :invoke,
                                                               :f :cas,
                                                               :value [4
                                                                       2],
                                                               :index 1455,
                                                               :time 45354739334}
                                                              {:process 356,
                                                               :type :invoke,
                                                               :f :write,
                                                               :value 1,
                                                               :index 1456,
                                                               :time 45412588834}
                                                              {:process 357,
                                                               :type :invoke,
                                                               :f :write,
                                                               :value 1,
                                                               :index 1457,
                                                               :time 45421786375}
                                                              {:process 358,
                                                               :type :invoke,
                                                               :f :cas,
                                                               :value [3
                                                                       0],
                                                               :index 1460,
                                                               :time 45569989000}
                                                              {:process 359,
                                                               :type :invoke,
                                                               :f :cas,
                                                               :value [1
                                                                       0],
                                                               :index 1461,
                                                               :time 45620959209}
                                                              {:process 366,
                                                               :type :invoke,
                                                               :f :cas,
                                                               :value [2
                                                                       2],
                                                               :index 1305,
                                                               :time 42141207167}
                                                              {:process 367,
                                                               :type :invoke,
                                                               :f :write,
                                                               :value 2,
                                                               :index 1472,
                                                               :time 46359263750}
                                                              {:process 368,
                                                               :type :invoke,
                                                               :f :write,
                                                               :value 3,
                                                               :index 1475,
                                                               :time 46426556250}
                                                              {:process 369,
                                                               :type :invoke,
                                                               :f :cas,
                                                               :value [3
                                                                       0],
                                                               :index 1478,
                                                               :time 46481095459}
                                                              {:process 378,
                                                               :type :invoke,
                                                               :f :cas,
                                                               :value [3
                                                                       0],
                                                               :index 1452,
                                                               :time 45229661834}
                                                              {:process 390,
                                                               :type :invoke,
                                                               :f :cas,
                                                               :value [1
                                                                       1],
                                                               :index 1467,
                                                               :time 46267483000}]}
                                                   {:model #knossos.model.CASRegister{:value 1},
                                                    :last-op {:process 355,
                                                              :type :ok,
                                                              :f :cas,
                                                              :value [3
                                                                      1],
                                                              :index 1445,
                                                              :time 45057283334},
                                                    :pending [{:process 346,
                                                               :type :invoke,
                                                               :f :write,
                                                               :value 3,
                                                               :index 1293,
                                                               :time 41435147292}
                                                              {:process 347,
                                                               :type :invoke,
                                                               :f :cas,
                                                               :value [3
                                                                       1],
                                                               :index 1295,
                                                               :time 41475160500}
                                                              {:process 355,
                                                               :type :invoke,
                                                               :f :cas,
                                                               :value [4
                                                                       2],
                                                               :index 1455,
                                                               :time 45354739334}
                                                              {:process 356,
                                                               :type :invoke,
                                                               :f :write,
                                                               :value 1,
                                                               :index 1456,
                                                               :time 45412588834}
                                                              {:process 357,
                                                               :type :invoke,
                                                               :f :write,
                                                               :value 1,
                                                               :index 1457,
                                                               :time 45421786375}
                                                              {:process 358,
                                                               :type :invoke,
                                                               :f :cas,
                                                               :value [3
                                                                       0],
                                                               :index 1460,
                                                               :time 45569989000}
                                                              {:process 359,
                                                               :type :invoke,
                                                               :f :cas,
                                                               :value [1
                                                                       0],
                                                               :index 1461,
                                                               :time 45620959209}
                                                              {:process 366,
                                                               :type :invoke,
                                                               :f :cas,
                                                               :value [2
                                                                       2],
                                                               :index 1305,
                                                               :time 42141207167}
                                                              {:process 367,
                                                               :type :invoke,
                                                               :f :write,
                                                               :value 2,
                                                               :index 1472,
                                                               :time 46359263750}
                                                              {:process 368,
                                                               :type :invoke,
                                                               :f :write,
                                                               :value 3,
                                                               :index 1475,
                                                               :time 46426556250}
                                                              {:process 369,
                                                               :type :invoke,
                                                               :f :cas,
                                                               :value [3
                                                                       0],
                                                               :index 1478,
                                                               :time 46481095459}
                                                              {:process 378,
                                                               :type :invoke,
                                                               :f :cas,
                                                               :value [3
                                                                       0],
                                                               :index 1452,
                                                               :time 45229661834}
                                                              {:process 390,
                                                               :type :invoke,
                                                               :f :cas,
                                                               :value [1
                                                                       1],
                                                               :index 1467,
                                                               :time 46267483000}]}
                                                   {:model #knossos.model.CASRegister{:value 1},
                                                    :last-op {:process 355,
                                                              :type :ok,
                                                              :f :cas,
                                                              :value [3
                                                                      1],
                                                              :index 1445,
                                                              :time 45057283334},
                                                    :pending [{:process 347,
                                                               :type :invoke,
                                                               :f :cas,
                                                               :value [3
                                                                       1],
                                                               :index 1295,
                                                               :time 41475160500}
                                                              {:process 355,
                                                               :type :invoke,
                                                               :f :cas,
                                                               :value [4
                                                                       2],
                                                               :index 1455,
                                                               :time 45354739334}
                                                              {:process 356,
                                                               :type :invoke,
                                                               :f :write,
                                                               :value 1,
                                                               :index 1456,
                                                               :time 45412588834}
                                                              {:process 357,
                                                               :type :invoke,
                                                               :f :write,
                                                               :value 1,
                                                               :index 1457,
                                                               :time 45421786375}
                                                              {:process 358,
                                                               :type :invoke,
                                                               :f :cas,
                                                               :value [3
                                                                       0],
                                                               :index 1460,
                                                               :time 45569989000}
                                                              {:process 359,
                                                               :type :invoke,
                                                               :f :cas,
                                                               :value [1
                                                                       0],
                                                               :index 1461,
                                                               :time 45620959209}
                                                              {:process 367,
                                                               :type :invoke,
                                                               :f :write,
                                                               :value 2,
                                                               :index 1472,
                                                               :time 46359263750}
                                                              {:process 368,
                                                               :type :invoke,
                                                               :f :write,
                                                               :value 3,
                                                               :index 1475,
                                                               :time 46426556250}
                                                              {:process 369,
                                                               :type :invoke,
                                                               :f :cas,
                                                               :value [3
                                                                       0],
                                                               :index 1478,
                                                               :time 46481095459}
                                                              {:process 378,
                                                               :type :invoke,
                                                               :f :cas,
                                                               :value [3
                                                                       0],
                                                               :index 1452,
                                                               :time 45229661834}
                                                              {:process 390,
                                                               :type :invoke,
                                                               :f :cas,
                                                               :value [1
                                                                       1],
                                                               :index 1467,
                                                               :time 46267483000}]}
                                                   {:model #knossos.model.CASRegister{:value 1},
                                                    :last-op {:process 355,
                                                              :type :ok,
                                                              :f :cas,
                                                              :value [3
                                                                      1],
                                                              :index 1445,
                                                              :time 45057283334},
                                                    :pending [{:process 345,
                                                               :type :invoke,
                                                               :f :cas,
                                                               :value [0
                                                                       2],
                                                               :index 1290,
                                                               :time 41366078959}
                                                              {:process 355,
                                                               :type :invoke,
                                                               :f :cas,
                                                               :value [4
                                                                       2],
                                                               :index 1455,
                                                               :time 45354739334}
                                                              {:process 356,
                                                               :type :invoke,
                                                               :f :write,
                                                               :value 1,
                                                               :index 1456,
                                                               :time 45412588834}
                                                              {:process 357,
                                                               :type :invoke,
                                                               :f :write,
                                                               :value 1,
                                                               :index 1457,
                                                               :time 45421786375}
                                                              {:process 358,
                                                               :type :invoke,
                                                               :f :cas,
                                                               :value [3
                                                                       0],
                                                               :index 1460,
                                                               :time 45569989000}
                                                              {:process 359,
                                                               :type :invoke,
                                                               :f :cas,
                                                               :value [1
                                                                       0],
                                                               :index 1461,
                                                               :time 45620959209}
                                                              {:process 366,
                                                               :type :invoke,
                                                               :f :cas,
                                                               :value [2
                                                                       2],
                                                               :index 1305,
                                                               :time 42141207167}
                                                              {:process 367,
                                                               :type :invoke,
                                                               :f :write,
                                                               :value 2,
                                                               :index 1472,
                                                               :time 46359263750}
                                                              {:process 368,
                                                               :type :invoke,
                                                               :f :write,
                                                               :value 3,
                                                               :index 1475,
                                                               :time 46426556250}
                                                              {:process 369,
                                                               :type :invoke,
                                                               :f :cas,
                                                               :value [3
                                                                       0],
                                                               :index 1478,
                                                               :time 46481095459}
                                                              {:process 378,
                                                               :type :invoke,
                                                               :f :cas,
                                                               :value [3
                                                                       0],
                                                               :index 1452,
                                                               :time 45229661834}
                                                              {:process 390,
                                                               :type :invoke,
                                                               :f :cas,
                                                               :value [1
                                                                       1],
                                                               :index 1467,
                                                               :time 46267483000}]}
                                                   {:model #knossos.model.CASRegister{:value 1},
                                                    :last-op {:process 355,
                                                              :type :ok,
                                                              :f :cas,
                                                              :value [3
                                                                      1],
                                                              :index 1445,
                                                              :time 45057283334},
                                                    :pending [{:process 355,
                                                               :type :invoke,
                                                               :f :cas,
                                                               :value [4
                                                                       2],
                                                               :index 1455,
                                                               :time 45354739334}
                                                              {:process 356,
                                                               :type :invoke,
                                                               :f :write,
                                                               :value 1,
                                                               :index 1456,
                                                               :time 45412588834}
                                                              {:process 357,
                                                               :type :invoke,
                                                               :f :write,
                                                               :value 1,
                                                               :index 1457,
                                                               :time 45421786375}
                                                              {:process 358,
                                                               :type :invoke,
                                                               :f :cas,
                                                               :value [3
                                                                       0],
                                                               :index 1460,
                                                               :time 45569989000}
                                                              {:process 359,
                                                               :type :invoke,
                                                               :f :cas,
                                                               :value [1
                                                                       0],
                                                               :index 1461,
                                                               :time 45620959209}
                                                              {:process 367,
                                                               :type :invoke,
                                                               :f :write,
                                                               :value 2,
                                                               :index 1472,
                                                               :time 46359263750}
                                                              {:process 368,
                                                               :type :invoke,
                                                               :f :write,
                                                               :value 3,
                                                               :index 1475,
                                                               :time 46426556250}
                                                              {:process 369,
                                                               :type :invoke,
                                                               :f :cas,
                                                               :value [3
                                                                       0],
                                                               :index 1478,
                                                               :time 46481095459}
                                                              {:process 378,
                                                               :type :invoke,
                                                               :f :cas,
                                                               :value [3
                                                                       0],
                                                               :index 1452,
                                                               :time 45229661834}
                                                              {:process 390,
                                                               :type :invoke,
                                                               :f :cas,
                                                               :value [1
                                                                       1],
                                                               :index 1467,
                                                               :time 46267483000}]}),
                                         :final-paths ()},
                          :timeline {:valid? true},
                          :valid? true},
                      18 {:linearizable {:valid? true,
                                         :configs ({:model #knossos.model.CASRegister{:value nil},
                                                    :last-op nil,
                                                    :pending [{:process 364,
                                                               :type :invoke,
                                                               :f :cas,
                                                               :value [3
                                                                       4],
                                                               :index 1473,
                                                               :time 46364598667}
                                                              {:process 365,
                                                               :type :invoke,
                                                               :f :write,
                                                               :value 2,
                                                               :index 1481,
                                                               :time 46555694500}
                                                              {:process 376,
                                                               :type :invoke,
                                                               :f :cas,
                                                               :value [4
                                                                       0],
                                                               :index 1496,
                                                               :time 47398142709}
                                                              {:process 377,
                                                               :type :invoke,
                                                               :f :cas,
                                                               :value [4
                                                                       1],
                                                               :index 1506,
                                                               :time 47605941417}
                                                              {:process 387,
                                                               :type :invoke,
                                                               :f :write,
                                                               :value 2,
                                                               :index 1493,
                                                               :time 47352254667}
                                                              {:process 388,
                                                               :type :invoke,
                                                               :f :write,
                                                               :value 0,
                                                               :index 1519,
                                                               :time 48411928917}
                                                              {:process 389,
                                                               :type :invoke,
                                                               :f :write,
                                                               :value 1,
                                                               :index 1529,
                                                               :time 48624518500}
                                                              {:process 399,
                                                               :type :invoke,
                                                               :f :write,
                                                               :value 3,
                                                               :index 1517,
                                                               :time 48357542959}
                                                              {:process 400,
                                                               :type :invoke,
                                                               :f :cas,
                                                               :value [2
                                                                       3],
                                                               :index 1543,
                                                               :time 49417156000}
                                                              {:process 401,
                                                               :type :invoke,
                                                               :f :write,
                                                               :value 3,
                                                               :index 1553,
                                                               :time 49633063834}
                                                              {:process 411,
                                                               :type :invoke,
                                                               :f :cas,
                                                               :value [2
                                                                       3],
                                                               :index 1541,
                                                               :time 49362332417}
                                                              {:process 412,
                                                               :type :invoke,
                                                               :f :cas,
                                                               :value [4
                                                                       3],
                                                               :index 1567,
                                                               :time 50419868084}
                                                              {:process 413,
                                                               :type :invoke,
                                                               :f :cas,
                                                               :value [4
                                                                       0],
                                                               :index 1577,
                                                               :time 50637393584}
                                                              {:process 423,
                                                               :type :invoke,
                                                               :f :write,
                                                               :value 0,
                                                               :index 1565,
                                                               :time 50363097375}
                                                              {:process 435,
                                                               :type :invoke,
                                                               :f :write,
                                                               :value 4,
                                                               :index 1589,
                                                               :time 51366929792}]}),
                                         :final-paths ()},
                          :timeline {:valid? true},
                          :valid? true},
                      19 {:linearizable {:valid? true,
                                         :configs ({:model #knossos.model.CASRegister{:value nil},
                                                    :last-op nil,
                                                    :pending [{:process 370,
                                                               :type :invoke,
                                                               :f :write,
                                                               :value 1,
                                                               :index 1483,
                                                               :time 46574826375}
                                                              {:process 371,
                                                               :type :invoke,
                                                               :f :write,
                                                               :value 3,
                                                               :index 1485,
                                                               :time 46625968459}
                                                              {:process 379,
                                                               :type :invoke,
                                                               :f :cas,
                                                               :value [2
                                                                       4],
                                                               :index 1498,
                                                               :time 47430954959}
                                                              {:process 380,
                                                               :type :invoke,
                                                               :f :write,
                                                               :value 4,
                                                               :index 1499,
                                                               :time 47472583917}
                                                              {:process 381,
                                                               :type :invoke,
                                                               :f :cas,
                                                               :value [1
                                                                       0],
                                                               :index 1501,
                                                               :time 47503757292}
                                                              {:process 382,
                                                               :type :invoke,
                                                               :f :write,
                                                               :value 4,
                                                               :index 1508,
                                                               :time 47629289084}
                                                              {:process 383,
                                                               :type :invoke,
                                                               :f :write,
                                                               :value 0,
                                                               :index 1509,
                                                               :time 47665947584}
                                                              {:process 391,
                                                               :type :invoke,
                                                               :f :write,
                                                               :value 3,
                                                               :index 1521,
                                                               :time 48437523250}
                                                              {:process 392,
                                                               :type :invoke,
                                                               :f :cas,
                                                               :value [3
                                                                       3],
                                                               :index 1523,
                                                               :time 48486003834}
                                                              {:process 393,
                                                               :type :invoke,
                                                               :f :cas,
                                                               :value [0
                                                                       2],
                                                               :index 1525,
                                                               :time 48509734500}
                                                              {:process 394,
                                                               :type :invoke,
                                                               :f :cas,
                                                               :value [1
                                                                       0],
                                                               :index 1532,
                                                               :time 48681972042}
                                                              {:process 395,
                                                               :type :invoke,
                                                               :f :cas,
                                                               :value [2
                                                                       3],
                                                               :index 1533,
                                                               :time 48710455209}
                                                              {:process 402,
                                                               :type :invoke,
                                                               :f :write,
                                                               :value 1,
                                                               :index 1491,
                                                               :time 47289502667}
                                                              {:process 414,
                                                               :type :invoke,
                                                               :f :write,
                                                               :value 0,
                                                               :index 1515,
                                                               :time 48290285959}
                                                              {:process 426,
                                                               :type :invoke,
                                                               :f :cas,
                                                               :value [0
                                                                       3],
                                                               :index 1539,
                                                               :time 49294980375}]}),
                                         :final-paths ()},
                          :timeline {:valid? true},
                          :valid? true},
                      20 {:linearizable {:valid? true,
                                         :configs ({:model #knossos.model.CASRegister{:value nil},
                                                    :last-op nil,
                                                    :pending [{:process 403,
                                                               :type :invoke,
                                                               :f :write,
                                                               :value 1,
                                                               :index 1545,
                                                               :time 49453736584}
                                                              {:process 404,
                                                               :type :invoke,
                                                               :f :cas,
                                                               :value [1
                                                                       3],
                                                               :index 1547,
                                                               :time 49491297042}
                                                              {:process 405,
                                                               :type :invoke,
                                                               :f :cas,
                                                               :value [0
                                                                       0],
                                                               :index 1549,
                                                               :time 49514820417}
                                                              {:process 406,
                                                               :type :invoke,
                                                               :f :write,
                                                               :value 4,
                                                               :index 1555,
                                                               :time 49684368500}
                                                              {:process 407,
                                                               :type :invoke,
                                                               :f :cas,
                                                               :value [0
                                                                       3],
                                                               :index 1557,
                                                               :time 49712874792}
                                                              {:process 415,
                                                               :type :invoke,
                                                               :f :cas,
                                                               :value [3
                                                                       0],
                                                               :index 1569,
                                                               :time 50459589209}
                                                              {:process 416,
                                                               :type :invoke,
                                                               :f :cas,
                                                               :value [2
                                                                       0],
                                                               :index 1571,
                                                               :time 50503966375}
                                                              {:process 417,
                                                               :type :invoke,
                                                               :f :cas,
                                                               :value [3
                                                                       4],
                                                               :index 1573,
                                                               :time 50541524250}
                                                              {:process 418,
                                                               :type :invoke,
                                                               :f :cas,
                                                               :value [1
                                                                       1],
                                                               :index 1579,
                                                               :time 50684079792}
                                                              {:process 419,
                                                               :type :invoke,
                                                               :f :cas,
                                                               :value [4
                                                                       3],
                                                               :index 1581,
                                                               :time 50716170625}
                                                              {:process 427,
                                                               :type :invoke,
                                                               :f :write,
                                                               :value 2,
                                                               :index 1593,
                                                               :time 51462516792}
                                                              {:process 428,
                                                               :type :invoke,
                                                               :f :write,
                                                               :value 1,
                                                               :index 1595,
                                                               :time 51509114417}
                                                              {:process 429,
                                                               :type :invoke,
                                                               :f :cas,
                                                               :value [0
                                                                       2],
                                                               :index 1599,
                                                               :time 51623862959}
                                                              {:process 438,
                                                               :type :invoke,
                                                               :f :cas,
                                                               :value [2
                                                                       1],
                                                               :index 1563,
                                                               :time 50299820500}
                                                              {:process 450,
                                                               :type :invoke,
                                                               :f :cas,
                                                               :value [2
                                                                       1],
                                                               :index 1587,
                                                               :time 51304218667}]}),
                                         :final-paths ()},
                          :timeline {:valid? true},
                          :valid? true},
                      21 {:linearizable {:valid? true,
                                         :configs ({:model #knossos.model.CASRegister{:value 4},
                                                    :last-op {:process 0,
                                                              :type :ok,
                                                              :f :read,
                                                              :value 4,
                                                              :index 1847,
                                                              :time 57017421459},
                                                    :pending [{:process 436,
                                                               :type :invoke,
                                                               :f :cas,
                                                               :value [0
                                                                       4],
                                                               :index 1861,
                                                               :time 57409991084}
                                                              {:process 437,
                                                               :type :invoke,
                                                               :f :write,
                                                               :value 2,
                                                               :index 1862,
                                                               :time 57449823459}
                                                              {:process 447,
                                                               :type :invoke,
                                                               :f :cas,
                                                               :value [1
                                                                       0],
                                                               :index 1860,
                                                               :time 57402931000}
                                                              {:process 448,
                                                               :type :invoke,
                                                               :f :cas,
                                                               :value [1
                                                                       2],
                                                               :index 1884,
                                                               :time 58519896459}
                                                              {:process 449,
                                                               :type :invoke,
                                                               :f :cas,
                                                               :value [4
                                                                       2],
                                                               :index 1885,
                                                               :time 58558214917}
                                                              {:process 459,
                                                               :type :invoke,
                                                               :f :cas,
                                                               :value [1
                                                                       4],
                                                               :index 1881,
                                                               :time 58477705334}
                                                              {:process 460,
                                                               :type :invoke,
                                                               :f :write,
                                                               :value 4,
                                                               :index 1908,
                                                               :time 59563084625}
                                                              {:process 461,
                                                               :type :invoke,
                                                               :f :cas,
                                                               :value [4
                                                                       4],
                                                               :index 1909,
                                                               :time 59574407792}
                                                              {:process 471,
                                                               :type :invoke,
                                                               :f :cas,
                                                               :value [4
                                                                       3],
                                                               :index 1903,
                                                               :time 59482539042}]}
                                                   {:model #knossos.model.CASRegister{:value 4},
                                                    :last-op {:process 0,
                                                              :type :ok,
                                                              :f :read,
                                                              :value 4,
                                                              :index 1847,
                                                              :time 57017421459},
                                                    :pending [{:process 424,
                                                               :type :invoke,
                                                               :f :write,
                                                               :value 4,
                                                               :index 1591,
                                                               :time 51420169209}
                                                              {:process 436,
                                                               :type :invoke,
                                                               :f :cas,
                                                               :value [0
                                                                       4],
                                                               :index 1861,
                                                               :time 57409991084}
                                                              {:process 437,
                                                               :type :invoke,
                                                               :f :write,
                                                               :value 2,
                                                               :index 1862,
                                                               :time 57449823459}
                                                              {:process 447,
                                                               :type :invoke,
                                                               :f :cas,
                                                               :value [1
                                                                       0],
                                                               :index 1860,
                                                               :time 57402931000}
                                                              {:process 448,
                                                               :type :invoke,
                                                               :f :cas,
                                                               :value [1
                                                                       2],
                                                               :index 1884,
                                                               :time 58519896459}
                                                              {:process 449,
                                                               :type :invoke,
                                                               :f :cas,
                                                               :value [4
                                                                       2],
                                                               :index 1885,
                                                               :time 58558214917}
                                                              {:process 459,
                                                               :type :invoke,
                                                               :f :cas,
                                                               :value [1
                                                                       4],
                                                               :index 1881,
                                                               :time 58477705334}
                                                              {:process 460,
                                                               :type :invoke,
                                                               :f :write,
                                                               :value 4,
                                                               :index 1908,
                                                               :time 59563084625}
                                                              {:process 461,
                                                               :type :invoke,
                                                               :f :cas,
                                                               :value [4
                                                                       4],
                                                               :index 1909,
                                                               :time 59574407792}
                                                              {:process 471,
                                                               :type :invoke,
                                                               :f :cas,
                                                               :value [4
                                                                       3],
                                                               :index 1903,
                                                               :time 59482539042}]}),
                                         :final-paths ()},
                          :timeline {:valid? true},
                          :valid? true},
                      22 {:linearizable {:valid? true,
                                         :configs ({:model #knossos.model.CASRegister{:value 3},
                                                    :last-op {:process 462,
                                                              :type :ok,
                                                              :f :write,
                                                              :value 3,
                                                              :index 1851,
                                                              :time 57076582334},
                                                    :pending [{:process 439,
                                                               :type :invoke,
                                                               :f :write,
                                                               :value 1,
                                                               :index 1855,
                                                               :time 57196655209}
                                                              {:process 440,
                                                               :type :invoke,
                                                               :f :write,
                                                               :value 1,
                                                               :index 1857,
                                                               :time 57327276459}
                                                              {:process 441,
                                                               :type :invoke,
                                                               :f :cas,
                                                               :value [4
                                                                       2],
                                                               :index 1863,
                                                               :time 57509251875}
                                                              {:process 442,
                                                               :type :invoke,
                                                               :f :cas,
                                                               :value [3
                                                                       3],
                                                               :index 1864,
                                                               :time 57564122542}
                                                              {:process 443,
                                                               :type :invoke,
                                                               :f :cas,
                                                               :value [4
                                                                       2],
                                                               :index 1865,
                                                               :time 57568432875}
                                                              {:process 451,
                                                               :type :invoke,
                                                               :f :write,
                                                               :value 0,
                                                               :index 1869,
                                                               :time 58202012375}
                                                              {:process 452,
                                                               :type :invoke,
                                                               :f :cas,
                                                               :value [4
                                                                       1],
                                                               :index 1873,
                                                               :time 58332459084}
                                                              {:process 453,
                                                               :type :invoke,
                                                               :f :write,
                                                               :value 2,
                                                               :index 1883,
                                                               :time 58514514625}
                                                              {:process 454,
                                                               :type :invoke,
                                                               :f :cas,
                                                               :value [1
                                                                       0],
                                                               :index 1888,
                                                               :time 58588948584}
                                                              {:process 455,
                                                               :type :invoke,
                                                               :f :cas,
                                                               :value [4
                                                                       4],
                                                               :index 1889,
                                                               :time 58612426542}
                                                              {:process 462,
                                                               :type :invoke,
                                                               :f :cas,
                                                               :value [2
                                                                       1],
                                                               :index 1854,
                                                               :time 57139321125}
                                                              {:process 463,
                                                               :type :invoke,
                                                               :f :write,
                                                               :value 1,
                                                               :index 1893,
                                                               :time 59209646959}
                                                              {:process 474,
                                                               :type :invoke,
                                                               :f :cas,
                                                               :value [2
                                                                       4],
                                                               :index 1867,
                                                               :time 58144328917}
                                                              {:process 486,
                                                               :type :invoke,
                                                               :f :cas,
                                                               :value [0
                                                                       2],
                                                               :index 1891,
                                                               :time 59146118042}]}
                                                   {:model #knossos.model.CASRegister{:value 3},
                                                    :last-op {:process 462,
                                                              :type :ok,
                                                              :f :write,
                                                              :value 3,
                                                              :index 1851,
                                                              :time 57076582334},
                                                    :pending [{:process 430,
                                                               :type :invoke,
                                                               :f :cas,
                                                               :value [1
                                                                       1],
                                                               :index 1604,
                                                               :time 51724613000}
                                                              {:process 431,
                                                               :type :invoke,
                                                               :f :write,
                                                               :value 4,
                                                               :index 1605,
                                                               :time 51760517584}
                                                              {:process 439,
                                                               :type :invoke,
                                                               :f :write,
                                                               :value 1,
                                                               :index 1855,
                                                               :time 57196655209}
                                                              {:process 440,
                                                               :type :invoke,
                                                               :f :write,
                                                               :value 1,
                                                               :index 1857,
                                                               :time 57327276459}
                                                              {:process 441,
                                                               :type :invoke,
                                                               :f :cas,
                                                               :value [4
                                                                       2],
                                                               :index 1863,
                                                               :time 57509251875}
                                                              {:process 442,
                                                               :type :invoke,
                                                               :f :cas,
                                                               :value [3
                                                                       3],
                                                               :index 1864,
                                                               :time 57564122542}
                                                              {:process 443,
                                                               :type :invoke,
                                                               :f :cas,
                                                               :value [4
                                                                       2],
                                                               :index 1865,
                                                               :time 57568432875}
                                                              {:process 451,
                                                               :type :invoke,
                                                               :f :write,
                                                               :value 0,
                                                               :index 1869,
                                                               :time 58202012375}
                                                              {:process 452,
                                                               :type :invoke,
                                                               :f :cas,
                                                               :value [4
                                                                       1],
                                                               :index 1873,
                                                               :time 58332459084}
                                                              {:process 453,
                                                               :type :invoke,
                                                               :f :write,
                                                               :value 2,
                                                               :index 1883,
                                                               :time 58514514625}
                                                              {:process 454,
                                                               :type :invoke,
                                                               :f :cas,
                                                               :value [1
                                                                       0],
                                                               :index 1888,
                                                               :time 58588948584}
                                                              {:process 455,
                                                               :type :invoke,
                                                               :f :cas,
                                                               :value [4
                                                                       4],
                                                               :index 1889,
                                                               :time 58612426542}
                                                              {:process 462,
                                                               :type :invoke,
                                                               :f :cas,
                                                               :value [2
                                                                       1],
                                                               :index 1854,
                                                               :time 57139321125}
                                                              {:process 463,
                                                               :type :invoke,
                                                               :f :write,
                                                               :value 1,
                                                               :index 1893,
                                                               :time 59209646959}
                                                              {:process 474,
                                                               :type :invoke,
                                                               :f :cas,
                                                               :value [2
                                                                       4],
                                                               :index 1867,
                                                               :time 58144328917}
                                                              {:process 486,
                                                               :type :invoke,
                                                               :f :cas,
                                                               :value [0
                                                                       2],
                                                               :index 1891,
                                                               :time 59146118042}]}
                                                   {:model #knossos.model.CASRegister{:value 3},
                                                    :last-op {:process 462,
                                                              :type :ok,
                                                              :f :write,
                                                              :value 3,
                                                              :index 1851,
                                                              :time 57076582334},
                                                    :pending [{:process 430,
                                                               :type :invoke,
                                                               :f :cas,
                                                               :value [1
                                                                       1],
                                                               :index 1604,
                                                               :time 51724613000}
                                                              {:process 439,
                                                               :type :invoke,
                                                               :f :write,
                                                               :value 1,
                                                               :index 1855,
                                                               :time 57196655209}
                                                              {:process 440,
                                                               :type :invoke,
                                                               :f :write,
                                                               :value 1,
                                                               :index 1857,
                                                               :time 57327276459}
                                                              {:process 441,
                                                               :type :invoke,
                                                               :f :cas,
                                                               :value [4
                                                                       2],
                                                               :index 1863,
                                                               :time 57509251875}
                                                              {:process 442,
                                                               :type :invoke,
                                                               :f :cas,
                                                               :value [3
                                                                       3],
                                                               :index 1864,
                                                               :time 57564122542}
                                                              {:process 443,
                                                               :type :invoke,
                                                               :f :cas,
                                                               :value [4
                                                                       2],
                                                               :index 1865,
                                                               :time 57568432875}
                                                              {:process 451,
                                                               :type :invoke,
                                                               :f :write,
                                                               :value 0,
                                                               :index 1869,
                                                               :time 58202012375}
                                                              {:process 452,
                                                               :type :invoke,
                                                               :f :cas,
                                                               :value [4
                                                                       1],
                                                               :index 1873,
                                                               :time 58332459084}
                                                              {:process 453,
                                                               :type :invoke,
                                                               :f :write,
                                                               :value 2,
                                                               :index 1883,
                                                               :time 58514514625}
                                                              {:process 454,
                                                               :type :invoke,
                                                               :f :cas,
                                                               :value [1
                                                                       0],
                                                               :index 1888,
                                                               :time 58588948584}
                                                              {:process 455,
                                                               :type :invoke,
                                                               :f :cas,
                                                               :value [4
                                                                       4],
                                                               :index 1889,
                                                               :time 58612426542}
                                                              {:process 462,
                                                               :type :invoke,
                                                               :f :cas,
                                                               :value [2
                                                                       1],
                                                               :index 1854,
                                                               :time 57139321125}
                                                              {:process 463,
                                                               :type :invoke,
                                                               :f :write,
                                                               :value 1,
                                                               :index 1893,
                                                               :time 59209646959}
                                                              {:process 474,
                                                               :type :invoke,
                                                               :f :cas,
                                                               :value [2
                                                                       4],
                                                               :index 1867,
                                                               :time 58144328917}
                                                              {:process 486,
                                                               :type :invoke,
                                                               :f :cas,
                                                               :value [0
                                                                       2],
                                                               :index 1891,
                                                               :time 59146118042}]}
                                                   {:model #knossos.model.CASRegister{:value 3},
                                                    :last-op {:process 462,
                                                              :type :ok,
                                                              :f :write,
                                                              :value 3,
                                                              :index 1851,
                                                              :time 57076582334},
                                                    :pending [{:process 431,
                                                               :type :invoke,
                                                               :f :write,
                                                               :value 4,
                                                               :index 1605,
                                                               :time 51760517584}
                                                              {:process 439,
                                                               :type :invoke,
                                                               :f :write,
                                                               :value 1,
                                                               :index 1855,
                                                               :time 57196655209}
                                                              {:process 440,
                                                               :type :invoke,
                                                               :f :write,
                                                               :value 1,
                                                               :index 1857,
                                                               :time 57327276459}
                                                              {:process 441,
                                                               :type :invoke,
                                                               :f :cas,
                                                               :value [4
                                                                       2],
                                                               :index 1863,
                                                               :time 57509251875}
                                                              {:process 442,
                                                               :type :invoke,
                                                               :f :cas,
                                                               :value [3
                                                                       3],
                                                               :index 1864,
                                                               :time 57564122542}
                                                              {:process 443,
                                                               :type :invoke,
                                                               :f :cas,
                                                               :value [4
                                                                       2],
                                                               :index 1865,
                                                               :time 57568432875}
                                                              {:process 451,
                                                               :type :invoke,
                                                               :f :write,
                                                               :value 0,
                                                               :index 1869,
                                                               :time 58202012375}
                                                              {:process 452,
                                                               :type :invoke,
                                                               :f :cas,
                                                               :value [4
                                                                       1],
                                                               :index 1873,
                                                               :time 58332459084}
                                                              {:process 453,
                                                               :type :invoke,
                                                               :f :write,
                                                               :value 2,
                                                               :index 1883,
                                                               :time 58514514625}
                                                              {:process 454,
                                                               :type :invoke,
                                                               :f :cas,
                                                               :value [1
                                                                       0],
                                                               :index 1888,
                                                               :time 58588948584}
                                                              {:process 455,
                                                               :type :invoke,
                                                               :f :cas,
                                                               :value [4
                                                                       4],
                                                               :index 1889,
                                                               :time 58612426542}
                                                              {:process 462,
                                                               :type :invoke,
                                                               :f :cas,
                                                               :value [2
                                                                       1],
                                                               :index 1854,
                                                               :time 57139321125}
                                                              {:process 463,
                                                               :type :invoke,
                                                               :f :write,
                                                               :value 1,
                                                               :index 1893,
                                                               :time 59209646959}
                                                              {:process 474,
                                                               :type :invoke,
                                                               :f :cas,
                                                               :value [2
                                                                       4],
                                                               :index 1867,
                                                               :time 58144328917}
                                                              {:process 486,
                                                               :type :invoke,
                                                               :f :cas,
                                                               :value [0
                                                                       2],
                                                               :index 1891,
                                                               :time 59146118042}]}),
                                         :final-paths ()},
                          :timeline {:valid? true},
                          :valid? true},
                      23 {:linearizable {:valid? true,
                                         :configs ({:model #knossos.model.CASRegister{:value nil},
                                                    :last-op nil,
                                                    :pending [{:process 464,
                                                               :type :invoke,
                                                               :f :cas,
                                                               :value [3
                                                                       1],
                                                               :index 1897,
                                                               :time 59332506250}
                                                              {:process 465,
                                                               :type :invoke,
                                                               :f :cas,
                                                               :value [3
                                                                       3],
                                                               :index 1905,
                                                               :time 59516347792}
                                                              {:process 466,
                                                               :type :invoke,
                                                               :f :write,
                                                               :value 4,
                                                               :index 1912,
                                                               :time 59617423375}
                                                              {:process 467,
                                                               :type :invoke,
                                                               :f :write,
                                                               :value 0,
                                                               :index 1913,
                                                               :time 59636015625}]}),
                                         :final-paths ()},
                          :timeline {:valid? true},
                          :valid? true}},
            :failures [12]},
 :valid? false}


Analysis invalid! (ﾉಥ益ಥ）ﾉ ┻━┻
