2026-03-09 23:13:21,694{GMT}	INFO	[jepsen test runner] jepsen.core: Test version c6f93e91a319d9d3f3adbe62cadb64f7b53b436f (plus uncommitted changes)
2026-03-09 23:13:21,694{GMT}	INFO	[jepsen test runner] jepsen.core: Command line:
lein run test -w lin-kv --bin ./target/debug/maelstrom --node-count 3 --time-limit 60 --rate 10 --concurrency 2n
2026-03-09 23:13:21,744{GMT}	INFO	[jepsen test runner] jepsen.core: Running test:
{:args []
 :remote
 #jepsen.control.retry.Remote{:remote #jepsen.control.scp.Remote{:cmd-remote #jepsen.control.sshj.SSHJRemote{:concurrency-limit 6,
                                                                                                             :conn-spec nil,
                                                                                                             :client nil,
                                                                                                             :semaphore nil},
                                                                 :conn-spec nil},
                              :conn nil}
 :log-net-send false
 :node-count 3
 :availability nil
 :max-txn-length 4
 :concurrency 6
 :db
 #object[maelstrom.db$db$reify__16612
         "0x1f9b8c23"
         "maelstrom.db$db$reify__16612@1f9b8c23"]
 :max-writes-per-key 16
 :leave-db-running? false
 :name "lin-kv"
 :logging-json? false
 :start-time
 #object[org.joda.time.DateTime "0x26e74d50" "2026-03-09T23:13:21.622+01:00"]
 :nemesis-interval 10
 :net
 #object[maelstrom.net$jepsen_net$reify__15721
         "0x6bdc984"
         "maelstrom.net$jepsen_net$reify__15721@6bdc984"]
 :client
 #object[maelstrom.workload.lin_kv$client$reify__20973
         "0x1f299fc3"
         "maelstrom.workload.lin_kv$client$reify__20973@1f299fc3"]
 :barrier
 #object[java.util.concurrent.CyclicBarrier
         "0xb997735"
         "java.util.concurrent.CyclicBarrier@b997735"]
 :log-stderr false
 :pure-generators true
 :ssh {:dummy? true}
 :rate 10.0
 :checker
 #object[jepsen.checker$compose$reify__11089
         "0x178826db"
         "jepsen.checker$compose$reify__11089@178826db"]
 :argv
 ("test"
  "-w"
  "lin-kv"
  "--bin"
  "./target/debug/maelstrom"
  "--node-count"
  "3"
  "--time-limit"
  "60"
  "--rate"
  "10"
  "--concurrency"
  "2n")
 :nemesis
 (jepsen.nemesis.ReflCompose
  {:fm {:start-partition 0,
        :stop-partition 0,
        :kill 1,
        :start 1,
        :pause 1,
        :resume 1},
   :nemeses [#unprintable "jepsen.nemesis.combined$partition_nemesis$reify__16905@7f913c47"
             #unprintable "jepsen.nemesis.combined$db_nemesis$reify__16886@2c9573f1"]})
 :nodes ["n0" "n1" "n2"]
 :test-count 1
 :latency {:mean 0, :dist :constant}
 :bin "./target/debug/maelstrom"
 :generator
 #object[jepsen.util.Forgettable
         "0x37a5ac85"
         (jepsen.generator.TimeLimit
          {:limit 60000000000,
           :cutoff nil,
           :gen (jepsen.generator.Any
                 {:gens [(jepsen.generator.OnThreads
                          {:f #{:nemesis},
                           :context-filter #object[jepsen.generator.context$make_thread_filter$lazy_filter__12077
                                                   "0x239fdf8f"
                                                   "jepsen.generator.context$make_thread_filter$lazy_filter__12077@239fdf8f"],
                           :gen nil})
                         (jepsen.generator.OnThreads
                          {:f #jepsen.generator.context.AllBut{:element :nemesis},
                           :context-filter #object[jepsen.generator.context$make_thread_filter$lazy_filter__12077
                                                   "0x1acd660d"
                                                   "jepsen.generator.context$make_thread_filter$lazy_filter__12077@1acd660d"],
                           :gen (jepsen.generator.Stagger
                                 {:dt 200000000,
                                  :next-time nil,
                                  :gen (jepsen.generator.OnThreads
                                        {:f #jepsen.generator.context.AllBut{:element :nemesis},
                                         :context-filter #object[jepsen.generator.context$make_thread_filter$lazy_filter__12077
                                                                 "0x22f3b213"
                                                                 "jepsen.generator.context$make_thread_filter$lazy_filter__12077@22f3b213"],
                                         :gen (jepsen.independent.ConcurrentGenerator
                                               {:n 6,
                                                :fgen #object[jepsen.tests.linearizable_register$test$fn__17385
                                                              "0xe18848d"
                                                              "jepsen.tests.linearizable_register$test$fn__17385@e18848d"],
                                                :group->threads nil,
                                                :thread->group nil,
                                                :group->context-filter nil,
                                                :keys (0 1 2 3 4 5 6 7 ...),
                                                :gens nil})})})})]})})]
 :log-net-recv false
 :os
 #object[maelstrom.net$jepsen_os$reify__15724
         "0x22aaa811"
         "maelstrom.net$jepsen_os$reify__15724@22aaa811"]
 :time-limit 60
 :workload :lin-kv
 :consistency-models [:strict-serializable]
 :topology :grid}

2026-03-09 23:13:23,100{GMT}	INFO	[jepsen node n0] maelstrom.net: Starting Maelstrom network
2026-03-09 23:13:23,100{GMT}	INFO	[jepsen test runner] jepsen.db: Tearing down DB
2026-03-09 23:13:23,101{GMT}	INFO	[jepsen test runner] jepsen.db: Setting up DB
2026-03-09 23:13:23,102{GMT}	INFO	[jepsen node n1] maelstrom.db: Setting up n1
2026-03-09 23:13:23,102{GMT}	INFO	[jepsen node n2] maelstrom.db: Setting up n2
2026-03-09 23:13:23,102{GMT}	INFO	[jepsen node n1] maelstrom.process: launching ./target/debug/maelstrom []
2026-03-09 23:13:23,102{GMT}	INFO	[jepsen node n2] maelstrom.process: launching ./target/debug/maelstrom []
2026-03-09 23:13:23,103{GMT}	INFO	[jepsen node n0] maelstrom.service: Starting services: (lin-kv lin-tso lww-kv seq-kv)
2026-03-09 23:13:23,104{GMT}	INFO	[jepsen node n0] maelstrom.db: Setting up n0
2026-03-09 23:13:23,104{GMT}	INFO	[jepsen node n0] maelstrom.process: launching ./target/debug/maelstrom []
2026-03-09 23:13:23,157{GMT}	INFO	[jepsen test runner] jepsen.core: Relative time begins now
2026-03-09 23:13:23,174{GMT}	INFO	[jepsen worker 3] jepsen.util: 3	:invoke	:cas	[0 [4 2]]
2026-03-09 23:13:23,199{GMT}	INFO	[jepsen worker 4] jepsen.util: 4	:invoke	:write	[0 4]
2026-03-09 23:13:23,358{GMT}	INFO	[jepsen worker 2] jepsen.util: 2	:invoke	:read	[0 nil]
2026-03-09 23:13:23,500{GMT}	INFO	[jepsen worker 3] jepsen.util: 3	:fail	:cas	[0 [4 2]]	[:key-does-not-exist "key not found"]
2026-03-09 23:13:23,501{GMT}	INFO	[jepsen worker 0] jepsen.util: 0	:invoke	:read	[0 nil]
2026-03-09 23:13:23,504{GMT}	INFO	[jepsen worker 4] jepsen.util: 4	:fail	:write	[0 4]	[:abort "Server response timeout"]
2026-03-09 23:13:23,672{GMT}	INFO	[jepsen worker 1] jepsen.util: 1	:invoke	:read	[0 nil]
2026-03-09 23:13:23,674{GMT}	INFO	[jepsen worker 2] jepsen.util: 2	:fail	:read	[0 nil]	[:key-does-not-exist "not found"]
2026-03-09 23:13:23,765{GMT}	INFO	[jepsen worker 2] jepsen.util: 2	:invoke	:read	[0 nil]
2026-03-09 23:13:23,807{GMT}	INFO	[jepsen worker 0] jepsen.util: 0	:fail	:read	[0 nil]	[:key-does-not-exist "not found"]
2026-03-09 23:13:23,944{GMT}	INFO	[jepsen worker 3] jepsen.util: 3	:invoke	:cas	[0 [0 3]]
2026-03-09 23:13:23,979{GMT}	INFO	[jepsen worker 1] jepsen.util: 1	:fail	:read	[0 nil]	[:key-does-not-exist "not found"]
2026-03-09 23:13:24,016{GMT}	INFO	[jepsen worker 0] jepsen.util: 0	:invoke	:read	[0 nil]
2026-03-09 23:13:24,071{GMT}	INFO	[jepsen worker 2] jepsen.util: 2	:fail	:read	[0 nil]	[:key-does-not-exist "not found"]
2026-03-09 23:13:24,162{GMT}	INFO	[jepsen worker 4] jepsen.util: 4	:invoke	:cas	[0 [2 3]]
2026-03-09 23:13:24,236{GMT}	INFO	[jepsen worker 5] jepsen.util: 5	:invoke	:write	[0 4]
2026-03-09 23:13:24,251{GMT}	INFO	[jepsen worker 3] jepsen.util: 3	:fail	:cas	[0 [0 3]]	[:key-does-not-exist "key not found"]
2026-03-09 23:13:24,329{GMT}	INFO	[jepsen worker 3] jepsen.util: 3	:invoke	:cas	[0 [1 4]]
2026-03-09 23:13:24,341{GMT}	INFO	[jepsen worker 1] jepsen.util: 1	:invoke	:read	[0 nil]
2026-03-09 23:13:24,433{GMT}	INFO	[jepsen worker 2] jepsen.util: 2	:invoke	:read	[0 nil]
2026-03-09 23:13:24,474{GMT}	INFO	[jepsen worker 4] jepsen.util: 4	:fail	:cas	[0 [2 3]]	[:key-does-not-exist "key not found"]
2026-03-09 23:13:24,545{GMT}	INFO	[jepsen worker 5] jepsen.util: 5	:fail	:write	[0 4]	[:abort "Server response timeout"]
2026-03-09 23:13:24,555{GMT}	INFO	[jepsen worker 0] jepsen.util: 0	:fail	:read	[0 nil]	[:key-does-not-exist "not found"]
2026-03-09 23:13:24,571{GMT}	INFO	[jepsen worker 4] jepsen.util: 4	:invoke	:write	[0 2]
2026-03-09 23:13:24,680{GMT}	INFO	[jepsen worker 0] jepsen.util: 0	:invoke	:read	[0 nil]
2026-03-09 23:13:24,716{GMT}	INFO	[jepsen worker 5] jepsen.util: 5	:invoke	:cas	[0 [0 3]]
2026-03-09 23:13:24,777{GMT}	INFO	[jepsen worker 1] jepsen.util: 1	:fail	:read	[0 nil]	[:key-does-not-exist "not found"]
2026-03-09 23:13:24,849{GMT}	INFO	[jepsen worker 2] jepsen.util: 2	:fail	:read	[0 nil]	[:key-does-not-exist "not found"]
2026-03-09 23:13:24,859{GMT}	INFO	[jepsen worker 3] jepsen.util: 3	:fail	:cas	[0 [1 4]]	[:key-does-not-exist "key not found"]
2026-03-09 23:13:24,901{GMT}	INFO	[jepsen worker 3] jepsen.util: 3	:invoke	:cas	[0 [4 4]]
2026-03-09 23:13:25,081{GMT}	INFO	[jepsen worker 4] jepsen.util: 4	:fail	:write	[0 2]	[:abort "Server response timeout"]
2026-03-09 23:13:25,089{GMT}	INFO	[jepsen worker 1] jepsen.util: 1	:invoke	:read	[0 nil]
2026-03-09 23:13:25,151{GMT}	INFO	[jepsen worker 5] jepsen.util: 5	:fail	:cas	[0 [0 3]]	[:key-does-not-exist "key not found"]
2026-03-09 23:13:25,161{GMT}	INFO	[jepsen worker 0] jepsen.util: 0	:fail	:read	[0 nil]	[:key-does-not-exist "not found"]
2026-03-09 23:13:25,285{GMT}	INFO	[jepsen worker 4] jepsen.util: 4	:invoke	:cas	[0 [0 2]]
2026-03-09 23:13:25,316{GMT}	INFO	[jepsen worker 0] jepsen.util: 0	:invoke	:read	[0 nil]
2026-03-09 23:13:25,398{GMT}	INFO	[jepsen worker 1] jepsen.util: 1	:fail	:read	[0 nil]	[:key-does-not-exist "not found"]
2026-03-09 23:13:25,424{GMT}	INFO	[jepsen worker 5] jepsen.util: 5	:invoke	:cas	[0 [0 0]]
2026-03-09 23:13:25,447{GMT}	INFO	[jepsen worker 1] jepsen.util: 1	:invoke	:read	[0 nil]
2026-03-09 23:13:25,471{GMT}	INFO	[jepsen worker 3] jepsen.util: 3	:fail	:cas	[0 [4 4]]	[:key-does-not-exist "key not found"]
2026-03-09 23:13:25,622{GMT}	INFO	[jepsen worker 3] jepsen.util: 3	:invoke	:write	[0 2]
2026-03-09 23:13:25,700{GMT}	INFO	[jepsen worker 4] jepsen.util: 4	:fail	:cas	[0 [0 2]]	[:key-does-not-exist "key not found"]
2026-03-09 23:13:25,730{GMT}	INFO	[jepsen worker 5] jepsen.util: 5	:fail	:cas	[0 [0 0]]	[:key-does-not-exist "key not found"]
2026-03-09 23:13:25,731{GMT}	INFO	[jepsen worker 2] jepsen.util: 2	:invoke	:read	[0 nil]
2026-03-09 23:13:25,774{GMT}	INFO	[jepsen worker 0] jepsen.util: 0	:fail	:read	[0 nil]	[:key-does-not-exist "not found"]
2026-03-09 23:13:25,819{GMT}	INFO	[jepsen worker 0] jepsen.util: 0	:invoke	:read	[0 nil]
2026-03-09 23:13:25,928{GMT}	INFO	[jepsen worker 4] jepsen.util: 4	:invoke	:cas	[0 [3 1]]
2026-03-09 23:13:26,007{GMT}	INFO	[jepsen worker 1] jepsen.util: 1	:fail	:read	[0 nil]	[:key-does-not-exist "not found"]
2026-03-09 23:13:26,007{GMT}	INFO	[jepsen worker 5] jepsen.util: 5	:invoke	:cas	[0 [4 2]]
2026-03-09 23:13:26,039{GMT}	INFO	[jepsen worker 2] jepsen.util: 2	:fail	:read	[0 nil]	[:key-does-not-exist "not found"]
2026-03-09 23:13:26,039{GMT}	INFO	[jepsen worker 1] jepsen.util: 1	:invoke	:read	[0 nil]
2026-03-09 23:13:26,066{GMT}	INFO	[jepsen worker 2] jepsen.util: 2	:invoke	:read	[0 nil]
2026-03-09 23:13:26,079{GMT}	INFO	[jepsen worker 3] jepsen.util: 3	:fail	:write	[0 2]	[:abort "Server response timeout"]
2026-03-09 23:13:26,181{GMT}	INFO	[jepsen worker 3] jepsen.util: 3	:invoke	:write	[0 4]
2026-03-09 23:13:26,311{GMT}	INFO	[jepsen worker 4] jepsen.util: 4	:fail	:cas	[0 [3 1]]	[:key-does-not-exist "key not found"]
2026-03-09 23:13:26,342{GMT}	INFO	[jepsen worker 5] jepsen.util: 5	:fail	:cas	[0 [4 2]]	[:key-does-not-exist "key not found"]
2026-03-09 23:13:26,378{GMT}	INFO	[jepsen worker 4] jepsen.util: 4	:invoke	:cas	[0 [3 3]]
2026-03-09 23:13:26,382{GMT}	INFO	[jepsen worker 0] jepsen.util: 0	:fail	:read	[0 nil]	[:key-does-not-exist "not found"]
2026-03-09 23:13:26,421{GMT}	INFO	[jepsen worker 0] jepsen.util: 0	:invoke	:read	[0 nil]
2026-03-09 23:13:26,591{GMT}	INFO	[jepsen worker 5] jepsen.util: 5	:invoke	:cas	[0 [3 1]]
2026-03-09 23:13:26,617{GMT}	INFO	[jepsen worker 1] jepsen.util: 1	:fail	:read	[0 nil]	[:key-does-not-exist "not found"]
2026-03-09 23:13:26,651{GMT}	INFO	[jepsen worker 2] jepsen.util: 2	:fail	:read	[0 nil]	[:key-does-not-exist "not found"]
2026-03-09 23:13:26,688{GMT}	INFO	[jepsen worker 3] jepsen.util: 3	:fail	:write	[0 4]	[:abort "Server response timeout"]
2026-03-09 23:13:26,768{GMT}	INFO	[jepsen worker 3] jepsen.util: 3	:invoke	:write	[0 2]
2026-03-09 23:13:26,921{GMT}	INFO	[jepsen worker 4] jepsen.util: 4	:fail	:cas	[0 [3 3]]	[:key-does-not-exist "key not found"]
2026-03-09 23:13:26,955{GMT}	INFO	[jepsen worker 5] jepsen.util: 5	:fail	:cas	[0 [3 1]]	[:key-does-not-exist "key not found"]
2026-03-09 23:13:26,968{GMT}	INFO	[jepsen worker 4] jepsen.util: 4	:invoke	:cas	[0 [4 0]]
2026-03-09 23:13:26,989{GMT}	INFO	[jepsen worker 0] jepsen.util: 0	:fail	:read	[0 nil]	[:key-does-not-exist "not found"]
2026-03-09 23:13:26,998{GMT}	INFO	[jepsen worker 0] jepsen.util: 0	:invoke	:read	[0 nil]
2026-03-09 23:13:27,195{GMT}	INFO	[jepsen worker 5] jepsen.util: 5	:invoke	:cas	[0 [2 3]]
2026-03-09 23:13:27,272{GMT}	INFO	[jepsen worker 4] jepsen.util: 4	:fail	:cas	[0 [4 0]]	[:key-does-not-exist "key not found"]
2026-03-09 23:13:27,292{GMT}	INFO	[jepsen worker 3] jepsen.util: 3	:fail	:write	[0 2]	[:abort "Server response timeout"]
2026-03-09 23:13:27,303{GMT}	INFO	[jepsen worker 2] jepsen.util: 2	:invoke	:read	[0 nil]
2026-03-09 23:13:27,401{GMT}	INFO	[jepsen worker 1] jepsen.util: 1	:invoke	:read	[0 nil]
2026-03-09 23:13:27,473{GMT}	INFO	[jepsen worker 4] jepsen.util: 4	:invoke	:cas	[0 [1 2]]
2026-03-09 23:13:27,506{GMT}	INFO	[jepsen worker 5] jepsen.util: 5	:fail	:cas	[0 [2 3]]	[:key-does-not-exist "key not found"]
2026-03-09 23:13:27,578{GMT}	INFO	[jepsen worker 5] jepsen.util: 5	:invoke	:cas	[0 [3 4]]
2026-03-09 23:13:27,598{GMT}	INFO	[jepsen worker 0] jepsen.util: 0	:fail	:read	[0 nil]	[:key-does-not-exist "not found"]
2026-03-09 23:13:27,639{GMT}	INFO	[jepsen worker 3] jepsen.util: 3	:invoke	:cas	[0 [1 0]]
2026-03-09 23:13:27,668{GMT}	INFO	[jepsen worker 0] jepsen.util: 0	:invoke	:read	[0 nil]
2026-03-09 23:13:27,705{GMT}	INFO	[jepsen worker 1] jepsen.util: 1	:fail	:read	[0 nil]	[:key-does-not-exist "not found"]
2026-03-09 23:13:27,805{GMT}	INFO	[jepsen worker 1] jepsen.util: 1	:invoke	:read	[0 nil]
2026-03-09 23:13:27,806{GMT}	INFO	[jepsen worker 2] jepsen.util: 2	:fail	:read	[0 nil]	[:key-does-not-exist "not found"]
2026-03-09 23:13:27,863{GMT}	INFO	[jepsen worker 2] jepsen.util: 2	:invoke	:read	[0 nil]
2026-03-09 23:13:27,946{GMT}	INFO	[jepsen worker 3] jepsen.util: 3	:fail	:cas	[0 [1 0]]	[:key-does-not-exist "key not found"]
2026-03-09 23:13:27,979{GMT}	INFO	[jepsen worker 3] jepsen.util: 3	:invoke	:cas	[0 [3 1]]
2026-03-09 23:13:28,008{GMT}	INFO	[jepsen worker 4] jepsen.util: 4	:fail	:cas	[0 [1 2]]	[:key-does-not-exist "key not found"]
2026-03-09 23:13:28,070{GMT}	INFO	[jepsen worker 4] jepsen.util: 4	:invoke	:cas	[0 [0 4]]
2026-03-09 23:13:28,111{GMT}	INFO	[jepsen worker 5] jepsen.util: 5	:fail	:cas	[0 [3 4]]	[:key-does-not-exist "key not found"]
2026-03-09 23:13:28,205{GMT}	INFO	[jepsen worker 5] jepsen.util: 5	:invoke	:cas	[0 [2 0]]
2026-03-09 23:13:28,252{GMT}	INFO	[jepsen worker 0] jepsen.util: 0	:fail	:read	[0 nil]	[:key-does-not-exist "not found"]
2026-03-09 23:13:28,313{GMT}	INFO	[jepsen worker 1] jepsen.util: 1	:fail	:read	[0 nil]	[:key-does-not-exist "not found"]
2026-03-09 23:13:28,392{GMT}	INFO	[jepsen worker 0] jepsen.util: 0	:invoke	:read	[0 nil]
2026-03-09 23:13:28,413{GMT}	INFO	[jepsen worker 2] jepsen.util: 2	:fail	:read	[0 nil]	[:key-does-not-exist "not found"]
2026-03-09 23:13:28,509{GMT}	INFO	[jepsen worker 1] jepsen.util: 1	:invoke	:read	[0 nil]
2026-03-09 23:13:28,555{GMT}	INFO	[jepsen worker 3] jepsen.util: 3	:fail	:cas	[0 [3 1]]	[:key-does-not-exist "key not found"]
2026-03-09 23:13:28,615{GMT}	INFO	[jepsen worker 4] jepsen.util: 4	:fail	:cas	[0 [0 4]]	[:key-does-not-exist "key not found"]
2026-03-09 23:13:28,650{GMT}	INFO	[jepsen worker 2] jepsen.util: 2	:invoke	:read	[0 nil]
2026-03-09 23:13:28,716{GMT}	INFO	[jepsen worker 5] jepsen.util: 5	:fail	:cas	[0 [2 0]]	[:key-does-not-exist "key not found"]
2026-03-09 23:13:28,836{GMT}	INFO	[jepsen worker 3] jepsen.util: 3	:invoke	:write	[0 4]
2026-03-09 23:13:28,858{GMT}	INFO	[jepsen worker 0] jepsen.util: 0	:fail	:read	[0 nil]	[:key-does-not-exist "not found"]
2026-03-09 23:13:28,892{GMT}	INFO	[jepsen worker 0] jepsen.util: 0	:invoke	:read	[0 nil]
2026-03-09 23:13:28,919{GMT}	INFO	[jepsen worker 1] jepsen.util: 1	:fail	:read	[0 nil]	[:key-does-not-exist "not found"]
2026-03-09 23:13:29,000{GMT}	INFO	[jepsen worker 1] jepsen.util: 1	:invoke	:read	[0 nil]
2026-03-09 23:13:29,019{GMT}	INFO	[jepsen worker 2] jepsen.util: 2	:fail	:read	[0 nil]	[:key-does-not-exist "not found"]
2026-03-09 23:13:29,152{GMT}	INFO	[jepsen worker 2] jepsen.util: 2	:invoke	:read	[0 nil]
2026-03-09 23:13:29,161{GMT}	INFO	[jepsen worker 3] jepsen.util: 3	:fail	:write	[0 4]	[:abort "Server response timeout"]
2026-03-09 23:13:29,307{GMT}	INFO	[jepsen worker 1] jepsen.util: 1	:fail	:read	[0 nil]	[:key-does-not-exist "not found"]
2026-03-09 23:13:29,322{GMT}	INFO	[jepsen worker 1] jepsen.util: 1	:invoke	:read	[0 nil]
2026-03-09 23:13:29,336{GMT}	INFO	[jepsen worker 3] jepsen.util: 3	:invoke	:cas	[0 [4 0]]
2026-03-09 23:13:29,349{GMT}	INFO	[jepsen worker 4] jepsen.util: 4	:invoke	:cas	[0 [1 2]]
2026-03-09 23:13:29,412{GMT}	INFO	[jepsen worker 5] jepsen.util: 5	:invoke	:cas	[0 [0 1]]
2026-03-09 23:13:29,460{GMT}	INFO	[jepsen worker 2] jepsen.util: 2	:fail	:read	[0 nil]	[:key-does-not-exist "not found"]
2026-03-09 23:13:29,463{GMT}	INFO	[jepsen worker 0] jepsen.util: 0	:fail	:read	[0 nil]	[:key-does-not-exist "not found"]
2026-03-09 23:13:29,528{GMT}	INFO	[jepsen worker 0] jepsen.util: 0	:invoke	:read	[0 nil]
2026-03-09 23:13:29,627{GMT}	INFO	[jepsen worker 1] jepsen.util: 1	:fail	:read	[0 nil]	[:key-does-not-exist "not found"]
2026-03-09 23:13:29,728{GMT}	INFO	[jepsen worker 1] jepsen.util: 1	:invoke	:read	[0 nil]
2026-03-09 23:13:29,764{GMT}	INFO	[jepsen worker 5] jepsen.util: 5	:fail	:cas	[0 [0 1]]	[:key-does-not-exist "key not found"]
2026-03-09 23:13:29,767{GMT}	INFO	[jepsen worker 3] jepsen.util: 3	:fail	:cas	[0 [4 0]]	[:key-does-not-exist "key not found"]
2026-03-09 23:13:29,808{GMT}	INFO	[jepsen worker 5] jepsen.util: 5	:invoke	:cas	[0 [2 4]]
2026-03-09 23:13:29,930{GMT}	INFO	[jepsen worker 4] jepsen.util: 4	:fail	:cas	[0 [1 2]]	[:key-does-not-exist "key not found"]
2026-03-09 23:13:29,950{GMT}	INFO	[jepsen worker 2] jepsen.util: 2	:invoke	:read	[0 nil]
2026-03-09 23:13:30,008{GMT}	INFO	[jepsen worker 3] jepsen.util: 3	:invoke	:write	[0 2]
2026-03-09 23:13:30,073{GMT}	INFO	[jepsen worker 0] jepsen.util: 0	:fail	:read	[0 nil]	[:key-does-not-exist "not found"]
2026-03-09 23:13:30,117{GMT}	INFO	[jepsen worker 5] jepsen.util: 5	:fail	:cas	[0 [2 4]]	[:key-does-not-exist "key not found"]
2026-03-09 23:13:30,173{GMT}	INFO	[jepsen worker 4] jepsen.util: 4	:invoke	:write	[0 3]
2026-03-09 23:13:30,229{GMT}	INFO	[jepsen worker 5] jepsen.util: 5	:invoke	:cas	[0 [4 1]]
2026-03-09 23:13:30,236{GMT}	INFO	[jepsen worker 1] jepsen.util: 1	:fail	:read	[0 nil]	[:key-does-not-exist "not found"]
2026-03-09 23:13:30,378{GMT}	INFO	[jepsen worker 3] jepsen.util: 3	:fail	:write	[0 2]	[:abort "Server response timeout"]
2026-03-09 23:13:30,404{GMT}	INFO	[jepsen worker 3] jepsen.util: 3	:invoke	:write	[0 1]
2026-03-09 23:13:30,418{GMT}	INFO	[jepsen worker 2] jepsen.util: 2	:fail	:read	[0 nil]	[:key-does-not-exist "not found"]
2026-03-09 23:13:30,478{GMT}	INFO	[jepsen worker 0] jepsen.util: 0	:invoke	:read	[0 nil]
2026-03-09 23:13:30,538{GMT}	INFO	[jepsen worker 4] jepsen.util: 4	:fail	:write	[0 3]	[:abort "Server response timeout"]
2026-03-09 23:13:30,610{GMT}	INFO	[jepsen worker 1] jepsen.util: 1	:invoke	:read	[0 nil]
2026-03-09 23:13:30,711{GMT}	INFO	[jepsen worker 3] jepsen.util: 3	:fail	:write	[0 1]	[:abort "Server response timeout"]
2026-03-09 23:13:30,724{GMT}	INFO	[jepsen worker 5] jepsen.util: 5	:fail	:cas	[0 [4 1]]	[:key-does-not-exist "key not found"]
2026-03-09 23:13:30,800{GMT}	INFO	[jepsen worker 2] jepsen.util: 2	:invoke	:read	[0 nil]
2026-03-09 23:13:30,918{GMT}	INFO	[jepsen worker 1] jepsen.util: 1	:fail	:read	[0 nil]	[:key-does-not-exist "not found"]
2026-03-09 23:13:30,950{GMT}	INFO	[jepsen worker 3] jepsen.util: 3	:invoke	:cas	[0 [0 1]]
2026-03-09 23:13:31,014{GMT}	INFO	[jepsen worker 0] jepsen.util: 0	:fail	:read	[0 nil]	[:key-does-not-exist "not found"]
2026-03-09 23:13:31,097{GMT}	INFO	[jepsen worker 4] jepsen.util: 4	:invoke	:cas	[0 [3 2]]
2026-03-09 23:13:31,106{GMT}	INFO	[jepsen worker 2] jepsen.util: 2	:fail	:read	[0 nil]	[:key-does-not-exist "not found"]
2026-03-09 23:13:31,211{GMT}	INFO	[jepsen worker 5] jepsen.util: 5	:invoke	:cas	[0 [2 4]]
2026-03-09 23:13:31,319{GMT}	INFO	[jepsen worker 3] jepsen.util: 3	:fail	:cas	[0 [0 1]]	[:key-does-not-exist "key not found"]
2026-03-09 23:13:31,326{GMT}	INFO	[jepsen worker 3] jepsen.util: 3	:invoke	:cas	[0 [1 2]]
2026-03-09 23:13:31,406{GMT}	INFO	[jepsen worker 4] jepsen.util: 4	:fail	:cas	[0 [3 2]]	[:key-does-not-exist "key not found"]
2026-03-09 23:13:31,451{GMT}	INFO	[jepsen worker 4] jepsen.util: 4	:invoke	:cas	[0 [4 0]]
2026-03-09 23:13:31,455{GMT}	INFO	[jepsen worker 0] jepsen.util: 0	:invoke	:read	[0 nil]
2026-03-09 23:13:31,501{GMT}	INFO	[jepsen worker 1] jepsen.util: 1	:invoke	:read	[0 nil]
2026-03-09 23:13:31,518{GMT}	INFO	[jepsen worker 5] jepsen.util: 5	:fail	:cas	[0 [2 4]]	[:key-does-not-exist "key not found"]
2026-03-09 23:13:31,595{GMT}	INFO	[jepsen worker 5] jepsen.util: 5	:invoke	:cas	[0 [1 2]]
2026-03-09 23:13:31,633{GMT}	INFO	[jepsen worker 3] jepsen.util: 3	:fail	:cas	[0 [1 2]]	[:key-does-not-exist "key not found"]
2026-03-09 23:13:31,648{GMT}	INFO	[jepsen worker 2] jepsen.util: 2	:invoke	:read	[0 nil]
2026-03-09 23:13:31,744{GMT}	INFO	[jepsen worker 3] jepsen.util: 3	:invoke	:write	[0 4]
2026-03-09 23:13:31,758{GMT}	INFO	[jepsen worker 4] jepsen.util: 4	:fail	:cas	[0 [4 0]]	[:key-does-not-exist "key not found"]
2026-03-09 23:13:31,828{GMT}	INFO	[jepsen worker 4] jepsen.util: 4	:invoke	:cas	[0 [2 3]]
2026-03-09 23:13:31,902{GMT}	INFO	[jepsen worker 5] jepsen.util: 5	:fail	:cas	[0 [1 2]]	[:key-does-not-exist "key not found"]
2026-03-09 23:13:31,904{GMT}	INFO	[jepsen worker 5] jepsen.util: 5	:invoke	:cas	[0 [4 1]]
2026-03-09 23:13:31,938{GMT}	INFO	[jepsen worker 0] jepsen.util: 0	:fail	:read	[0 nil]	[:key-does-not-exist "not found"]
2026-03-09 23:13:32,022{GMT}	INFO	[jepsen worker 0] jepsen.util: 0	:invoke	:read	[0 nil]
2026-03-09 23:13:32,061{GMT}	INFO	[jepsen worker 1] jepsen.util: 1	:fail	:read	[0 nil]	[:key-does-not-exist "not found"]
2026-03-09 23:13:32,061{GMT}	INFO	[jepsen worker 1] jepsen.util: 1	:invoke	:read	[0 nil]
2026-03-09 23:13:32,208{GMT}	INFO	[jepsen worker 2] jepsen.util: 2	:fail	:read	[0 nil]	[:key-does-not-exist "not found"]
2026-03-09 23:13:32,209{GMT}	INFO	[jepsen worker 2] jepsen.util: 2	:invoke	:read	[0 nil]
2026-03-09 23:13:32,243{GMT}	INFO	[jepsen worker 3] jepsen.util: 3	:fail	:write	[0 4]	[:abort "Server response timeout"]
2026-03-09 23:13:32,244{GMT}	INFO	[jepsen worker 3] jepsen.util: 3	:invoke	:write	[0 0]
2026-03-09 23:13:32,364{GMT}	INFO	[jepsen worker 4] jepsen.util: 4	:fail	:cas	[0 [2 3]]	[:key-does-not-exist "key not found"]
2026-03-09 23:13:32,405{GMT}	INFO	[jepsen worker 4] jepsen.util: 4	:invoke	:cas	[0 [0 2]]
2026-03-09 23:13:32,512{GMT}	INFO	[jepsen worker 5] jepsen.util: 5	:fail	:cas	[0 [4 1]]	[:key-does-not-exist "key not found"]
2026-03-09 23:13:32,512{GMT}	INFO	[jepsen worker 5] jepsen.util: 5	:invoke	:cas	[0 [2 2]]
2026-03-09 23:13:32,547{GMT}	INFO	[jepsen worker 0] jepsen.util: 0	:fail	:read	[0 nil]	[:key-does-not-exist "not found"]
2026-03-09 23:13:32,587{GMT}	INFO	[jepsen worker 0] jepsen.util: 0	:invoke	:read	[0 nil]
2026-03-09 23:13:32,667{GMT}	INFO	[jepsen worker 1] jepsen.util: 1	:fail	:read	[0 nil]	[:key-does-not-exist "not found"]
2026-03-09 23:13:32,667{GMT}	INFO	[jepsen worker 1] jepsen.util: 1	:invoke	:read	[0 nil]
2026-03-09 23:13:32,815{GMT}	INFO	[jepsen worker 2] jepsen.util: 2	:fail	:read	[0 nil]	[:key-does-not-exist "not found"]
2026-03-09 23:13:32,815{GMT}	INFO	[jepsen worker 2] jepsen.util: 2	:invoke	:read	[0 nil]
2026-03-09 23:13:32,849{GMT}	INFO	[jepsen worker 3] jepsen.util: 3	:fail	:write	[0 0]	[:abort "Server response timeout"]
2026-03-09 23:13:32,872{GMT}	INFO	[jepsen worker 3] jepsen.util: 3	:invoke	:write	[0 3]
2026-03-09 23:13:32,973{GMT}	INFO	[jepsen worker 4] jepsen.util: 4	:fail	:cas	[0 [0 2]]	[:key-does-not-exist "key not found"]
2026-03-09 23:13:32,973{GMT}	INFO	[jepsen worker 4] jepsen.util: 4	:invoke	:write	[0 0]
2026-03-09 23:13:33,118{GMT}	INFO	[jepsen worker 5] jepsen.util: 5	:fail	:cas	[0 [2 2]]	[:key-does-not-exist "key not found"]
2026-03-09 23:13:33,118{GMT}	INFO	[jepsen worker 5] jepsen.util: 5	:invoke	:cas	[0 [1 1]]
2026-03-09 23:13:33,151{GMT}	INFO	[jepsen worker 0] jepsen.util: 0	:fail	:read	[0 nil]	[:key-does-not-exist "not found"]
2026-03-09 23:13:33,264{GMT}	INFO	[jepsen worker 0] jepsen.util: 0	:invoke	:read	[0 nil]
2026-03-09 23:13:33,276{GMT}	INFO	[jepsen worker 1] jepsen.util: 1	:fail	:read	[0 nil]	[:key-does-not-exist "not found"]
2026-03-09 23:13:33,410{GMT}	INFO	[jepsen worker 1] jepsen.util: 1	:invoke	:read	[0 nil]
2026-03-09 23:13:33,423{GMT}	INFO	[jepsen worker 2] jepsen.util: 2	:fail	:read	[0 nil]	[:key-does-not-exist "not found"]
2026-03-09 23:13:33,455{GMT}	INFO	[jepsen worker 3] jepsen.util: 3	:fail	:write	[0 3]	[:abort "Server response timeout"]
2026-03-09 23:13:33,533{GMT}	INFO	[jepsen worker 2] jepsen.util: 2	:invoke	:read	[0 nil]
2026-03-09 23:13:33,579{GMT}	INFO	[jepsen worker 4] jepsen.util: 4	:fail	:write	[0 0]	[:abort "Server response timeout"]
2026-03-09 23:13:33,693{GMT}	INFO	[jepsen worker 3] jepsen.util: 3	:invoke	:cas	[0 [1 3]]
2026-03-09 23:13:33,726{GMT}	INFO	[jepsen worker 5] jepsen.util: 5	:fail	:cas	[0 [1 1]]	[:key-does-not-exist "key not found"]
2026-03-09 23:13:33,743{GMT}	INFO	[jepsen worker 4] jepsen.util: 4	:invoke	:write	[0 4]
2026-03-09 23:13:33,757{GMT}	INFO	[jepsen worker 0] jepsen.util: 0	:fail	:read	[0 nil]	[:key-does-not-exist "not found"]
2026-03-09 23:13:33,773{GMT}	INFO	[jepsen worker 5] jepsen.util: 5	:invoke	:write	[0 3]
2026-03-09 23:13:33,783{GMT}	INFO	[jepsen worker 0] jepsen.util: 0	:invoke	:read	[0 nil]
2026-03-09 23:13:33,882{GMT}	INFO	[jepsen worker 1] jepsen.util: 1	:fail	:read	[0 nil]	[:key-does-not-exist "not found"]
2026-03-09 23:13:33,882{GMT}	INFO	[jepsen worker 1] jepsen.util: 1	:invoke	:read	[0 nil]
2026-03-09 23:13:34,030{GMT}	INFO	[jepsen worker 2] jepsen.util: 2	:fail	:read	[0 nil]	[:key-does-not-exist "not found"]
2026-03-09 23:13:34,031{GMT}	INFO	[jepsen worker 2] jepsen.util: 2	:invoke	:read	[0 nil]
2026-03-09 23:13:34,062{GMT}	INFO	[jepsen worker 3] jepsen.util: 3	:fail	:cas	[0 [1 3]]	[:key-does-not-exist "key not found"]
2026-03-09 23:13:34,064{GMT}	INFO	[jepsen worker 3] jepsen.util: 3	:invoke	:write	[0 4]
2026-03-09 23:13:34,185{GMT}	INFO	[jepsen worker 4] jepsen.util: 4	:fail	:write	[0 4]	[:abort "Server response timeout"]
2026-03-09 23:13:34,185{GMT}	INFO	[jepsen worker 4] jepsen.util: 4	:invoke	:write	[0 0]
2026-03-09 23:13:34,335{GMT}	INFO	[jepsen worker 5] jepsen.util: 5	:fail	:write	[0 3]	[:abort "Server response timeout"]
2026-03-09 23:13:34,335{GMT}	INFO	[jepsen worker 5] jepsen.util: 5	:invoke	:cas	[0 [3 2]]
2026-03-09 23:13:34,366{GMT}	INFO	[jepsen worker 0] jepsen.util: 0	:fail	:read	[0 nil]	[:key-does-not-exist "not found"]
2026-03-09 23:13:34,366{GMT}	INFO	[jepsen worker 0] jepsen.util: 0	:invoke	:read	[0 nil]
2026-03-09 23:13:34,491{GMT}	INFO	[jepsen worker 1] jepsen.util: 1	:fail	:read	[0 nil]	[:key-does-not-exist "not found"]
2026-03-09 23:13:34,510{GMT}	INFO	[jepsen worker 1] jepsen.util: 1	:invoke	:read	[0 nil]
2026-03-09 23:13:34,641{GMT}	INFO	[jepsen worker 2] jepsen.util: 2	:fail	:read	[0 nil]	[:key-does-not-exist "not found"]
2026-03-09 23:13:34,641{GMT}	INFO	[jepsen worker 2] jepsen.util: 2	:invoke	:read	[0 nil]
2026-03-09 23:13:34,671{GMT}	INFO	[jepsen worker 3] jepsen.util: 3	:fail	:write	[0 4]	[:abort "Server response timeout"]
2026-03-09 23:13:34,778{GMT}	INFO	[jepsen worker 3] jepsen.util: 3	:invoke	:cas	[0 [3 4]]
2026-03-09 23:13:34,794{GMT}	INFO	[jepsen worker 4] jepsen.util: 4	:fail	:write	[0 0]	[:abort "Server response timeout"]
2026-03-09 23:13:34,945{GMT}	INFO	[jepsen worker 5] jepsen.util: 5	:fail	:cas	[0 [3 2]]	[:key-does-not-exist "key not found"]
2026-03-09 23:13:34,975{GMT}	INFO	[jepsen worker 0] jepsen.util: 0	:fail	:read	[0 nil]	[:key-does-not-exist "not found"]
2026-03-09 23:13:34,976{GMT}	INFO	[jepsen worker 0] jepsen.util: 0	:invoke	:read	[0 nil]
2026-03-09 23:13:35,100{GMT}	INFO	[jepsen worker 1] jepsen.util: 1	:fail	:read	[0 nil]	[:key-does-not-exist "not found"]
2026-03-09 23:13:35,130{GMT}	INFO	[jepsen worker 4] jepsen.util: 4	:invoke	:write	[0 1]
2026-03-09 23:13:35,194{GMT}	INFO	[jepsen worker 1] jepsen.util: 1	:invoke	:read	[0 nil]
2026-03-09 23:13:35,249{GMT}	INFO	[jepsen worker 2] jepsen.util: 2	:fail	:read	[0 nil]	[:key-does-not-exist "not found"]
2026-03-09 23:13:35,278{GMT}	INFO	[jepsen worker 3] jepsen.util: 3	:fail	:cas	[0 [3 4]]	[:key-does-not-exist "key not found"]
2026-03-09 23:13:35,278{GMT}	INFO	[jepsen worker 2] jepsen.util: 2	:invoke	:read	[0 nil]
2026-03-09 23:13:35,339{GMT}	INFO	[jepsen worker 3] jepsen.util: 3	:invoke	:write	[0 4]
2026-03-09 23:13:35,369{GMT}	INFO	[jepsen worker 5] jepsen.util: 5	:invoke	:write	[0 4]
2026-03-09 23:13:35,436{GMT}	INFO	[jepsen worker 4] jepsen.util: 4	:fail	:write	[0 1]	[:abort "Server response timeout"]
2026-03-09 23:13:35,452{GMT}	INFO	[jepsen worker 4] jepsen.util: 4	:invoke	:cas	[0 [2 1]]
2026-03-09 23:13:35,581{GMT}	INFO	[jepsen worker 0] jepsen.util: 0	:fail	:read	[0 nil]	[:key-does-not-exist "not found"]
2026-03-09 23:13:35,581{GMT}	INFO	[jepsen worker 2] jepsen.util: 2	:fail	:read	[0 nil]	[:key-does-not-exist "not found"]
2026-03-09 23:13:35,628{GMT}	INFO	[jepsen worker 0] jepsen.util: 0	:invoke	:read	[0 nil]
2026-03-09 23:13:35,742{GMT}	INFO	[jepsen worker 1] jepsen.util: 1	:fail	:read	[0 nil]	[:key-does-not-exist "not found"]
2026-03-09 23:13:35,778{GMT}	INFO	[jepsen worker 1] jepsen.util: 1	:invoke	:read	[0 nil]
2026-03-09 23:13:35,885{GMT}	INFO	[jepsen worker 3] jepsen.util: 3	:fail	:write	[0 4]	[:abort "Server response timeout"]
2026-03-09 23:13:35,885{GMT}	INFO	[jepsen worker 5] jepsen.util: 5	:fail	:write	[0 4]	[:abort "Server response timeout"]
2026-03-09 23:13:35,933{GMT}	INFO	[jepsen worker 2] jepsen.util: 2	:invoke	:read	[0 nil]
2026-03-09 23:13:36,047{GMT}	INFO	[jepsen worker 4] jepsen.util: 4	:fail	:cas	[0 [2 1]]	[:key-does-not-exist "key not found"]
2026-03-09 23:13:36,138{GMT}	INFO	[jepsen worker 3] jepsen.util: 3	:invoke	:write	[0 2]
2026-03-09 23:13:36,191{GMT}	INFO	[jepsen worker 0] jepsen.util: 0	:fail	:read	[0 nil]	[:key-does-not-exist "not found"]
2026-03-09 23:13:36,201{GMT}	INFO	[jepsen worker 4] jepsen.util: 4	:invoke	:cas	[0 [4 4]]
2026-03-09 23:13:36,242{GMT}	INFO	[jepsen worker 2] jepsen.util: 2	:fail	:read	[0 nil]	[:key-does-not-exist "not found"]
2026-03-09 23:13:36,311{GMT}	INFO	[jepsen worker 0] jepsen.util: 0	:invoke	:read	[0 nil]
2026-03-09 23:13:36,352{GMT}	INFO	[jepsen worker 1] jepsen.util: 1	:fail	:read	[0 nil]	[:key-does-not-exist "not found"]
2026-03-09 23:13:36,362{GMT}	INFO	[jepsen worker 1] jepsen.util: 1	:invoke	:read	[0 nil]
2026-03-09 23:13:36,388{GMT}	INFO	[jepsen worker 2] jepsen.util: 2	:invoke	:read	[0 nil]
2026-03-09 23:13:36,410{GMT}	INFO	[jepsen worker 5] jepsen.util: 5	:invoke	:write	[0 2]
2026-03-09 23:13:36,493{GMT}	INFO	[jepsen worker 3] jepsen.util: 3	:fail	:write	[0 2]	[:abort "Server response timeout"]
2026-03-09 23:13:36,494{GMT}	INFO	[jepsen worker 3] jepsen.util: 3	:invoke	:cas	[0 [2 3]]
2026-03-09 23:13:36,657{GMT}	INFO	[jepsen worker 4] jepsen.util: 4	:fail	:cas	[0 [4 4]]	[:key-does-not-exist "key not found"]
2026-03-09 23:13:36,658{GMT}	INFO	[jepsen worker 4] jepsen.util: 4	:invoke	:write	[0 4]
2026-03-09 23:13:36,694{GMT}	INFO	[jepsen worker 2] jepsen.util: 2	:fail	:read	[0 nil]	[:key-does-not-exist "not found"]
2026-03-09 23:13:36,797{GMT}	INFO	[jepsen worker 0] jepsen.util: 0	:fail	:read	[0 nil]	[:key-does-not-exist "not found"]
2026-03-09 23:13:36,858{GMT}	INFO	[jepsen worker 2] jepsen.util: 2	:invoke	:read	[0 nil]
2026-03-09 23:13:36,860{GMT}	INFO	[jepsen worker 0] jepsen.util: 0	:invoke	:read	[0 nil]
2026-03-09 23:13:36,960{GMT}	INFO	[jepsen worker 1] jepsen.util: 1	:fail	:read	[0 nil]	[:key-does-not-exist "not found"]
2026-03-09 23:13:36,995{GMT}	INFO	[jepsen worker 5] jepsen.util: 5	:fail	:write	[0 2]	[:abort "Server response timeout"]
2026-03-09 23:13:37,049{GMT}	INFO	[jepsen worker 1] jepsen.util: 1	:invoke	:read	[0 nil]
2026-03-09 23:13:37,101{GMT}	INFO	[jepsen worker 3] jepsen.util: 3	:fail	:cas	[0 [2 3]]	[:key-does-not-exist "key not found"]
2026-03-09 23:13:37,243{GMT}	INFO	[jepsen worker 5] jepsen.util: 5	:invoke	:cas	[0 [2 4]]
2026-03-09 23:13:37,264{GMT}	INFO	[jepsen worker 4] jepsen.util: 4	:fail	:write	[0 4]	[:abort "Server response timeout"]
2026-03-09 23:13:37,299{GMT}	INFO	[jepsen worker 2] jepsen.util: 2	:fail	:read	[0 nil]	[:key-does-not-exist "not found"]
2026-03-09 23:13:37,371{GMT}	INFO	[jepsen worker 2] jepsen.util: 2	:invoke	:read	[0 nil]
2026-03-09 23:13:37,399{GMT}	INFO	[jepsen worker 3] jepsen.util: 3	:invoke	:write	[0 0]
2026-03-09 23:13:37,403{GMT}	INFO	[jepsen worker 0] jepsen.util: 0	:fail	:read	[0 nil]	[:key-does-not-exist "not found"]
2026-03-09 23:13:37,538{GMT}	INFO	[jepsen worker 0] jepsen.util: 0	:invoke	:read	[0 nil]
2026-03-09 23:13:37,566{GMT}	INFO	[jepsen worker 1] jepsen.util: 1	:fail	:read	[0 nil]	[:key-does-not-exist "not found"]
2026-03-09 23:13:37,602{GMT}	INFO	[jepsen worker 5] jepsen.util: 5	:fail	:cas	[0 [2 4]]	[:key-does-not-exist "key not found"]
2026-03-09 23:13:37,707{GMT}	INFO	[jepsen worker 3] jepsen.util: 3	:fail	:write	[0 0]	[:abort "Server response timeout"]
2026-03-09 23:13:37,739{GMT}	INFO	[jepsen worker 1] jepsen.util: 1	:invoke	:read	[0 nil]
2026-03-09 23:13:37,904{GMT}	INFO	[jepsen worker 2] jepsen.util: 2	:fail	:read	[0 nil]	[:key-does-not-exist "not found"]
2026-03-09 23:13:37,930{GMT}	INFO	[jepsen worker 2] jepsen.util: 2	:invoke	:read	[0 nil]
2026-03-09 23:13:38,009{GMT}	INFO	[jepsen worker 0] jepsen.util: 0	:fail	:read	[0 nil]	[:key-does-not-exist "not found"]
2026-03-09 23:13:38,031{GMT}	INFO	[jepsen worker 4] jepsen.util: 4	:invoke	:write	[0 0]
2026-03-09 23:13:38,042{GMT}	INFO	[jepsen worker 1] jepsen.util: 1	:fail	:read	[0 nil]	[:key-does-not-exist "not found"]
2026-03-09 23:13:38,092{GMT}	INFO	[jepsen worker 0] jepsen.util: 0	:invoke	:read	[0 nil]
2026-03-09 23:13:38,124{GMT}	INFO	[jepsen worker 1] jepsen.util: 1	:invoke	:read	[0 nil]
2026-03-09 23:13:38,238{GMT}	INFO	[jepsen worker 2] jepsen.util: 2	:fail	:read	[0 nil]	[:key-does-not-exist "not found"]
2026-03-09 23:13:38,239{GMT}	INFO	[jepsen worker 2] jepsen.util: 2	:invoke	:read	[0 nil]
2026-03-09 23:13:38,351{GMT}	INFO	[jepsen worker 4] jepsen.util: 4	:fail	:write	[0 0]	[:abort "Server response timeout"]
2026-03-09 23:13:38,398{GMT}	INFO	[jepsen worker 0] jepsen.util: 0	:fail	:read	[0 nil]	[:key-does-not-exist "not found"]
2026-03-09 23:13:38,410{GMT}	INFO	[jepsen worker 0] jepsen.util: 0	:invoke	:read	[0 nil]
2026-03-09 23:13:38,511{GMT}	INFO	[jepsen worker 3] jepsen.util: 3	:invoke	:write	[0 3]
2026-03-09 23:13:38,542{GMT}	INFO	[jepsen worker 4] jepsen.util: 4	:invoke	:write	[0 4]
2026-03-09 23:13:38,544{GMT}	INFO	[jepsen worker 2] jepsen.util: 2	:fail	:read	[0 nil]	[:key-does-not-exist "not found"]
2026-03-09 23:13:38,639{GMT}	INFO	[jepsen worker 2] jepsen.util: 2	:invoke	:read	[0 nil]
2026-03-09 23:13:38,652{GMT}	INFO	[jepsen worker 1] jepsen.util: 1	:fail	:read	[0 nil]	[:key-does-not-exist "not found"]
2026-03-09 23:13:38,658{GMT}	INFO	[jepsen worker 1] jepsen.util: 1	:invoke	:read	[0 nil]
2026-03-09 23:13:38,714{GMT}	INFO	[jepsen worker 0] jepsen.util: 0	:fail	:read	[0 nil]	[:key-does-not-exist "not found"]
2026-03-09 23:13:38,740{GMT}	INFO	[jepsen worker 5] jepsen.util: 5	:invoke	:cas	[0 [1 2]]
2026-03-09 23:13:38,927{GMT}	INFO	[jepsen worker 0] jepsen.util: 0	:invoke	:read	[0 nil]
2026-03-09 23:13:38,944{GMT}	INFO	[jepsen worker 2] jepsen.util: 2	:fail	:read	[0 nil]	[:key-does-not-exist "not found"]
2026-03-09 23:13:38,955{GMT}	INFO	[jepsen worker 4] jepsen.util: 4	:fail	:write	[0 4]	[:abort "Server response timeout"]
2026-03-09 23:13:39,016{GMT}	INFO	[jepsen worker 3] jepsen.util: 3	:fail	:write	[0 3]	[:abort "Server response timeout"]
2026-03-09 23:13:39,125{GMT}	INFO	[jepsen worker 2] jepsen.util: 2	:invoke	:read	[0 nil]
2026-03-09 23:13:39,235{GMT}	INFO	[jepsen worker 3] jepsen.util: 3	:invoke	:cas	[0 [4 4]]
2026-03-09 23:13:39,249{GMT}	INFO	[jepsen worker 5] jepsen.util: 5	:fail	:cas	[0 [1 2]]	[:key-does-not-exist "key not found"]
2026-03-09 23:13:39,258{GMT}	INFO	[jepsen worker 1] jepsen.util: 1	:fail	:read	[0 nil]	[:key-does-not-exist "not found"]
2026-03-09 23:13:39,318{GMT}	INFO	[jepsen worker 0] jepsen.util: 0	:fail	:read	[0 nil]	[:key-does-not-exist "not found"]
2026-03-09 23:13:39,383{GMT}	INFO	[jepsen worker 0] jepsen.util: 0	:invoke	:read	[0 nil]
2026-03-09 23:13:39,488{GMT}	INFO	[jepsen worker 1] jepsen.util: 1	:invoke	:read	[0 nil]
2026-03-09 23:13:39,551{GMT}	INFO	[jepsen worker 2] jepsen.util: 2	:fail	:read	[0 nil]	[:key-does-not-exist "not found"]
2026-03-09 23:13:39,592{GMT}	INFO	[jepsen worker 2] jepsen.util: 2	:invoke	:read	[0 nil]
2026-03-09 23:13:39,622{GMT}	INFO	[jepsen worker 3] jepsen.util: 3	:fail	:cas	[0 [4 4]]	[:key-does-not-exist "key not found"]
2026-03-09 23:13:39,662{GMT}	INFO	[jepsen worker 3] jepsen.util: 3	:invoke	:write	[0 4]
2026-03-09 23:13:39,796{GMT}	INFO	[jepsen worker 1] jepsen.util: 1	:fail	:read	[0 nil]	[:key-does-not-exist "not found"]
2026-03-09 23:13:39,797{GMT}	INFO	[jepsen worker 1] jepsen.util: 1	:invoke	:read	[0 nil]
2026-03-09 23:13:39,799{GMT}	INFO	[jepsen worker 4] jepsen.util: 4	:invoke	:write	[0 0]
2026-03-09 23:13:39,897{GMT}	INFO	[jepsen worker 2] jepsen.util: 2	:fail	:read	[0 nil]	[:key-does-not-exist "not found"]
2026-03-09 23:13:39,926{GMT}	INFO	[jepsen worker 0] jepsen.util: 0	:fail	:read	[0 nil]	[:key-does-not-exist "not found"]
2026-03-09 23:13:39,929{GMT}	INFO	[jepsen worker 5] jepsen.util: 5	:invoke	:cas	[0 [3 0]]
2026-03-09 23:13:40,027{GMT}	INFO	[jepsen worker 0] jepsen.util: 0	:invoke	:read	[0 nil]
2026-03-09 23:13:40,101{GMT}	INFO	[jepsen worker 1] jepsen.util: 1	:fail	:read	[0 nil]	[:key-does-not-exist "not found"]
2026-03-09 23:13:40,134{GMT}	INFO	[jepsen worker 1] jepsen.util: 1	:invoke	:read	[0 nil]
2026-03-09 23:13:40,229{GMT}	INFO	[jepsen worker 3] jepsen.util: 3	:fail	:write	[0 4]	[:abort "Server response timeout"]
2026-03-09 23:13:40,233{GMT}	INFO	[jepsen worker 5] jepsen.util: 5	:fail	:cas	[0 [3 0]]	[:key-does-not-exist "key not found"]
2026-03-09 23:13:40,277{GMT}	INFO	[jepsen worker 5] jepsen.util: 5	:invoke	:cas	[0 [1 3]]
2026-03-09 23:13:40,386{GMT}	INFO	[jepsen worker 3] jepsen.util: 3	:invoke	:write	[0 4]
2026-03-09 23:13:40,406{GMT}	INFO	[jepsen worker 4] jepsen.util: 4	:fail	:write	[0 0]	[:abort "Server response timeout"]
2026-03-09 23:13:40,513{GMT}	INFO	[jepsen worker 2] jepsen.util: 2	:invoke	:read	[0 nil]
2026-03-09 23:13:40,535{GMT}	INFO	[jepsen worker 0] jepsen.util: 0	:fail	:read	[0 nil]	[:key-does-not-exist "not found"]
2026-03-09 23:13:40,584{GMT}	INFO	[jepsen worker 5] jepsen.util: 5	:fail	:cas	[0 [1 3]]	[:key-does-not-exist "key not found"]
2026-03-09 23:13:40,645{GMT}	INFO	[jepsen worker 0] jepsen.util: 0	:invoke	:read	[0 nil]
2026-03-09 23:13:40,681{GMT}	INFO	[jepsen worker 4] jepsen.util: 4	:invoke	:cas	[0 [0 2]]
2026-03-09 23:13:40,710{GMT}	INFO	[jepsen worker 1] jepsen.util: 1	:fail	:read	[0 nil]	[:key-does-not-exist "not found"]
2026-03-09 23:13:40,784{GMT}	INFO	[jepsen worker 5] jepsen.util: 5	:invoke	:write	[0 1]
2026-03-09 23:13:40,794{GMT}	INFO	[jepsen worker 1] jepsen.util: 1	:invoke	:read	[0 nil]
2026-03-09 23:13:40,838{GMT}	INFO	[jepsen worker 3] jepsen.util: 3	:fail	:write	[0 4]	[:abort "Server response timeout"]
2026-03-09 23:13:40,858{GMT}	INFO	[jepsen worker 3] jepsen.util: 3	:invoke	:write	[0 4]
2026-03-09 23:13:40,887{GMT}	INFO	[jepsen worker 2] jepsen.util: 2	:fail	:read	[0 nil]	[:key-does-not-exist "not found"]
2026-03-09 23:13:40,987{GMT}	INFO	[jepsen worker 2] jepsen.util: 2	:invoke	:read	[0 nil]
2026-03-09 23:13:41,014{GMT}	INFO	[jepsen worker 4] jepsen.util: 4	:fail	:cas	[0 [0 2]]	[:key-does-not-exist "key not found"]
2026-03-09 23:13:41,093{GMT}	INFO	[jepsen worker 4] jepsen.util: 4	:invoke	:write	[0 2]
2026-03-09 23:13:41,141{GMT}	INFO	[jepsen worker 0] jepsen.util: 0	:fail	:read	[0 nil]	[:key-does-not-exist "not found"]
2026-03-09 23:13:41,181{GMT}	INFO	[jepsen worker 0] jepsen.util: 0	:invoke	:read	[0 nil]
2026-03-09 23:13:41,190{GMT}	INFO	[jepsen worker 5] jepsen.util: 5	:fail	:write	[0 1]	[:abort "Server response timeout"]
2026-03-09 23:13:41,215{GMT}	INFO	[jepsen worker 5] jepsen.util: 5	:invoke	:cas	[0 [2 0]]
2026-03-09 23:13:41,316{GMT}	INFO	[jepsen worker 1] jepsen.util: 1	:fail	:read	[0 nil]	[:key-does-not-exist "not found"]
2026-03-09 23:13:41,321{GMT}	INFO	[jepsen worker 1] jepsen.util: 1	:invoke	:read	[0 nil]
2026-03-09 23:13:41,464{GMT}	INFO	[jepsen worker 3] jepsen.util: 3	:fail	:write	[0 4]	[:abort "Server response timeout"]
2026-03-09 23:13:41,481{GMT}	INFO	[jepsen worker 3] jepsen.util: 3	:invoke	:cas	[0 [0 3]]
2026-03-09 23:13:41,549{GMT}	INFO	[jepsen worker 2] jepsen.util: 2	:fail	:read	[0 nil]	[:key-does-not-exist "not found"]
2026-03-09 23:13:41,623{GMT}	INFO	[jepsen worker 4] jepsen.util: 4	:fail	:write	[0 2]	[:abort "Server response timeout"]
2026-03-09 23:13:41,631{GMT}	INFO	[jepsen worker 2] jepsen.util: 2	:invoke	:read	[0 nil]
2026-03-09 23:13:41,756{GMT}	INFO	[jepsen worker 0] jepsen.util: 0	:fail	:read	[0 nil]	[:key-does-not-exist "not found"]
2026-03-09 23:13:41,756{GMT}	INFO	[jepsen worker 4] jepsen.util: 4	:invoke	:write	[0 1]
2026-03-09 23:13:41,814{GMT}	INFO	[jepsen worker 5] jepsen.util: 5	:fail	:cas	[0 [2 0]]	[:key-does-not-exist "key not found"]
2026-03-09 23:13:41,873{GMT}	INFO	[jepsen worker 5] jepsen.util: 5	:invoke	:cas	[0 [2 3]]
2026-03-09 23:13:41,907{GMT}	INFO	[jepsen worker 0] jepsen.util: 0	:invoke	:read	[0 nil]
2026-03-09 23:13:41,926{GMT}	INFO	[jepsen worker 1] jepsen.util: 1	:fail	:read	[0 nil]	[:key-does-not-exist "not found"]
2026-03-09 23:13:41,927{GMT}	INFO	[jepsen worker 1] jepsen.util: 1	:invoke	:read	[0 nil]
2026-03-09 23:13:42,060{GMT}	INFO	[jepsen worker 3] jepsen.util: 3	:fail	:cas	[0 [0 3]]	[:key-does-not-exist "key not found"]
2026-03-09 23:13:42,063{GMT}	INFO	[jepsen worker 3] jepsen.util: 3	:invoke	:cas	[0 [3 4]]
2026-03-09 23:13:42,118{GMT}	INFO	[jepsen worker 2] jepsen.util: 2	:fail	:read	[0 nil]	[:key-does-not-exist "not found"]
2026-03-09 23:13:42,119{GMT}	INFO	[jepsen worker 2] jepsen.util: 2	:invoke	:read	[0 nil]
2026-03-09 23:13:42,229{GMT}	INFO	[jepsen worker 4] jepsen.util: 4	:fail	:write	[0 1]	[:abort "Server response timeout"]
2026-03-09 23:13:42,229{GMT}	INFO	[jepsen worker 4] jepsen.util: 4	:invoke	:cas	[0 [0 3]]
2026-03-09 23:13:42,362{GMT}	INFO	[jepsen worker 0] jepsen.util: 0	:fail	:read	[0 nil]	[:key-does-not-exist "not found"]
2026-03-09 23:13:42,362{GMT}	INFO	[jepsen worker 0] jepsen.util: 0	:invoke	:read	[0 nil]
2026-03-09 23:13:42,422{GMT}	INFO	[jepsen worker 5] jepsen.util: 5	:fail	:cas	[0 [2 3]]	[:key-does-not-exist "key not found"]
2026-03-09 23:13:42,422{GMT}	INFO	[jepsen worker 5] jepsen.util: 5	:invoke	:cas	[0 [0 3]]
2026-03-09 23:13:42,532{GMT}	INFO	[jepsen worker 1] jepsen.util: 1	:fail	:read	[0 nil]	[:key-does-not-exist "not found"]
2026-03-09 23:13:42,532{GMT}	INFO	[jepsen worker 1] jepsen.util: 1	:invoke	:read	[0 nil]
2026-03-09 23:13:42,667{GMT}	INFO	[jepsen worker 3] jepsen.util: 3	:fail	:cas	[0 [3 4]]	[:key-does-not-exist "key not found"]
2026-03-09 23:13:42,668{GMT}	INFO	[jepsen worker 3] jepsen.util: 3	:invoke	:cas	[0 [1 2]]
2026-03-09 23:13:42,724{GMT}	INFO	[jepsen worker 2] jepsen.util: 2	:fail	:read	[0 nil]	[:key-does-not-exist "not found"]
2026-03-09 23:13:42,724{GMT}	INFO	[jepsen worker 2] jepsen.util: 2	:invoke	:read	[0 nil]
2026-03-09 23:13:42,835{GMT}	INFO	[jepsen worker 4] jepsen.util: 4	:fail	:cas	[0 [0 3]]	[:key-does-not-exist "key not found"]
2026-03-09 23:13:42,835{GMT}	INFO	[jepsen worker 4] jepsen.util: 4	:invoke	:cas	[0 [1 4]]
2026-03-09 23:13:42,973{GMT}	INFO	[jepsen worker 0] jepsen.util: 0	:fail	:read	[0 nil]	[:key-does-not-exist "not found"]
2026-03-09 23:13:42,973{GMT}	INFO	[jepsen worker 0] jepsen.util: 0	:invoke	:read	[0 nil]
2026-03-09 23:13:43,029{GMT}	INFO	[jepsen worker 5] jepsen.util: 5	:fail	:cas	[0 [0 3]]	[:key-does-not-exist "key not found"]
2026-03-09 23:13:43,140{GMT}	INFO	[jepsen worker 5] jepsen.util: 5	:invoke	:write	[0 0]
2026-03-09 23:13:43,142{GMT}	INFO	[jepsen worker 1] jepsen.util: 1	:fail	:read	[0 nil]	[:key-does-not-exist "not found"]
2026-03-09 23:13:43,276{GMT}	INFO	[jepsen worker 3] jepsen.util: 3	:fail	:cas	[0 [1 2]]	[:key-does-not-exist "key not found"]
2026-03-09 23:13:43,332{GMT}	INFO	[jepsen worker 2] jepsen.util: 2	:fail	:read	[0 nil]	[:key-does-not-exist "not found"]
2026-03-09 23:13:43,337{GMT}	INFO	[jepsen worker 3] jepsen.util: 3	:invoke	:cas	[0 [3 4]]
2026-03-09 23:13:43,446{GMT}	INFO	[jepsen worker 4] jepsen.util: 4	:fail	:cas	[0 [1 4]]	[:key-does-not-exist "key not found"]
2026-03-09 23:13:43,460{GMT}	INFO	[jepsen worker 4] jepsen.util: 4	:invoke	:cas	[0 [0 2]]
2026-03-09 23:13:43,578{GMT}	INFO	[jepsen worker 0] jepsen.util: 0	:fail	:read	[0 nil]	[:key-does-not-exist "not found"]
2026-03-09 23:13:43,636{GMT}	INFO	[jepsen worker 5] jepsen.util: 5	:fail	:write	[0 0]	[:abort "Server response timeout"]
2026-03-09 23:13:43,654{GMT}	INFO	[jepsen worker 2] jepsen.util: 2	:invoke	:read	[0 nil]
2026-03-09 23:13:43,672{GMT}	INFO	[jepsen worker 5] jepsen.util: 5	:invoke	:cas	[0 [0 4]]
2026-03-09 23:13:43,738{GMT}	INFO	[jepsen worker 0] jepsen.util: 0	:invoke	:read	[0 nil]
2026-03-09 23:13:43,765{GMT}	INFO	[jepsen worker 4] jepsen.util: 4	:fail	:cas	[0 [0 2]]	[:key-does-not-exist "key not found"]
2026-03-09 23:13:43,794{GMT}	INFO	[jepsen worker 1] jepsen.util: 1	:invoke	:read	[0 nil]
2026-03-09 23:13:43,853{GMT}	INFO	[jepsen worker 4] jepsen.util: 4	:invoke	:write	[0 1]
2026-03-09 23:13:43,882{GMT}	INFO	[jepsen worker 3] jepsen.util: 3	:fail	:cas	[0 [3 4]]	[:key-does-not-exist "key not found"]
2026-03-09 23:13:43,961{GMT}	INFO	[jepsen worker 2] jepsen.util: 2	:fail	:read	[0 nil]	[:key-does-not-exist "not found"]
2026-03-09 23:13:44,054{GMT}	INFO	[jepsen worker 2] jepsen.util: 2	:invoke	:read	[0 nil]
2026-03-09 23:13:44,106{GMT}	INFO	[jepsen worker 1] jepsen.util: 1	:fail	:read	[0 nil]	[:key-does-not-exist "not found"]
2026-03-09 23:13:44,188{GMT}	INFO	[jepsen worker 0] jepsen.util: 0	:fail	:read	[0 nil]	[:key-does-not-exist "not found"]
2026-03-09 23:13:44,189{GMT}	INFO	[jepsen worker 3] jepsen.util: 3	:invoke	:write	[0 1]
2026-03-09 23:13:44,266{GMT}	INFO	[jepsen worker 5] jepsen.util: 5	:fail	:cas	[0 [0 4]]	[:key-does-not-exist "key not found"]
2026-03-09 23:13:44,373{GMT}	INFO	[jepsen worker 5] jepsen.util: 5	:invoke	:cas	[0 [3 1]]
2026-03-09 23:13:44,408{GMT}	INFO	[jepsen worker 4] jepsen.util: 4	:fail	:write	[0 1]	[:abort "Server response timeout"]
2026-03-09 23:13:44,497{GMT}	INFO	[jepsen worker 3] jepsen.util: 3	:fail	:write	[0 1]	[:abort "Server response timeout"]
2026-03-09 23:13:44,549{GMT}	INFO	[jepsen worker 0] jepsen.util: 0	:invoke	:read	[0 nil]
2026-03-09 23:13:44,570{GMT}	INFO	[jepsen worker 2] jepsen.util: 2	:fail	:read	[0 nil]	[:key-does-not-exist "not found"]
2026-03-09 23:13:44,627{GMT}	INFO	[jepsen worker 1] jepsen.util: 1	:invoke	:read	[0 nil]
2026-03-09 23:13:44,674{GMT}	INFO	[jepsen worker 2] jepsen.util: 2	:invoke	:read	[0 nil]
2026-03-09 23:13:44,745{GMT}	INFO	[jepsen worker 3] jepsen.util: 3	:invoke	:cas	[0 [3 3]]
2026-03-09 23:13:44,855{GMT}	INFO	[jepsen worker 0] jepsen.util: 0	:fail	:read	[0 nil]	[:key-does-not-exist "not found"]
2026-03-09 23:13:44,896{GMT}	INFO	[jepsen worker 0] jepsen.util: 0	:invoke	:read	[0 nil]
2026-03-09 23:13:44,899{GMT}	INFO	[jepsen worker 5] jepsen.util: 5	:fail	:cas	[0 [3 1]]	[:key-does-not-exist "key not found"]
2026-03-09 23:13:44,931{GMT}	INFO	[jepsen worker 1] jepsen.util: 1	:fail	:read	[0 nil]	[:key-does-not-exist "not found"]
2026-03-09 23:13:44,993{GMT}	INFO	[jepsen worker 4] jepsen.util: 4	:invoke	:cas	[0 [1 3]]
2026-03-09 23:13:45,063{GMT}	INFO	[jepsen worker 5] jepsen.util: 5	:invoke	:cas	[0 [1 4]]
2026-03-09 23:13:45,159{GMT}	INFO	[jepsen worker 3] jepsen.util: 3	:fail	:cas	[0 [3 3]]	[:key-does-not-exist "key not found"]
2026-03-09 23:13:45,204{GMT}	INFO	[jepsen worker 2] jepsen.util: 2	:fail	:read	[0 nil]	[:key-does-not-exist "not found"]
2026-03-09 23:13:45,218{GMT}	INFO	[jepsen worker 1] jepsen.util: 1	:invoke	:read	[0 nil]
2026-03-09 23:13:45,299{GMT}	INFO	[jepsen worker 4] jepsen.util: 4	:fail	:cas	[0 [1 3]]	[:key-does-not-exist "key not found"]
2026-03-09 23:13:45,403{GMT}	INFO	[jepsen worker 4] jepsen.util: 4	:invoke	:write	[0 2]
2026-03-09 23:13:45,463{GMT}	INFO	[jepsen worker 0] jepsen.util: 0	:fail	:read	[0 nil]	[:key-does-not-exist "not found"]
2026-03-09 23:13:45,507{GMT}	INFO	[jepsen worker 5] jepsen.util: 5	:fail	:cas	[0 [1 4]]	[:key-does-not-exist "key not found"]
2026-03-09 23:13:45,594{GMT}	INFO	[jepsen worker 5] jepsen.util: 5	:invoke	:cas	[0 [1 2]]
2026-03-09 23:13:45,602{GMT}	INFO	[jepsen worker 1] jepsen.util: 1	:fail	:read	[0 nil]	[:key-does-not-exist "not found"]
2026-03-09 23:13:45,722{GMT}	INFO	[jepsen worker 0] jepsen.util: 0	:invoke	:read	[0 nil]
2026-03-09 23:13:45,850{GMT}	INFO	[jepsen worker 1] jepsen.util: 1	:invoke	:read	[0 nil]
2026-03-09 23:13:45,899{GMT}	INFO	[jepsen worker 5] jepsen.util: 5	:fail	:cas	[0 [1 2]]	[:key-does-not-exist "key not found"]
2026-03-09 23:13:45,906{GMT}	INFO	[jepsen worker 4] jepsen.util: 4	:fail	:write	[0 2]	[:abort "Server response timeout"]
2026-03-09 23:13:45,910{GMT}	INFO	[jepsen worker 3] jepsen.util: 3	:invoke	:cas	[0 [2 2]]
2026-03-09 23:13:45,960{GMT}	INFO	[jepsen worker 2] jepsen.util: 2	:invoke	:read	[0 nil]
2026-03-09 23:13:46,029{GMT}	INFO	[jepsen worker 0] jepsen.util: 0	:fail	:read	[0 nil]	[:key-does-not-exist "not found"]
2026-03-09 23:13:46,056{GMT}	INFO	[jepsen worker 0] jepsen.util: 0	:invoke	:read	[0 nil]
2026-03-09 23:13:46,211{GMT}	INFO	[jepsen worker 1] jepsen.util: 1	:fail	:read	[0 nil]	[:key-does-not-exist "not found"]
2026-03-09 23:13:46,215{GMT}	INFO	[jepsen worker 1] jepsen.util: 1	:invoke	:read	[0 nil]
2026-03-09 23:13:46,267{GMT}	INFO	[jepsen worker 2] jepsen.util: 2	:fail	:read	[0 nil]	[:key-does-not-exist "not found"]
2026-03-09 23:13:46,316{GMT}	INFO	[jepsen worker 5] jepsen.util: 5	:invoke	:write	[0 1]
2026-03-09 23:13:46,334{GMT}	INFO	[jepsen worker 3] jepsen.util: 3	:fail	:cas	[0 [2 2]]	[:key-does-not-exist "key not found"]
2026-03-09 23:13:46,449{GMT}	INFO	[jepsen worker 2] jepsen.util: 2	:invoke	:read	[0 nil]
2026-03-09 23:13:46,522{GMT}	INFO	[jepsen worker 1] jepsen.util: 1	:fail	:read	[0 nil]	[:key-does-not-exist "not found"]
2026-03-09 23:13:46,624{GMT}	INFO	[jepsen worker 3] jepsen.util: 3	:invoke	:cas	[0 [0 0]]
2026-03-09 23:13:46,624{GMT}	INFO	[jepsen worker 5] jepsen.util: 5	:fail	:write	[0 1]	[:abort "Server response timeout"]
2026-03-09 23:13:46,638{GMT}	INFO	[jepsen worker 0] jepsen.util: 0	:fail	:read	[0 nil]	[:key-does-not-exist "not found"]
2026-03-09 23:13:46,773{GMT}	INFO	[jepsen worker 1] jepsen.util: 1	:invoke	:read	[0 nil]
2026-03-09 23:13:46,815{GMT}	INFO	[jepsen worker 0] jepsen.util: 0	:invoke	:read	[0 nil]
2026-03-09 23:13:46,892{GMT}	INFO	[jepsen worker 4] jepsen.util: 4	:invoke	:cas	[0 [2 4]]
2026-03-09 23:13:46,929{GMT}	INFO	[jepsen worker 2] jepsen.util: 2	:fail	:read	[0 nil]	[:key-does-not-exist "not found"]
2026-03-09 23:13:46,942{GMT}	INFO	[jepsen worker 3] jepsen.util: 3	:fail	:cas	[0 [0 0]]	[:key-does-not-exist "key not found"]
2026-03-09 23:13:47,038{GMT}	INFO	[jepsen worker 2] jepsen.util: 2	:invoke	:read	[0 nil]
2026-03-09 23:13:47,078{GMT}	INFO	[jepsen worker 1] jepsen.util: 1	:fail	:read	[0 nil]	[:key-does-not-exist "not found"]
2026-03-09 23:13:47,173{GMT}	INFO	[jepsen worker 1] jepsen.util: 1	:invoke	:read	[0 nil]
2026-03-09 23:13:47,248{GMT}	INFO	[jepsen worker 0] jepsen.util: 0	:fail	:read	[0 nil]	[:key-does-not-exist "not found"]
2026-03-09 23:13:47,306{GMT}	INFO	[jepsen worker 0] jepsen.util: 0	:invoke	:read	[0 nil]
2026-03-09 23:13:47,344{GMT}	INFO	[jepsen worker 2] jepsen.util: 2	:fail	:read	[0 nil]	[:key-does-not-exist "not found"]
2026-03-09 23:13:47,380{GMT}	INFO	[jepsen worker 4] jepsen.util: 4	:fail	:cas	[0 [2 4]]	[:key-does-not-exist "key not found"]
2026-03-09 23:13:47,509{GMT}	INFO	[jepsen worker 2] jepsen.util: 2	:invoke	:read	[0 nil]
2026-03-09 23:13:47,610{GMT}	INFO	[jepsen worker 0] jepsen.util: 0	:fail	:read	[0 nil]	[:key-does-not-exist "not found"]
2026-03-09 23:13:47,644{GMT}	INFO	[jepsen worker 0] jepsen.util: 0	:invoke	:read	[0 nil]
2026-03-09 23:13:47,684{GMT}	INFO	[jepsen worker 1] jepsen.util: 1	:fail	:read	[0 nil]	[:key-does-not-exist "not found"]
2026-03-09 23:13:47,814{GMT}	INFO	[jepsen worker 2] jepsen.util: 2	:fail	:read	[0 nil]	[:key-does-not-exist "not found"]
2026-03-09 23:13:47,815{GMT}	INFO	[jepsen worker 3] jepsen.util: 3	:invoke	:write	[0 2]
2026-03-09 23:13:47,857{GMT}	INFO	[jepsen worker 4] jepsen.util: 4	:invoke	:cas	[0 [3 4]]
2026-03-09 23:13:47,950{GMT}	INFO	[jepsen worker 0] jepsen.util: 0	:fail	:read	[0 nil]	[:key-does-not-exist "not found"]
2026-03-09 23:13:48,062{GMT}	INFO	[jepsen worker 0] jepsen.util: 0	:invoke	:read	[0 nil]
2026-03-09 23:13:48,147{GMT}	INFO	[jepsen worker 5] jepsen.util: 5	:invoke	:write	[0 4]
2026-03-09 23:13:48,161{GMT}	INFO	[jepsen worker 4] jepsen.util: 4	:fail	:cas	[0 [3 4]]	[:key-does-not-exist "key not found"]
2026-03-09 23:13:48,254{GMT}	INFO	[jepsen worker 3] jepsen.util: 3	:fail	:write	[0 2]	[:abort "Server response timeout"]
2026-03-09 23:13:48,255{GMT}	INFO	[jepsen worker 3] jepsen.util: 3	:invoke	:write	[0 4]
2026-03-09 23:13:48,452{GMT}	INFO	[jepsen worker 1] jepsen.util: 1	:invoke	:read	[0 nil]
2026-03-09 23:13:48,453{GMT}	INFO	[jepsen worker 5] jepsen.util: 5	:fail	:write	[0 4]	[:abort "Server response timeout"]
2026-03-09 23:13:48,558{GMT}	INFO	[jepsen worker 0] jepsen.util: 0	:fail	:read	[0 nil]	[:key-does-not-exist "not found"]
2026-03-09 23:13:48,587{GMT}	INFO	[jepsen worker 4] jepsen.util: 4	:invoke	:cas	[0 [2 1]]
2026-03-09 23:13:48,758{GMT}	INFO	[jepsen worker 1] jepsen.util: 1	:fail	:read	[0 nil]	[:key-does-not-exist "not found"]
2026-03-09 23:13:48,782{GMT}	INFO	[jepsen worker 2] jepsen.util: 2	:invoke	:read	[0 nil]
2026-03-09 23:13:48,861{GMT}	INFO	[jepsen worker 3] jepsen.util: 3	:fail	:write	[0 4]	[:abort "Server response timeout"]
2026-03-09 23:13:48,942{GMT}	INFO	[jepsen worker 3] jepsen.util: 3	:invoke	:cas	[0 [3 3]]
2026-03-09 23:13:48,995{GMT}	INFO	[jepsen worker 5] jepsen.util: 5	:invoke	:write	[0 3]
2026-03-09 23:13:49,063{GMT}	INFO	[jepsen worker 4] jepsen.util: 4	:fail	:cas	[0 [2 1]]	[:key-does-not-exist "key not found"]
2026-03-09 23:13:49,088{GMT}	INFO	[jepsen worker 2] jepsen.util: 2	:fail	:read	[0 nil]	[:key-does-not-exist "not found"]
2026-03-09 23:13:49,172{GMT}	INFO	[jepsen worker 4] jepsen.util: 4	:invoke	:cas	[0 [1 3]]
2026-03-09 23:13:49,247{GMT}	INFO	[jepsen worker 3] jepsen.util: 3	:fail	:cas	[0 [3 3]]	[:key-does-not-exist "key not found"]
2026-03-09 23:13:49,304{GMT}	INFO	[jepsen worker 0] jepsen.util: 0	:invoke	:read	[0 nil]
2026-03-09 23:13:49,394{GMT}	INFO	[jepsen worker 5] jepsen.util: 5	:fail	:write	[0 3]	[:abort "Server response timeout"]
2026-03-09 23:13:49,394{GMT}	INFO	[jepsen worker 3] jepsen.util: 3	:invoke	:write	[0 2]
2026-03-09 23:13:49,417{GMT}	INFO	[jepsen worker 5] jepsen.util: 5	:invoke	:cas	[0 [1 3]]
2026-03-09 23:13:49,478{GMT}	INFO	[jepsen worker 4] jepsen.util: 4	:fail	:cas	[0 [1 3]]	[:key-does-not-exist "key not found"]
2026-03-09 23:13:49,484{GMT}	INFO	[jepsen worker 2] jepsen.util: 2	:invoke	:read	[0 nil]
2026-03-09 23:13:49,605{GMT}	INFO	[jepsen worker 1] jepsen.util: 1	:invoke	:read	[0 nil]
2026-03-09 23:13:49,609{GMT}	INFO	[jepsen worker 0] jepsen.util: 0	:fail	:read	[0 nil]	[:key-does-not-exist "not found"]
2026-03-09 23:13:49,727{GMT}	INFO	[jepsen worker 5] jepsen.util: 5	:fail	:cas	[0 [1 3]]	[:key-does-not-exist "key not found"]
2026-03-09 23:13:49,770{GMT}	INFO	[jepsen worker 4] jepsen.util: 4	:invoke	:cas	[0 [3 3]]
2026-03-09 23:13:49,807{GMT}	INFO	[jepsen worker 5] jepsen.util: 5	:invoke	:write	[0 0]
2026-03-09 23:13:49,857{GMT}	INFO	[jepsen worker 0] jepsen.util: 0	:invoke	:read	[0 nil]
2026-03-09 23:13:49,912{GMT}	INFO	[jepsen worker 3] jepsen.util: 3	:fail	:write	[0 2]	[:abort "Server response timeout"]
2026-03-09 23:13:49,912{GMT}	INFO	[jepsen worker 1] jepsen.util: 1	:fail	:read	[0 nil]	[:key-does-not-exist "not found"]
2026-03-09 23:13:49,930{GMT}	INFO	[jepsen worker 1] jepsen.util: 1	:invoke	:read	[0 nil]
2026-03-09 23:13:50,032{GMT}	INFO	[jepsen worker 2] jepsen.util: 2	:fail	:read	[0 nil]	[:key-does-not-exist "not found"]
2026-03-09 23:13:50,078{GMT}	INFO	[jepsen worker 2] jepsen.util: 2	:invoke	:read	[0 nil]
2026-03-09 23:13:50,146{GMT}	INFO	[jepsen worker 3] jepsen.util: 3	:invoke	:write	[0 0]
2026-03-09 23:13:50,217{GMT}	INFO	[jepsen worker 4] jepsen.util: 4	:fail	:cas	[0 [3 3]]	[:key-does-not-exist "key not found"]
2026-03-09 23:13:50,218{GMT}	INFO	[jepsen worker 0] jepsen.util: 0	:fail	:read	[0 nil]	[:key-does-not-exist "not found"]
2026-03-09 23:13:50,315{GMT}	INFO	[jepsen worker 0] jepsen.util: 0	:invoke	:read	[0 nil]
2026-03-09 23:13:50,335{GMT}	INFO	[jepsen worker 5] jepsen.util: 5	:fail	:write	[0 0]	[:abort "Server response timeout"]
2026-03-09 23:13:50,499{GMT}	INFO	[jepsen worker 4] jepsen.util: 4	:invoke	:write	[0 1]
2026-03-09 23:13:50,522{GMT}	INFO	[jepsen worker 1] jepsen.util: 1	:fail	:read	[0 nil]	[:key-does-not-exist "not found"]
2026-03-09 23:13:50,524{GMT}	INFO	[jepsen worker 3] jepsen.util: 3	:fail	:write	[0 0]	[:abort "Server response timeout"]
2026-03-09 23:13:50,641{GMT}	INFO	[jepsen worker 2] jepsen.util: 2	:fail	:read	[0 nil]	[:key-does-not-exist "not found"]
2026-03-09 23:13:50,641{GMT}	INFO	[jepsen worker 1] jepsen.util: 1	:invoke	:read	[0 nil]
2026-03-09 23:13:50,754{GMT}	INFO	[jepsen worker 3] jepsen.util: 3	:invoke	:cas	[0 [4 4]]
2026-03-09 23:13:50,955{GMT}	INFO	[jepsen worker 4] jepsen.util: 4	:fail	:write	[0 1]	[:abort "Server response timeout"]
2026-03-09 23:13:50,955{GMT}	INFO	[jepsen worker 0] jepsen.util: 0	:fail	:read	[0 nil]	[:key-does-not-exist "not found"]
2026-03-09 23:13:50,957{GMT}	INFO	[jepsen worker 2] jepsen.util: 2	:invoke	:read	[0 nil]
2026-03-09 23:13:51,080{GMT}	INFO	[jepsen worker 4] jepsen.util: 4	:invoke	:cas	[0 [3 2]]
2026-03-09 23:13:51,193{GMT}	INFO	[jepsen worker 3] jepsen.util: 3	:fail	:cas	[0 [4 4]]	[:key-does-not-exist "key not found"]
2026-03-09 23:13:51,193{GMT}	INFO	[jepsen worker 1] jepsen.util: 1	:fail	:read	[0 nil]	[:key-does-not-exist "not found"]
2026-03-09 23:13:51,205{GMT}	INFO	[jepsen worker 3] jepsen.util: 3	:invoke	:cas	[0 [3 3]]
2026-03-09 23:13:51,264{GMT}	INFO	[jepsen worker 0] jepsen.util: 0	:invoke	:read	[0 nil]
2026-03-09 23:13:51,268{GMT}	INFO	[jepsen worker 2] jepsen.util: 2	:fail	:read	[0 nil]	[:key-does-not-exist "not found"]
2026-03-09 23:13:51,447{GMT}	INFO	[jepsen worker 5] jepsen.util: 5	:invoke	:write	[0 3]
2026-03-09 23:13:51,481{GMT}	INFO	[jepsen worker 1] jepsen.util: 1	:invoke	:read	[0 nil]
2026-03-09 23:13:51,497{GMT}	INFO	[jepsen worker 4] jepsen.util: 4	:fail	:cas	[0 [3 2]]	[:key-does-not-exist "key not found"]
2026-03-09 23:13:51,497{GMT}	INFO	[jepsen worker 2] jepsen.util: 2	:invoke	:read	[0 nil]
2026-03-09 23:13:51,508{GMT}	INFO	[jepsen worker 3] jepsen.util: 3	:fail	:cas	[0 [3 3]]	[:key-does-not-exist "key not found"]
2026-03-09 23:13:51,548{GMT}	INFO	[jepsen worker 3] jepsen.util: 3	:invoke	:cas	[0 [0 1]]
2026-03-09 23:13:51,756{GMT}	INFO	[jepsen worker 4] jepsen.util: 4	:invoke	:cas	[0 [1 2]]
2026-03-09 23:13:51,756{GMT}	INFO	[jepsen worker 5] jepsen.util: 5	:fail	:write	[0 3]	[:abort "Server response timeout"]
2026-03-09 23:13:51,757{GMT}	INFO	[jepsen worker 5] jepsen.util: 5	:invoke	:cas	[0 [0 1]]
2026-03-09 23:13:51,800{GMT}	INFO	[jepsen worker 1] jepsen.util: 1	:fail	:read	[0 nil]	[:key-does-not-exist "not found"]
2026-03-09 23:13:51,812{GMT}	INFO	[jepsen worker 0] jepsen.util: 0	:fail	:read	[0 nil]	[:key-does-not-exist "not found"]
2026-03-09 23:13:51,948{GMT}	INFO	[jepsen worker 0] jepsen.util: 0	:invoke	:read	[0 nil]
2026-03-09 23:13:52,055{GMT}	INFO	[jepsen worker 2] jepsen.util: 2	:fail	:read	[0 nil]	[:key-does-not-exist "not found"]
2026-03-09 23:13:52,103{GMT}	INFO	[jepsen worker 4] jepsen.util: 4	:fail	:cas	[0 [1 2]]	[:key-does-not-exist "key not found"]
2026-03-09 23:13:52,114{GMT}	INFO	[jepsen worker 3] jepsen.util: 3	:fail	:cas	[0 [0 1]]	[:key-does-not-exist "key not found"]
2026-03-09 23:13:52,134{GMT}	INFO	[jepsen worker 1] jepsen.util: 1	:invoke	:read	[0 nil]
2026-03-09 23:13:52,196{GMT}	INFO	[jepsen worker 3] jepsen.util: 3	:invoke	:cas	[0 [4 2]]
2026-03-09 23:13:52,203{GMT}	INFO	[jepsen worker 4] jepsen.util: 4	:invoke	:cas	[0 [4 3]]
2026-03-09 23:13:52,357{GMT}	INFO	[jepsen worker 5] jepsen.util: 5	:fail	:cas	[0 [0 1]]	[:key-does-not-exist "key not found"]
2026-03-09 23:13:52,417{GMT}	INFO	[jepsen worker 0] jepsen.util: 0	:fail	:read	[0 nil]	[:key-does-not-exist "not found"]
2026-03-09 23:13:52,438{GMT}	INFO	[jepsen worker 1] jepsen.util: 1	:fail	:read	[0 nil]	[:key-does-not-exist "not found"]
2026-03-09 23:13:52,546{GMT}	INFO	[jepsen worker 5] jepsen.util: 5	:invoke	:cas	[0 [3 1]]
2026-03-09 23:13:52,561{GMT}	INFO	[jepsen worker 1] jepsen.util: 1	:invoke	:read	[0 nil]
2026-03-09 23:13:52,670{GMT}	INFO	[jepsen worker 2] jepsen.util: 2	:invoke	:read	[0 nil]
2026-03-09 23:13:52,706{GMT}	INFO	[jepsen worker 0] jepsen.util: 0	:invoke	:read	[0 nil]
2026-03-09 23:13:52,721{GMT}	INFO	[jepsen worker 3] jepsen.util: 3	:fail	:cas	[0 [4 2]]	[:key-does-not-exist "key not found"]
2026-03-09 23:13:52,741{GMT}	INFO	[jepsen worker 4] jepsen.util: 4	:fail	:cas	[0 [4 3]]	[:key-does-not-exist "key not found"]
2026-03-09 23:13:52,741{GMT}	INFO	[jepsen worker 4] jepsen.util: 4	:invoke	:cas	[0 [3 4]]
2026-03-09 23:13:52,753{GMT}	INFO	[jepsen worker 3] jepsen.util: 3	:invoke	:cas	[0 [1 0]]
2026-03-09 23:13:52,864{GMT}	INFO	[jepsen worker 5] jepsen.util: 5	:fail	:cas	[0 [3 1]]	[:key-does-not-exist "key not found"]
2026-03-09 23:13:52,864{GMT}	INFO	[jepsen worker 5] jepsen.util: 5	:invoke	:cas	[0 [3 3]]
2026-03-09 23:13:53,024{GMT}	INFO	[jepsen worker 0] jepsen.util: 0	:fail	:read	[0 nil]	[:key-does-not-exist "not found"]
2026-03-09 23:13:53,025{GMT}	INFO	[jepsen worker 0] jepsen.util: 0	:invoke	:read	[0 nil]
2026-03-09 23:13:53,044{GMT}	INFO	[jepsen worker 1] jepsen.util: 1	:fail	:read	[0 nil]	[:key-does-not-exist "not found"]
2026-03-09 23:13:53,110{GMT}	INFO	[jepsen worker 1] jepsen.util: 1	:invoke	:read	[0 nil]
2026-03-09 23:13:53,166{GMT}	INFO	[jepsen worker 2] jepsen.util: 2	:fail	:read	[0 nil]	[:key-does-not-exist "not found"]
2026-03-09 23:13:53,166{GMT}	INFO	[jepsen worker 2] jepsen.util: 2	:invoke	:read	[0 nil]
2026-03-09 23:13:53,328{GMT}	INFO	[jepsen worker 3] jepsen.util: 3	:fail	:cas	[0 [1 0]]	[:key-does-not-exist "key not found"]
2026-03-09 23:13:53,328{GMT}	INFO	[jepsen worker 3] jepsen.util: 3	:invoke	:cas	[0 [4 3]]
2026-03-09 23:13:53,348{GMT}	INFO	[jepsen worker 4] jepsen.util: 4	:fail	:cas	[0 [3 4]]	[:key-does-not-exist "key not found"]
2026-03-09 23:13:53,348{GMT}	INFO	[jepsen worker 4] jepsen.util: 4	:invoke	:write	[0 0]
2026-03-09 23:13:53,471{GMT}	INFO	[jepsen worker 5] jepsen.util: 5	:fail	:cas	[0 [3 3]]	[:key-does-not-exist "key not found"]
2026-03-09 23:13:53,505{GMT}	INFO	[jepsen worker 5] jepsen.util: 5	:invoke	:cas	[0 [3 1]]
2026-03-09 23:13:53,629{GMT}	INFO	[jepsen worker 0] jepsen.util: 0	:fail	:read	[0 nil]	[:key-does-not-exist "not found"]
2026-03-09 23:13:53,651{GMT}	INFO	[jepsen worker 1] jepsen.util: 1	:fail	:read	[0 nil]	[:key-does-not-exist "not found"]
2026-03-09 23:13:53,696{GMT}	INFO	[jepsen worker 0] jepsen.util: 0	:invoke	:read	[0 nil]
2026-03-09 23:13:53,747{GMT}	INFO	[jepsen worker 1] jepsen.util: 1	:invoke	:read	[0 nil]
2026-03-09 23:13:53,773{GMT}	INFO	[jepsen worker 2] jepsen.util: 2	:fail	:read	[0 nil]	[:key-does-not-exist "not found"]
2026-03-09 23:13:53,773{GMT}	INFO	[jepsen worker 2] jepsen.util: 2	:invoke	:read	[0 nil]
2026-03-09 23:13:53,934{GMT}	INFO	[jepsen worker 3] jepsen.util: 3	:fail	:cas	[0 [4 3]]	[:key-does-not-exist "key not found"]
2026-03-09 23:13:53,934{GMT}	INFO	[jepsen worker 3] jepsen.util: 3	:invoke	:cas	[0 [1 2]]
2026-03-09 23:13:53,960{GMT}	INFO	[jepsen worker 4] jepsen.util: 4	:fail	:write	[0 0]	[:abort "Server response timeout"]
2026-03-09 23:13:54,078{GMT}	INFO	[jepsen worker 5] jepsen.util: 5	:fail	:cas	[0 [3 1]]	[:key-does-not-exist "key not found"]
2026-03-09 23:13:54,120{GMT}	INFO	[jepsen worker 4] jepsen.util: 4	:invoke	:write	[0 4]
2026-03-09 23:13:54,237{GMT}	INFO	[jepsen worker 0] jepsen.util: 0	:fail	:read	[0 nil]	[:key-does-not-exist "not found"]
2026-03-09 23:13:54,262{GMT}	INFO	[jepsen worker 1] jepsen.util: 1	:fail	:read	[0 nil]	[:key-does-not-exist "not found"]
2026-03-09 23:13:54,313{GMT}	INFO	[jepsen worker 5] jepsen.util: 5	:invoke	:write	[0 2]
2026-03-09 23:13:54,338{GMT}	INFO	[jepsen worker 0] jepsen.util: 0	:invoke	:read	[0 nil]
2026-03-09 23:13:54,384{GMT}	INFO	[jepsen worker 2] jepsen.util: 2	:fail	:read	[0 nil]	[:key-does-not-exist "not found"]
2026-03-09 23:13:54,422{GMT}	INFO	[jepsen worker 1] jepsen.util: 1	:invoke	:read	[0 nil]
2026-03-09 23:13:54,518{GMT}	INFO	[jepsen worker 2] jepsen.util: 2	:invoke	:read	[0 nil]
2026-03-09 23:13:54,540{GMT}	INFO	[jepsen worker 3] jepsen.util: 3	:fail	:cas	[0 [1 2]]	[:key-does-not-exist "key not found"]
2026-03-09 23:13:54,565{GMT}	INFO	[jepsen worker 4] jepsen.util: 4	:fail	:write	[0 4]	[:abort "Server response timeout"]
2026-03-09 23:13:54,571{GMT}	INFO	[jepsen worker 3] jepsen.util: 3	:invoke	:cas	[0 [3 1]]
2026-03-09 23:13:54,631{GMT}	INFO	[jepsen worker 4] jepsen.util: 4	:invoke	:cas	[0 [4 4]]
2026-03-09 23:13:54,686{GMT}	INFO	[jepsen worker 5] jepsen.util: 5	:fail	:write	[0 2]	[:abort "Server response timeout"]
2026-03-09 23:13:54,746{GMT}	INFO	[jepsen worker 5] jepsen.util: 5	:invoke	:write	[0 3]
2026-03-09 23:13:54,842{GMT}	INFO	[jepsen worker 0] jepsen.util: 0	:fail	:read	[0 nil]	[:key-does-not-exist "not found"]
2026-03-09 23:13:54,860{GMT}	INFO	[jepsen worker 0] jepsen.util: 0	:invoke	:read	[0 nil]
2026-03-09 23:13:54,868{GMT}	INFO	[jepsen worker 1] jepsen.util: 1	:fail	:read	[0 nil]	[:key-does-not-exist "not found"]
2026-03-09 23:13:54,887{GMT}	INFO	[jepsen worker 1] jepsen.util: 1	:invoke	:read	[0 nil]
2026-03-09 23:13:54,991{GMT}	INFO	[jepsen worker 2] jepsen.util: 2	:fail	:read	[0 nil]	[:key-does-not-exist "not found"]
2026-03-09 23:13:54,992{GMT}	INFO	[jepsen worker 2] jepsen.util: 2	:invoke	:read	[0 nil]
2026-03-09 23:13:55,144{GMT}	INFO	[jepsen worker 3] jepsen.util: 3	:fail	:cas	[0 [3 1]]	[:key-does-not-exist "key not found"]
2026-03-09 23:13:55,144{GMT}	INFO	[jepsen worker 3] jepsen.util: 3	:invoke	:write	[0 4]
2026-03-09 23:13:55,169{GMT}	INFO	[jepsen worker 4] jepsen.util: 4	:fail	:cas	[0 [4 4]]	[:key-does-not-exist "key not found"]
2026-03-09 23:13:55,169{GMT}	INFO	[jepsen worker 4] jepsen.util: 4	:invoke	:cas	[0 [2 4]]
2026-03-09 23:13:55,293{GMT}	INFO	[jepsen worker 5] jepsen.util: 5	:fail	:write	[0 3]	[:abort "Server response timeout"]
2026-03-09 23:13:55,294{GMT}	INFO	[jepsen worker 5] jepsen.util: 5	:invoke	:cas	[0 [0 2]]
2026-03-09 23:13:55,448{GMT}	INFO	[jepsen worker 0] jepsen.util: 0	:fail	:read	[0 nil]	[:key-does-not-exist "not found"]
2026-03-09 23:13:55,449{GMT}	INFO	[jepsen worker 0] jepsen.util: 0	:invoke	:read	[0 nil]
2026-03-09 23:13:55,473{GMT}	INFO	[jepsen worker 1] jepsen.util: 1	:fail	:read	[0 nil]	[:key-does-not-exist "not found"]
2026-03-09 23:13:55,473{GMT}	INFO	[jepsen worker 1] jepsen.util: 1	:invoke	:read	[0 nil]
2026-03-09 23:13:55,598{GMT}	INFO	[jepsen worker 2] jepsen.util: 2	:fail	:read	[0 nil]	[:key-does-not-exist "not found"]
2026-03-09 23:13:55,599{GMT}	INFO	[jepsen worker 2] jepsen.util: 2	:invoke	:read	[0 nil]
2026-03-09 23:13:55,751{GMT}	INFO	[jepsen worker 3] jepsen.util: 3	:fail	:write	[0 4]	[:abort "Server response timeout"]
2026-03-09 23:13:55,751{GMT}	INFO	[jepsen worker 3] jepsen.util: 3	:invoke	:write	[0 1]
2026-03-09 23:13:55,775{GMT}	INFO	[jepsen worker 4] jepsen.util: 4	:fail	:cas	[0 [2 4]]	[:key-does-not-exist "key not found"]
2026-03-09 23:13:55,901{GMT}	INFO	[jepsen worker 5] jepsen.util: 5	:fail	:cas	[0 [0 2]]	[:key-does-not-exist "key not found"]
2026-03-09 23:13:55,919{GMT}	INFO	[jepsen worker 4] jepsen.util: 4	:invoke	:cas	[0 [0 1]]
2026-03-09 23:13:56,054{GMT}	INFO	[jepsen worker 0] jepsen.util: 0	:fail	:read	[0 nil]	[:key-does-not-exist "not found"]
2026-03-09 23:13:56,079{GMT}	INFO	[jepsen worker 1] jepsen.util: 1	:fail	:read	[0 nil]	[:key-does-not-exist "not found"]
2026-03-09 23:13:56,110{GMT}	INFO	[jepsen worker 1] jepsen.util: 1	:invoke	:read	[0 nil]
2026-03-09 23:13:56,163{GMT}	INFO	[jepsen worker 0] jepsen.util: 0	:invoke	:read	[0 nil]
2026-03-09 23:13:56,204{GMT}	INFO	[jepsen worker 2] jepsen.util: 2	:fail	:read	[0 nil]	[:key-does-not-exist "not found"]
2026-03-09 23:13:56,215{GMT}	INFO	[jepsen worker 5] jepsen.util: 5	:invoke	:cas	[0 [2 0]]
2026-03-09 23:13:56,358{GMT}	INFO	[jepsen worker 3] jepsen.util: 3	:fail	:write	[0 1]	[:abort "Server response timeout"]
2026-03-09 23:13:56,380{GMT}	INFO	[jepsen worker 4] jepsen.util: 4	:fail	:cas	[0 [0 1]]	[:key-does-not-exist "key not found"]
2026-03-09 23:13:56,417{GMT}	INFO	[jepsen worker 4] jepsen.util: 4	:invoke	:cas	[0 [0 2]]
2026-03-09 23:13:56,520{GMT}	INFO	[jepsen worker 5] jepsen.util: 5	:fail	:cas	[0 [2 0]]	[:key-does-not-exist "key not found"]
2026-03-09 23:13:56,615{GMT}	INFO	[jepsen worker 2] jepsen.util: 2	:invoke	:read	[0 nil]
2026-03-09 23:13:56,660{GMT}	INFO	[jepsen worker 0] jepsen.util: 0	:fail	:read	[0 nil]	[:key-does-not-exist "not found"]
2026-03-09 23:13:56,684{GMT}	INFO	[jepsen worker 1] jepsen.util: 1	:fail	:read	[0 nil]	[:key-does-not-exist "not found"]
2026-03-09 23:13:56,731{GMT}	INFO	[jepsen worker 3] jepsen.util: 3	:invoke	:write	[0 2]
2026-03-09 23:13:56,920{GMT}	INFO	[jepsen worker 2] jepsen.util: 2	:fail	:read	[0 nil]	[:key-does-not-exist "not found"]
2026-03-09 23:13:56,930{GMT}	INFO	[jepsen worker 5] jepsen.util: 5	:invoke	:cas	[0 [2 2]]
2026-03-09 23:13:56,986{GMT}	INFO	[jepsen worker 4] jepsen.util: 4	:fail	:cas	[0 [0 2]]	[:key-does-not-exist "key not found"]
2026-03-09 23:13:57,035{GMT}	INFO	[jepsen worker 3] jepsen.util: 3	:fail	:write	[0 2]	[:abort "Server response timeout"]
2026-03-09 23:13:57,123{GMT}	INFO	[jepsen worker 1] jepsen.util: 1	:invoke	:read	[0 nil]
2026-03-09 23:13:57,203{GMT}	INFO	[jepsen worker 3] jepsen.util: 3	:invoke	:write	[0 1]
2026-03-09 23:13:57,234{GMT}	INFO	[jepsen worker 5] jepsen.util: 5	:fail	:cas	[0 [2 2]]	[:key-does-not-exist "key not found"]
2026-03-09 23:13:57,369{GMT}	INFO	[jepsen worker 4] jepsen.util: 4	:invoke	:cas	[0 [3 3]]
2026-03-09 23:13:57,398{GMT}	INFO	[jepsen worker 0] jepsen.util: 0	:invoke	:read	[0 nil]
2026-03-09 23:13:57,415{GMT}	INFO	[jepsen worker 2] jepsen.util: 2	:invoke	:read	[0 nil]
2026-03-09 23:13:57,428{GMT}	INFO	[jepsen worker 1] jepsen.util: 1	:fail	:read	[0 nil]	[:key-does-not-exist "not found"]
2026-03-09 23:13:57,509{GMT}	INFO	[jepsen worker 3] jepsen.util: 3	:fail	:write	[0 1]	[:abort "Server response timeout"]
2026-03-09 23:13:57,561{GMT}	INFO	[jepsen worker 1] jepsen.util: 1	:invoke	:read	[0 nil]
2026-03-09 23:13:57,704{GMT}	INFO	[jepsen worker 3] jepsen.util: 3	:invoke	:cas	[0 [4 2]]
2026-03-09 23:13:57,706{GMT}	INFO	[jepsen worker 5] jepsen.util: 5	:invoke	:cas	[0 [1 1]]
2026-03-09 23:13:57,720{GMT}	INFO	[jepsen worker 2] jepsen.util: 2	:fail	:read	[0 nil]	[:key-does-not-exist "not found"]
2026-03-09 23:13:57,732{GMT}	INFO	[jepsen worker 4] jepsen.util: 4	:fail	:cas	[0 [3 3]]	[:key-does-not-exist "key not found"]
2026-03-09 23:13:57,812{GMT}	INFO	[jepsen worker 0] jepsen.util: 0	:fail	:read	[0 nil]	[:key-does-not-exist "not found"]
2026-03-09 23:13:57,871{GMT}	INFO	[jepsen worker 2] jepsen.util: 2	:invoke	:read	[0 nil]
2026-03-09 23:13:58,025{GMT}	INFO	[jepsen worker 5] jepsen.util: 5	:fail	:cas	[0 [1 1]]	[:key-does-not-exist "key not found"]
2026-03-09 23:13:58,037{GMT}	INFO	[jepsen worker 1] jepsen.util: 1	:fail	:read	[0 nil]	[:key-does-not-exist "not found"]
2026-03-09 23:13:58,059{GMT}	INFO	[jepsen worker 0] jepsen.util: 0	:invoke	:read	[0 nil]
2026-03-09 23:13:58,115{GMT}	INFO	[jepsen worker 3] jepsen.util: 3	:fail	:cas	[0 [4 2]]	[:key-does-not-exist "key not found"]
2026-03-09 23:13:58,225{GMT}	INFO	[jepsen worker 4] jepsen.util: 4	:invoke	:cas	[0 [2 2]]
2026-03-09 23:13:58,329{GMT}	INFO	[jepsen worker 2] jepsen.util: 2	:fail	:read	[0 nil]	[:key-does-not-exist "not found"]
2026-03-09 23:13:58,399{GMT}	INFO	[jepsen worker 5] jepsen.util: 5	:invoke	:write	[0 0]
2026-03-09 23:13:58,418{GMT}	INFO	[jepsen worker 0] jepsen.util: 0	:fail	:read	[0 nil]	[:key-does-not-exist "not found"]
2026-03-09 23:13:58,426{GMT}	INFO	[jepsen worker 3] jepsen.util: 3	:invoke	:cas	[0 [1 4]]
2026-03-09 23:13:58,476{GMT}	INFO	[jepsen worker 0] jepsen.util: 0	:invoke	:read	[0 nil]
2026-03-09 23:13:58,530{GMT}	INFO	[jepsen worker 1] jepsen.util: 1	:invoke	:read	[0 nil]
2026-03-09 23:13:58,531{GMT}	INFO	[jepsen worker 4] jepsen.util: 4	:fail	:cas	[0 [2 2]]	[:key-does-not-exist "key not found"]
2026-03-09 23:13:58,603{GMT}	INFO	[jepsen worker 2] jepsen.util: 2	:invoke	:read	[0 nil]
2026-03-09 23:13:58,703{GMT}	INFO	[jepsen worker 5] jepsen.util: 5	:fail	:write	[0 0]	[:abort "Server response timeout"]
2026-03-09 23:13:58,730{GMT}	INFO	[jepsen worker 3] jepsen.util: 3	:fail	:cas	[0 [1 4]]	[:key-does-not-exist "key not found"]
2026-03-09 23:13:58,774{GMT}	INFO	[jepsen worker 3] jepsen.util: 3	:invoke	:cas	[0 [2 1]]
2026-03-09 23:13:58,837{GMT}	INFO	[jepsen worker 1] jepsen.util: 1	:fail	:read	[0 nil]	[:key-does-not-exist "not found"]
2026-03-09 23:13:58,886{GMT}	INFO	[jepsen worker 4] jepsen.util: 4	:invoke	:cas	[0 [2 2]]
2026-03-09 23:13:58,996{GMT}	INFO	[jepsen worker 1] jepsen.util: 1	:invoke	:read	[0 nil]
2026-03-09 23:13:59,008{GMT}	INFO	[jepsen worker 2] jepsen.util: 2	:fail	:read	[0 nil]	[:key-does-not-exist "not found"]
2026-03-09 23:13:59,033{GMT}	INFO	[jepsen worker 2] jepsen.util: 2	:invoke	:read	[0 nil]
2026-03-09 23:13:59,034{GMT}	INFO	[jepsen worker 0] jepsen.util: 0	:fail	:read	[0 nil]	[:key-does-not-exist "not found"]
2026-03-09 23:13:59,072{GMT}	INFO	[jepsen worker 0] jepsen.util: 0	:invoke	:read	[0 nil]
2026-03-09 23:13:59,166{GMT}	INFO	[jepsen worker 5] jepsen.util: 5	:invoke	:cas	[0 [4 2]]
2026-03-09 23:13:59,191{GMT}	INFO	[jepsen worker 4] jepsen.util: 4	:fail	:cas	[0 [2 2]]	[:key-does-not-exist "key not found"]
2026-03-09 23:13:59,266{GMT}	INFO	[jepsen worker 4] jepsen.util: 4	:invoke	:write	[0 4]
2026-03-09 23:13:59,338{GMT}	INFO	[jepsen worker 2] jepsen.util: 2	:fail	:read	[0 nil]	[:key-does-not-exist "not found"]
2026-03-09 23:13:59,338{GMT}	INFO	[jepsen worker 3] jepsen.util: 3	:fail	:cas	[0 [2 1]]	[:key-does-not-exist "key not found"]
2026-03-09 23:13:59,441{GMT}	INFO	[jepsen worker 3] jepsen.util: 3	:invoke	:cas	[0 [4 3]]
2026-03-09 23:13:59,494{GMT}	INFO	[jepsen worker 1] jepsen.util: 1	:fail	:read	[0 nil]	[:key-does-not-exist "not found"]
2026-03-09 23:13:59,513{GMT}	INFO	[jepsen worker 1] jepsen.util: 1	:invoke	:read	[0 nil]
2026-03-09 23:13:59,643{GMT}	INFO	[jepsen worker 5] jepsen.util: 5	:fail	:cas	[0 [4 2]]	[:key-does-not-exist "key not found"]
2026-03-09 23:13:59,643{GMT}	INFO	[jepsen worker 0] jepsen.util: 0	:fail	:read	[0 nil]	[:key-does-not-exist "not found"]
2026-03-09 23:13:59,708{GMT}	INFO	[jepsen worker 5] jepsen.util: 5	:invoke	:write	[0 3]
2026-03-09 23:13:59,766{GMT}	INFO	[jepsen worker 0] jepsen.util: 0	:invoke	:read	[0 nil]
2026-03-09 23:13:59,798{GMT}	INFO	[jepsen worker 4] jepsen.util: 4	:fail	:write	[0 4]	[:abort "Server response timeout"]
2026-03-09 23:13:59,844{GMT}	INFO	[jepsen worker 4] jepsen.util: 4	:invoke	:write	[0 2]
2026-03-09 23:13:59,948{GMT}	INFO	[jepsen worker 3] jepsen.util: 3	:fail	:cas	[0 [4 3]]	[:key-does-not-exist "key not found"]
2026-03-09 23:13:59,965{GMT}	INFO	[jepsen worker 3] jepsen.util: 3	:invoke	:write	[0 1]
2026-03-09 23:14:00,015{GMT}	INFO	[jepsen worker 5] jepsen.util: 5	:fail	:write	[0 3]	[:abort "Server response timeout"]
2026-03-09 23:14:00,041{GMT}	INFO	[jepsen worker 2] jepsen.util: 2	:invoke	:read	[0 nil]
2026-03-09 23:14:00,101{GMT}	INFO	[jepsen worker 1] jepsen.util: 1	:fail	:read	[0 nil]	[:key-does-not-exist "not found"]
2026-03-09 23:14:00,160{GMT}	INFO	[jepsen worker 5] jepsen.util: 5	:invoke	:cas	[0 [2 4]]
2026-03-09 23:14:00,252{GMT}	INFO	[jepsen worker 0] jepsen.util: 0	:fail	:read	[0 nil]	[:key-does-not-exist "not found"]
2026-03-09 23:14:00,345{GMT}	INFO	[jepsen worker 0] jepsen.util: 0	:invoke	:read	[0 nil]
2026-03-09 23:14:00,347{GMT}	INFO	[jepsen worker 2] jepsen.util: 2	:fail	:read	[0 nil]	[:key-does-not-exist "not found"]
2026-03-09 23:14:00,386{GMT}	INFO	[jepsen worker 1] jepsen.util: 1	:invoke	:read	[0 nil]
2026-03-09 23:14:00,406{GMT}	INFO	[jepsen worker 4] jepsen.util: 4	:fail	:write	[0 2]	[:abort "Server response timeout"]
2026-03-09 23:14:00,555{GMT}	INFO	[jepsen worker 3] jepsen.util: 3	:fail	:write	[0 1]	[:abort "Server response timeout"]
2026-03-09 23:14:00,556{GMT}	INFO	[jepsen worker 2] jepsen.util: 2	:invoke	:read	[0 nil]
2026-03-09 23:14:00,653{GMT}	INFO	[jepsen worker 5] jepsen.util: 5	:fail	:cas	[0 [2 4]]	[:key-does-not-exist "key not found"]
2026-03-09 23:14:00,712{GMT}	INFO	[jepsen worker 1] jepsen.util: 1	:fail	:read	[0 nil]	[:key-does-not-exist "not found"]
2026-03-09 23:14:00,726{GMT}	INFO	[jepsen worker 3] jepsen.util: 3	:invoke	:write	[0 2]
2026-03-09 23:14:00,858{GMT}	INFO	[jepsen worker 0] jepsen.util: 0	:fail	:read	[0 nil]	[:key-does-not-exist "not found"]
2026-03-09 23:14:00,886{GMT}	INFO	[jepsen worker 1] jepsen.util: 1	:invoke	:read	[0 nil]
2026-03-09 23:14:00,957{GMT}	INFO	[jepsen worker 2] jepsen.util: 2	:fail	:read	[0 nil]	[:key-does-not-exist "not found"]
2026-03-09 23:14:00,973{GMT}	INFO	[jepsen worker 2] jepsen.util: 2	:invoke	:read	[0 nil]
2026-03-09 23:14:01,132{GMT}	INFO	[jepsen worker 4] jepsen.util: 4	:invoke	:write	[0 0]
2026-03-09 23:14:01,164{GMT}	INFO	[jepsen worker 3] jepsen.util: 3	:fail	:write	[0 2]	[:abort "Server response timeout"]
2026-03-09 23:14:01,187{GMT}	INFO	[jepsen worker 0] jepsen.util: 0	:invoke	:read	[0 nil]
2026-03-09 23:14:01,211{GMT}	INFO	[jepsen worker 1] jepsen.util: 1	:fail	:read	[0 nil]	[:key-does-not-exist "not found"]
2026-03-09 23:14:01,225{GMT}	INFO	[jepsen worker 5] jepsen.util: 5	:invoke	:write	[0 1]
2026-03-09 23:14:01,304{GMT}	INFO	[jepsen worker 2] jepsen.util: 2	:fail	:read	[0 nil]	[:key-does-not-exist "not found"]
2026-03-09 23:14:01,400{GMT}	INFO	[jepsen worker 3] jepsen.util: 3	:invoke	:cas	[0 [3 3]]
2026-03-09 23:14:01,406{GMT}	INFO	[jepsen worker 1] jepsen.util: 1	:invoke	:read	[0 nil]
2026-03-09 23:14:01,441{GMT}	INFO	[jepsen worker 2] jepsen.util: 2	:invoke	:read	[0 nil]
2026-03-09 23:14:01,497{GMT}	INFO	[jepsen worker 0] jepsen.util: 0	:fail	:read	[0 nil]	[:key-does-not-exist "not found"]
2026-03-09 23:14:01,516{GMT}	INFO	[jepsen worker 4] jepsen.util: 4	:fail	:write	[0 0]	[:abort "Server response timeout"]
2026-03-09 23:14:01,604{GMT}	INFO	[jepsen worker 5] jepsen.util: 5	:fail	:write	[0 1]	[:abort "Server response timeout"]
2026-03-09 23:14:01,626{GMT}	INFO	[jepsen worker 0] jepsen.util: 0	:invoke	:read	[0 nil]
2026-03-09 23:14:01,648{GMT}	INFO	[jepsen worker 4] jepsen.util: 4	:invoke	:cas	[0 [4 0]]
2026-03-09 23:14:01,692{GMT}	INFO	[jepsen worker 5] jepsen.util: 5	:invoke	:cas	[0 [1 3]]
2026-03-09 23:14:01,800{GMT}	INFO	[jepsen worker 3] jepsen.util: 3	:fail	:cas	[0 [3 3]]	[:key-does-not-exist "key not found"]
2026-03-09 23:14:01,807{GMT}	INFO	[jepsen worker 3] jepsen.util: 3	:invoke	:write	[0 3]
2026-03-09 23:14:01,819{GMT}	INFO	[jepsen worker 1] jepsen.util: 1	:fail	:read	[0 nil]	[:key-does-not-exist "not found"]
2026-03-09 23:14:01,906{GMT}	INFO	[jepsen worker 2] jepsen.util: 2	:fail	:read	[0 nil]	[:key-does-not-exist "not found"]
2026-03-09 23:14:01,917{GMT}	INFO	[jepsen worker 1] jepsen.util: 1	:invoke	:read	[0 nil]
2026-03-09 23:14:02,010{GMT}	INFO	[jepsen worker 2] jepsen.util: 2	:invoke	:read	[0 nil]
2026-03-09 23:14:02,103{GMT}	INFO	[jepsen worker 0] jepsen.util: 0	:fail	:read	[0 nil]	[:key-does-not-exist "not found"]
2026-03-09 23:14:02,122{GMT}	INFO	[jepsen worker 4] jepsen.util: 4	:fail	:cas	[0 [4 0]]	[:key-does-not-exist "key not found"]
2026-03-09 23:14:02,180{GMT}	INFO	[jepsen worker 4] jepsen.util: 4	:invoke	:cas	[0 [4 2]]
2026-03-09 23:14:02,209{GMT}	INFO	[jepsen worker 5] jepsen.util: 5	:fail	:cas	[0 [1 3]]	[:key-does-not-exist "key not found"]
2026-03-09 23:14:02,247{GMT}	INFO	[jepsen worker 0] jepsen.util: 0	:invoke	:read	[0 nil]
2026-03-09 23:14:02,342{GMT}	INFO	[jepsen worker 5] jepsen.util: 5	:invoke	:cas	[0 [4 2]]
2026-03-09 23:14:02,408{GMT}	INFO	[jepsen worker 3] jepsen.util: 3	:fail	:write	[0 3]	[:abort "Server response timeout"]
2026-03-09 23:14:02,425{GMT}	INFO	[jepsen worker 1] jepsen.util: 1	:fail	:read	[0 nil]	[:key-does-not-exist "not found"]
2026-03-09 23:14:02,514{GMT}	INFO	[jepsen worker 2] jepsen.util: 2	:fail	:read	[0 nil]	[:key-does-not-exist "not found"]
2026-03-09 23:14:02,533{GMT}	INFO	[jepsen worker 3] jepsen.util: 3	:invoke	:write	[0 0]
2026-03-09 23:14:02,598{GMT}	INFO	[jepsen worker 1] jepsen.util: 1	:invoke	:read	[0 nil]
2026-03-09 23:14:02,601{GMT}	INFO	[jepsen worker 2] jepsen.util: 2	:invoke	:read	[0 nil]
2026-03-09 23:14:02,710{GMT}	INFO	[jepsen worker 0] jepsen.util: 0	:fail	:read	[0 nil]	[:key-does-not-exist "not found"]
2026-03-09 23:14:02,711{GMT}	INFO	[jepsen worker 0] jepsen.util: 0	:invoke	:read	[0 nil]
2026-03-09 23:14:02,727{GMT}	INFO	[jepsen worker 4] jepsen.util: 4	:fail	:cas	[0 [4 2]]	[:key-does-not-exist "key not found"]
2026-03-09 23:14:02,777{GMT}	INFO	[jepsen worker 4] jepsen.util: 4	:invoke	:cas	[0 [1 1]]
2026-03-09 23:14:02,817{GMT}	INFO	[jepsen worker 5] jepsen.util: 5	:fail	:cas	[0 [4 2]]	[:key-does-not-exist "key not found"]
2026-03-09 23:14:02,872{GMT}	INFO	[jepsen worker 5] jepsen.util: 5	:invoke	:write	[0 1]
2026-03-09 23:14:03,015{GMT}	INFO	[jepsen worker 3] jepsen.util: 3	:fail	:write	[0 0]	[:abort "Server response timeout"]
2026-03-09 23:14:03,015{GMT}	INFO	[jepsen worker 3] jepsen.util: 3	:invoke	:cas	[0 [0 3]]
2026-03-09 23:14:03,031{GMT}	INFO	[jepsen worker 1] jepsen.util: 1	:fail	:read	[0 nil]	[:key-does-not-exist "not found"]
2026-03-09 23:14:03,121{GMT}	INFO	[jepsen worker 2] jepsen.util: 2	:fail	:read	[0 nil]	[:key-does-not-exist "not found"]
2026-03-09 23:14:03,206{GMT}	INFO	[jepsen worker 1] jepsen.util: 1	:invoke	:read	[0 nil]
2026-03-09 23:14:03,317{GMT}	INFO	[jepsen worker 0] jepsen.util: 0	:fail	:read	[0 nil]	[:key-does-not-exist "not found"]
2026-03-09 23:14:03,334{GMT}	INFO	[jepsen worker 4] jepsen.util: 4	:fail	:cas	[0 [1 1]]	[:key-does-not-exist "key not found"]
2026-03-09 23:14:03,382{GMT}	INFO	[jepsen worker 4] jepsen.util: 4	:invoke	:cas	[0 [4 2]]
2026-03-09 23:14:03,424{GMT}	INFO	[jepsen worker 5] jepsen.util: 5	:fail	:write	[0 1]	[:abort "Server response timeout"]
2026-03-09 23:14:03,424{GMT}	INFO	[jepsen worker 5] jepsen.util: 5	:invoke	:write	[0 2]
2026-03-09 23:14:03,615{GMT}	INFO	[jepsen worker 0] jepsen.util: 0	:invoke	:read	[0 nil]
2026-03-09 23:14:03,620{GMT}	INFO	[jepsen worker 3] jepsen.util: 3	:fail	:cas	[0 [0 3]]	[:key-does-not-exist "key not found"]
2026-03-09 23:14:03,636{GMT}	INFO	[jepsen worker 1] jepsen.util: 1	:fail	:read	[0 nil]	[:key-does-not-exist "not found"]
2026-03-09 23:14:03,714{GMT}	INFO	[jepsen worker 1] jepsen.util: 1	:invoke	:read	[0 nil]
2026-03-09 23:14:03,727{GMT}	INFO	[jepsen worker 5] jepsen.util: 5	:fail	:write	[0 2]	[:abort "Server response timeout"]
2026-03-09 23:14:03,803{GMT}	INFO	[jepsen worker 3] jepsen.util: 3	:invoke	:cas	[0 [0 4]]
2026-03-09 23:14:03,926{GMT}	INFO	[jepsen worker 0] jepsen.util: 0	:fail	:read	[0 nil]	[:key-does-not-exist "not found"]
2026-03-09 23:14:03,941{GMT}	INFO	[jepsen worker 4] jepsen.util: 4	:fail	:cas	[0 [4 2]]	[:key-does-not-exist "key not found"]
2026-03-09 23:14:03,948{GMT}	INFO	[jepsen worker 4] jepsen.util: 4	:invoke	:cas	[0 [4 3]]
2026-03-09 23:14:03,994{GMT}	INFO	[jepsen worker 0] jepsen.util: 0	:invoke	:read	[0 nil]
2026-03-09 23:14:04,121{GMT}	INFO	[jepsen worker 5] jepsen.util: 5	:invoke	:cas	[0 [0 2]]
2026-03-09 23:14:04,232{GMT}	INFO	[jepsen worker 3] jepsen.util: 3	:fail	:cas	[0 [0 4]]	[:key-does-not-exist "key not found"]
2026-03-09 23:14:04,245{GMT}	INFO	[jepsen worker 1] jepsen.util: 1	:fail	:read	[0 nil]	[:key-does-not-exist "not found"]
2026-03-09 23:14:04,284{GMT}	INFO	[jepsen worker 3] jepsen.util: 3	:invoke	:cas	[0 [0 4]]
2026-03-09 23:14:04,398{GMT}	INFO	[jepsen worker 1] jepsen.util: 1	:invoke	:read	[0 nil]
2026-03-09 23:14:04,426{GMT}	INFO	[jepsen worker 5] jepsen.util: 5	:fail	:cas	[0 [0 2]]	[:key-does-not-exist "key not found"]
2026-03-09 23:14:04,535{GMT}	INFO	[jepsen worker 0] jepsen.util: 0	:fail	:read	[0 nil]	[:key-does-not-exist "not found"]
2026-03-09 23:14:04,548{GMT}	INFO	[jepsen worker 4] jepsen.util: 4	:fail	:cas	[0 [4 3]]	[:key-does-not-exist "key not found"]
2026-03-09 23:14:04,572{GMT}	INFO	[jepsen worker 2] jepsen.util: 2	:invoke	:read	[0 nil]
2026-03-09 23:14:04,673{GMT}	INFO	[jepsen worker 0] jepsen.util: 0	:invoke	:read	[0 nil]
2026-03-09 23:14:04,808{GMT}	INFO	[jepsen worker 4] jepsen.util: 4	:invoke	:write	[0 4]
2026-03-09 23:14:04,837{GMT}	INFO	[jepsen worker 3] jepsen.util: 3	:fail	:cas	[0 [0 4]]	[:key-does-not-exist "key not found"]
2026-03-09 23:14:04,842{GMT}	INFO	[jepsen worker 5] jepsen.util: 5	:invoke	:write	[0 2]
2026-03-09 23:14:04,850{GMT}	INFO	[jepsen worker 1] jepsen.util: 1	:fail	:read	[0 nil]	[:key-does-not-exist "not found"]
2026-03-09 23:14:04,875{GMT}	INFO	[jepsen worker 2] jepsen.util: 2	:fail	:read	[0 nil]	[:key-does-not-exist "not found"]
2026-03-09 23:14:05,007{GMT}	INFO	[jepsen worker 3] jepsen.util: 3	:invoke	:cas	[0 [4 2]]
2026-03-09 23:14:05,141{GMT}	INFO	[jepsen worker 0] jepsen.util: 0	:fail	:read	[0 nil]	[:key-does-not-exist "not found"]
2026-03-09 23:14:05,153{GMT}	INFO	[jepsen worker 4] jepsen.util: 4	:fail	:write	[0 4]	[:abort "Server response timeout"]
2026-03-09 23:14:05,178{GMT}	INFO	[jepsen worker 5] jepsen.util: 5	:fail	:write	[0 2]	[:abort "Server response timeout"]
2026-03-09 23:14:05,204{GMT}	INFO	[jepsen worker 0] jepsen.util: 0	:invoke	:read	[0 nil]
2026-03-09 23:14:05,240{GMT}	INFO	[jepsen worker 1] jepsen.util: 1	:invoke	:read	[0 nil]
2026-03-09 23:14:05,338{GMT}	INFO	[jepsen worker 2] jepsen.util: 2	:invoke	:read	[0 nil]
2026-03-09 23:14:05,365{GMT}	INFO	[jepsen worker 4] jepsen.util: 4	:invoke	:cas	[0 [0 3]]
2026-03-09 23:14:05,437{GMT}	INFO	[jepsen worker 5] jepsen.util: 5	:invoke	:cas	[0 [0 4]]
2026-03-09 23:14:05,445{GMT}	INFO	[jepsen worker 3] jepsen.util: 3	:fail	:cas	[0 [4 2]]	[:key-does-not-exist "key not found"]
2026-03-09 23:14:05,569{GMT}	INFO	[jepsen worker 1] jepsen.util: 1	:fail	:read	[0 nil]	[:key-does-not-exist "not found"]
2026-03-09 23:14:05,632{GMT}	INFO	[jepsen worker 3] jepsen.util: 3	:invoke	:cas	[0 [4 1]]
2026-03-09 23:14:05,644{GMT}	INFO	[jepsen worker 2] jepsen.util: 2	:fail	:read	[0 nil]	[:key-does-not-exist "not found"]
2026-03-09 23:14:05,749{GMT}	INFO	[jepsen worker 0] jepsen.util: 0	:fail	:read	[0 nil]	[:key-does-not-exist "not found"]
2026-03-09 23:14:05,750{GMT}	INFO	[jepsen worker 0] jepsen.util: 0	:invoke	:read	[0 nil]
2026-03-09 23:14:05,845{GMT}	INFO	[jepsen worker 1] jepsen.util: 1	:invoke	:read	[0 nil]
2026-03-09 23:14:05,862{GMT}	INFO	[jepsen worker 4] jepsen.util: 4	:fail	:cas	[0 [0 3]]	[:key-does-not-exist "key not found"]
2026-03-09 23:14:05,882{GMT}	INFO	[jepsen worker 2] jepsen.util: 2	:invoke	:read	[0 nil]
2026-03-09 23:14:05,947{GMT}	INFO	[jepsen worker 5] jepsen.util: 5	:fail	:cas	[0 [0 4]]	[:key-does-not-exist "key not found"]
2026-03-09 23:14:05,964{GMT}	INFO	[jepsen worker 4] jepsen.util: 4	:invoke	:cas	[0 [0 4]]
2026-03-09 23:14:06,054{GMT}	INFO	[jepsen worker 3] jepsen.util: 3	:fail	:cas	[0 [4 1]]	[:key-does-not-exist "key not found"]
2026-03-09 23:14:06,115{GMT}	INFO	[jepsen worker 3] jepsen.util: 3	:invoke	:cas	[0 [4 2]]
2026-03-09 23:14:06,167{GMT}	INFO	[jepsen worker 1] jepsen.util: 1	:fail	:read	[0 nil]	[:key-does-not-exist "not found"]
2026-03-09 23:14:06,253{GMT}	INFO	[jepsen worker 2] jepsen.util: 2	:fail	:read	[0 nil]	[:key-does-not-exist "not found"]
2026-03-09 23:14:06,260{GMT}	INFO	[jepsen worker 5] jepsen.util: 5	:invoke	:cas	[0 [2 2]]
2026-03-09 23:14:06,311{GMT}	INFO	[jepsen worker 1] jepsen.util: 1	:invoke	:read	[0 nil]
2026-03-09 23:14:06,352{GMT}	INFO	[jepsen worker 2] jepsen.util: 2	:invoke	:read	[0 nil]
2026-03-09 23:14:06,356{GMT}	INFO	[jepsen worker 0] jepsen.util: 0	:fail	:read	[0 nil]	[:key-does-not-exist "not found"]
2026-03-09 23:14:06,470{GMT}	INFO	[jepsen worker 4] jepsen.util: 4	:fail	:cas	[0 [0 4]]	[:key-does-not-exist "key not found"]
2026-03-09 23:14:06,503{GMT}	INFO	[jepsen worker 4] jepsen.util: 4	:invoke	:cas	[0 [2 1]]
2026-03-09 23:14:06,549{GMT}	INFO	[jepsen worker 0] jepsen.util: 0	:invoke	:read	[0 nil]
2026-03-09 23:14:06,566{GMT}	INFO	[jepsen worker 5] jepsen.util: 5	:fail	:cas	[0 [2 2]]	[:key-does-not-exist "key not found"]
2026-03-09 23:14:06,645{GMT}	INFO	[jepsen worker 5] jepsen.util: 5	:invoke	:write	[0 1]
2026-03-09 23:14:06,661{GMT}	INFO	[jepsen worker 3] jepsen.util: 3	:fail	:cas	[0 [4 2]]	[:key-does-not-exist "key not found"]
2026-03-09 23:14:06,767{GMT}	INFO	[jepsen worker 3] jepsen.util: 3	:invoke	:cas	[0 [0 2]]
2026-03-09 23:14:06,775{GMT}	INFO	[jepsen worker 1] jepsen.util: 1	:fail	:read	[0 nil]	[:key-does-not-exist "not found"]
2026-03-09 23:14:06,873{GMT}	INFO	[jepsen worker 2] jepsen.util: 2	:fail	:read	[0 nil]	[:key-does-not-exist "not found"]
2026-03-09 23:14:06,958{GMT}	INFO	[jepsen worker 1] jepsen.util: 1	:invoke	:read	[0 nil]
2026-03-09 23:14:06,965{GMT}	INFO	[jepsen worker 0] jepsen.util: 0	:fail	:read	[0 nil]	[:key-does-not-exist "not found"]
2026-03-09 23:14:07,035{GMT}	INFO	[jepsen worker 0] jepsen.util: 0	:invoke	:read	[0 nil]
2026-03-09 23:14:07,058{GMT}	INFO	[jepsen worker 2] jepsen.util: 2	:invoke	:read	[0 nil]
2026-03-09 23:14:07,078{GMT}	INFO	[jepsen worker 4] jepsen.util: 4	:fail	:cas	[0 [2 1]]	[:key-does-not-exist "key not found"]
2026-03-09 23:14:07,115{GMT}	INFO	[jepsen worker 4] jepsen.util: 4	:invoke	:write	[0 1]
2026-03-09 23:14:07,176{GMT}	INFO	[jepsen worker 5] jepsen.util: 5	:fail	:write	[0 1]	[:abort "Server response timeout"]
2026-03-09 23:14:07,268{GMT}	INFO	[jepsen worker 3] jepsen.util: 3	:fail	:cas	[0 [0 2]]	[:key-does-not-exist "key not found"]
2026-03-09 23:14:07,315{GMT}	INFO	[jepsen worker 3] jepsen.util: 3	:invoke	:write	[0 4]
2026-03-09 23:14:07,322{GMT}	INFO	[jepsen worker 5] jepsen.util: 5	:invoke	:cas	[0 [3 3]]
2026-03-09 23:14:07,381{GMT}	INFO	[jepsen worker 1] jepsen.util: 1	:fail	:read	[0 nil]	[:key-does-not-exist "not found"]
2026-03-09 23:14:07,381{GMT}	INFO	[jepsen worker 1] jepsen.util: 1	:invoke	:read	[0 nil]
2026-03-09 23:14:07,481{GMT}	INFO	[jepsen worker 2] jepsen.util: 2	:fail	:read	[0 nil]	[:key-does-not-exist "not found"]
2026-03-09 23:14:07,481{GMT}	INFO	[jepsen worker 2] jepsen.util: 2	:invoke	:read	[0 nil]
2026-03-09 23:14:07,572{GMT}	INFO	[jepsen worker 0] jepsen.util: 0	:fail	:read	[0 nil]	[:key-does-not-exist "not found"]
2026-03-09 23:14:07,622{GMT}	INFO	[jepsen worker 0] jepsen.util: 0	:invoke	:read	[0 nil]
2026-03-09 23:14:07,686{GMT}	INFO	[jepsen worker 4] jepsen.util: 4	:fail	:write	[0 1]	[:abort "Server response timeout"]
2026-03-09 23:14:07,783{GMT}	INFO	[jepsen worker 5] jepsen.util: 5	:fail	:cas	[0 [3 3]]	[:key-does-not-exist "key not found"]
2026-03-09 23:14:07,783{GMT}	INFO	[jepsen worker 5] jepsen.util: 5	:invoke	:cas	[0 [4 0]]
2026-03-09 23:14:07,788{GMT}	INFO	[jepsen worker 4] jepsen.util: 4	:invoke	:write	[0 1]
2026-03-09 23:14:07,875{GMT}	INFO	[jepsen worker 3] jepsen.util: 3	:fail	:write	[0 4]	[:abort "Server response timeout"]
2026-03-09 23:14:07,953{GMT}	INFO	[jepsen worker 3] jepsen.util: 3	:invoke	:cas	[0 [3 4]]
2026-03-09 23:14:07,992{GMT}	INFO	[jepsen worker 1] jepsen.util: 1	:fail	:read	[0 nil]	[:key-does-not-exist "not found"]
2026-03-09 23:14:08,021{GMT}	INFO	[jepsen worker 1] jepsen.util: 1	:invoke	:read	[0 nil]
2026-03-09 23:14:08,086{GMT}	INFO	[jepsen worker 2] jepsen.util: 2	:fail	:read	[0 nil]	[:key-does-not-exist "not found"]
2026-03-09 23:14:08,095{GMT}	INFO	[jepsen worker 2] jepsen.util: 2	:invoke	:read	[0 nil]
2026-03-09 23:14:08,179{GMT}	INFO	[jepsen worker 0] jepsen.util: 0	:fail	:read	[0 nil]	[:key-does-not-exist "not found"]
2026-03-09 23:14:08,203{GMT}	INFO	[jepsen worker 0] jepsen.util: 0	:invoke	:read	[0 nil]
2026-03-09 23:14:08,297{GMT}	INFO	[jepsen worker 4] jepsen.util: 4	:fail	:write	[0 1]	[:abort "Server response timeout"]
2026-03-09 23:14:08,297{GMT}	INFO	[jepsen worker 4] jepsen.util: 4	:invoke	:cas	[0 [0 3]]
2026-03-09 23:14:08,390{GMT}	INFO	[jepsen worker 5] jepsen.util: 5	:fail	:cas	[0 [4 0]]	[:key-does-not-exist "key not found"]
2026-03-09 23:14:08,483{GMT}	INFO	[jepsen worker 3] jepsen.util: 3	:fail	:cas	[0 [3 4]]	[:key-does-not-exist "key not found"]
2026-03-09 23:14:08,496{GMT}	INFO	[jepsen worker 5] jepsen.util: 5	:invoke	:cas	[0 [1 2]]
2026-03-09 23:14:08,588{GMT}	INFO	[jepsen worker 3] jepsen.util: 3	:invoke	:write	[0 3]
2026-03-09 23:14:08,601{GMT}	INFO	[jepsen worker 1] jepsen.util: 1	:fail	:read	[0 nil]	[:key-does-not-exist "not found"]
2026-03-09 23:14:08,693{GMT}	INFO	[jepsen worker 2] jepsen.util: 2	:fail	:read	[0 nil]	[:key-does-not-exist "not found"]
2026-03-09 23:14:08,770{GMT}	INFO	[jepsen worker 1] jepsen.util: 1	:invoke	:read	[0 nil]
2026-03-09 23:14:08,786{GMT}	INFO	[jepsen worker 2] jepsen.util: 2	:invoke	:read	[0 nil]
2026-03-09 23:14:08,788{GMT}	INFO	[jepsen worker 0] jepsen.util: 0	:fail	:read	[0 nil]	[:key-does-not-exist "not found"]
2026-03-09 23:14:08,801{GMT}	INFO	[jepsen worker 0] jepsen.util: 0	:invoke	:read	[0 nil]
2026-03-09 23:14:08,906{GMT}	INFO	[jepsen worker 4] jepsen.util: 4	:fail	:cas	[0 [0 3]]	[:key-does-not-exist "key not found"]
2026-03-09 23:14:08,906{GMT}	INFO	[jepsen worker 4] jepsen.util: 4	:invoke	:cas	[0 [0 2]]
2026-03-09 23:14:08,998{GMT}	INFO	[jepsen worker 5] jepsen.util: 5	:fail	:cas	[0 [1 2]]	[:key-does-not-exist "key not found"]
2026-03-09 23:14:08,998{GMT}	INFO	[jepsen worker 5] jepsen.util: 5	:invoke	:cas	[0 [4 4]]
2026-03-09 23:14:09,092{GMT}	INFO	[jepsen worker 3] jepsen.util: 3	:fail	:write	[0 3]	[:abort "Server response timeout"]
2026-03-09 23:14:09,198{GMT}	INFO	[jepsen worker 3] jepsen.util: 3	:invoke	:cas	[0 [3 2]]
2026-03-09 23:14:09,210{GMT}	INFO	[jepsen worker 1] jepsen.util: 1	:fail	:read	[0 nil]	[:key-does-not-exist "not found"]
2026-03-09 23:14:09,301{GMT}	INFO	[jepsen worker 2] jepsen.util: 2	:fail	:read	[0 nil]	[:key-does-not-exist "not found"]
2026-03-09 23:14:09,323{GMT}	INFO	[jepsen worker 1] jepsen.util: 1	:invoke	:read	[0 nil]
2026-03-09 23:14:09,396{GMT}	INFO	[jepsen worker 0] jepsen.util: 0	:fail	:read	[0 nil]	[:key-does-not-exist "not found"]
2026-03-09 23:14:09,482{GMT}	INFO	[jepsen worker 0] jepsen.util: 0	:invoke	:read	[0 nil]
2026-03-09 23:14:09,513{GMT}	INFO	[jepsen worker 4] jepsen.util: 4	:fail	:cas	[0 [0 2]]	[:key-does-not-exist "key not found"]
2026-03-09 23:14:09,559{GMT}	INFO	[jepsen worker 4] jepsen.util: 4	:invoke	:cas	[0 [1 3]]
2026-03-09 23:14:09,576{GMT}	INFO	[jepsen worker 2] jepsen.util: 2	:invoke	:read	[0 nil]
2026-03-09 23:14:09,604{GMT}	INFO	[jepsen worker 5] jepsen.util: 5	:fail	:cas	[0 [4 4]]	[:key-does-not-exist "key not found"]
2026-03-09 23:14:09,634{GMT}	INFO	[jepsen worker 5] jepsen.util: 5	:invoke	:cas	[0 [2 0]]
2026-03-09 23:14:09,698{GMT}	INFO	[jepsen worker 3] jepsen.util: 3	:fail	:cas	[0 [3 2]]	[:key-does-not-exist "key not found"]
2026-03-09 23:14:09,799{GMT}	INFO	[jepsen worker 3] jepsen.util: 3	:invoke	:cas	[0 [2 0]]
2026-03-09 23:14:09,816{GMT}	INFO	[jepsen worker 1] jepsen.util: 1	:fail	:read	[0 nil]	[:key-does-not-exist "not found"]
2026-03-09 23:14:09,907{GMT}	INFO	[jepsen worker 2] jepsen.util: 2	:fail	:read	[0 nil]	[:key-does-not-exist "not found"]
2026-03-09 23:14:09,931{GMT}	INFO	[jepsen worker 1] jepsen.util: 1	:invoke	:read	[0 nil]
2026-03-09 23:14:10,001{GMT}	INFO	[jepsen worker 0] jepsen.util: 0	:fail	:read	[0 nil]	[:key-does-not-exist "not found"]
2026-03-09 23:14:10,120{GMT}	INFO	[jepsen worker 0] jepsen.util: 0	:invoke	:read	[0 nil]
2026-03-09 23:14:10,121{GMT}	INFO	[jepsen worker 4] jepsen.util: 4	:fail	:cas	[0 [1 3]]	[:key-does-not-exist "key not found"]
2026-03-09 23:14:10,210{GMT}	INFO	[jepsen worker 5] jepsen.util: 5	:fail	:cas	[0 [2 0]]	[:key-does-not-exist "key not found"]
2026-03-09 23:14:10,235{GMT}	INFO	[jepsen worker 2] jepsen.util: 2	:invoke	:read	[0 nil]
2026-03-09 23:14:10,305{GMT}	INFO	[jepsen worker 3] jepsen.util: 3	:fail	:cas	[0 [2 0]]	[:key-does-not-exist "key not found"]
2026-03-09 23:14:10,394{GMT}	INFO	[jepsen worker 3] jepsen.util: 3	:invoke	:write	[0 3]
2026-03-09 23:14:10,426{GMT}	INFO	[jepsen worker 1] jepsen.util: 1	:fail	:read	[0 nil]	[:key-does-not-exist "not found"]
2026-03-09 23:14:10,537{GMT}	INFO	[jepsen worker 1] jepsen.util: 1	:invoke	:read	[0 nil]
2026-03-09 23:14:10,541{GMT}	INFO	[jepsen worker 2] jepsen.util: 2	:fail	:read	[0 nil]	[:key-does-not-exist "not found"]
2026-03-09 23:14:10,609{GMT}	INFO	[jepsen worker 0] jepsen.util: 0	:fail	:read	[0 nil]	[:key-does-not-exist "not found"]
2026-03-09 23:14:10,615{GMT}	INFO	[jepsen worker 4] jepsen.util: 4	:invoke	:cas	[0 [1 3]]
2026-03-09 23:14:10,631{GMT}	INFO	[jepsen worker 0] jepsen.util: 0	:invoke	:read	[0 nil]
2026-03-09 23:14:10,674{GMT}	INFO	[jepsen worker 2] jepsen.util: 2	:invoke	:read	[0 nil]
2026-03-09 23:14:10,809{GMT}	INFO	[jepsen worker 5] jepsen.util: 5	:invoke	:cas	[0 [1 4]]
2026-03-09 23:14:10,843{GMT}	INFO	[jepsen worker 1] jepsen.util: 1	:fail	:read	[0 nil]	[:key-does-not-exist "not found"]
2026-03-09 23:14:10,913{GMT}	INFO	[jepsen worker 3] jepsen.util: 3	:fail	:write	[0 3]	[:abort "Server response timeout"]
2026-03-09 23:14:10,947{GMT}	INFO	[jepsen worker 3] jepsen.util: 3	:invoke	:cas	[0 [4 0]]
2026-03-09 23:14:10,974{GMT}	INFO	[jepsen worker 1] jepsen.util: 1	:invoke	:read	[0 nil]
2026-03-09 23:14:10,980{GMT}	INFO	[jepsen worker 2] jepsen.util: 2	:fail	:read	[0 nil]	[:key-does-not-exist "not found"]
2026-03-09 23:14:11,145{GMT}	INFO	[jepsen worker 2] jepsen.util: 2	:invoke	:read	[0 nil]
2026-03-09 23:14:11,148{GMT}	INFO	[jepsen worker 4] jepsen.util: 4	:fail	:cas	[0 [1 3]]	[:key-does-not-exist "key not found"]
2026-03-09 23:14:11,188{GMT}	INFO	[jepsen worker 4] jepsen.util: 4	:invoke	:cas	[0 [4 1]]
2026-03-09 23:14:11,216{GMT}	INFO	[jepsen worker 0] jepsen.util: 0	:fail	:read	[0 nil]	[:key-does-not-exist "not found"]
2026-03-09 23:14:11,282{GMT}	INFO	[jepsen worker 5] jepsen.util: 5	:fail	:cas	[0 [1 4]]	[:key-does-not-exist "key not found"]
2026-03-09 23:14:11,315{GMT}	INFO	[jepsen worker 5] jepsen.util: 5	:invoke	:cas	[0 [0 3]]
2026-03-09 23:14:11,451{GMT}	INFO	[jepsen worker 1] jepsen.util: 1	:fail	:read	[0 nil]	[:key-does-not-exist "not found"]
2026-03-09 23:14:11,457{GMT}	INFO	[jepsen worker 0] jepsen.util: 0	:invoke	:read	[0 nil]
2026-03-09 23:14:11,482{GMT}	INFO	[jepsen worker 1] jepsen.util: 1	:invoke	:read	[0 nil]
2026-03-09 23:14:11,519{GMT}	INFO	[jepsen worker 3] jepsen.util: 3	:fail	:cas	[0 [4 0]]	[:key-does-not-exist "key not found"]
2026-03-09 23:14:11,519{GMT}	INFO	[jepsen worker 3] jepsen.util: 3	:invoke	:cas	[0 [2 1]]
2026-03-09 23:14:11,586{GMT}	INFO	[jepsen worker 2] jepsen.util: 2	:fail	:read	[0 nil]	[:key-does-not-exist "not found"]
2026-03-09 23:14:11,649{GMT}	INFO	[jepsen worker 2] jepsen.util: 2	:invoke	:read	[0 nil]
2026-03-09 23:14:11,757{GMT}	INFO	[jepsen worker 4] jepsen.util: 4	:fail	:cas	[0 [4 1]]	[:key-does-not-exist "key not found"]
2026-03-09 23:14:11,758{GMT}	INFO	[jepsen worker 4] jepsen.util: 4	:invoke	:write	[0 0]
2026-03-09 23:14:11,823{GMT}	INFO	[jepsen worker 0] jepsen.util: 0	:fail	:read	[0 nil]	[:key-does-not-exist "not found"]
2026-03-09 23:14:11,823{GMT}	INFO	[jepsen worker 0] jepsen.util: 0	:invoke	:read	[0 nil]
2026-03-09 23:14:11,889{GMT}	INFO	[jepsen worker 5] jepsen.util: 5	:fail	:cas	[0 [0 3]]	[:key-does-not-exist "key not found"]
2026-03-09 23:14:12,011{GMT}	INFO	[jepsen worker 5] jepsen.util: 5	:invoke	:cas	[0 [4 3]]
2026-03-09 23:14:12,062{GMT}	INFO	[jepsen worker 1] jepsen.util: 1	:fail	:read	[0 nil]	[:key-does-not-exist "not found"]
2026-03-09 23:14:12,127{GMT}	INFO	[jepsen worker 3] jepsen.util: 3	:fail	:cas	[0 [2 1]]	[:key-does-not-exist "key not found"]
2026-03-09 23:14:12,164{GMT}	INFO	[jepsen worker 1] jepsen.util: 1	:invoke	:read	[0 nil]
2026-03-09 23:14:12,194{GMT}	INFO	[jepsen worker 2] jepsen.util: 2	:fail	:read	[0 nil]	[:key-does-not-exist "not found"]
2026-03-09 23:14:12,361{GMT}	INFO	[jepsen worker 2] jepsen.util: 2	:invoke	:read	[0 nil]
2026-03-09 23:14:12,365{GMT}	INFO	[jepsen worker 4] jepsen.util: 4	:fail	:write	[0 0]	[:abort "Server response timeout"]
2026-03-09 23:14:12,423{GMT}	INFO	[jepsen worker 3] jepsen.util: 3	:invoke	:cas	[0 [0 4]]
2026-03-09 23:14:12,429{GMT}	INFO	[jepsen worker 0] jepsen.util: 0	:fail	:read	[0 nil]	[:key-does-not-exist "not found"]
2026-03-09 23:14:12,468{GMT}	INFO	[jepsen worker 4] jepsen.util: 4	:invoke	:cas	[0 [0 0]]
2026-03-09 23:14:12,501{GMT}	INFO	[jepsen worker 5] jepsen.util: 5	:fail	:cas	[0 [4 3]]	[:key-does-not-exist "key not found"]
2026-03-09 23:14:12,514{GMT}	INFO	[jepsen worker 5] jepsen.util: 5	:invoke	:cas	[0 [2 2]]
2026-03-09 23:14:12,614{GMT}	INFO	[jepsen worker 0] jepsen.util: 0	:invoke	:read	[0 nil]
2026-03-09 23:14:12,670{GMT}	INFO	[jepsen worker 1] jepsen.util: 1	:fail	:read	[0 nil]	[:key-does-not-exist "not found"]
2026-03-09 23:14:12,732{GMT}	INFO	[jepsen worker 3] jepsen.util: 3	:fail	:cas	[0 [0 4]]	[:key-does-not-exist "key not found"]
2026-03-09 23:14:12,806{GMT}	INFO	[jepsen worker 2] jepsen.util: 2	:fail	:read	[0 nil]	[:key-does-not-exist "not found"]
2026-03-09 23:14:12,813{GMT}	INFO	[jepsen worker 3] jepsen.util: 3	:invoke	:cas	[0 [2 3]]
2026-03-09 23:14:12,948{GMT}	INFO	[jepsen worker 1] jepsen.util: 1	:invoke	:read	[0 nil]
2026-03-09 23:14:12,973{GMT}	INFO	[jepsen worker 4] jepsen.util: 4	:fail	:cas	[0 [0 0]]	[:key-does-not-exist "key not found"]
2026-03-09 23:14:13,037{GMT}	INFO	[jepsen worker 0] jepsen.util: 0	:fail	:read	[0 nil]	[:key-does-not-exist "not found"]
2026-03-09 23:14:13,111{GMT}	INFO	[jepsen worker 5] jepsen.util: 5	:fail	:cas	[0 [2 2]]	[:key-does-not-exist "key not found"]
2026-03-09 23:14:13,145{GMT}	INFO	[jepsen worker 4] jepsen.util: 4	:invoke	:cas	[0 [4 0]]
2026-03-09 23:14:13,277{GMT}	INFO	[jepsen worker 1] jepsen.util: 1	:fail	:read	[0 nil]	[:key-does-not-exist "not found"]
2026-03-09 23:14:13,342{GMT}	INFO	[jepsen worker 3] jepsen.util: 3	:fail	:cas	[0 [2 3]]	[:key-does-not-exist "key not found"]
2026-03-09 23:14:13,345{GMT}	INFO	[jepsen worker 0] jepsen.util: 0	:invoke	:read	[0 nil]
2026-03-09 23:14:13,519{GMT}	INFO	[jepsen worker 3] jepsen.util: 3	:invoke	:cas	[0 [4 0]]
2026-03-09 23:14:13,578{GMT}	INFO	[jepsen worker 4] jepsen.util: 4	:fail	:cas	[0 [4 0]]	[:key-does-not-exist "key not found"]
2026-03-09 23:14:13,579{GMT}	INFO	[jepsen worker 2] jepsen.util: 2	:invoke	:read	[0 nil]
2026-03-09 23:14:13,650{GMT}	INFO	[jepsen worker 0] jepsen.util: 0	:fail	:read	[0 nil]	[:key-does-not-exist "not found"]
2026-03-09 23:14:13,698{GMT}	INFO	[jepsen worker 4] jepsen.util: 4	:invoke	:cas	[0 [2 1]]
2026-03-09 23:14:13,723{GMT}	INFO	[jepsen worker 5] jepsen.util: 5	:invoke	:cas	[0 [3 1]]
2026-03-09 23:14:13,883{GMT}	INFO	[jepsen worker 2] jepsen.util: 2	:fail	:read	[0 nil]	[:key-does-not-exist "not found"]
2026-03-09 23:14:13,884{GMT}	INFO	[jepsen worker 0] jepsen.util: 0	:invoke	:read	[0 nil]
2026-03-09 23:14:13,953{GMT}	INFO	[jepsen worker 3] jepsen.util: 3	:fail	:cas	[0 [4 0]]	[:key-does-not-exist "key not found"]
2026-03-09 23:14:14,003{GMT}	INFO	[jepsen worker 4] jepsen.util: 4	:fail	:cas	[0 [2 1]]	[:key-does-not-exist "key not found"]
2026-03-09 23:14:14,050{GMT}	INFO	[jepsen worker 1] jepsen.util: 1	:invoke	:read	[0 nil]
2026-03-09 23:14:14,187{GMT}	INFO	[jepsen worker 5] jepsen.util: 5	:fail	:cas	[0 [3 1]]	[:key-does-not-exist "key not found"]
2026-03-09 23:14:14,253{GMT}	INFO	[jepsen worker 2] jepsen.util: 2	:invoke	:read	[0 nil]
2026-03-09 23:14:14,257{GMT}	INFO	[jepsen worker 0] jepsen.util: 0	:fail	:read	[0 nil]	[:key-does-not-exist "not found"]
2026-03-09 23:14:14,327{GMT}	INFO	[jepsen worker 3] jepsen.util: 3	:invoke	:write	[0 4]
2026-03-09 23:14:14,333{GMT}	INFO	[jepsen worker 4] jepsen.util: 4	:invoke	:write	[0 2]
2026-03-09 23:14:14,358{GMT}	INFO	[jepsen worker 1] jepsen.util: 1	:fail	:read	[0 nil]	[:key-does-not-exist "not found"]
2026-03-09 23:14:14,494{GMT}	INFO	[jepsen worker 5] jepsen.util: 5	:invoke	:cas	[0 [2 1]]
2026-03-09 23:14:14,559{GMT}	INFO	[jepsen worker 2] jepsen.util: 2	:fail	:read	[0 nil]	[:key-does-not-exist "not found"]
2026-03-09 23:14:14,606{GMT}	INFO	[jepsen worker 0] jepsen.util: 0	:invoke	:read	[0 nil]
2026-03-09 23:14:14,633{GMT}	INFO	[jepsen worker 3] jepsen.util: 3	:fail	:write	[0 4]	[:abort "Server response timeout"]
2026-03-09 23:14:14,660{GMT}	INFO	[jepsen worker 4] jepsen.util: 4	:fail	:write	[0 2]	[:abort "Server response timeout"]
2026-03-09 23:14:14,760{GMT}	INFO	[jepsen worker 1] jepsen.util: 1	:invoke	:read	[0 nil]
2026-03-09 23:14:14,799{GMT}	INFO	[jepsen worker 2] jepsen.util: 2	:invoke	:read	[0 nil]
2026-03-09 23:14:14,864{GMT}	INFO	[jepsen worker 5] jepsen.util: 5	:fail	:cas	[0 [2 1]]	[:key-does-not-exist "key not found"]
2026-03-09 23:14:14,937{GMT}	INFO	[jepsen worker 0] jepsen.util: 0	:fail	:read	[0 nil]	[:key-does-not-exist "not found"]
2026-03-09 23:14:14,940{GMT}	INFO	[jepsen worker 3] jepsen.util: 3	:invoke	:cas	[0 [4 0]]
2026-03-09 23:14:15,005{GMT}	INFO	[jepsen worker 4] jepsen.util: 4	:invoke	:cas	[0 [2 0]]
2026-03-09 23:14:15,064{GMT}	INFO	[jepsen worker 1] jepsen.util: 1	:fail	:read	[0 nil]	[:key-does-not-exist "not found"]
2026-03-09 23:14:15,112{GMT}	INFO	[jepsen worker 5] jepsen.util: 5	:invoke	:cas	[0 [2 0]]
2026-03-09 23:14:15,167{GMT}	INFO	[jepsen worker 2] jepsen.util: 2	:fail	:read	[0 nil]	[:key-does-not-exist "not found"]
2026-03-09 23:14:15,247{GMT}	INFO	[jepsen worker 3] jepsen.util: 3	:fail	:cas	[0 [4 0]]	[:key-does-not-exist "key not found"]
2026-03-09 23:14:15,253{GMT}	INFO	[jepsen worker 3] jepsen.util: 3	:invoke	:cas	[0 [3 0]]
2026-03-09 23:14:15,367{GMT}	INFO	[jepsen worker 4] jepsen.util: 4	:fail	:cas	[0 [2 0]]	[:key-does-not-exist "key not found"]
2026-03-09 23:14:15,391{GMT}	INFO	[jepsen worker 4] jepsen.util: 4	:invoke	:write	[0 4]
2026-03-09 23:14:15,433{GMT}	INFO	[jepsen worker 0] jepsen.util: 0	:invoke	:read	[0 nil]
2026-03-09 23:14:15,472{GMT}	INFO	[jepsen worker 5] jepsen.util: 5	:fail	:cas	[0 [2 0]]	[:key-does-not-exist "key not found"]
2026-03-09 23:14:15,558{GMT}	INFO	[jepsen worker 3] jepsen.util: 3	:fail	:cas	[0 [3 0]]	[:key-does-not-exist "key not found"]
2026-03-09 23:14:15,622{GMT}	INFO	[jepsen worker 1] jepsen.util: 1	:invoke	:read	[0 nil]
2026-03-09 23:14:15,699{GMT}	INFO	[jepsen worker 4] jepsen.util: 4	:fail	:write	[0 4]	[:abort "Server response timeout"]
2026-03-09 23:14:15,748{GMT}	INFO	[jepsen worker 3] jepsen.util: 3	:invoke	:cas	[0 [2 3]]
2026-03-09 23:14:15,863{GMT}	INFO	[jepsen worker 0] jepsen.util: 0	:fail	:read	[0 nil]	[:key-does-not-exist "not found"]
2026-03-09 23:14:15,947{GMT}	INFO	[jepsen worker 4] jepsen.util: 4	:invoke	:cas	[0 [0 2]]
2026-03-09 23:14:16,005{GMT}	INFO	[jepsen worker 1] jepsen.util: 1	:fail	:read	[0 nil]	[:key-does-not-exist "not found"]
2026-03-09 23:14:16,048{GMT}	INFO	[jepsen worker 2] jepsen.util: 2	:invoke	:read	[0 nil]
2026-03-09 23:14:16,167{GMT}	INFO	[jepsen worker 3] jepsen.util: 3	:fail	:cas	[0 [2 3]]	[:key-does-not-exist "key not found"]
2026-03-09 23:14:16,201{GMT}	INFO	[jepsen worker 0] jepsen.util: 0	:invoke	:read	[0 nil]
2026-03-09 23:14:16,309{GMT}	INFO	[jepsen worker 4] jepsen.util: 4	:fail	:cas	[0 [0 2]]	[:key-does-not-exist "key not found"]
2026-03-09 23:14:16,354{GMT}	INFO	[jepsen worker 2] jepsen.util: 2	:fail	:read	[0 nil]	[:key-does-not-exist "not found"]
2026-03-09 23:14:16,355{GMT}	INFO	[jepsen worker 1] jepsen.util: 1	:invoke	:read	[0 nil]
2026-03-09 23:14:16,411{GMT}	INFO	[jepsen worker 2] jepsen.util: 2	:invoke	:read	[0 nil]
2026-03-09 23:14:16,509{GMT}	INFO	[jepsen worker 0] jepsen.util: 0	:fail	:read	[0 nil]	[:key-does-not-exist "not found"]
2026-03-09 23:14:16,576{GMT}	INFO	[jepsen worker 3] jepsen.util: 3	:invoke	:cas	[0 [0 4]]
2026-03-09 23:14:16,661{GMT}	INFO	[jepsen worker 1] jepsen.util: 1	:fail	:read	[0 nil]	[:key-does-not-exist "not found"]
2026-03-09 23:14:16,672{GMT}	INFO	[jepsen worker 4] jepsen.util: 4	:invoke	:write	[0 1]
2026-03-09 23:14:16,716{GMT}	INFO	[jepsen worker 2] jepsen.util: 2	:fail	:read	[0 nil]	[:key-does-not-exist "not found"]
2026-03-09 23:14:16,769{GMT}	INFO	[jepsen worker 5] jepsen.util: 5	:invoke	:cas	[0 [3 4]]
2026-03-09 23:14:16,868{GMT}	INFO	[jepsen worker 2] jepsen.util: 2	:invoke	:read	[0 nil]
2026-03-09 23:14:16,884{GMT}	INFO	[jepsen worker 3] jepsen.util: 3	:fail	:cas	[0 [0 4]]	[:key-does-not-exist "key not found"]
2026-03-09 23:14:16,976{GMT}	INFO	[jepsen worker 4] jepsen.util: 4	:fail	:write	[0 1]	[:abort "Server response timeout"]
2026-03-09 23:14:16,989{GMT}	INFO	[jepsen worker 3] jepsen.util: 3	:invoke	:write	[0 0]
2026-03-09 23:14:17,049{GMT}	INFO	[jepsen worker 4] jepsen.util: 4	:invoke	:cas	[0 [4 1]]
2026-03-09 23:14:17,075{GMT}	INFO	[jepsen worker 5] jepsen.util: 5	:fail	:cas	[0 [3 4]]	[:key-does-not-exist "key not found"]
2026-03-09 23:14:17,148{GMT}	INFO	[jepsen worker 0] jepsen.util: 0	:invoke	:read	[0 nil]
2026-03-09 23:14:17,222{GMT}	INFO	[jepsen worker 5] jepsen.util: 5	:invoke	:cas	[0 [1 2]]
2026-03-09 23:14:17,295{GMT}	INFO	[jepsen worker 3] jepsen.util: 3	:fail	:write	[0 0]	[:abort "Server response timeout"]
2026-03-09 23:14:17,354{GMT}	INFO	[jepsen worker 4] jepsen.util: 4	:fail	:cas	[0 [4 1]]	[:key-does-not-exist "key not found"]
2026-03-09 23:14:17,374{GMT}	INFO	[jepsen worker 3] jepsen.util: 3	:invoke	:cas	[0 [3 1]]
2026-03-09 23:14:17,378{GMT}	INFO	[jepsen worker 2] jepsen.util: 2	:fail	:read	[0 nil]	[:key-does-not-exist "not found"]
2026-03-09 23:14:17,576{GMT}	INFO	[jepsen worker 4] jepsen.util: 4	:invoke	:cas	[0 [4 1]]
2026-03-09 23:14:17,599{GMT}	INFO	[jepsen worker 0] jepsen.util: 0	:fail	:read	[0 nil]	[:key-does-not-exist "not found"]
2026-03-09 23:14:17,682{GMT}	INFO	[jepsen worker 5] jepsen.util: 5	:fail	:cas	[0 [1 2]]	[:key-does-not-exist "key not found"]
2026-03-09 23:14:17,702{GMT}	INFO	[jepsen worker 5] jepsen.util: 5	:invoke	:cas	[0 [2 0]]
2026-03-09 23:14:17,838{GMT}	INFO	[jepsen worker 0] jepsen.util: 0	:invoke	:read	[0 nil]
2026-03-09 23:14:17,846{GMT}	INFO	[jepsen worker 1] jepsen.util: 1	:invoke	:read	[0 nil]
2026-03-09 23:14:17,882{GMT}	INFO	[jepsen worker 4] jepsen.util: 4	:fail	:cas	[0 [4 1]]	[:key-does-not-exist "key not found"]
2026-03-09 23:14:17,903{GMT}	INFO	[jepsen worker 3] jepsen.util: 3	:fail	:cas	[0 [3 1]]	[:key-does-not-exist "key not found"]
2026-03-09 23:14:17,968{GMT}	INFO	[jepsen worker 2] jepsen.util: 2	:invoke	:read	[0 nil]
2026-03-09 23:14:18,008{GMT}	INFO	[jepsen worker 5] jepsen.util: 5	:fail	:cas	[0 [2 0]]	[:key-does-not-exist "key not found"]
2026-03-09 23:14:18,069{GMT}	INFO	[jepsen worker 3] jepsen.util: 3	:invoke	:write	[0 3]
2026-03-09 23:14:18,158{GMT}	INFO	[jepsen worker 4] jepsen.util: 4	:invoke	:cas	[0 [2 3]]
2026-03-09 23:14:18,170{GMT}	INFO	[jepsen worker 5] jepsen.util: 5	:invoke	:write	[0 4]
2026-03-09 23:14:18,186{GMT}	INFO	[jepsen worker 1] jepsen.util: 1	:fail	:read	[0 nil]	[:key-does-not-exist "not found"]
2026-03-09 23:14:18,188{GMT}	INFO	[jepsen worker 1] jepsen.util: 1	:invoke	:read	[0 nil]
2026-03-09 23:14:18,205{GMT}	INFO	[jepsen worker 0] jepsen.util: 0	:fail	:read	[0 nil]	[:key-does-not-exist "not found"]
2026-03-09 23:14:18,312{GMT}	INFO	[jepsen worker 2] jepsen.util: 2	:fail	:read	[0 nil]	[:key-does-not-exist "not found"]
2026-03-09 23:14:18,348{GMT}	INFO	[jepsen worker 0] jepsen.util: 0	:invoke	:read	[0 nil]
2026-03-09 23:14:18,492{GMT}	INFO	[jepsen worker 4] jepsen.util: 4	:fail	:cas	[0 [2 3]]	[:key-does-not-exist "key not found"]
2026-03-09 23:14:18,503{GMT}	INFO	[jepsen worker 4] jepsen.util: 4	:invoke	:cas	[0 [3 3]]
2026-03-09 23:14:18,508{GMT}	INFO	[jepsen worker 3] jepsen.util: 3	:fail	:write	[0 3]	[:abort "Server response timeout"]
2026-03-09 23:14:18,615{GMT}	INFO	[jepsen worker 5] jepsen.util: 5	:fail	:write	[0 4]	[:abort "Server response timeout"]
2026-03-09 23:14:18,651{GMT}	INFO	[jepsen worker 2] jepsen.util: 2	:invoke	:read	[0 nil]
2026-03-09 23:14:18,677{GMT}	INFO	[jepsen worker 3] jepsen.util: 3	:invoke	:cas	[0 [4 3]]
2026-03-09 23:14:18,795{GMT}	INFO	[jepsen worker 1] jepsen.util: 1	:fail	:read	[0 nil]	[:key-does-not-exist "not found"]
2026-03-09 23:14:18,811{GMT}	INFO	[jepsen worker 0] jepsen.util: 0	:fail	:read	[0 nil]	[:key-does-not-exist "not found"]
2026-03-09 23:14:18,850{GMT}	INFO	[jepsen worker 5] jepsen.util: 5	:invoke	:cas	[0 [2 4]]
2026-03-09 23:14:18,957{GMT}	INFO	[jepsen worker 2] jepsen.util: 2	:fail	:read	[0 nil]	[:key-does-not-exist "not found"]
2026-03-09 23:14:18,976{GMT}	INFO	[jepsen worker 1] jepsen.util: 1	:invoke	:read	[0 nil]
2026-03-09 23:14:19,089{GMT}	INFO	[jepsen worker 2] jepsen.util: 2	:invoke	:read	[0 nil]
2026-03-09 23:14:19,102{GMT}	INFO	[jepsen worker 4] jepsen.util: 4	:fail	:cas	[0 [3 3]]	[:key-does-not-exist "key not found"]
2026-03-09 23:14:19,116{GMT}	INFO	[jepsen worker 3] jepsen.util: 3	:fail	:cas	[0 [4 3]]	[:key-does-not-exist "key not found"]
2026-03-09 23:14:19,263{GMT}	INFO	[jepsen worker 5] jepsen.util: 5	:fail	:cas	[0 [2 4]]	[:key-does-not-exist "key not found"]
2026-03-09 23:14:19,263{GMT}	INFO	[jepsen worker 0] jepsen.util: 0	:invoke	:read	[0 nil]
2026-03-09 23:14:19,396{GMT}	INFO	[jepsen worker 4] jepsen.util: 4	:invoke	:cas	[0 [4 2]]
2026-03-09 23:14:19,408{GMT}	INFO	[jepsen worker 1] jepsen.util: 1	:fail	:read	[0 nil]	[:key-does-not-exist "not found"]
2026-03-09 23:14:19,411{GMT}	INFO	[jepsen worker 5] jepsen.util: 5	:invoke	:cas	[0 [1 1]]
2026-03-09 23:14:19,443{GMT}	INFO	[jepsen worker 3] jepsen.util: 3	:invoke	:cas	[0 [1 1]]
2026-03-09 23:14:19,568{GMT}	INFO	[jepsen worker 0] jepsen.util: 0	:fail	:read	[0 nil]	[:key-does-not-exist "not found"]
2026-03-09 23:14:19,568{GMT}	INFO	[jepsen worker 2] jepsen.util: 2	:fail	:read	[0 nil]	[:key-does-not-exist "not found"]
2026-03-09 23:14:19,621{GMT}	INFO	[jepsen worker 0] jepsen.util: 0	:invoke	:read	[0 nil]
2026-03-09 23:14:19,711{GMT}	INFO	[jepsen worker 4] jepsen.util: 4	:fail	:cas	[0 [4 2]]	[:key-does-not-exist "key not found"]
2026-03-09 23:14:19,789{GMT}	INFO	[jepsen worker 4] jepsen.util: 4	:invoke	:write	[0 2]
2026-03-09 23:14:19,870{GMT}	INFO	[jepsen worker 3] jepsen.util: 3	:fail	:cas	[0 [1 1]]	[:key-does-not-exist "key not found"]
2026-03-09 23:14:19,870{GMT}	INFO	[jepsen worker 5] jepsen.util: 5	:fail	:cas	[0 [1 1]]	[:key-does-not-exist "key not found"]
2026-03-09 23:14:19,872{GMT}	INFO	[jepsen worker 3] jepsen.util: 3	:invoke	:cas	[0 [4 3]]
2026-03-09 23:14:19,946{GMT}	INFO	[jepsen worker 1] jepsen.util: 1	:invoke	:read	[0 nil]
2026-03-09 23:14:20,093{GMT}	INFO	[jepsen worker 4] jepsen.util: 4	:fail	:write	[0 2]	[:abort "Server response timeout"]
2026-03-09 23:14:20,131{GMT}	INFO	[jepsen worker 2] jepsen.util: 2	:invoke	:read	[0 nil]
2026-03-09 23:14:20,143{GMT}	INFO	[jepsen worker 5] jepsen.util: 5	:invoke	:cas	[0 [3 3]]
2026-03-09 23:14:20,175{GMT}	INFO	[jepsen worker 0] jepsen.util: 0	:fail	:read	[0 nil]	[:key-does-not-exist "not found"]
2026-03-09 23:14:20,223{GMT}	INFO	[jepsen worker 4] jepsen.util: 4	:invoke	:cas	[0 [1 2]]
2026-03-09 23:14:20,396{GMT}	INFO	[jepsen worker 1] jepsen.util: 1	:fail	:read	[0 nil]	[:key-does-not-exist "not found"]
2026-03-09 23:14:20,404{GMT}	INFO	[jepsen worker 0] jepsen.util: 0	:invoke	:read	[0 nil]
2026-03-09 23:14:20,436{GMT}	INFO	[jepsen worker 2] jepsen.util: 2	:fail	:read	[0 nil]	[:key-does-not-exist "not found"]
2026-03-09 23:14:20,479{GMT}	INFO	[jepsen worker 3] jepsen.util: 3	:fail	:cas	[0 [4 3]]	[:key-does-not-exist "key not found"]
2026-03-09 23:14:20,496{GMT}	INFO	[jepsen worker 3] jepsen.util: 3	:invoke	:cas	[0 [4 3]]
2026-03-09 23:14:20,580{GMT}	INFO	[jepsen worker 2] jepsen.util: 2	:invoke	:read	[0 nil]
2026-03-09 23:14:20,700{GMT}	INFO	[jepsen worker 4] jepsen.util: 4	:fail	:cas	[0 [1 2]]	[:key-does-not-exist "key not found"]
2026-03-09 23:14:20,742{GMT}	INFO	[jepsen worker 5] jepsen.util: 5	:fail	:cas	[0 [3 3]]	[:key-does-not-exist "key not found"]
2026-03-09 23:14:20,766{GMT}	INFO	[jepsen worker 1] jepsen.util: 1	:invoke	:read	[0 nil]
2026-03-09 23:14:20,786{GMT}	INFO	[jepsen worker 0] jepsen.util: 0	:fail	:read	[0 nil]	[:key-does-not-exist "not found"]
2026-03-09 23:14:20,894{GMT}	INFO	[jepsen worker 4] jepsen.util: 4	:invoke	:cas	[0 [2 0]]
2026-03-09 23:14:21,045{GMT}	INFO	[jepsen worker 2] jepsen.util: 2	:fail	:read	[0 nil]	[:key-does-not-exist "not found"]
2026-03-09 23:14:21,065{GMT}	INFO	[jepsen worker 5] jepsen.util: 5	:invoke	:cas	[0 [1 1]]
2026-03-09 23:14:21,073{GMT}	INFO	[jepsen worker 1] jepsen.util: 1	:fail	:read	[0 nil]	[:key-does-not-exist "not found"]
2026-03-09 23:14:21,091{GMT}	INFO	[jepsen worker 3] jepsen.util: 3	:fail	:cas	[0 [4 3]]	[:key-does-not-exist "key not found"]
2026-03-09 23:14:21,199{GMT}	INFO	[jepsen worker 0] jepsen.util: 0	:invoke	:read	[0 nil]
2026-03-09 23:14:21,205{GMT}	INFO	[jepsen worker 1] jepsen.util: 1	:invoke	:read	[0 nil]
2026-03-09 23:14:21,373{GMT}	INFO	[jepsen worker 2] jepsen.util: 2	:invoke	:read	[0 nil]
2026-03-09 23:14:21,373{GMT}	INFO	[jepsen worker 5] jepsen.util: 5	:fail	:cas	[0 [1 1]]	[:key-does-not-exist "key not found"]
2026-03-09 23:14:21,376{GMT}	INFO	[jepsen worker 4] jepsen.util: 4	:fail	:cas	[0 [2 0]]	[:key-does-not-exist "key not found"]
2026-03-09 23:14:21,505{GMT}	INFO	[jepsen worker 0] jepsen.util: 0	:fail	:read	[0 nil]	[:key-does-not-exist "not found"]
2026-03-09 23:14:21,523{GMT}	INFO	[jepsen worker 0] jepsen.util: 0	:invoke	:read	[0 nil]
2026-03-09 23:14:21,651{GMT}	INFO	[jepsen worker 3] jepsen.util: 3	:invoke	:write	[0 3]
2026-03-09 23:14:21,663{GMT}	INFO	[jepsen worker 4] jepsen.util: 4	:invoke	:write	[0 4]
2026-03-09 23:14:21,680{GMT}	INFO	[jepsen worker 2] jepsen.util: 2	:fail	:read	[0 nil]	[:key-does-not-exist "not found"]
2026-03-09 23:14:21,680{GMT}	INFO	[jepsen worker 1] jepsen.util: 1	:fail	:read	[0 nil]	[:key-does-not-exist "not found"]
2026-03-09 23:14:21,786{GMT}	INFO	[jepsen worker 1] jepsen.util: 1	:invoke	:read	[0 nil]
2026-03-09 23:14:21,793{GMT}	INFO	[jepsen worker 5] jepsen.util: 5	:invoke	:cas	[0 [2 2]]
2026-03-09 23:14:21,830{GMT}	INFO	[jepsen worker 0] jepsen.util: 0	:fail	:read	[0 nil]	[:key-does-not-exist "not found"]
2026-03-09 23:14:21,903{GMT}	INFO	[jepsen worker 0] jepsen.util: 0	:invoke	:read	[0 nil]
2026-03-09 23:14:21,904{GMT}	INFO	[jepsen worker 2] jepsen.util: 2	:invoke	:read	[0 nil]
2026-03-09 23:14:21,984{GMT}	INFO	[jepsen worker 4] jepsen.util: 4	:fail	:write	[0 4]	[:abort "Server response timeout"]
2026-03-09 23:14:22,056{GMT}	INFO	[jepsen worker 4] jepsen.util: 4	:invoke	:cas	[0 [3 3]]
2026-03-09 23:14:22,098{GMT}	INFO	[jepsen worker 5] jepsen.util: 5	:fail	:cas	[0 [2 2]]	[:key-does-not-exist "key not found"]
2026-03-09 23:14:22,098{GMT}	INFO	[jepsen worker 5] jepsen.util: 5	:invoke	:cas	[0 [1 1]]
2026-03-09 23:14:22,132{GMT}	INFO	[jepsen worker 3] jepsen.util: 3	:fail	:write	[0 3]	[:abort "Server response timeout"]
2026-03-09 23:14:22,211{GMT}	INFO	[jepsen worker 3] jepsen.util: 3	:invoke	:write	[0 4]
2026-03-09 23:14:22,287{GMT}	INFO	[jepsen worker 1] jepsen.util: 1	:fail	:read	[0 nil]	[:key-does-not-exist "not found"]
2026-03-09 23:14:22,367{GMT}	INFO	[jepsen worker 1] jepsen.util: 1	:invoke	:read	[0 nil]
2026-03-09 23:14:22,402{GMT}	INFO	[jepsen worker 2] jepsen.util: 2	:fail	:read	[0 nil]	[:key-does-not-exist "not found"]
2026-03-09 23:14:22,436{GMT}	INFO	[jepsen worker 0] jepsen.util: 0	:fail	:read	[0 nil]	[:key-does-not-exist "not found"]
2026-03-09 23:14:22,472{GMT}	INFO	[jepsen worker 0] jepsen.util: 0	:invoke	:read	[0 nil]
2026-03-09 23:14:22,591{GMT}	INFO	[jepsen worker 4] jepsen.util: 4	:fail	:cas	[0 [3 3]]	[:key-does-not-exist "key not found"]
2026-03-09 23:14:22,655{GMT}	INFO	[jepsen worker 4] jepsen.util: 4	:invoke	:write	[0 3]
2026-03-09 23:14:22,706{GMT}	INFO	[jepsen worker 5] jepsen.util: 5	:fail	:cas	[0 [1 1]]	[:key-does-not-exist "key not found"]
2026-03-09 23:14:22,739{GMT}	INFO	[jepsen worker 3] jepsen.util: 3	:fail	:write	[0 4]	[:abort "Server response timeout"]
2026-03-09 23:14:22,781{GMT}	INFO	[jepsen worker 3] jepsen.util: 3	:invoke	:cas	[0 [3 1]]
2026-03-09 23:14:22,895{GMT}	INFO	[jepsen worker 1] jepsen.util: 1	:fail	:read	[0 nil]	[:key-does-not-exist "not found"]
2026-03-09 23:14:22,905{GMT}	INFO	[jepsen worker 2] jepsen.util: 2	:invoke	:read	[0 nil]
2026-03-09 23:14:23,042{GMT}	INFO	[jepsen worker 0] jepsen.util: 0	:fail	:read	[0 nil]	[:key-does-not-exist "not found"]
2026-03-09 23:14:23,097{GMT}	INFO	[jepsen worker 0] jepsen.util: 0	:invoke	:read	[0 nil]
2026-03-09 23:14:23,199{GMT}	INFO	[jepsen worker 4] jepsen.util: 4	:fail	:write	[0 3]	[:abort "Server response timeout"]
2026-03-09 23:14:23,211{GMT}	INFO	[jepsen worker 2] jepsen.util: 2	:fail	:read	[0 nil]	[:key-does-not-exist "not found"]
2026-03-09 23:14:23,348{GMT}	INFO	[jepsen worker 3] jepsen.util: 3	:fail	:cas	[0 [3 1]]	[:key-does-not-exist "key not found"]
2026-03-09 23:14:23,652{GMT}	INFO	[jepsen worker 0] jepsen.util: 0	:fail	:read	[0 nil]	[:key-does-not-exist "not found"]
2026-03-09 23:14:23,670{GMT}	INFO	[jepsen test runner] jepsen.core: Run complete, writing
2026-03-09 23:14:23,750{GMT}	INFO	[jepsen node n1] maelstrom.db: Tearing down n1
2026-03-09 23:14:23,750{GMT}	INFO	[jepsen node n0] maelstrom.db: Tearing down n0
2026-03-09 23:14:23,750{GMT}	INFO	[jepsen node n2] maelstrom.db: Tearing down n2
2026-03-09 23:14:24,665{GMT}	INFO	[jepsen node n0] maelstrom.net: Shutting down Maelstrom network
2026-03-09 23:14:24,668{GMT}	INFO	[jepsen test runner] jepsen.core: Analyzing...
2026-03-09 23:14:24,882{GMT}	INFO	[clojure-agent-send-pool-0] jepsen.independent: Wrote /Users/singv/Desktop/omnipaxos-kv/store/lin-kv/20260309T231321.622+0100/independent/0/results.edn
2026-03-09 23:14:24,917{GMT}	INFO	[clojure-agent-send-pool-0] jepsen.independent: Wrote /Users/singv/Desktop/omnipaxos-kv/store/lin-kv/20260309T231321.622+0100/independent/0/history.edn
2026-03-09 23:14:25,165{GMT}	INFO	[jepsen test runner] jepsen.core: Analysis complete
2026-03-09 23:14:25,176{GMT}	INFO	[jepsen results] jepsen.store: Wrote /Users/singv/Desktop/omnipaxos-kv/store/lin-kv/20260309T231321.622+0100/results.edn
2026-03-09 23:14:25,192{GMT}	INFO	[jepsen test runner] jepsen.core: {:perf {:latency-graph {:valid? true},
        :rate-graph {:valid? true},
        :valid? true},
 :timeline {:valid? true},
 :exceptions {:valid? true},
 :stats {:valid? false,
         :count 550,
         :ok-count 0,
         :fail-count 550,
         :info-count 0,
         :by-f {:cas {:valid? false,
                      :count 184,
                      :ok-count 0,
                      :fail-count 184,
                      :info-count 0},
                :read {:valid? false,
                       :count 276,
                       :ok-count 0,
                       :fail-count 276,
                       :info-count 0},
                :write {:valid? false,
                        :count 90,
                        :ok-count 0,
                        :fail-count 90,
                        :info-count 0}}},
 :availability {:valid? true, :ok-fraction 0.0},
 :net {:all {:send-count 1106,
             :recv-count 1106,
             :msg-count 1106,
             :msgs-per-op 2.010909},
       :clients {:send-count 1106, :recv-count 1106, :msg-count 1106},
       :servers {:send-count 0,
                 :recv-count 0,
                 :msg-count 0,
                 :msgs-per-op 0.0},
       :valid? true},
 :workload {:valid? true,
            :results {0 {:linearizable {:valid? true,
                                        :configs ({:model #knossos.model.CASRegister{:value nil},
                                                   :last-op nil,
                                                   :pending []}),
                                        :final-paths ()},
                         :timeline {:valid? true},
                         :valid? true}},
            :failures []},
 :valid? false}


Analysis invalid! (ﾉಥ益ಥ）ﾉ ┻━┻
