2026-03-09 23:17:33,489{GMT}	INFO	[jepsen test runner] jepsen.core: Test version c6f93e91a319d9d3f3adbe62cadb64f7b53b436f (plus uncommitted changes)
2026-03-09 23:17:33,489{GMT}	INFO	[jepsen test runner] jepsen.core: Command line:
lein run test -w lin-kv --bin ./target/debug/maelstrom --node-count 3 --time-limit 60 --rate 10 --concurrency 2n
2026-03-09 23:17:33,541{GMT}	INFO	[jepsen test runner] jepsen.core: Running test:
{:args []
 :remote
 #jepsen.control.retry.Remote{:remote #jepsen.control.scp.Remote{:cmd-remote #jepsen.control.sshj.SSHJRemote{:concurrency-limit 6,
                                                                                                             :conn-spec nil,
                                                                                                             :client nil,
                                                                                                             :semaphore nil},
                                                                 :conn-spec nil},
                              :conn nil}
 :log-net-send false
 :node-count 3
 :availability nil
 :max-txn-length 4
 :concurrency 6
 :db
 #object[maelstrom.db$db$reify__16612
         "0x1f9b8c23"
         "maelstrom.db$db$reify__16612@1f9b8c23"]
 :max-writes-per-key 16
 :leave-db-running? false
 :name "lin-kv"
 :logging-json? false
 :start-time
 #object[org.joda.time.DateTime "0x26e74d50" "2026-03-09T23:17:33.427+01:00"]
 :nemesis-interval 10
 :net
 #object[maelstrom.net$jepsen_net$reify__15721
         "0x6bdc984"
         "maelstrom.net$jepsen_net$reify__15721@6bdc984"]
 :client
 #object[maelstrom.workload.lin_kv$client$reify__20973
         "0x1f299fc3"
         "maelstrom.workload.lin_kv$client$reify__20973@1f299fc3"]
 :barrier
 #object[java.util.concurrent.CyclicBarrier
         "0xb997735"
         "java.util.concurrent.CyclicBarrier@b997735"]
 :log-stderr false
 :pure-generators true
 :ssh {:dummy? true}
 :rate 10.0
 :checker
 #object[jepsen.checker$compose$reify__11089
         "0x178826db"
         "jepsen.checker$compose$reify__11089@178826db"]
 :argv
 ("test"
  "-w"
  "lin-kv"
  "--bin"
  "./target/debug/maelstrom"
  "--node-count"
  "3"
  "--time-limit"
  "60"
  "--rate"
  "10"
  "--concurrency"
  "2n")
 :nemesis
 (jepsen.nemesis.ReflCompose
  {:fm {:start-partition 0,
        :stop-partition 0,
        :kill 1,
        :start 1,
        :pause 1,
        :resume 1},
   :nemeses [#unprintable "jepsen.nemesis.combined$partition_nemesis$reify__16905@7f913c47"
             #unprintable "jepsen.nemesis.combined$db_nemesis$reify__16886@2c9573f1"]})
 :nodes ["n0" "n1" "n2"]
 :test-count 1
 :latency {:mean 0, :dist :constant}
 :bin "./target/debug/maelstrom"
 :generator
 #object[jepsen.util.Forgettable
         "0x37a5ac85"
         (jepsen.generator.TimeLimit
          {:limit 60000000000,
           :cutoff nil,
           :gen (jepsen.generator.Any
                 {:gens [(jepsen.generator.OnThreads
                          {:f #{:nemesis},
                           :context-filter #object[jepsen.generator.context$make_thread_filter$lazy_filter__12077
                                                   "0x239fdf8f"
                                                   "jepsen.generator.context$make_thread_filter$lazy_filter__12077@239fdf8f"],
                           :gen nil})
                         (jepsen.generator.OnThreads
                          {:f #jepsen.generator.context.AllBut{:element :nemesis},
                           :context-filter #object[jepsen.generator.context$make_thread_filter$lazy_filter__12077
                                                   "0x1acd660d"
                                                   "jepsen.generator.context$make_thread_filter$lazy_filter__12077@1acd660d"],
                           :gen (jepsen.generator.Stagger
                                 {:dt 200000000,
                                  :next-time nil,
                                  :gen (jepsen.generator.OnThreads
                                        {:f #jepsen.generator.context.AllBut{:element :nemesis},
                                         :context-filter #object[jepsen.generator.context$make_thread_filter$lazy_filter__12077
                                                                 "0x22f3b213"
                                                                 "jepsen.generator.context$make_thread_filter$lazy_filter__12077@22f3b213"],
                                         :gen (jepsen.independent.ConcurrentGenerator
                                               {:n 6,
                                                :fgen #object[jepsen.tests.linearizable_register$test$fn__17385
                                                              "0xe18848d"
                                                              "jepsen.tests.linearizable_register$test$fn__17385@e18848d"],
                                                :group->threads nil,
                                                :thread->group nil,
                                                :group->context-filter nil,
                                                :keys (0 1 2 3 4 5 6 7 ...),
                                                :gens nil})})})})]})})]
 :log-net-recv false
 :os
 #object[maelstrom.net$jepsen_os$reify__15724
         "0x22aaa811"
         "maelstrom.net$jepsen_os$reify__15724@22aaa811"]
 :time-limit 60
 :workload :lin-kv
 :consistency-models [:strict-serializable]
 :topology :grid}

2026-03-09 23:17:34,877{GMT}	INFO	[jepsen node n0] maelstrom.net: Starting Maelstrom network
2026-03-09 23:17:34,877{GMT}	INFO	[jepsen test runner] jepsen.db: Tearing down DB
2026-03-09 23:17:34,879{GMT}	INFO	[jepsen test runner] jepsen.db: Setting up DB
2026-03-09 23:17:34,879{GMT}	INFO	[jepsen node n1] maelstrom.db: Setting up n1
2026-03-09 23:17:34,879{GMT}	INFO	[jepsen node n2] maelstrom.db: Setting up n2
2026-03-09 23:17:34,879{GMT}	INFO	[jepsen node n1] maelstrom.process: launching ./target/debug/maelstrom []
2026-03-09 23:17:34,879{GMT}	INFO	[jepsen node n2] maelstrom.process: launching ./target/debug/maelstrom []
2026-03-09 23:17:34,880{GMT}	INFO	[jepsen node n0] maelstrom.service: Starting services: (lin-kv lin-tso lww-kv seq-kv)
2026-03-09 23:17:34,881{GMT}	INFO	[jepsen node n0] maelstrom.db: Setting up n0
2026-03-09 23:17:34,881{GMT}	INFO	[jepsen node n0] maelstrom.process: launching ./target/debug/maelstrom []
2026-03-09 23:17:34,925{GMT}	INFO	[jepsen test runner] jepsen.core: Relative time begins now
2026-03-09 23:17:34,946{GMT}	INFO	[jepsen worker 3] jepsen.util: 3	:invoke	:cas	[0 [3 4]]
2026-03-09 23:17:34,966{GMT}	INFO	[jepsen worker 4] jepsen.util: 4	:invoke	:cas	[0 [0 0]]
2026-03-09 23:17:34,997{GMT}	INFO	[jepsen worker 2] jepsen.util: 2	:invoke	:read	[0 nil]
2026-03-09 23:17:35,052{GMT}	INFO	[jepsen worker 5] jepsen.util: 5	:invoke	:cas	[0 [4 3]]
2026-03-09 23:17:35,195{GMT}	INFO	[jepsen worker 0] jepsen.util: 0	:invoke	:read	[0 nil]
2026-03-09 23:17:35,230{GMT}	INFO	[jepsen worker 1] jepsen.util: 1	:invoke	:read	[0 nil]
2026-03-09 23:17:35,273{GMT}	INFO	[jepsen worker 4] jepsen.util: 4	:fail	:cas	[0 [0 0]]	[:key-does-not-exist "key not found"]
2026-03-09 23:17:35,273{GMT}	INFO	[jepsen worker 3] jepsen.util: 3	:fail	:cas	[0 [3 4]]	[:key-does-not-exist "key not found"]
2026-03-09 23:17:35,303{GMT}	INFO	[jepsen worker 2] jepsen.util: 2	:fail	:read	[0 nil]	[:key-does-not-exist "not found"]
2026-03-09 23:17:35,343{GMT}	INFO	[jepsen worker 2] jepsen.util: 2	:invoke	:read	[0 nil]
2026-03-09 23:17:35,419{GMT}	INFO	[jepsen worker 3] jepsen.util: 3	:invoke	:cas	[0 [2 4]]
2026-03-09 23:17:35,491{GMT}	INFO	[jepsen worker 4] jepsen.util: 4	:invoke	:write	[0 0]
2026-03-09 23:17:35,565{GMT}	INFO	[jepsen worker 0] jepsen.util: 0	:fail	:read	[0 nil]	[:key-does-not-exist "not found"]
2026-03-09 23:17:35,565{GMT}	INFO	[jepsen worker 0] jepsen.util: 0	:invoke	:read	[0 nil]
2026-03-09 23:17:35,574{GMT}	INFO	[jepsen worker 1] jepsen.util: 1	:fail	:read	[0 nil]	[:key-does-not-exist "not found"]
2026-03-09 23:17:35,606{GMT}	INFO	[jepsen worker 5] jepsen.util: 5	:fail	:cas	[0 [4 3]]	[:key-does-not-exist "key not found"]
2026-03-09 23:17:35,668{GMT}	INFO	[jepsen worker 5] jepsen.util: 5	:invoke	:write	[0 0]
2026-03-09 23:17:35,681{GMT}	INFO	[jepsen worker 1] jepsen.util: 1	:invoke	:read	[0 nil]
2026-03-09 23:17:35,882{GMT}	INFO	[jepsen worker 3] jepsen.util: 3	:fail	:cas	[0 [2 4]]	[:key-does-not-exist "key not found"]
2026-03-09 23:17:35,883{GMT}	INFO	[jepsen worker 4] jepsen.util: 4	:fail	:write	[0 0]	[:abort "Server response timeout"]
2026-03-09 23:17:35,884{GMT}	INFO	[jepsen worker 3] jepsen.util: 3	:invoke	:cas	[0 [1 0]]
2026-03-09 23:17:35,910{GMT}	INFO	[jepsen worker 2] jepsen.util: 2	:fail	:read	[0 nil]	[:key-does-not-exist "not found"]
2026-03-09 23:17:35,954{GMT}	INFO	[jepsen worker 2] jepsen.util: 2	:invoke	:read	[0 nil]
2026-03-09 23:17:36,083{GMT}	INFO	[jepsen worker 4] jepsen.util: 4	:invoke	:write	[0 4]
2026-03-09 23:17:36,185{GMT}	INFO	[jepsen worker 0] jepsen.util: 0	:fail	:read	[0 nil]	[:key-does-not-exist "not found"]
2026-03-09 23:17:36,186{GMT}	INFO	[jepsen worker 1] jepsen.util: 1	:fail	:read	[0 nil]	[:key-does-not-exist "not found"]
2026-03-09 23:17:36,186{GMT}	INFO	[jepsen worker 0] jepsen.util: 0	:invoke	:read	[0 nil]
2026-03-09 23:17:36,214{GMT}	INFO	[jepsen worker 5] jepsen.util: 5	:fail	:write	[0 0]	[:abort "Server response timeout"]
2026-03-09 23:17:36,238{GMT}	INFO	[jepsen worker 5] jepsen.util: 5	:invoke	:cas	[0 [1 2]]
2026-03-09 23:17:36,433{GMT}	INFO	[jepsen worker 1] jepsen.util: 1	:invoke	:read	[0 nil]
2026-03-09 23:17:36,487{GMT}	INFO	[jepsen worker 3] jepsen.util: 3	:fail	:cas	[0 [1 0]]	[:key-does-not-exist "key not found"]
2026-03-09 23:17:36,488{GMT}	INFO	[jepsen worker 4] jepsen.util: 4	:fail	:write	[0 4]	[:abort "Server response timeout"]
2026-03-09 23:17:36,517{GMT}	INFO	[jepsen worker 2] jepsen.util: 2	:fail	:read	[0 nil]	[:key-does-not-exist "not found"]
2026-03-09 23:17:36,524{GMT}	INFO	[jepsen worker 4] jepsen.util: 4	:invoke	:cas	[0 [2 4]]
2026-03-09 23:17:36,580{GMT}	INFO	[jepsen worker 3] jepsen.util: 3	:invoke	:cas	[0 [3 0]]
2026-03-09 23:17:36,684{GMT}	INFO	[jepsen worker 2] jepsen.util: 2	:invoke	:read	[0 nil]
2026-03-09 23:17:36,795{GMT}	INFO	[jepsen worker 0] jepsen.util: 0	:fail	:read	[0 nil]	[:key-does-not-exist "not found"]
2026-03-09 23:17:36,795{GMT}	INFO	[jepsen worker 1] jepsen.util: 1	:fail	:read	[0 nil]	[:key-does-not-exist "not found"]
2026-03-09 23:17:36,803{GMT}	INFO	[jepsen worker 0] jepsen.util: 0	:invoke	:read	[0 nil]
2026-03-09 23:17:36,819{GMT}	INFO	[jepsen worker 5] jepsen.util: 5	:fail	:cas	[0 [1 2]]	[:key-does-not-exist "key not found"]
2026-03-09 23:17:36,890{GMT}	INFO	[jepsen worker 5] jepsen.util: 5	:invoke	:cas	[0 [3 4]]
2026-03-09 23:17:36,905{GMT}	INFO	[jepsen worker 1] jepsen.util: 1	:invoke	:read	[0 nil]
2026-03-09 23:17:37,099{GMT}	INFO	[jepsen worker 3] jepsen.util: 3	:fail	:cas	[0 [3 0]]	[:key-does-not-exist "key not found"]
2026-03-09 23:17:37,099{GMT}	INFO	[jepsen worker 4] jepsen.util: 4	:fail	:cas	[0 [2 4]]	[:key-does-not-exist "key not found"]
2026-03-09 23:17:37,101{GMT}	INFO	[jepsen worker 3] jepsen.util: 3	:invoke	:cas	[0 [2 4]]
2026-03-09 23:17:37,123{GMT}	INFO	[jepsen worker 2] jepsen.util: 2	:fail	:read	[0 nil]	[:key-does-not-exist "not found"]
2026-03-09 23:17:37,163{GMT}	INFO	[jepsen worker 4] jepsen.util: 4	:invoke	:cas	[0 [4 1]]
2026-03-09 23:17:37,358{GMT}	INFO	[jepsen worker 2] jepsen.util: 2	:invoke	:read	[0 nil]
2026-03-09 23:17:37,405{GMT}	INFO	[jepsen worker 1] jepsen.util: 1	:fail	:read	[0 nil]	[:key-does-not-exist "not found"]
2026-03-09 23:17:37,405{GMT}	INFO	[jepsen worker 0] jepsen.util: 0	:fail	:read	[0 nil]	[:key-does-not-exist "not found"]
2026-03-09 23:17:37,428{GMT}	INFO	[jepsen worker 5] jepsen.util: 5	:fail	:cas	[0 [3 4]]	[:key-does-not-exist "key not found"]
2026-03-09 23:17:37,554{GMT}	INFO	[jepsen worker 5] jepsen.util: 5	:invoke	:cas	[0 [2 3]]
2026-03-09 23:17:37,699{GMT}	INFO	[jepsen worker 0] jepsen.util: 0	:invoke	:read	[0 nil]
2026-03-09 23:17:37,711{GMT}	INFO	[jepsen worker 4] jepsen.util: 4	:fail	:cas	[0 [4 1]]	[:key-does-not-exist "key not found"]
2026-03-09 23:17:37,711{GMT}	INFO	[jepsen worker 3] jepsen.util: 3	:fail	:cas	[0 [2 4]]	[:key-does-not-exist "key not found"]
2026-03-09 23:17:37,733{GMT}	INFO	[jepsen worker 2] jepsen.util: 2	:fail	:read	[0 nil]	[:key-does-not-exist "not found"]
2026-03-09 23:17:37,793{GMT}	INFO	[jepsen worker 3] jepsen.util: 3	:invoke	:cas	[0 [4 2]]
2026-03-09 23:17:37,885{GMT}	INFO	[jepsen worker 2] jepsen.util: 2	:invoke	:read	[0 nil]
2026-03-09 23:17:37,923{GMT}	INFO	[jepsen worker 4] jepsen.util: 4	:invoke	:write	[0 0]
2026-03-09 23:17:38,016{GMT}	INFO	[jepsen worker 0] jepsen.util: 0	:fail	:read	[0 nil]	[:key-does-not-exist "not found"]
2026-03-09 23:17:38,036{GMT}	INFO	[jepsen worker 5] jepsen.util: 5	:fail	:cas	[0 [2 3]]	[:key-does-not-exist "key not found"]
2026-03-09 23:17:38,067{GMT}	INFO	[jepsen worker 0] jepsen.util: 0	:invoke	:read	[0 nil]
2026-03-09 23:17:38,211{GMT}	INFO	[jepsen worker 5] jepsen.util: 5	:invoke	:cas	[0 [0 4]]
2026-03-09 23:17:38,232{GMT}	INFO	[jepsen worker 4] jepsen.util: 4	:fail	:write	[0 0]	[:abort "Server response timeout"]
2026-03-09 23:17:38,321{GMT}	INFO	[jepsen worker 3] jepsen.util: 3	:fail	:cas	[0 [4 2]]	[:key-does-not-exist "key not found"]
2026-03-09 23:17:38,339{GMT}	INFO	[jepsen worker 2] jepsen.util: 2	:fail	:read	[0 nil]	[:key-does-not-exist "not found"]
2026-03-09 23:17:38,377{GMT}	INFO	[jepsen worker 3] jepsen.util: 3	:invoke	:cas	[0 [1 4]]
2026-03-09 23:17:38,446{GMT}	INFO	[jepsen worker 4] jepsen.util: 4	:invoke	:write	[0 3]
2026-03-09 23:17:38,554{GMT}	INFO	[jepsen worker 1] jepsen.util: 1	:invoke	:read	[0 nil]
2026-03-09 23:17:38,627{GMT}	INFO	[jepsen worker 0] jepsen.util: 0	:fail	:read	[0 nil]	[:key-does-not-exist "not found"]
2026-03-09 23:17:38,644{GMT}	INFO	[jepsen worker 5] jepsen.util: 5	:fail	:cas	[0 [0 4]]	[:key-does-not-exist "key not found"]
2026-03-09 23:17:38,663{GMT}	INFO	[jepsen worker 5] jepsen.util: 5	:invoke	:cas	[0 [0 0]]
2026-03-09 23:17:38,702{GMT}	INFO	[jepsen worker 0] jepsen.util: 0	:invoke	:read	[0 nil]
2026-03-09 23:17:38,753{GMT}	INFO	[jepsen worker 4] jepsen.util: 4	:fail	:write	[0 3]	[:abort "Server response timeout"]
2026-03-09 23:17:38,792{GMT}	INFO	[jepsen worker 2] jepsen.util: 2	:invoke	:read	[0 nil]
2026-03-09 23:17:38,908{GMT}	INFO	[jepsen worker 4] jepsen.util: 4	:invoke	:cas	[0 [2 2]]
2026-03-09 23:17:38,930{GMT}	INFO	[jepsen worker 3] jepsen.util: 3	:fail	:cas	[0 [1 4]]	[:key-does-not-exist "key not found"]
2026-03-09 23:17:38,971{GMT}	INFO	[jepsen worker 5] jepsen.util: 5	:fail	:cas	[0 [0 0]]	[:key-does-not-exist "key not found"]
2026-03-09 23:17:39,012{GMT}	INFO	[jepsen worker 3] jepsen.util: 3	:invoke	:cas	[0 [0 2]]
2026-03-09 23:17:39,055{GMT}	INFO	[jepsen worker 1] jepsen.util: 1	:fail	:read	[0 nil]	[:key-does-not-exist "not found"]
2026-03-09 23:17:39,055{GMT}	INFO	[jepsen worker 5] jepsen.util: 5	:invoke	:cas	[0 [3 0]]
2026-03-09 23:17:39,060{GMT}	INFO	[jepsen worker 1] jepsen.util: 1	:invoke	:read	[0 nil]
2026-03-09 23:17:39,236{GMT}	INFO	[jepsen worker 0] jepsen.util: 0	:fail	:read	[0 nil]	[:key-does-not-exist "not found"]
2026-03-09 23:17:39,236{GMT}	INFO	[jepsen worker 0] jepsen.util: 0	:invoke	:read	[0 nil]
2026-03-09 23:17:39,275{GMT}	INFO	[jepsen worker 2] jepsen.util: 2	:fail	:read	[0 nil]	[:key-does-not-exist "not found"]
2026-03-09 23:17:39,370{GMT}	INFO	[jepsen worker 4] jepsen.util: 4	:fail	:cas	[0 [2 2]]	[:key-does-not-exist "key not found"]
2026-03-09 23:17:39,399{GMT}	INFO	[jepsen worker 4] jepsen.util: 4	:invoke	:write	[0 3]
2026-03-09 23:17:39,527{GMT}	INFO	[jepsen worker 2] jepsen.util: 2	:invoke	:read	[0 nil]
2026-03-09 23:17:39,541{GMT}	INFO	[jepsen worker 3] jepsen.util: 3	:fail	:cas	[0 [0 2]]	[:key-does-not-exist "key not found"]
2026-03-09 23:17:39,541{GMT}	INFO	[jepsen worker 3] jepsen.util: 3	:invoke	:cas	[0 [2 3]]
2026-03-09 23:17:39,579{GMT}	INFO	[jepsen worker 5] jepsen.util: 5	:fail	:cas	[0 [3 0]]	[:key-does-not-exist "key not found"]
2026-03-09 23:17:39,678{GMT}	INFO	[jepsen worker 1] jepsen.util: 1	:fail	:read	[0 nil]	[:key-does-not-exist "not found"]
2026-03-09 23:17:39,721{GMT}	INFO	[jepsen worker 1] jepsen.util: 1	:invoke	:read	[0 nil]
2026-03-09 23:17:39,751{GMT}	INFO	[jepsen worker 5] jepsen.util: 5	:invoke	:write	[0 4]
2026-03-09 23:17:39,845{GMT}	INFO	[jepsen worker 0] jepsen.util: 0	:fail	:read	[0 nil]	[:key-does-not-exist "not found"]
2026-03-09 23:17:39,877{GMT}	INFO	[jepsen worker 0] jepsen.util: 0	:invoke	:read	[0 nil]
2026-03-09 23:17:39,882{GMT}	INFO	[jepsen worker 2] jepsen.util: 2	:fail	:read	[0 nil]	[:key-does-not-exist "not found"]
2026-03-09 23:17:39,983{GMT}	INFO	[jepsen worker 4] jepsen.util: 4	:fail	:write	[0 3]	[:abort "Server response timeout"]
2026-03-09 23:17:40,021{GMT}	INFO	[jepsen worker 2] jepsen.util: 2	:invoke	:read	[0 nil]
2026-03-09 23:17:40,056{GMT}	INFO	[jepsen worker 4] jepsen.util: 4	:invoke	:cas	[0 [0 1]]
2026-03-09 23:17:40,150{GMT}	INFO	[jepsen worker 3] jepsen.util: 3	:fail	:cas	[0 [2 3]]	[:key-does-not-exist "key not found"]
2026-03-09 23:17:40,188{GMT}	INFO	[jepsen worker 5] jepsen.util: 5	:fail	:write	[0 4]	[:abort "Server response timeout"]
2026-03-09 23:17:40,216{GMT}	INFO	[jepsen worker 5] jepsen.util: 5	:invoke	:write	[0 2]
2026-03-09 23:17:40,280{GMT}	INFO	[jepsen worker 3] jepsen.util: 3	:invoke	:write	[0 0]
2026-03-09 23:17:40,286{GMT}	INFO	[jepsen worker 1] jepsen.util: 1	:fail	:read	[0 nil]	[:key-does-not-exist "not found"]
2026-03-09 23:17:40,382{GMT}	INFO	[jepsen worker 1] jepsen.util: 1	:invoke	:read	[0 nil]
2026-03-09 23:17:40,455{GMT}	INFO	[jepsen worker 0] jepsen.util: 0	:fail	:read	[0 nil]	[:key-does-not-exist "not found"]
2026-03-09 23:17:40,490{GMT}	INFO	[jepsen worker 2] jepsen.util: 2	:fail	:read	[0 nil]	[:key-does-not-exist "not found"]
2026-03-09 23:17:40,535{GMT}	INFO	[jepsen worker 0] jepsen.util: 0	:invoke	:read	[0 nil]
2026-03-09 23:17:40,589{GMT}	INFO	[jepsen worker 4] jepsen.util: 4	:fail	:cas	[0 [0 1]]	[:key-does-not-exist "key not found"]
2026-03-09 23:17:40,659{GMT}	INFO	[jepsen worker 4] jepsen.util: 4	:invoke	:cas	[0 [1 4]]
2026-03-09 23:17:40,760{GMT}	INFO	[jepsen worker 3] jepsen.util: 3	:fail	:write	[0 0]	[:abort "Server response timeout"]
2026-03-09 23:17:40,794{GMT}	INFO	[jepsen worker 5] jepsen.util: 5	:fail	:write	[0 2]	[:abort "Server response timeout"]
2026-03-09 23:17:40,825{GMT}	INFO	[jepsen worker 2] jepsen.util: 2	:invoke	:read	[0 nil]
2026-03-09 23:17:40,894{GMT}	INFO	[jepsen worker 1] jepsen.util: 1	:fail	:read	[0 nil]	[:key-does-not-exist "not found"]
2026-03-09 23:17:41,026{GMT}	INFO	[jepsen worker 3] jepsen.util: 3	:invoke	:write	[0 2]
2026-03-09 23:17:41,063{GMT}	INFO	[jepsen worker 0] jepsen.util: 0	:fail	:read	[0 nil]	[:key-does-not-exist "not found"]
2026-03-09 23:17:41,133{GMT}	INFO	[jepsen worker 2] jepsen.util: 2	:fail	:read	[0 nil]	[:key-does-not-exist "not found"]
2026-03-09 23:17:41,147{GMT}	INFO	[jepsen worker 0] jepsen.util: 0	:invoke	:read	[0 nil]
2026-03-09 23:17:41,205{GMT}	INFO	[jepsen worker 4] jepsen.util: 4	:fail	:cas	[0 [1 4]]	[:key-does-not-exist "key not found"]
2026-03-09 23:17:41,245{GMT}	INFO	[jepsen worker 1] jepsen.util: 1	:invoke	:read	[0 nil]
2026-03-09 23:17:41,295{GMT}	INFO	[jepsen worker 4] jepsen.util: 4	:invoke	:write	[0 1]
2026-03-09 23:17:41,367{GMT}	INFO	[jepsen worker 3] jepsen.util: 3	:fail	:write	[0 2]	[:abort "Server response timeout"]
2026-03-09 23:17:41,475{GMT}	INFO	[jepsen worker 2] jepsen.util: 2	:invoke	:read	[0 nil]
2026-03-09 23:17:41,544{GMT}	INFO	[jepsen worker 3] jepsen.util: 3	:invoke	:cas	[0 [3 4]]
2026-03-09 23:17:41,549{GMT}	INFO	[jepsen worker 1] jepsen.util: 1	:fail	:read	[0 nil]	[:key-does-not-exist "not found"]
2026-03-09 23:17:41,554{GMT}	INFO	[jepsen worker 5] jepsen.util: 5	:invoke	:write	[0 4]
2026-03-09 23:17:41,608{GMT}	INFO	[jepsen worker 1] jepsen.util: 1	:invoke	:read	[0 nil]
2026-03-09 23:17:41,669{GMT}	INFO	[jepsen worker 0] jepsen.util: 0	:fail	:read	[0 nil]	[:key-does-not-exist "not found"]
2026-03-09 23:17:41,766{GMT}	INFO	[jepsen worker 0] jepsen.util: 0	:invoke	:read	[0 nil]
2026-03-09 23:17:41,786{GMT}	INFO	[jepsen worker 2] jepsen.util: 2	:fail	:read	[0 nil]	[:key-does-not-exist "not found"]
2026-03-09 23:17:41,805{GMT}	INFO	[jepsen worker 2] jepsen.util: 2	:invoke	:read	[0 nil]
2026-03-09 23:17:41,852{GMT}	INFO	[jepsen worker 4] jepsen.util: 4	:fail	:write	[0 1]	[:abort "Server response timeout"]
2026-03-09 23:17:41,974{GMT}	INFO	[jepsen worker 3] jepsen.util: 3	:fail	:cas	[0 [3 4]]	[:key-does-not-exist "key not found"]
2026-03-09 23:17:41,981{GMT}	INFO	[jepsen worker 3] jepsen.util: 3	:invoke	:write	[0 1]
2026-03-09 23:17:42,014{GMT}	INFO	[jepsen worker 4] jepsen.util: 4	:invoke	:cas	[0 [4 1]]
2026-03-09 23:17:42,090{GMT}	INFO	[jepsen worker 5] jepsen.util: 5	:fail	:write	[0 4]	[:abort "Server response timeout"]
2026-03-09 23:17:42,113{GMT}	INFO	[jepsen worker 5] jepsen.util: 5	:invoke	:cas	[0 [3 3]]
2026-03-09 23:17:42,156{GMT}	INFO	[jepsen worker 1] jepsen.util: 1	:fail	:read	[0 nil]	[:key-does-not-exist "not found"]
2026-03-09 23:17:42,166{GMT}	INFO	[jepsen worker 1] jepsen.util: 1	:invoke	:read	[0 nil]
2026-03-09 23:17:42,276{GMT}	INFO	[jepsen worker 0] jepsen.util: 0	:fail	:read	[0 nil]	[:key-does-not-exist "not found"]
2026-03-09 23:17:42,277{GMT}	INFO	[jepsen worker 0] jepsen.util: 0	:invoke	:read	[0 nil]
2026-03-09 23:17:42,393{GMT}	INFO	[jepsen worker 2] jepsen.util: 2	:fail	:read	[0 nil]	[:key-does-not-exist "not found"]
2026-03-09 23:17:42,393{GMT}	INFO	[jepsen worker 2] jepsen.util: 2	:invoke	:read	[0 nil]
2026-03-09 23:17:42,458{GMT}	INFO	[jepsen worker 4] jepsen.util: 4	:fail	:cas	[0 [4 1]]	[:key-does-not-exist "key not found"]
2026-03-09 23:17:42,505{GMT}	INFO	[jepsen worker 4] jepsen.util: 4	:invoke	:write	[0 2]
2026-03-09 23:17:42,581{GMT}	INFO	[jepsen worker 3] jepsen.util: 3	:fail	:write	[0 1]	[:abort "Server response timeout"]
2026-03-09 23:17:42,672{GMT}	INFO	[jepsen worker 3] jepsen.util: 3	:invoke	:cas	[0 [4 3]]
2026-03-09 23:17:42,696{GMT}	INFO	[jepsen worker 5] jepsen.util: 5	:fail	:cas	[0 [3 3]]	[:key-does-not-exist "key not found"]
2026-03-09 23:17:42,697{GMT}	INFO	[jepsen worker 5] jepsen.util: 5	:invoke	:write	[0 2]
2026-03-09 23:17:42,763{GMT}	INFO	[jepsen worker 1] jepsen.util: 1	:fail	:read	[0 nil]	[:key-does-not-exist "not found"]
2026-03-09 23:17:42,886{GMT}	INFO	[jepsen worker 0] jepsen.util: 0	:fail	:read	[0 nil]	[:key-does-not-exist "not found"]
2026-03-09 23:17:42,895{GMT}	INFO	[jepsen worker 1] jepsen.util: 1	:invoke	:read	[0 nil]
2026-03-09 23:17:42,975{GMT}	INFO	[jepsen worker 0] jepsen.util: 0	:invoke	:read	[0 nil]
2026-03-09 23:17:43,003{GMT}	INFO	[jepsen worker 2] jepsen.util: 2	:fail	:read	[0 nil]	[:key-does-not-exist "not found"]
2026-03-09 23:17:43,069{GMT}	INFO	[jepsen worker 4] jepsen.util: 4	:fail	:write	[0 2]	[:abort "Server response timeout"]
2026-03-09 23:17:43,069{GMT}	INFO	[jepsen worker 2] jepsen.util: 2	:invoke	:read	[0 nil]
2026-03-09 23:17:43,075{GMT}	INFO	[jepsen worker 4] jepsen.util: 4	:invoke	:cas	[0 [0 1]]
2026-03-09 23:17:43,193{GMT}	INFO	[jepsen worker 3] jepsen.util: 3	:fail	:cas	[0 [4 3]]	[:key-does-not-exist "key not found"]
2026-03-09 23:17:43,220{GMT}	INFO	[jepsen worker 3] jepsen.util: 3	:invoke	:write	[0 3]
2026-03-09 23:17:43,308{GMT}	INFO	[jepsen worker 5] jepsen.util: 5	:fail	:write	[0 2]	[:abort "Server response timeout"]
2026-03-09 23:17:43,373{GMT}	INFO	[jepsen worker 1] jepsen.util: 1	:fail	:read	[0 nil]	[:key-does-not-exist "not found"]
2026-03-09 23:17:43,409{GMT}	INFO	[jepsen worker 1] jepsen.util: 1	:invoke	:read	[0 nil]
2026-03-09 23:17:43,496{GMT}	INFO	[jepsen worker 0] jepsen.util: 0	:fail	:read	[0 nil]	[:key-does-not-exist "not found"]
2026-03-09 23:17:43,547{GMT}	INFO	[jepsen worker 0] jepsen.util: 0	:invoke	:read	[0 nil]
2026-03-09 23:17:43,577{GMT}	INFO	[jepsen worker 5] jepsen.util: 5	:invoke	:write	[0 1]
2026-03-09 23:17:43,612{GMT}	INFO	[jepsen worker 2] jepsen.util: 2	:fail	:read	[0 nil]	[:key-does-not-exist "not found"]
2026-03-09 23:17:43,630{GMT}	INFO	[jepsen worker 2] jepsen.util: 2	:invoke	:read	[0 nil]
2026-03-09 23:17:43,677{GMT}	INFO	[jepsen worker 4] jepsen.util: 4	:fail	:cas	[0 [0 1]]	[:key-does-not-exist "key not found"]
2026-03-09 23:17:43,725{GMT}	INFO	[jepsen worker 4] jepsen.util: 4	:invoke	:cas	[0 [2 2]]
2026-03-09 23:17:43,801{GMT}	INFO	[jepsen worker 3] jepsen.util: 3	:fail	:write	[0 3]	[:abort "Server response timeout"]
2026-03-09 23:17:43,904{GMT}	INFO	[jepsen worker 3] jepsen.util: 3	:invoke	:cas	[0 [0 2]]
2026-03-09 23:17:43,919{GMT}	INFO	[jepsen worker 5] jepsen.util: 5	:fail	:write	[0 1]	[:abort "Server response timeout"]
2026-03-09 23:17:43,980{GMT}	INFO	[jepsen worker 1] jepsen.util: 1	:fail	:read	[0 nil]	[:key-does-not-exist "not found"]
2026-03-09 23:17:44,041{GMT}	INFO	[jepsen worker 1] jepsen.util: 1	:invoke	:read	[0 nil]
2026-03-09 23:17:44,104{GMT}	INFO	[jepsen worker 0] jepsen.util: 0	:fail	:read	[0 nil]	[:key-does-not-exist "not found"]
2026-03-09 23:17:44,175{GMT}	INFO	[jepsen worker 5] jepsen.util: 5	:invoke	:write	[0 0]
2026-03-09 23:17:44,224{GMT}	INFO	[jepsen worker 2] jepsen.util: 2	:fail	:read	[0 nil]	[:key-does-not-exist "not found"]
2026-03-09 23:17:44,285{GMT}	INFO	[jepsen worker 4] jepsen.util: 4	:fail	:cas	[0 [2 2]]	[:key-does-not-exist "key not found"]
2026-03-09 23:17:44,338{GMT}	INFO	[jepsen worker 0] jepsen.util: 0	:invoke	:read	[0 nil]
2026-03-09 23:17:44,408{GMT}	INFO	[jepsen worker 3] jepsen.util: 3	:fail	:cas	[0 [0 2]]	[:key-does-not-exist "key not found"]
2026-03-09 23:17:44,510{GMT}	INFO	[jepsen worker 3] jepsen.util: 3	:invoke	:write	[0 4]
2026-03-09 23:17:44,526{GMT}	INFO	[jepsen worker 5] jepsen.util: 5	:fail	:write	[0 0]	[:abort "Server response timeout"]
2026-03-09 23:17:44,588{GMT}	INFO	[jepsen worker 1] jepsen.util: 1	:fail	:read	[0 nil]	[:key-does-not-exist "not found"]
2026-03-09 23:17:44,618{GMT}	INFO	[jepsen worker 4] jepsen.util: 4	:invoke	:cas	[0 [2 2]]
2026-03-09 23:17:44,628{GMT}	INFO	[jepsen worker 1] jepsen.util: 1	:invoke	:read	[0 nil]
2026-03-09 23:17:44,712{GMT}	INFO	[jepsen worker 0] jepsen.util: 0	:fail	:read	[0 nil]	[:key-does-not-exist "not found"]
2026-03-09 23:17:44,752{GMT}	INFO	[jepsen worker 0] jepsen.util: 0	:invoke	:read	[0 nil]
2026-03-09 23:17:44,846{GMT}	INFO	[jepsen worker 2] jepsen.util: 2	:invoke	:read	[0 nil]
2026-03-09 23:17:44,925{GMT}	INFO	[jepsen worker 4] jepsen.util: 4	:fail	:cas	[0 [2 2]]	[:key-does-not-exist "key not found"]
2026-03-09 23:17:45,001{GMT}	INFO	[jepsen worker 4] jepsen.util: 4	:invoke	:write	[0 4]
2026-03-09 23:17:45,015{GMT}	INFO	[jepsen worker 5] jepsen.util: 5	:invoke	:cas	[0 [2 3]]
2026-03-09 23:17:45,019{GMT}	INFO	[jepsen worker 3] jepsen.util: 3	:fail	:write	[0 4]	[:abort "Server response timeout"]
2026-03-09 23:17:45,134{GMT}	INFO	[jepsen worker 3] jepsen.util: 3	:invoke	:cas	[0 [3 1]]
2026-03-09 23:17:45,154{GMT}	INFO	[jepsen worker 2] jepsen.util: 2	:fail	:read	[0 nil]	[:key-does-not-exist "not found"]
2026-03-09 23:17:45,229{GMT}	INFO	[jepsen worker 1] jepsen.util: 1	:fail	:read	[0 nil]	[:key-does-not-exist "not found"]
2026-03-09 23:17:45,265{GMT}	INFO	[jepsen worker 2] jepsen.util: 2	:invoke	:read	[0 nil]
2026-03-09 23:17:45,324{GMT}	INFO	[jepsen worker 0] jepsen.util: 0	:fail	:read	[0 nil]	[:key-does-not-exist "not found"]
2026-03-09 23:17:45,355{GMT}	INFO	[jepsen worker 0] jepsen.util: 0	:invoke	:read	[0 nil]
2026-03-09 23:17:45,410{GMT}	INFO	[jepsen worker 1] jepsen.util: 1	:invoke	:read	[0 nil]
2026-03-09 23:17:45,457{GMT}	INFO	[jepsen worker 5] jepsen.util: 5	:fail	:cas	[0 [2 3]]	[:key-does-not-exist "key not found"]
2026-03-09 23:17:45,535{GMT}	INFO	[jepsen worker 4] jepsen.util: 4	:fail	:write	[0 4]	[:abort "Server response timeout"]
2026-03-09 23:17:45,584{GMT}	INFO	[jepsen worker 5] jepsen.util: 5	:invoke	:cas	[0 [4 4]]
2026-03-09 23:17:45,628{GMT}	INFO	[jepsen worker 3] jepsen.util: 3	:fail	:cas	[0 [3 1]]	[:key-does-not-exist "key not found"]
2026-03-09 23:17:45,762{GMT}	INFO	[jepsen worker 2] jepsen.util: 2	:fail	:read	[0 nil]	[:key-does-not-exist "not found"]
2026-03-09 23:17:45,771{GMT}	INFO	[jepsen worker 2] jepsen.util: 2	:invoke	:read	[0 nil]
2026-03-09 23:17:45,824{GMT}	INFO	[jepsen worker 3] jepsen.util: 3	:invoke	:cas	[0 [4 3]]
2026-03-09 23:17:45,838{GMT}	INFO	[jepsen worker 4] jepsen.util: 4	:invoke	:cas	[0 [4 2]]
2026-03-09 23:17:45,840{GMT}	INFO	[jepsen worker 1] jepsen.util: 1	:fail	:read	[0 nil]	[:key-does-not-exist "not found"]
2026-03-09 23:17:45,910{GMT}	INFO	[jepsen worker 1] jepsen.util: 1	:invoke	:read	[0 nil]
2026-03-09 23:17:45,936{GMT}	INFO	[jepsen worker 0] jepsen.util: 0	:fail	:read	[0 nil]	[:key-does-not-exist "not found"]
2026-03-09 23:17:45,937{GMT}	INFO	[jepsen worker 0] jepsen.util: 0	:invoke	:read	[0 nil]
2026-03-09 23:17:46,064{GMT}	INFO	[jepsen worker 5] jepsen.util: 5	:fail	:cas	[0 [4 4]]	[:key-does-not-exist "key not found"]
2026-03-09 23:17:46,065{GMT}	INFO	[jepsen worker 5] jepsen.util: 5	:invoke	:cas	[0 [3 2]]
2026-03-09 23:17:46,148{GMT}	INFO	[jepsen worker 4] jepsen.util: 4	:fail	:cas	[0 [4 2]]	[:key-does-not-exist "key not found"]
2026-03-09 23:17:46,180{GMT}	INFO	[jepsen worker 4] jepsen.util: 4	:invoke	:cas	[0 [3 3]]
2026-03-09 23:17:46,241{GMT}	INFO	[jepsen worker 3] jepsen.util: 3	:fail	:cas	[0 [4 3]]	[:key-does-not-exist "key not found"]
2026-03-09 23:17:46,318{GMT}	INFO	[jepsen worker 3] jepsen.util: 3	:invoke	:cas	[0 [3 1]]
2026-03-09 23:17:46,370{GMT}	INFO	[jepsen worker 2] jepsen.util: 2	:fail	:read	[0 nil]	[:key-does-not-exist "not found"]
2026-03-09 23:17:46,401{GMT}	INFO	[jepsen worker 2] jepsen.util: 2	:invoke	:read	[0 nil]
2026-03-09 23:17:46,449{GMT}	INFO	[jepsen worker 1] jepsen.util: 1	:fail	:read	[0 nil]	[:key-does-not-exist "not found"]
2026-03-09 23:17:46,467{GMT}	INFO	[jepsen worker 1] jepsen.util: 1	:invoke	:read	[0 nil]
2026-03-09 23:17:46,545{GMT}	INFO	[jepsen worker 0] jepsen.util: 0	:fail	:read	[0 nil]	[:key-does-not-exist "not found"]
2026-03-09 23:17:46,638{GMT}	INFO	[jepsen worker 0] jepsen.util: 0	:invoke	:read	[0 nil]
2026-03-09 23:17:46,672{GMT}	INFO	[jepsen worker 5] jepsen.util: 5	:fail	:cas	[0 [3 2]]	[:key-does-not-exist "key not found"]
2026-03-09 23:17:46,755{GMT}	INFO	[jepsen worker 4] jepsen.util: 4	:fail	:cas	[0 [3 3]]	[:key-does-not-exist "key not found"]
2026-03-09 23:17:46,774{GMT}	INFO	[jepsen worker 4] jepsen.util: 4	:invoke	:write	[0 0]
2026-03-09 23:17:46,849{GMT}	INFO	[jepsen worker 3] jepsen.util: 3	:fail	:cas	[0 [3 1]]	[:key-does-not-exist "key not found"]
2026-03-09 23:17:46,882{GMT}	INFO	[jepsen worker 5] jepsen.util: 5	:invoke	:cas	[0 [1 3]]
2026-03-09 23:17:46,915{GMT}	INFO	[jepsen worker 3] jepsen.util: 3	:invoke	:cas	[0 [2 3]]
2026-03-09 23:17:46,976{GMT}	INFO	[jepsen worker 2] jepsen.util: 2	:fail	:read	[0 nil]	[:key-does-not-exist "not found"]
2026-03-09 23:17:46,976{GMT}	INFO	[jepsen worker 2] jepsen.util: 2	:invoke	:read	[0 nil]
2026-03-09 23:17:47,059{GMT}	INFO	[jepsen worker 1] jepsen.util: 1	:fail	:read	[0 nil]	[:key-does-not-exist "not found"]
2026-03-09 23:17:47,059{GMT}	INFO	[jepsen worker 1] jepsen.util: 1	:invoke	:read	[0 nil]
2026-03-09 23:17:47,152{GMT}	INFO	[jepsen worker 0] jepsen.util: 0	:fail	:read	[0 nil]	[:key-does-not-exist "not found"]
2026-03-09 23:17:47,235{GMT}	INFO	[jepsen worker 0] jepsen.util: 0	:invoke	:read	[0 nil]
2026-03-09 23:17:47,280{GMT}	INFO	[jepsen worker 5] jepsen.util: 5	:fail	:cas	[0 [1 3]]	[:key-does-not-exist "key not found"]
2026-03-09 23:17:47,352{GMT}	INFO	[jepsen worker 5] jepsen.util: 5	:invoke	:write	[0 2]
2026-03-09 23:17:47,363{GMT}	INFO	[jepsen worker 4] jepsen.util: 4	:fail	:write	[0 0]	[:abort "Server response timeout"]
2026-03-09 23:17:47,458{GMT}	INFO	[jepsen worker 3] jepsen.util: 3	:fail	:cas	[0 [2 3]]	[:key-does-not-exist "key not found"]
2026-03-09 23:17:47,512{GMT}	INFO	[jepsen worker 3] jepsen.util: 3	:invoke	:cas	[0 [1 4]]
2026-03-09 23:17:47,574{GMT}	INFO	[jepsen worker 4] jepsen.util: 4	:invoke	:write	[0 0]
2026-03-09 23:17:47,585{GMT}	INFO	[jepsen worker 2] jepsen.util: 2	:fail	:read	[0 nil]	[:key-does-not-exist "not found"]
2026-03-09 23:17:47,646{GMT}	INFO	[jepsen worker 2] jepsen.util: 2	:invoke	:read	[0 nil]
2026-03-09 23:17:47,664{GMT}	INFO	[jepsen worker 1] jepsen.util: 1	:fail	:read	[0 nil]	[:key-does-not-exist "not found"]
2026-03-09 23:17:47,665{GMT}	INFO	[jepsen worker 1] jepsen.util: 1	:invoke	:read	[0 nil]
2026-03-09 23:17:47,759{GMT}	INFO	[jepsen worker 0] jepsen.util: 0	:fail	:read	[0 nil]	[:key-does-not-exist "not found"]
2026-03-09 23:17:47,760{GMT}	INFO	[jepsen worker 0] jepsen.util: 0	:invoke	:read	[0 nil]
2026-03-09 23:17:47,889{GMT}	INFO	[jepsen worker 5] jepsen.util: 5	:fail	:write	[0 2]	[:abort "Server response timeout"]
2026-03-09 23:17:47,960{GMT}	INFO	[jepsen worker 5] jepsen.util: 5	:invoke	:cas	[0 [1 3]]
2026-03-09 23:17:47,973{GMT}	INFO	[jepsen worker 4] jepsen.util: 4	:fail	:write	[0 0]	[:abort "Server response timeout"]
2026-03-09 23:17:48,066{GMT}	INFO	[jepsen worker 3] jepsen.util: 3	:fail	:cas	[0 [1 4]]	[:key-does-not-exist "key not found"]
2026-03-09 23:17:48,137{GMT}	INFO	[jepsen worker 3] jepsen.util: 3	:invoke	:cas	[0 [1 3]]
2026-03-09 23:17:48,195{GMT}	INFO	[jepsen worker 2] jepsen.util: 2	:fail	:read	[0 nil]	[:key-does-not-exist "not found"]
2026-03-09 23:17:48,196{GMT}	INFO	[jepsen worker 4] jepsen.util: 4	:invoke	:cas	[0 [3 3]]
2026-03-09 23:17:48,246{GMT}	INFO	[jepsen worker 2] jepsen.util: 2	:invoke	:read	[0 nil]
2026-03-09 23:17:48,272{GMT}	INFO	[jepsen worker 1] jepsen.util: 1	:fail	:read	[0 nil]	[:key-does-not-exist "not found"]
2026-03-09 23:17:48,369{GMT}	INFO	[jepsen worker 0] jepsen.util: 0	:fail	:read	[0 nil]	[:key-does-not-exist "not found"]
2026-03-09 23:17:48,422{GMT}	INFO	[jepsen worker 0] jepsen.util: 0	:invoke	:read	[0 nil]
2026-03-09 23:17:48,499{GMT}	INFO	[jepsen worker 5] jepsen.util: 5	:fail	:cas	[0 [1 3]]	[:key-does-not-exist "key not found"]
2026-03-09 23:17:48,574{GMT}	INFO	[jepsen worker 5] jepsen.util: 5	:invoke	:write	[0 2]
2026-03-09 23:17:48,575{GMT}	INFO	[jepsen worker 4] jepsen.util: 4	:fail	:cas	[0 [3 3]]	[:key-does-not-exist "key not found"]
2026-03-09 23:17:48,671{GMT}	INFO	[jepsen worker 3] jepsen.util: 3	:fail	:cas	[0 [1 3]]	[:key-does-not-exist "key not found"]
2026-03-09 23:17:48,721{GMT}	INFO	[jepsen worker 3] jepsen.util: 3	:invoke	:cas	[0 [4 1]]
2026-03-09 23:17:48,799{GMT}	INFO	[jepsen worker 1] jepsen.util: 1	:invoke	:read	[0 nil]
2026-03-09 23:17:48,801{GMT}	INFO	[jepsen worker 2] jepsen.util: 2	:fail	:read	[0 nil]	[:key-does-not-exist "not found"]
2026-03-09 23:17:48,974{GMT}	INFO	[jepsen worker 0] jepsen.util: 0	:fail	:read	[0 nil]	[:key-does-not-exist "not found"]
2026-03-09 23:17:48,977{GMT}	INFO	[jepsen worker 4] jepsen.util: 4	:invoke	:write	[0 1]
2026-03-09 23:17:49,103{GMT}	INFO	[jepsen worker 5] jepsen.util: 5	:fail	:write	[0 2]	[:abort "Server response timeout"]
2026-03-09 23:17:49,103{GMT}	INFO	[jepsen worker 1] jepsen.util: 1	:fail	:read	[0 nil]	[:key-does-not-exist "not found"]
2026-03-09 23:17:49,126{GMT}	INFO	[jepsen worker 5] jepsen.util: 5	:invoke	:write	[0 0]
2026-03-09 23:17:49,179{GMT}	INFO	[jepsen worker 0] jepsen.util: 0	:invoke	:read	[0 nil]
2026-03-09 23:17:49,278{GMT}	INFO	[jepsen worker 3] jepsen.util: 3	:fail	:cas	[0 [4 1]]	[:key-does-not-exist "key not found"]
2026-03-09 23:17:49,355{GMT}	INFO	[jepsen worker 3] jepsen.util: 3	:invoke	:cas	[0 [3 3]]
2026-03-09 23:17:49,408{GMT}	INFO	[jepsen worker 4] jepsen.util: 4	:fail	:write	[0 1]	[:abort "Server response timeout"]
2026-03-09 23:17:49,433{GMT}	INFO	[jepsen worker 5] jepsen.util: 5	:fail	:write	[0 0]	[:abort "Server response timeout"]
2026-03-09 23:17:49,537{GMT}	INFO	[jepsen worker 4] jepsen.util: 4	:invoke	:write	[0 4]
2026-03-09 23:17:49,581{GMT}	INFO	[jepsen worker 0] jepsen.util: 0	:fail	:read	[0 nil]	[:key-does-not-exist "not found"]
2026-03-09 23:17:49,595{GMT}	INFO	[jepsen worker 5] jepsen.util: 5	:invoke	:cas	[0 [1 4]]
2026-03-09 23:17:49,776{GMT}	INFO	[jepsen worker 1] jepsen.util: 1	:invoke	:read	[0 nil]
2026-03-09 23:17:49,794{GMT}	INFO	[jepsen worker 2] jepsen.util: 2	:invoke	:read	[0 nil]
2026-03-09 23:17:49,844{GMT}	INFO	[jepsen worker 4] jepsen.util: 4	:fail	:write	[0 4]	[:abort "Server response timeout"]
2026-03-09 23:17:49,853{GMT}	INFO	[jepsen worker 4] jepsen.util: 4	:invoke	:cas	[0 [1 0]]
2026-03-09 23:17:49,885{GMT}	INFO	[jepsen worker 3] jepsen.util: 3	:fail	:cas	[0 [3 3]]	[:key-does-not-exist "key not found"]
2026-03-09 23:17:49,900{GMT}	INFO	[jepsen worker 5] jepsen.util: 5	:fail	:cas	[0 [1 4]]	[:key-does-not-exist "key not found"]
2026-03-09 23:17:49,966{GMT}	INFO	[jepsen worker 0] jepsen.util: 0	:invoke	:read	[0 nil]
2026-03-09 23:17:49,966{GMT}	INFO	[jepsen worker 5] jepsen.util: 5	:invoke	:write	[0 4]
2026-03-09 23:17:50,080{GMT}	INFO	[jepsen worker 3] jepsen.util: 3	:invoke	:cas	[0 [4 1]]
2026-03-09 23:17:50,147{GMT}	INFO	[jepsen worker 1] jepsen.util: 1	:fail	:read	[0 nil]	[:key-does-not-exist "not found"]
2026-03-09 23:17:50,203{GMT}	INFO	[jepsen worker 2] jepsen.util: 2	:fail	:read	[0 nil]	[:key-does-not-exist "not found"]
2026-03-09 23:17:50,256{GMT}	INFO	[jepsen worker 1] jepsen.util: 1	:invoke	:read	[0 nil]
2026-03-09 23:17:50,271{GMT}	INFO	[jepsen worker 0] jepsen.util: 0	:fail	:read	[0 nil]	[:key-does-not-exist "not found"]
2026-03-09 23:17:50,354{GMT}	INFO	[jepsen worker 2] jepsen.util: 2	:invoke	:read	[0 nil]
2026-03-09 23:17:50,405{GMT}	INFO	[jepsen worker 0] jepsen.util: 0	:invoke	:read	[0 nil]
2026-03-09 23:17:50,450{GMT}	INFO	[jepsen worker 4] jepsen.util: 4	:fail	:cas	[0 [1 0]]	[:key-does-not-exist "key not found"]
2026-03-09 23:17:50,484{GMT}	INFO	[jepsen worker 4] jepsen.util: 4	:invoke	:cas	[0 [3 0]]
2026-03-09 23:17:50,506{GMT}	INFO	[jepsen worker 5] jepsen.util: 5	:fail	:write	[0 4]	[:abort "Server response timeout"]
2026-03-09 23:17:50,507{GMT}	INFO	[jepsen worker 5] jepsen.util: 5	:invoke	:write	[0 3]
2026-03-09 23:17:50,574{GMT}	INFO	[jepsen worker 3] jepsen.util: 3	:fail	:cas	[0 [4 1]]	[:key-does-not-exist "key not found"]
2026-03-09 23:17:50,702{GMT}	INFO	[jepsen worker 3] jepsen.util: 3	:invoke	:cas	[0 [3 0]]
2026-03-09 23:17:50,753{GMT}	INFO	[jepsen worker 1] jepsen.util: 1	:fail	:read	[0 nil]	[:key-does-not-exist "not found"]
2026-03-09 23:17:50,770{GMT}	INFO	[jepsen worker 1] jepsen.util: 1	:invoke	:read	[0 nil]
2026-03-09 23:17:50,810{GMT}	INFO	[jepsen worker 2] jepsen.util: 2	:fail	:read	[0 nil]	[:key-does-not-exist "not found"]
2026-03-09 23:17:50,863{GMT}	INFO	[jepsen worker 2] jepsen.util: 2	:invoke	:read	[0 nil]
2026-03-09 23:17:50,878{GMT}	INFO	[jepsen worker 0] jepsen.util: 0	:fail	:read	[0 nil]	[:key-does-not-exist "not found"]
2026-03-09 23:17:51,044{GMT}	INFO	[jepsen worker 0] jepsen.util: 0	:invoke	:read	[0 nil]
2026-03-09 23:17:51,057{GMT}	INFO	[jepsen worker 4] jepsen.util: 4	:fail	:cas	[0 [3 0]]	[:key-does-not-exist "key not found"]
2026-03-09 23:17:51,113{GMT}	INFO	[jepsen worker 5] jepsen.util: 5	:fail	:write	[0 3]	[:abort "Server response timeout"]
2026-03-09 23:17:51,181{GMT}	INFO	[jepsen worker 3] jepsen.util: 3	:fail	:cas	[0 [3 0]]	[:key-does-not-exist "key not found"]
2026-03-09 23:17:51,207{GMT}	INFO	[jepsen worker 3] jepsen.util: 3	:invoke	:write	[0 0]
2026-03-09 23:17:51,247{GMT}	INFO	[jepsen worker 4] jepsen.util: 4	:invoke	:cas	[0 [2 3]]
2026-03-09 23:17:51,361{GMT}	INFO	[jepsen worker 1] jepsen.util: 1	:fail	:read	[0 nil]	[:key-does-not-exist "not found"]
2026-03-09 23:17:51,365{GMT}	INFO	[jepsen worker 1] jepsen.util: 1	:invoke	:read	[0 nil]
2026-03-09 23:17:51,418{GMT}	INFO	[jepsen worker 2] jepsen.util: 2	:fail	:read	[0 nil]	[:key-does-not-exist "not found"]
2026-03-09 23:17:51,485{GMT}	INFO	[jepsen worker 0] jepsen.util: 0	:fail	:read	[0 nil]	[:key-does-not-exist "not found"]
2026-03-09 23:17:51,541{GMT}	INFO	[jepsen worker 5] jepsen.util: 5	:invoke	:write	[0 1]
2026-03-09 23:17:51,665{GMT}	INFO	[jepsen worker 4] jepsen.util: 4	:fail	:cas	[0 [2 3]]	[:key-does-not-exist "key not found"]
2026-03-09 23:17:51,682{GMT}	INFO	[jepsen worker 0] jepsen.util: 0	:invoke	:read	[0 nil]
2026-03-09 23:17:51,742{GMT}	INFO	[jepsen worker 2] jepsen.util: 2	:invoke	:read	[0 nil]
2026-03-09 23:17:51,788{GMT}	INFO	[jepsen worker 4] jepsen.util: 4	:invoke	:cas	[0 [4 2]]
2026-03-09 23:17:51,790{GMT}	INFO	[jepsen worker 3] jepsen.util: 3	:fail	:write	[0 0]	[:abort "Server response timeout"]
2026-03-09 23:17:51,830{GMT}	INFO	[jepsen worker 3] jepsen.util: 3	:invoke	:cas	[0 [2 2]]
2026-03-09 23:17:51,846{GMT}	INFO	[jepsen worker 5] jepsen.util: 5	:fail	:write	[0 1]	[:abort "Server response timeout"]
2026-03-09 23:17:51,846{GMT}	INFO	[jepsen worker 5] jepsen.util: 5	:invoke	:cas	[0 [0 1]]
2026-03-09 23:17:51,970{GMT}	INFO	[jepsen worker 1] jepsen.util: 1	:fail	:read	[0 nil]	[:key-does-not-exist "not found"]
2026-03-09 23:17:51,971{GMT}	INFO	[jepsen worker 1] jepsen.util: 1	:invoke	:read	[0 nil]
2026-03-09 23:17:52,095{GMT}	INFO	[jepsen worker 0] jepsen.util: 0	:fail	:read	[0 nil]	[:key-does-not-exist "not found"]
2026-03-09 23:17:52,095{GMT}	INFO	[jepsen worker 0] jepsen.util: 0	:invoke	:read	[0 nil]
2026-03-09 23:17:52,151{GMT}	INFO	[jepsen worker 2] jepsen.util: 2	:fail	:read	[0 nil]	[:key-does-not-exist "not found"]
2026-03-09 23:17:52,216{GMT}	INFO	[jepsen worker 2] jepsen.util: 2	:invoke	:read	[0 nil]
2026-03-09 23:17:52,273{GMT}	INFO	[jepsen worker 4] jepsen.util: 4	:fail	:cas	[0 [4 2]]	[:key-does-not-exist "key not found"]
2026-03-09 23:17:52,374{GMT}	INFO	[jepsen worker 4] jepsen.util: 4	:invoke	:cas	[0 [1 0]]
2026-03-09 23:17:52,400{GMT}	INFO	[jepsen worker 3] jepsen.util: 3	:fail	:cas	[0 [2 2]]	[:key-does-not-exist "key not found"]
2026-03-09 23:17:52,400{GMT}	INFO	[jepsen worker 3] jepsen.util: 3	:invoke	:write	[0 4]
2026-03-09 23:17:52,453{GMT}	INFO	[jepsen worker 5] jepsen.util: 5	:fail	:cas	[0 [0 1]]	[:key-does-not-exist "key not found"]
2026-03-09 23:17:52,575{GMT}	INFO	[jepsen worker 5] jepsen.util: 5	:invoke	:cas	[0 [3 4]]
2026-03-09 23:17:52,576{GMT}	INFO	[jepsen worker 1] jepsen.util: 1	:fail	:read	[0 nil]	[:key-does-not-exist "not found"]
2026-03-09 23:17:52,692{GMT}	INFO	[jepsen worker 1] jepsen.util: 1	:invoke	:read	[0 nil]
2026-03-09 23:17:52,704{GMT}	INFO	[jepsen worker 0] jepsen.util: 0	:fail	:read	[0 nil]	[:key-does-not-exist "not found"]
2026-03-09 23:17:52,757{GMT}	INFO	[jepsen worker 2] jepsen.util: 2	:fail	:read	[0 nil]	[:key-does-not-exist "not found"]
2026-03-09 23:17:52,787{GMT}	INFO	[jepsen worker 0] jepsen.util: 0	:invoke	:read	[0 nil]
2026-03-09 23:17:52,835{GMT}	INFO	[jepsen worker 2] jepsen.util: 2	:invoke	:read	[0 nil]
2026-03-09 23:17:52,881{GMT}	INFO	[jepsen worker 4] jepsen.util: 4	:fail	:cas	[0 [1 0]]	[:key-does-not-exist "key not found"]
2026-03-09 23:17:53,008{GMT}	INFO	[jepsen worker 3] jepsen.util: 3	:fail	:write	[0 4]	[:abort "Server response timeout"]
2026-03-09 23:17:53,020{GMT}	INFO	[jepsen worker 3] jepsen.util: 3	:invoke	:write	[0 1]
2026-03-09 23:17:53,060{GMT}	INFO	[jepsen worker 5] jepsen.util: 5	:fail	:cas	[0 [3 4]]	[:key-does-not-exist "key not found"]
2026-03-09 23:17:53,093{GMT}	INFO	[jepsen worker 4] jepsen.util: 4	:invoke	:write	[0 2]
2026-03-09 23:17:53,184{GMT}	INFO	[jepsen worker 1] jepsen.util: 1	:fail	:read	[0 nil]	[:key-does-not-exist "not found"]
2026-03-09 23:17:53,206{GMT}	INFO	[jepsen worker 1] jepsen.util: 1	:invoke	:read	[0 nil]
2026-03-09 23:17:53,303{GMT}	INFO	[jepsen worker 5] jepsen.util: 5	:invoke	:write	[0 1]
2026-03-09 23:17:53,312{GMT}	INFO	[jepsen worker 0] jepsen.util: 0	:fail	:read	[0 nil]	[:key-does-not-exist "not found"]
2026-03-09 23:17:53,374{GMT}	INFO	[jepsen worker 2] jepsen.util: 2	:fail	:read	[0 nil]	[:key-does-not-exist "not found"]
2026-03-09 23:17:53,375{GMT}	INFO	[jepsen worker 0] jepsen.util: 0	:invoke	:read	[0 nil]
2026-03-09 23:17:53,487{GMT}	INFO	[jepsen worker 4] jepsen.util: 4	:fail	:write	[0 2]	[:abort "Server response timeout"]
2026-03-09 23:17:53,548{GMT}	INFO	[jepsen worker 4] jepsen.util: 4	:invoke	:cas	[0 [1 1]]
2026-03-09 23:17:53,615{GMT}	INFO	[jepsen worker 3] jepsen.util: 3	:fail	:write	[0 1]	[:abort "Server response timeout"]
2026-03-09 23:17:53,692{GMT}	INFO	[jepsen worker 3] jepsen.util: 3	:invoke	:write	[0 2]
2026-03-09 23:17:53,727{GMT}	INFO	[jepsen worker 5] jepsen.util: 5	:fail	:write	[0 1]	[:abort "Server response timeout"]
2026-03-09 23:17:53,785{GMT}	INFO	[jepsen worker 2] jepsen.util: 2	:invoke	:read	[0 nil]
2026-03-09 23:17:53,789{GMT}	INFO	[jepsen worker 1] jepsen.util: 1	:fail	:read	[0 nil]	[:key-does-not-exist "not found"]
2026-03-09 23:17:53,870{GMT}	INFO	[jepsen worker 5] jepsen.util: 5	:invoke	:cas	[0 [2 4]]
2026-03-09 23:17:53,918{GMT}	INFO	[jepsen worker 0] jepsen.util: 0	:fail	:read	[0 nil]	[:key-does-not-exist "not found"]
2026-03-09 23:17:53,992{GMT}	INFO	[jepsen worker 1] jepsen.util: 1	:invoke	:read	[0 nil]
2026-03-09 23:17:54,018{GMT}	INFO	[jepsen worker 0] jepsen.util: 0	:invoke	:read	[0 nil]
2026-03-09 23:17:54,090{GMT}	INFO	[jepsen worker 2] jepsen.util: 2	:fail	:read	[0 nil]	[:key-does-not-exist "not found"]
2026-03-09 23:17:54,090{GMT}	INFO	[jepsen worker 4] jepsen.util: 4	:fail	:cas	[0 [1 1]]	[:key-does-not-exist "key not found"]
2026-03-09 23:17:54,090{GMT}	INFO	[jepsen worker 2] jepsen.util: 2	:invoke	:read	[0 nil]
2026-03-09 23:17:54,223{GMT}	INFO	[jepsen worker 3] jepsen.util: 3	:fail	:write	[0 2]	[:abort "Server response timeout"]
2026-03-09 23:17:54,261{GMT}	INFO	[jepsen worker 4] jepsen.util: 4	:invoke	:cas	[0 [4 2]]
2026-03-09 23:17:54,393{GMT}	INFO	[jepsen worker 3] jepsen.util: 3	:invoke	:write	[0 1]
2026-03-09 23:17:54,395{GMT}	INFO	[jepsen worker 5] jepsen.util: 5	:fail	:cas	[0 [2 4]]	[:key-does-not-exist "key not found"]
2026-03-09 23:17:54,395{GMT}	INFO	[jepsen worker 1] jepsen.util: 1	:fail	:read	[0 nil]	[:key-does-not-exist "not found"]
2026-03-09 23:17:54,443{GMT}	INFO	[jepsen worker 5] jepsen.util: 5	:invoke	:write	[0 3]
2026-03-09 23:17:54,525{GMT}	INFO	[jepsen worker 1] jepsen.util: 1	:invoke	:read	[0 nil]
2026-03-09 23:17:54,527{GMT}	INFO	[jepsen worker 0] jepsen.util: 0	:fail	:read	[0 nil]	[:key-does-not-exist "not found"]
2026-03-09 23:17:54,643{GMT}	INFO	[jepsen worker 0] jepsen.util: 0	:invoke	:read	[0 nil]
2026-03-09 23:17:54,707{GMT}	INFO	[jepsen worker 4] jepsen.util: 4	:fail	:cas	[0 [4 2]]	[:key-does-not-exist "key not found"]
2026-03-09 23:17:54,711{GMT}	INFO	[jepsen worker 2] jepsen.util: 2	:fail	:read	[0 nil]	[:key-does-not-exist "not found"]
2026-03-09 23:17:54,748{GMT}	INFO	[jepsen worker 4] jepsen.util: 4	:invoke	:cas	[0 [1 0]]
2026-03-09 23:17:54,801{GMT}	INFO	[jepsen worker 2] jepsen.util: 2	:invoke	:read	[0 nil]
2026-03-09 23:17:54,859{GMT}	INFO	[jepsen worker 3] jepsen.util: 3	:fail	:write	[0 1]	[:abort "Server response timeout"]
2026-03-09 23:17:54,862{GMT}	INFO	[jepsen worker 3] jepsen.util: 3	:invoke	:cas	[0 [4 0]]
2026-03-09 23:17:55,012{GMT}	INFO	[jepsen worker 5] jepsen.util: 5	:fail	:write	[0 3]	[:abort "Server response timeout"]
2026-03-09 23:17:55,012{GMT}	INFO	[jepsen worker 1] jepsen.util: 1	:fail	:read	[0 nil]	[:key-does-not-exist "not found"]
2026-03-09 23:17:55,012{GMT}	INFO	[jepsen worker 5] jepsen.util: 5	:invoke	:cas	[0 [3 4]]
2026-03-09 23:17:55,067{GMT}	INFO	[jepsen worker 1] jepsen.util: 1	:invoke	:read	[0 nil]
2026-03-09 23:17:55,151{GMT}	INFO	[jepsen worker 0] jepsen.util: 0	:fail	:read	[0 nil]	[:key-does-not-exist "not found"]
2026-03-09 23:17:55,250{GMT}	INFO	[jepsen worker 0] jepsen.util: 0	:invoke	:read	[0 nil]
2026-03-09 23:17:55,314{GMT}	INFO	[jepsen worker 2] jepsen.util: 2	:fail	:read	[0 nil]	[:key-does-not-exist "not found"]
2026-03-09 23:17:55,314{GMT}	INFO	[jepsen worker 4] jepsen.util: 4	:fail	:cas	[0 [1 0]]	[:key-does-not-exist "key not found"]
2026-03-09 23:17:55,455{GMT}	INFO	[jepsen worker 4] jepsen.util: 4	:invoke	:write	[0 2]
2026-03-09 23:17:55,457{GMT}	INFO	[jepsen worker 3] jepsen.util: 3	:fail	:cas	[0 [4 0]]	[:key-does-not-exist "key not found"]
2026-03-09 23:17:55,604{GMT}	INFO	[jepsen worker 2] jepsen.util: 2	:invoke	:read	[0 nil]
2026-03-09 23:17:55,620{GMT}	INFO	[jepsen worker 5] jepsen.util: 5	:fail	:cas	[0 [3 4]]	[:key-does-not-exist "key not found"]
2026-03-09 23:17:55,621{GMT}	INFO	[jepsen worker 1] jepsen.util: 1	:fail	:read	[0 nil]	[:key-does-not-exist "not found"]
2026-03-09 23:17:55,744{GMT}	INFO	[jepsen worker 3] jepsen.util: 3	:invoke	:cas	[0 [4 3]]
2026-03-09 23:17:55,758{GMT}	INFO	[jepsen worker 0] jepsen.util: 0	:fail	:read	[0 nil]	[:key-does-not-exist "not found"]
2026-03-09 23:17:55,918{GMT}	INFO	[jepsen worker 5] jepsen.util: 5	:invoke	:cas	[0 [2 0]]
2026-03-09 23:17:55,924{GMT}	INFO	[jepsen worker 4] jepsen.util: 4	:fail	:write	[0 2]	[:abort "Server response timeout"]
2026-03-09 23:17:55,924{GMT}	INFO	[jepsen worker 2] jepsen.util: 2	:fail	:read	[0 nil]	[:key-does-not-exist "not found"]
2026-03-09 23:17:56,061{GMT}	INFO	[jepsen worker 3] jepsen.util: 3	:fail	:cas	[0 [4 3]]	[:key-does-not-exist "key not found"]
2026-03-09 23:17:56,097{GMT}	INFO	[jepsen worker 3] jepsen.util: 3	:invoke	:write	[0 0]
2026-03-09 23:17:56,229{GMT}	INFO	[jepsen worker 5] jepsen.util: 5	:fail	:cas	[0 [2 0]]	[:key-does-not-exist "key not found"]
2026-03-09 23:17:56,299{GMT}	INFO	[jepsen worker 0] jepsen.util: 0	:invoke	:read	[0 nil]
2026-03-09 23:17:56,413{GMT}	INFO	[jepsen worker 3] jepsen.util: 3	:fail	:write	[0 0]	[:abort "Server response timeout"]
2026-03-09 23:17:56,450{GMT}	INFO	[jepsen worker 3] jepsen.util: 3	:invoke	:write	[0 0]
2026-03-09 23:17:56,535{GMT}	INFO	[jepsen worker 4] jepsen.util: 4	:invoke	:cas	[0 [0 0]]
2026-03-09 23:17:56,576{GMT}	INFO	[jepsen worker 2] jepsen.util: 2	:invoke	:read	[0 nil]
2026-03-09 23:17:56,637{GMT}	INFO	[jepsen worker 5] jepsen.util: 5	:invoke	:cas	[0 [2 2]]
2026-03-09 23:17:56,701{GMT}	INFO	[jepsen worker 1] jepsen.util: 1	:invoke	:read	[0 nil]
2026-03-09 23:17:56,720{GMT}	INFO	[jepsen worker 0] jepsen.util: 0	:fail	:read	[0 nil]	[:key-does-not-exist "not found"]
2026-03-09 23:17:56,842{GMT}	INFO	[jepsen worker 4] jepsen.util: 4	:fail	:cas	[0 [0 0]]	[:key-does-not-exist "key not found"]
2026-03-09 23:17:56,884{GMT}	INFO	[jepsen worker 2] jepsen.util: 2	:fail	:read	[0 nil]	[:key-does-not-exist "not found"]
2026-03-09 23:17:56,885{GMT}	INFO	[jepsen worker 0] jepsen.util: 0	:invoke	:read	[0 nil]
2026-03-09 23:17:56,941{GMT}	INFO	[jepsen worker 4] jepsen.util: 4	:invoke	:write	[0 1]
2026-03-09 23:17:56,957{GMT}	INFO	[jepsen worker 2] jepsen.util: 2	:invoke	:read	[0 nil]
2026-03-09 23:17:57,026{GMT}	INFO	[jepsen worker 3] jepsen.util: 3	:fail	:write	[0 0]	[:abort "Server response timeout"]
2026-03-09 23:17:57,027{GMT}	INFO	[jepsen worker 3] jepsen.util: 3	:invoke	:cas	[0 [2 2]]
2026-03-09 23:17:57,147{GMT}	INFO	[jepsen worker 1] jepsen.util: 1	:fail	:read	[0 nil]	[:key-does-not-exist "not found"]
2026-03-09 23:17:57,188{GMT}	INFO	[jepsen worker 5] jepsen.util: 5	:fail	:cas	[0 [2 2]]	[:key-does-not-exist "key not found"]
2026-03-09 23:17:57,216{GMT}	INFO	[jepsen worker 5] jepsen.util: 5	:invoke	:cas	[0 [3 1]]
2026-03-09 23:17:57,233{GMT}	INFO	[jepsen worker 1] jepsen.util: 1	:invoke	:read	[0 nil]
2026-03-09 23:17:57,328{GMT}	INFO	[jepsen worker 0] jepsen.util: 0	:fail	:read	[0 nil]	[:key-does-not-exist "not found"]
2026-03-09 23:17:57,328{GMT}	INFO	[jepsen worker 0] jepsen.util: 0	:invoke	:read	[0 nil]
2026-03-09 23:17:57,453{GMT}	INFO	[jepsen worker 4] jepsen.util: 4	:fail	:write	[0 1]	[:abort "Server response timeout"]
2026-03-09 23:17:57,454{GMT}	INFO	[jepsen worker 4] jepsen.util: 4	:invoke	:cas	[0 [3 4]]
2026-03-09 23:17:57,494{GMT}	INFO	[jepsen worker 2] jepsen.util: 2	:fail	:read	[0 nil]	[:key-does-not-exist "not found"]
2026-03-09 23:17:57,569{GMT}	INFO	[jepsen worker 2] jepsen.util: 2	:invoke	:read	[0 nil]
2026-03-09 23:17:57,633{GMT}	INFO	[jepsen worker 3] jepsen.util: 3	:fail	:cas	[0 [2 2]]	[:key-does-not-exist "key not found"]
2026-03-09 23:17:57,686{GMT}	INFO	[jepsen worker 3] jepsen.util: 3	:invoke	:cas	[0 [0 1]]
2026-03-09 23:17:57,756{GMT}	INFO	[jepsen worker 1] jepsen.util: 1	:fail	:read	[0 nil]	[:key-does-not-exist "not found"]
2026-03-09 23:17:57,756{GMT}	INFO	[jepsen worker 1] jepsen.util: 1	:invoke	:read	[0 nil]
2026-03-09 23:17:57,796{GMT}	INFO	[jepsen worker 5] jepsen.util: 5	:fail	:cas	[0 [3 1]]	[:key-does-not-exist "key not found"]
2026-03-09 23:17:57,816{GMT}	INFO	[jepsen worker 5] jepsen.util: 5	:invoke	:cas	[0 [1 1]]
2026-03-09 23:17:57,939{GMT}	INFO	[jepsen worker 0] jepsen.util: 0	:fail	:read	[0 nil]	[:key-does-not-exist "not found"]
2026-03-09 23:17:57,939{GMT}	INFO	[jepsen worker 0] jepsen.util: 0	:invoke	:read	[0 nil]
2026-03-09 23:17:58,059{GMT}	INFO	[jepsen worker 4] jepsen.util: 4	:fail	:cas	[0 [3 4]]	[:key-does-not-exist "key not found"]
2026-03-09 23:17:58,060{GMT}	INFO	[jepsen worker 4] jepsen.util: 4	:invoke	:cas	[0 [1 0]]
2026-03-09 23:17:58,100{GMT}	INFO	[jepsen worker 2] jepsen.util: 2	:fail	:read	[0 nil]	[:key-does-not-exist "not found"]
2026-03-09 23:17:58,106{GMT}	INFO	[jepsen worker 2] jepsen.util: 2	:invoke	:read	[0 nil]
2026-03-09 23:17:58,242{GMT}	INFO	[jepsen worker 3] jepsen.util: 3	:fail	:cas	[0 [0 1]]	[:key-does-not-exist "key not found"]
2026-03-09 23:17:58,242{GMT}	INFO	[jepsen worker 3] jepsen.util: 3	:invoke	:write	[0 1]
2026-03-09 23:17:58,362{GMT}	INFO	[jepsen worker 1] jepsen.util: 1	:fail	:read	[0 nil]	[:key-does-not-exist "not found"]
2026-03-09 23:17:58,404{GMT}	INFO	[jepsen worker 1] jepsen.util: 1	:invoke	:read	[0 nil]
2026-03-09 23:17:58,404{GMT}	INFO	[jepsen worker 5] jepsen.util: 5	:fail	:cas	[0 [1 1]]	[:key-does-not-exist "key not found"]
2026-03-09 23:17:58,546{GMT}	INFO	[jepsen worker 0] jepsen.util: 0	:fail	:read	[0 nil]	[:key-does-not-exist "not found"]
2026-03-09 23:17:58,555{GMT}	INFO	[jepsen worker 0] jepsen.util: 0	:invoke	:read	[0 nil]
2026-03-09 23:17:58,669{GMT}	INFO	[jepsen worker 4] jepsen.util: 4	:fail	:cas	[0 [1 0]]	[:key-does-not-exist "key not found"]
2026-03-09 23:17:58,708{GMT}	INFO	[jepsen worker 4] jepsen.util: 4	:invoke	:cas	[0 [3 0]]
2026-03-09 23:17:58,709{GMT}	INFO	[jepsen worker 2] jepsen.util: 2	:fail	:read	[0 nil]	[:key-does-not-exist "not found"]
2026-03-09 23:17:58,721{GMT}	INFO	[jepsen worker 2] jepsen.util: 2	:invoke	:read	[0 nil]
2026-03-09 23:17:58,849{GMT}	INFO	[jepsen worker 3] jepsen.util: 3	:fail	:write	[0 1]	[:abort "Server response timeout"]
2026-03-09 23:17:58,851{GMT}	INFO	[jepsen worker 5] jepsen.util: 5	:invoke	:cas	[0 [4 0]]
2026-03-09 23:17:58,973{GMT}	INFO	[jepsen worker 1] jepsen.util: 1	:fail	:read	[0 nil]	[:key-does-not-exist "not found"]
2026-03-09 23:17:59,024{GMT}	INFO	[jepsen worker 3] jepsen.util: 3	:invoke	:cas	[0 [3 4]]
2026-03-09 23:17:59,025{GMT}	INFO	[jepsen worker 2] jepsen.util: 2	:fail	:read	[0 nil]	[:key-does-not-exist "not found"]
2026-03-09 23:17:59,121{GMT}	INFO	[jepsen worker 1] jepsen.util: 1	:invoke	:read	[0 nil]
2026-03-09 23:17:59,123{GMT}	INFO	[jepsen worker 2] jepsen.util: 2	:invoke	:read	[0 nil]
2026-03-09 23:17:59,152{GMT}	INFO	[jepsen worker 0] jepsen.util: 0	:fail	:read	[0 nil]	[:key-does-not-exist "not found"]
2026-03-09 23:17:59,278{GMT}	INFO	[jepsen worker 4] jepsen.util: 4	:fail	:cas	[0 [3 0]]	[:key-does-not-exist "key not found"]
2026-03-09 23:17:59,321{GMT}	INFO	[jepsen worker 0] jepsen.util: 0	:invoke	:read	[0 nil]
2026-03-09 23:17:59,334{GMT}	INFO	[jepsen worker 5] jepsen.util: 5	:fail	:cas	[0 [4 0]]	[:key-does-not-exist "key not found"]
2026-03-09 23:17:59,393{GMT}	INFO	[jepsen worker 4] jepsen.util: 4	:invoke	:cas	[0 [1 3]]
2026-03-09 23:17:59,456{GMT}	INFO	[jepsen worker 3] jepsen.util: 3	:fail	:cas	[0 [3 4]]	[:key-does-not-exist "key not found"]
2026-03-09 23:17:59,543{GMT}	INFO	[jepsen worker 3] jepsen.util: 3	:invoke	:cas	[0 [2 0]]
2026-03-09 23:17:59,553{GMT}	INFO	[jepsen worker 5] jepsen.util: 5	:invoke	:cas	[0 [1 4]]
2026-03-09 23:17:59,584{GMT}	INFO	[jepsen worker 1] jepsen.util: 1	:fail	:read	[0 nil]	[:key-does-not-exist "not found"]
2026-03-09 23:17:59,637{GMT}	INFO	[jepsen worker 2] jepsen.util: 2	:fail	:read	[0 nil]	[:key-does-not-exist "not found"]
2026-03-09 23:17:59,714{GMT}	INFO	[jepsen worker 1] jepsen.util: 1	:invoke	:read	[0 nil]
2026-03-09 23:17:59,764{GMT}	INFO	[jepsen worker 0] jepsen.util: 0	:fail	:read	[0 nil]	[:key-does-not-exist "not found"]
2026-03-09 23:17:59,863{GMT}	INFO	[jepsen worker 0] jepsen.util: 0	:invoke	:read	[0 nil]
2026-03-09 23:17:59,886{GMT}	INFO	[jepsen worker 4] jepsen.util: 4	:fail	:cas	[0 [1 3]]	[:key-does-not-exist "key not found"]
2026-03-09 23:17:59,908{GMT}	INFO	[jepsen worker 2] jepsen.util: 2	:invoke	:read	[0 nil]
2026-03-09 23:17:59,941{GMT}	INFO	[jepsen worker 5] jepsen.util: 5	:fail	:cas	[0 [1 4]]	[:key-does-not-exist "key not found"]
2026-03-09 23:18:00,067{GMT}	INFO	[jepsen worker 3] jepsen.util: 3	:fail	:cas	[0 [2 0]]	[:key-does-not-exist "key not found"]
2026-03-09 23:18:00,097{GMT}	INFO	[jepsen worker 3] jepsen.util: 3	:invoke	:cas	[0 [0 2]]
2026-03-09 23:18:00,193{GMT}	INFO	[jepsen worker 1] jepsen.util: 1	:fail	:read	[0 nil]	[:key-does-not-exist "not found"]
2026-03-09 23:18:00,261{GMT}	INFO	[jepsen worker 2] jepsen.util: 2	:fail	:read	[0 nil]	[:key-does-not-exist "not found"]
2026-03-09 23:18:00,288{GMT}	INFO	[jepsen worker 4] jepsen.util: 4	:invoke	:write	[0 4]
2026-03-09 23:18:00,370{GMT}	INFO	[jepsen worker 0] jepsen.util: 0	:fail	:read	[0 nil]	[:key-does-not-exist "not found"]
2026-03-09 23:18:00,381{GMT}	INFO	[jepsen worker 5] jepsen.util: 5	:invoke	:cas	[0 [4 0]]
2026-03-09 23:18:00,546{GMT}	INFO	[jepsen worker 0] jepsen.util: 0	:invoke	:read	[0 nil]
2026-03-09 23:18:00,594{GMT}	INFO	[jepsen worker 4] jepsen.util: 4	:fail	:write	[0 4]	[:abort "Server response timeout"]
2026-03-09 23:18:00,604{GMT}	INFO	[jepsen worker 4] jepsen.util: 4	:invoke	:write	[0 0]
2026-03-09 23:18:00,672{GMT}	INFO	[jepsen worker 1] jepsen.util: 1	:invoke	:read	[0 nil]
2026-03-09 23:18:00,676{GMT}	INFO	[jepsen worker 3] jepsen.util: 3	:fail	:cas	[0 [0 2]]	[:key-does-not-exist "key not found"]
2026-03-09 23:18:00,687{GMT}	INFO	[jepsen worker 5] jepsen.util: 5	:fail	:cas	[0 [4 0]]	[:key-does-not-exist "key not found"]
2026-03-09 23:18:00,838{GMT}	INFO	[jepsen worker 2] jepsen.util: 2	:invoke	:read	[0 nil]
2026-03-09 23:18:00,880{GMT}	INFO	[jepsen worker 3] jepsen.util: 3	:invoke	:write	[0 2]
2026-03-09 23:18:00,912{GMT}	INFO	[jepsen worker 4] jepsen.util: 4	:fail	:write	[0 0]	[:abort "Server response timeout"]
2026-03-09 23:18:00,981{GMT}	INFO	[jepsen worker 0] jepsen.util: 0	:fail	:read	[0 nil]	[:key-does-not-exist "not found"]
2026-03-09 23:18:00,981{GMT}	INFO	[jepsen worker 4] jepsen.util: 4	:invoke	:cas	[0 [3 0]]
2026-03-09 23:18:01,020{GMT}	INFO	[jepsen worker 5] jepsen.util: 5	:invoke	:cas	[0 [1 0]]
2026-03-09 23:18:01,147{GMT}	INFO	[jepsen worker 2] jepsen.util: 2	:fail	:read	[0 nil]	[:key-does-not-exist "not found"]
2026-03-09 23:18:01,165{GMT}	INFO	[jepsen worker 0] jepsen.util: 0	:invoke	:read	[0 nil]
2026-03-09 23:18:01,197{GMT}	INFO	[jepsen worker 2] jepsen.util: 2	:invoke	:read	[0 nil]
2026-03-09 23:18:01,217{GMT}	INFO	[jepsen worker 1] jepsen.util: 1	:fail	:read	[0 nil]	[:key-does-not-exist "not found"]
2026-03-09 23:18:01,284{GMT}	INFO	[jepsen worker 3] jepsen.util: 3	:fail	:write	[0 2]	[:abort "Server response timeout"]
2026-03-09 23:18:01,292{GMT}	INFO	[jepsen worker 1] jepsen.util: 1	:invoke	:read	[0 nil]
2026-03-09 23:18:01,451{GMT}	INFO	[jepsen worker 5] jepsen.util: 5	:fail	:cas	[0 [1 0]]	[:key-does-not-exist "key not found"]
2026-03-09 23:18:01,474{GMT}	INFO	[jepsen worker 3] jepsen.util: 3	:invoke	:write	[0 4]
2026-03-09 23:18:01,519{GMT}	INFO	[jepsen worker 4] jepsen.util: 4	:fail	:cas	[0 [3 0]]	[:key-does-not-exist "key not found"]
2026-03-09 23:18:01,580{GMT}	INFO	[jepsen worker 4] jepsen.util: 4	:invoke	:cas	[0 [2 1]]
2026-03-09 23:18:01,586{GMT}	INFO	[jepsen worker 0] jepsen.util: 0	:fail	:read	[0 nil]	[:key-does-not-exist "not found"]
2026-03-09 23:18:01,662{GMT}	INFO	[jepsen worker 0] jepsen.util: 0	:invoke	:read	[0 nil]
2026-03-09 23:18:01,702{GMT}	INFO	[jepsen worker 5] jepsen.util: 5	:invoke	:cas	[0 [4 1]]
2026-03-09 23:18:01,754{GMT}	INFO	[jepsen worker 2] jepsen.util: 2	:fail	:read	[0 nil]	[:key-does-not-exist "not found"]
2026-03-09 23:18:01,832{GMT}	INFO	[jepsen worker 1] jepsen.util: 1	:fail	:read	[0 nil]	[:key-does-not-exist "not found"]
2026-03-09 23:18:01,863{GMT}	INFO	[jepsen worker 1] jepsen.util: 1	:invoke	:read	[0 nil]
2026-03-09 23:18:01,891{GMT}	INFO	[jepsen worker 3] jepsen.util: 3	:fail	:write	[0 4]	[:abort "Server response timeout"]
2026-03-09 23:18:02,019{GMT}	INFO	[jepsen worker 2] jepsen.util: 2	:invoke	:read	[0 nil]
2026-03-09 23:18:02,058{GMT}	INFO	[jepsen worker 5] jepsen.util: 5	:fail	:cas	[0 [4 1]]	[:key-does-not-exist "key not found"]
2026-03-09 23:18:02,087{GMT}	INFO	[jepsen worker 3] jepsen.util: 3	:invoke	:cas	[0 [3 3]]
2026-03-09 23:18:02,135{GMT}	INFO	[jepsen worker 4] jepsen.util: 4	:fail	:cas	[0 [2 1]]	[:key-does-not-exist "key not found"]
2026-03-09 23:18:02,196{GMT}	INFO	[jepsen worker 0] jepsen.util: 0	:fail	:read	[0 nil]	[:key-does-not-exist "not found"]
2026-03-09 23:18:02,243{GMT}	INFO	[jepsen worker 0] jepsen.util: 0	:invoke	:read	[0 nil]
2026-03-09 23:18:02,249{GMT}	INFO	[jepsen worker 4] jepsen.util: 4	:invoke	:cas	[0 [1 3]]
2026-03-09 23:18:02,363{GMT}	INFO	[jepsen worker 2] jepsen.util: 2	:fail	:read	[0 nil]	[:key-does-not-exist "not found"]
2026-03-09 23:18:02,382{GMT}	INFO	[jepsen worker 5] jepsen.util: 5	:invoke	:write	[0 2]
2026-03-09 23:18:02,439{GMT}	INFO	[jepsen worker 1] jepsen.util: 1	:fail	:read	[0 nil]	[:key-does-not-exist "not found"]
2026-03-09 23:18:02,497{GMT}	INFO	[jepsen worker 1] jepsen.util: 1	:invoke	:read	[0 nil]
2026-03-09 23:18:02,500{GMT}	INFO	[jepsen worker 3] jepsen.util: 3	:fail	:cas	[0 [3 3]]	[:key-does-not-exist "key not found"]
2026-03-09 23:18:02,613{GMT}	INFO	[jepsen worker 2] jepsen.util: 2	:invoke	:read	[0 nil]
2026-03-09 23:18:02,691{GMT}	INFO	[jepsen worker 5] jepsen.util: 5	:fail	:write	[0 2]	[:abort "Server response timeout"]
2026-03-09 23:18:02,762{GMT}	INFO	[jepsen worker 4] jepsen.util: 4	:fail	:cas	[0 [1 3]]	[:key-does-not-exist "key not found"]
2026-03-09 23:18:02,780{GMT}	INFO	[jepsen worker 5] jepsen.util: 5	:invoke	:cas	[0 [1 0]]
2026-03-09 23:18:02,803{GMT}	INFO	[jepsen worker 0] jepsen.util: 0	:fail	:read	[0 nil]	[:key-does-not-exist "not found"]
2026-03-09 23:18:02,879{GMT}	INFO	[jepsen worker 0] jepsen.util: 0	:invoke	:read	[0 nil]
2026-03-09 23:18:02,920{GMT}	INFO	[jepsen worker 3] jepsen.util: 3	:invoke	:cas	[0 [2 3]]
2026-03-09 23:18:02,923{GMT}	INFO	[jepsen worker 4] jepsen.util: 4	:invoke	:cas	[0 [1 1]]
2026-03-09 23:18:02,993{GMT}	INFO	[jepsen worker 2] jepsen.util: 2	:fail	:read	[0 nil]	[:key-does-not-exist "not found"]
2026-03-09 23:18:03,066{GMT}	INFO	[jepsen worker 1] jepsen.util: 1	:fail	:read	[0 nil]	[:key-does-not-exist "not found"]
2026-03-09 23:18:03,121{GMT}	INFO	[jepsen worker 2] jepsen.util: 2	:invoke	:read	[0 nil]
2026-03-09 23:18:03,188{GMT}	INFO	[jepsen worker 0] jepsen.util: 0	:fail	:read	[0 nil]	[:key-does-not-exist "not found"]
2026-03-09 23:18:03,220{GMT}	INFO	[jepsen worker 0] jepsen.util: 0	:invoke	:read	[0 nil]
2026-03-09 23:18:03,281{GMT}	INFO	[jepsen worker 1] jepsen.util: 1	:invoke	:read	[0 nil]
2026-03-09 23:18:03,297{GMT}	INFO	[jepsen worker 5] jepsen.util: 5	:fail	:cas	[0 [1 0]]	[:key-does-not-exist "key not found"]
2026-03-09 23:18:03,349{GMT}	INFO	[jepsen worker 5] jepsen.util: 5	:invoke	:cas	[0 [1 0]]
2026-03-09 23:18:03,370{GMT}	INFO	[jepsen worker 4] jepsen.util: 4	:fail	:cas	[0 [1 1]]	[:key-does-not-exist "key not found"]
2026-03-09 23:18:03,483{GMT}	INFO	[jepsen worker 4] jepsen.util: 4	:invoke	:write	[0 0]
2026-03-09 23:18:03,494{GMT}	INFO	[jepsen worker 3] jepsen.util: 3	:fail	:cas	[0 [2 3]]	[:key-does-not-exist "key not found"]
2026-03-09 23:18:03,563{GMT}	INFO	[jepsen worker 3] jepsen.util: 3	:invoke	:cas	[0 [1 1]]
2026-03-09 23:18:03,601{GMT}	INFO	[jepsen worker 2] jepsen.util: 2	:fail	:read	[0 nil]	[:key-does-not-exist "not found"]
2026-03-09 23:18:03,601{GMT}	INFO	[jepsen worker 2] jepsen.util: 2	:invoke	:read	[0 nil]
2026-03-09 23:18:03,674{GMT}	INFO	[jepsen worker 1] jepsen.util: 1	:fail	:read	[0 nil]	[:key-does-not-exist "not found"]
2026-03-09 23:18:03,694{GMT}	INFO	[jepsen worker 1] jepsen.util: 1	:invoke	:read	[0 nil]
2026-03-09 23:18:03,798{GMT}	INFO	[jepsen worker 0] jepsen.util: 0	:fail	:read	[0 nil]	[:key-does-not-exist "not found"]
2026-03-09 23:18:03,798{GMT}	INFO	[jepsen worker 0] jepsen.util: 0	:invoke	:read	[0 nil]
2026-03-09 23:18:03,903{GMT}	INFO	[jepsen worker 5] jepsen.util: 5	:fail	:cas	[0 [1 0]]	[:key-does-not-exist "key not found"]
2026-03-09 23:18:03,903{GMT}	INFO	[jepsen worker 5] jepsen.util: 5	:invoke	:cas	[0 [3 4]]
2026-03-09 23:18:03,977{GMT}	INFO	[jepsen worker 4] jepsen.util: 4	:fail	:write	[0 0]	[:abort "Server response timeout"]
2026-03-09 23:18:04,085{GMT}	INFO	[jepsen worker 4] jepsen.util: 4	:invoke	:write	[0 1]
2026-03-09 23:18:04,101{GMT}	INFO	[jepsen worker 3] jepsen.util: 3	:fail	:cas	[0 [1 1]]	[:key-does-not-exist "key not found"]
2026-03-09 23:18:04,206{GMT}	INFO	[jepsen worker 2] jepsen.util: 2	:fail	:read	[0 nil]	[:key-does-not-exist "not found"]
2026-03-09 23:18:04,210{GMT}	INFO	[jepsen worker 2] jepsen.util: 2	:invoke	:read	[0 nil]
2026-03-09 23:18:04,284{GMT}	INFO	[jepsen worker 1] jepsen.util: 1	:fail	:read	[0 nil]	[:key-does-not-exist "not found"]
2026-03-09 23:18:04,315{GMT}	INFO	[jepsen worker 3] jepsen.util: 3	:invoke	:cas	[0 [0 0]]
2026-03-09 23:18:04,406{GMT}	INFO	[jepsen worker 0] jepsen.util: 0	:fail	:read	[0 nil]	[:key-does-not-exist "not found"]
2026-03-09 23:18:04,430{GMT}	INFO	[jepsen worker 1] jepsen.util: 1	:invoke	:read	[0 nil]
2026-03-09 23:18:04,510{GMT}	INFO	[jepsen worker 5] jepsen.util: 5	:fail	:cas	[0 [3 4]]	[:key-does-not-exist "key not found"]
2026-03-09 23:18:04,592{GMT}	INFO	[jepsen worker 4] jepsen.util: 4	:fail	:write	[0 1]	[:abort "Server response timeout"]
2026-03-09 23:18:04,593{GMT}	INFO	[jepsen worker 4] jepsen.util: 4	:invoke	:cas	[0 [2 4]]
2026-03-09 23:18:04,625{GMT}	INFO	[jepsen worker 5] jepsen.util: 5	:invoke	:cas	[0 [0 2]]
2026-03-09 23:18:04,636{GMT}	INFO	[jepsen worker 0] jepsen.util: 0	:invoke	:read	[0 nil]
2026-03-09 23:18:04,710{GMT}	INFO	[jepsen worker 3] jepsen.util: 3	:fail	:cas	[0 [0 0]]	[:key-does-not-exist "key not found"]
2026-03-09 23:18:04,793{GMT}	INFO	[jepsen worker 3] jepsen.util: 3	:invoke	:cas	[0 [4 0]]
2026-03-09 23:18:04,816{GMT}	INFO	[jepsen worker 2] jepsen.util: 2	:fail	:read	[0 nil]	[:key-does-not-exist "not found"]
2026-03-09 23:18:04,898{GMT}	INFO	[jepsen worker 1] jepsen.util: 1	:fail	:read	[0 nil]	[:key-does-not-exist "not found"]
2026-03-09 23:18:04,963{GMT}	INFO	[jepsen worker 1] jepsen.util: 1	:invoke	:read	[0 nil]
2026-03-09 23:18:04,963{GMT}	INFO	[jepsen worker 2] jepsen.util: 2	:invoke	:read	[0 nil]
2026-03-09 23:18:05,014{GMT}	INFO	[jepsen worker 0] jepsen.util: 0	:fail	:read	[0 nil]	[:key-does-not-exist "not found"]
2026-03-09 23:18:05,075{GMT}	INFO	[jepsen worker 0] jepsen.util: 0	:invoke	:read	[0 nil]
2026-03-09 23:18:05,119{GMT}	INFO	[jepsen worker 5] jepsen.util: 5	:fail	:cas	[0 [0 2]]	[:key-does-not-exist "key not found"]
2026-03-09 23:18:05,120{GMT}	INFO	[jepsen worker 5] jepsen.util: 5	:invoke	:write	[0 0]
2026-03-09 23:18:05,209{GMT}	INFO	[jepsen worker 4] jepsen.util: 4	:fail	:cas	[0 [2 4]]	[:key-does-not-exist "key not found"]
2026-03-09 23:18:05,264{GMT}	INFO	[jepsen worker 4] jepsen.util: 4	:invoke	:write	[0 2]
2026-03-09 23:18:05,317{GMT}	INFO	[jepsen worker 3] jepsen.util: 3	:fail	:cas	[0 [4 0]]	[:key-does-not-exist "key not found"]
2026-03-09 23:18:05,318{GMT}	INFO	[jepsen worker 3] jepsen.util: 3	:invoke	:cas	[0 [0 3]]
2026-03-09 23:18:05,423{GMT}	INFO	[jepsen worker 2] jepsen.util: 2	:fail	:read	[0 nil]	[:key-does-not-exist "not found"]
2026-03-09 23:18:05,511{GMT}	INFO	[jepsen worker 2] jepsen.util: 2	:invoke	:read	[0 nil]
2026-03-09 23:18:05,514{GMT}	INFO	[jepsen worker 1] jepsen.util: 1	:fail	:read	[0 nil]	[:key-does-not-exist "not found"]
2026-03-09 23:18:05,557{GMT}	INFO	[jepsen worker 1] jepsen.util: 1	:invoke	:read	[0 nil]
2026-03-09 23:18:05,623{GMT}	INFO	[jepsen worker 0] jepsen.util: 0	:fail	:read	[0 nil]	[:key-does-not-exist "not found"]
2026-03-09 23:18:05,693{GMT}	INFO	[jepsen worker 0] jepsen.util: 0	:invoke	:read	[0 nil]
2026-03-09 23:18:05,727{GMT}	INFO	[jepsen worker 5] jepsen.util: 5	:fail	:write	[0 0]	[:abort "Server response timeout"]
2026-03-09 23:18:05,820{GMT}	INFO	[jepsen worker 4] jepsen.util: 4	:fail	:write	[0 2]	[:abort "Server response timeout"]
2026-03-09 23:18:05,870{GMT}	INFO	[jepsen worker 4] jepsen.util: 4	:invoke	:write	[0 2]
2026-03-09 23:18:05,927{GMT}	INFO	[jepsen worker 3] jepsen.util: 3	:fail	:cas	[0 [0 3]]	[:key-does-not-exist "key not found"]
2026-03-09 23:18:06,031{GMT}	INFO	[jepsen worker 2] jepsen.util: 2	:fail	:read	[0 nil]	[:key-does-not-exist "not found"]
2026-03-09 23:18:06,071{GMT}	INFO	[jepsen worker 2] jepsen.util: 2	:invoke	:read	[0 nil]
2026-03-09 23:18:06,114{GMT}	INFO	[jepsen worker 3] jepsen.util: 3	:invoke	:cas	[0 [4 4]]
2026-03-09 23:18:06,123{GMT}	INFO	[jepsen worker 1] jepsen.util: 1	:fail	:read	[0 nil]	[:key-does-not-exist "not found"]
2026-03-09 23:18:06,187{GMT}	INFO	[jepsen worker 1] jepsen.util: 1	:invoke	:read	[0 nil]
2026-03-09 23:18:06,233{GMT}	INFO	[jepsen worker 0] jepsen.util: 0	:fail	:read	[0 nil]	[:key-does-not-exist "not found"]
2026-03-09 23:18:06,234{GMT}	INFO	[jepsen worker 5] jepsen.util: 5	:invoke	:cas	[0 [0 2]]
2026-03-09 23:18:06,371{GMT}	INFO	[jepsen worker 0] jepsen.util: 0	:invoke	:read	[0 nil]
2026-03-09 23:18:06,378{GMT}	INFO	[jepsen worker 2] jepsen.util: 2	:fail	:read	[0 nil]	[:key-does-not-exist "not found"]
2026-03-09 23:18:06,429{GMT}	INFO	[jepsen worker 4] jepsen.util: 4	:fail	:write	[0 2]	[:abort "Server response timeout"]
2026-03-09 23:18:06,451{GMT}	INFO	[jepsen worker 4] jepsen.util: 4	:invoke	:cas	[0 [2 3]]
2026-03-09 23:18:06,452{GMT}	INFO	[jepsen worker 2] jepsen.util: 2	:invoke	:read	[0 nil]
2026-03-09 23:18:06,537{GMT}	INFO	[jepsen worker 3] jepsen.util: 3	:fail	:cas	[0 [4 4]]	[:key-does-not-exist "key not found"]
2026-03-09 23:18:06,538{GMT}	INFO	[jepsen worker 3] jepsen.util: 3	:invoke	:write	[0 2]
2026-03-09 23:18:06,684{GMT}	INFO	[jepsen worker 5] jepsen.util: 5	:fail	:cas	[0 [0 2]]	[:key-does-not-exist "key not found"]
2026-03-09 23:18:06,708{GMT}	INFO	[jepsen worker 5] jepsen.util: 5	:invoke	:cas	[0 [1 0]]
2026-03-09 23:18:06,734{GMT}	INFO	[jepsen worker 1] jepsen.util: 1	:fail	:read	[0 nil]	[:key-does-not-exist "not found"]
2026-03-09 23:18:06,817{GMT}	INFO	[jepsen worker 1] jepsen.util: 1	:invoke	:read	[0 nil]
2026-03-09 23:18:06,841{GMT}	INFO	[jepsen worker 0] jepsen.util: 0	:fail	:read	[0 nil]	[:key-does-not-exist "not found"]
2026-03-09 23:18:06,897{GMT}	INFO	[jepsen worker 0] jepsen.util: 0	:invoke	:read	[0 nil]
2026-03-09 23:18:06,986{GMT}	INFO	[jepsen worker 2] jepsen.util: 2	:fail	:read	[0 nil]	[:key-does-not-exist "not found"]
2026-03-09 23:18:06,986{GMT}	INFO	[jepsen worker 2] jepsen.util: 2	:invoke	:read	[0 nil]
2026-03-09 23:18:07,036{GMT}	INFO	[jepsen worker 4] jepsen.util: 4	:fail	:cas	[0 [2 3]]	[:key-does-not-exist "key not found"]
2026-03-09 23:18:07,036{GMT}	INFO	[jepsen worker 4] jepsen.util: 4	:invoke	:write	[0 0]
2026-03-09 23:18:07,143{GMT}	INFO	[jepsen worker 3] jepsen.util: 3	:fail	:write	[0 2]	[:abort "Server response timeout"]
2026-03-09 23:18:07,143{GMT}	INFO	[jepsen worker 3] jepsen.util: 3	:invoke	:cas	[0 [3 0]]
2026-03-09 23:18:07,299{GMT}	INFO	[jepsen worker 5] jepsen.util: 5	:fail	:cas	[0 [1 0]]	[:key-does-not-exist "key not found"]
2026-03-09 23:18:07,299{GMT}	INFO	[jepsen worker 5] jepsen.util: 5	:invoke	:cas	[0 [3 2]]
2026-03-09 23:18:07,340{GMT}	INFO	[jepsen worker 1] jepsen.util: 1	:fail	:read	[0 nil]	[:key-does-not-exist "not found"]
2026-03-09 23:18:07,341{GMT}	INFO	[jepsen worker 1] jepsen.util: 1	:invoke	:read	[0 nil]
2026-03-09 23:18:07,447{GMT}	INFO	[jepsen worker 0] jepsen.util: 0	:fail	:read	[0 nil]	[:key-does-not-exist "not found"]
2026-03-09 23:18:07,508{GMT}	INFO	[jepsen worker 0] jepsen.util: 0	:invoke	:read	[0 nil]
2026-03-09 23:18:07,603{GMT}	INFO	[jepsen worker 2] jepsen.util: 2	:fail	:read	[0 nil]	[:key-does-not-exist "not found"]
2026-03-09 23:18:07,644{GMT}	INFO	[jepsen worker 4] jepsen.util: 4	:fail	:write	[0 0]	[:abort "Server response timeout"]
2026-03-09 23:18:07,644{GMT}	INFO	[jepsen worker 4] jepsen.util: 4	:invoke	:write	[0 4]
2026-03-09 23:18:07,698{GMT}	INFO	[jepsen worker 2] jepsen.util: 2	:invoke	:read	[0 nil]
2026-03-09 23:18:07,750{GMT}	INFO	[jepsen worker 3] jepsen.util: 3	:fail	:cas	[0 [3 0]]	[:key-does-not-exist "key not found"]
2026-03-09 23:18:07,869{GMT}	INFO	[jepsen worker 3] jepsen.util: 3	:invoke	:cas	[0 [2 4]]
2026-03-09 23:18:07,909{GMT}	INFO	[jepsen worker 5] jepsen.util: 5	:fail	:cas	[0 [3 2]]	[:key-does-not-exist "key not found"]
2026-03-09 23:18:07,909{GMT}	INFO	[jepsen worker 5] jepsen.util: 5	:invoke	:cas	[0 [1 2]]
2026-03-09 23:18:07,950{GMT}	INFO	[jepsen worker 1] jepsen.util: 1	:fail	:read	[0 nil]	[:key-does-not-exist "not found"]
2026-03-09 23:18:07,973{GMT}	INFO	[jepsen worker 1] jepsen.util: 1	:invoke	:read	[0 nil]
2026-03-09 23:18:08,055{GMT}	INFO	[jepsen worker 0] jepsen.util: 0	:fail	:read	[0 nil]	[:key-does-not-exist "not found"]
2026-03-09 23:18:08,100{GMT}	INFO	[jepsen worker 0] jepsen.util: 0	:invoke	:read	[0 nil]
2026-03-09 23:18:08,216{GMT}	INFO	[jepsen worker 2] jepsen.util: 2	:fail	:read	[0 nil]	[:key-does-not-exist "not found"]
2026-03-09 23:18:08,219{GMT}	INFO	[jepsen worker 2] jepsen.util: 2	:invoke	:read	[0 nil]
2026-03-09 23:18:08,256{GMT}	INFO	[jepsen worker 4] jepsen.util: 4	:fail	:write	[0 4]	[:abort "Server response timeout"]
2026-03-09 23:18:08,362{GMT}	INFO	[jepsen worker 3] jepsen.util: 3	:fail	:cas	[0 [2 4]]	[:key-does-not-exist "key not found"]
2026-03-09 23:18:08,363{GMT}	INFO	[jepsen worker 3] jepsen.util: 3	:invoke	:cas	[0 [1 0]]
2026-03-09 23:18:08,519{GMT}	INFO	[jepsen worker 5] jepsen.util: 5	:fail	:cas	[0 [1 2]]	[:key-does-not-exist "key not found"]
2026-03-09 23:18:08,553{GMT}	INFO	[jepsen worker 4] jepsen.util: 4	:invoke	:cas	[0 [2 2]]
2026-03-09 23:18:08,558{GMT}	INFO	[jepsen worker 1] jepsen.util: 1	:fail	:read	[0 nil]	[:key-does-not-exist "not found"]
2026-03-09 23:18:08,657{GMT}	INFO	[jepsen worker 5] jepsen.util: 5	:invoke	:cas	[0 [4 4]]
2026-03-09 23:18:08,665{GMT}	INFO	[jepsen worker 0] jepsen.util: 0	:fail	:read	[0 nil]	[:key-does-not-exist "not found"]
2026-03-09 23:18:08,788{GMT}	INFO	[jepsen worker 1] jepsen.util: 1	:invoke	:read	[0 nil]
2026-03-09 23:18:08,822{GMT}	INFO	[jepsen worker 2] jepsen.util: 2	:fail	:read	[0 nil]	[:key-does-not-exist "not found"]
2026-03-09 23:18:08,861{GMT}	INFO	[jepsen worker 4] jepsen.util: 4	:fail	:cas	[0 [2 2]]	[:key-does-not-exist "key not found"]
2026-03-09 23:18:08,919{GMT}	INFO	[jepsen worker 2] jepsen.util: 2	:invoke	:read	[0 nil]
2026-03-09 23:18:08,968{GMT}	INFO	[jepsen worker 3] jepsen.util: 3	:fail	:cas	[0 [1 0]]	[:key-does-not-exist "key not found"]
2026-03-09 23:18:08,983{GMT}	INFO	[jepsen worker 0] jepsen.util: 0	:invoke	:read	[0 nil]
2026-03-09 23:18:08,999{GMT}	INFO	[jepsen worker 4] jepsen.util: 4	:invoke	:cas	[0 [1 1]]
2026-03-09 23:18:09,079{GMT}	INFO	[jepsen worker 3] jepsen.util: 3	:invoke	:write	[0 2]
2026-03-09 23:18:09,125{GMT}	INFO	[jepsen worker 5] jepsen.util: 5	:fail	:cas	[0 [4 4]]	[:key-does-not-exist "key not found"]
2026-03-09 23:18:09,164{GMT}	INFO	[jepsen worker 1] jepsen.util: 1	:fail	:read	[0 nil]	[:key-does-not-exist "not found"]
2026-03-09 23:18:09,279{GMT}	INFO	[jepsen worker 1] jepsen.util: 1	:invoke	:read	[0 nil]
2026-03-09 23:18:09,287{GMT}	INFO	[jepsen worker 0] jepsen.util: 0	:fail	:read	[0 nil]	[:key-does-not-exist "not found"]
2026-03-09 23:18:09,371{GMT}	INFO	[jepsen worker 0] jepsen.util: 0	:invoke	:read	[0 nil]
2026-03-09 23:18:09,427{GMT}	INFO	[jepsen worker 2] jepsen.util: 2	:fail	:read	[0 nil]	[:key-does-not-exist "not found"]
2026-03-09 23:18:09,468{GMT}	INFO	[jepsen worker 4] jepsen.util: 4	:fail	:cas	[0 [1 1]]	[:key-does-not-exist "key not found"]
2026-03-09 23:18:09,468{GMT}	INFO	[jepsen worker 4] jepsen.util: 4	:invoke	:cas	[0 [4 1]]
2026-03-09 23:18:09,590{GMT}	INFO	[jepsen worker 3] jepsen.util: 3	:fail	:write	[0 2]	[:abort "Server response timeout"]
2026-03-09 23:18:09,634{GMT}	INFO	[jepsen worker 2] jepsen.util: 2	:invoke	:read	[0 nil]
2026-03-09 23:18:09,771{GMT}	INFO	[jepsen worker 1] jepsen.util: 1	:fail	:read	[0 nil]	[:key-does-not-exist "not found"]
2026-03-09 23:18:09,806{GMT}	INFO	[jepsen worker 3] jepsen.util: 3	:invoke	:write	[0 0]
2026-03-09 23:18:09,893{GMT}	INFO	[jepsen worker 0] jepsen.util: 0	:fail	:read	[0 nil]	[:key-does-not-exist "not found"]
2026-03-09 23:18:09,938{GMT}	INFO	[jepsen worker 2] jepsen.util: 2	:fail	:read	[0 nil]	[:key-does-not-exist "not found"]
2026-03-09 23:18:09,949{GMT}	INFO	[jepsen worker 5] jepsen.util: 5	:invoke	:cas	[0 [1 2]]
2026-03-09 23:18:10,073{GMT}	INFO	[jepsen worker 4] jepsen.util: 4	:fail	:cas	[0 [4 1]]	[:key-does-not-exist "key not found"]
2026-03-09 23:18:10,079{GMT}	INFO	[jepsen worker 4] jepsen.util: 4	:invoke	:cas	[0 [1 3]]
2026-03-09 23:18:10,179{GMT}	INFO	[jepsen worker 0] jepsen.util: 0	:invoke	:read	[0 nil]
2026-03-09 23:18:10,196{GMT}	INFO	[jepsen worker 3] jepsen.util: 3	:fail	:write	[0 0]	[:abort "Server response timeout"]
2026-03-09 23:18:10,253{GMT}	INFO	[jepsen worker 5] jepsen.util: 5	:fail	:cas	[0 [1 2]]	[:key-does-not-exist "key not found"]
2026-03-09 23:18:10,322{GMT}	INFO	[jepsen worker 3] jepsen.util: 3	:invoke	:cas	[0 [0 0]]
2026-03-09 23:18:10,384{GMT}	INFO	[jepsen worker 4] jepsen.util: 4	:fail	:cas	[0 [1 3]]	[:key-does-not-exist "key not found"]
2026-03-09 23:18:10,412{GMT}	INFO	[jepsen worker 1] jepsen.util: 1	:invoke	:read	[0 nil]
2026-03-09 23:18:10,502{GMT}	INFO	[jepsen worker 0] jepsen.util: 0	:fail	:read	[0 nil]	[:key-does-not-exist "not found"]
2026-03-09 23:18:10,505{GMT}	INFO	[jepsen worker 4] jepsen.util: 4	:invoke	:write	[0 2]
2026-03-09 23:18:10,594{GMT}	INFO	[jepsen worker 5] jepsen.util: 5	:invoke	:cas	[0 [3 0]]
2026-03-09 23:18:10,720{GMT}	INFO	[jepsen worker 1] jepsen.util: 1	:fail	:read	[0 nil]	[:key-does-not-exist "not found"]
2026-03-09 23:18:10,755{GMT}	INFO	[jepsen worker 0] jepsen.util: 0	:invoke	:read	[0 nil]
2026-03-09 23:18:10,783{GMT}	INFO	[jepsen worker 1] jepsen.util: 1	:invoke	:read	[0 nil]
2026-03-09 23:18:10,805{GMT}	INFO	[jepsen worker 3] jepsen.util: 3	:fail	:cas	[0 [0 0]]	[:key-does-not-exist "key not found"]
2026-03-09 23:18:10,868{GMT}	INFO	[jepsen worker 2] jepsen.util: 2	:invoke	:read	[0 nil]
2026-03-09 23:18:10,899{GMT}	INFO	[jepsen worker 5] jepsen.util: 5	:fail	:cas	[0 [3 0]]	[:key-does-not-exist "key not found"]
2026-03-09 23:18:10,962{GMT}	INFO	[jepsen worker 3] jepsen.util: 3	:invoke	:cas	[0 [1 4]]
2026-03-09 23:18:11,024{GMT}	INFO	[jepsen worker 4] jepsen.util: 4	:fail	:write	[0 2]	[:abort "Server response timeout"]
2026-03-09 23:18:11,100{GMT}	INFO	[jepsen worker 4] jepsen.util: 4	:invoke	:cas	[0 [0 0]]
2026-03-09 23:18:11,108{GMT}	INFO	[jepsen worker 0] jepsen.util: 0	:fail	:read	[0 nil]	[:key-does-not-exist "not found"]
2026-03-09 23:18:11,203{GMT}	INFO	[jepsen worker 2] jepsen.util: 2	:fail	:read	[0 nil]	[:key-does-not-exist "not found"]
2026-03-09 23:18:11,203{GMT}	INFO	[jepsen worker 2] jepsen.util: 2	:invoke	:read	[0 nil]
2026-03-09 23:18:11,328{GMT}	INFO	[jepsen worker 1] jepsen.util: 1	:fail	:read	[0 nil]	[:key-does-not-exist "not found"]
2026-03-09 23:18:11,341{GMT}	INFO	[jepsen worker 5] jepsen.util: 5	:invoke	:cas	[0 [4 0]]
2026-03-09 23:18:11,412{GMT}	INFO	[jepsen worker 3] jepsen.util: 3	:fail	:cas	[0 [1 4]]	[:key-does-not-exist "key not found"]
2026-03-09 23:18:11,465{GMT}	INFO	[jepsen worker 3] jepsen.util: 3	:invoke	:cas	[0 [2 3]]
2026-03-09 23:18:11,507{GMT}	INFO	[jepsen worker 2] jepsen.util: 2	:fail	:read	[0 nil]	[:key-does-not-exist "not found"]
2026-03-09 23:18:11,593{GMT}	INFO	[jepsen worker 0] jepsen.util: 0	:invoke	:read	[0 nil]
2026-03-09 23:18:11,630{GMT}	INFO	[jepsen worker 4] jepsen.util: 4	:fail	:cas	[0 [0 0]]	[:key-does-not-exist "key not found"]
2026-03-09 23:18:11,727{GMT}	INFO	[jepsen worker 4] jepsen.util: 4	:invoke	:cas	[0 [4 0]]
2026-03-09 23:18:11,773{GMT}	INFO	[jepsen worker 3] jepsen.util: 3	:fail	:cas	[0 [2 3]]	[:key-does-not-exist "key not found"]
2026-03-09 23:18:11,809{GMT}	INFO	[jepsen worker 5] jepsen.util: 5	:fail	:cas	[0 [4 0]]	[:key-does-not-exist "key not found"]
2026-03-09 23:18:11,878{GMT}	INFO	[jepsen worker 1] jepsen.util: 1	:invoke	:read	[0 nil]
2026-03-09 23:18:12,033{GMT}	INFO	[jepsen worker 4] jepsen.util: 4	:fail	:cas	[0 [4 0]]	[:key-does-not-exist "key not found"]
2026-03-09 23:18:12,039{GMT}	INFO	[jepsen worker 3] jepsen.util: 3	:invoke	:write	[0 3]
2026-03-09 23:18:12,041{GMT}	INFO	[jepsen worker 2] jepsen.util: 2	:invoke	:read	[0 nil]
2026-03-09 23:18:12,075{GMT}	INFO	[jepsen worker 0] jepsen.util: 0	:fail	:read	[0 nil]	[:key-does-not-exist "not found"]
2026-03-09 23:18:12,145{GMT}	INFO	[jepsen worker 0] jepsen.util: 0	:invoke	:read	[0 nil]
2026-03-09 23:18:12,318{GMT}	INFO	[jepsen worker 4] jepsen.util: 4	:invoke	:cas	[0 [4 2]]
2026-03-09 23:18:12,329{GMT}	INFO	[jepsen worker 5] jepsen.util: 5	:invoke	:cas	[0 [0 1]]
2026-03-09 23:18:12,338{GMT}	INFO	[jepsen worker 1] jepsen.util: 1	:fail	:read	[0 nil]	[:key-does-not-exist "not found"]
2026-03-09 23:18:12,346{GMT}	INFO	[jepsen worker 2] jepsen.util: 2	:fail	:read	[0 nil]	[:key-does-not-exist "not found"]
2026-03-09 23:18:12,379{GMT}	INFO	[jepsen worker 3] jepsen.util: 3	:fail	:write	[0 3]	[:abort "Server response timeout"]
2026-03-09 23:18:12,476{GMT}	INFO	[jepsen worker 1] jepsen.util: 1	:invoke	:read	[0 nil]
2026-03-09 23:18:12,560{GMT}	INFO	[jepsen worker 2] jepsen.util: 2	:invoke	:read	[0 nil]
2026-03-09 23:18:12,605{GMT}	INFO	[jepsen worker 3] jepsen.util: 3	:invoke	:cas	[0 [3 1]]
2026-03-09 23:18:12,643{GMT}	INFO	[jepsen worker 4] jepsen.util: 4	:fail	:cas	[0 [4 2]]	[:key-does-not-exist "key not found"]
2026-03-09 23:18:12,650{GMT}	INFO	[jepsen worker 5] jepsen.util: 5	:fail	:cas	[0 [0 1]]	[:key-does-not-exist "key not found"]
2026-03-09 23:18:12,685{GMT}	INFO	[jepsen worker 0] jepsen.util: 0	:fail	:read	[0 nil]	[:key-does-not-exist "not found"]
2026-03-09 23:18:12,686{GMT}	INFO	[jepsen worker 4] jepsen.util: 4	:invoke	:cas	[0 [0 0]]
2026-03-09 23:18:12,813{GMT}	INFO	[jepsen worker 0] jepsen.util: 0	:invoke	:read	[0 nil]
2026-03-09 23:18:12,910{GMT}	INFO	[jepsen worker 5] jepsen.util: 5	:invoke	:cas	[0 [3 3]]
2026-03-09 23:18:12,945{GMT}	INFO	[jepsen worker 1] jepsen.util: 1	:fail	:read	[0 nil]	[:key-does-not-exist "not found"]
2026-03-09 23:18:12,953{GMT}	INFO	[jepsen worker 2] jepsen.util: 2	:fail	:read	[0 nil]	[:key-does-not-exist "not found"]
2026-03-09 23:18:12,989{GMT}	INFO	[jepsen worker 3] jepsen.util: 3	:fail	:cas	[0 [3 1]]	[:key-does-not-exist "key not found"]
2026-03-09 23:18:13,005{GMT}	INFO	[jepsen worker 3] jepsen.util: 3	:invoke	:cas	[0 [2 3]]
2026-03-09 23:18:13,067{GMT}	INFO	[jepsen worker 1] jepsen.util: 1	:invoke	:read	[0 nil]
2026-03-09 23:18:13,171{GMT}	INFO	[jepsen worker 2] jepsen.util: 2	:invoke	:read	[0 nil]
2026-03-09 23:18:13,250{GMT}	INFO	[jepsen worker 4] jepsen.util: 4	:fail	:cas	[0 [0 0]]	[:key-does-not-exist "key not found"]
2026-03-09 23:18:13,261{GMT}	INFO	[jepsen worker 5] jepsen.util: 5	:fail	:cas	[0 [3 3]]	[:key-does-not-exist "key not found"]
2026-03-09 23:18:13,294{GMT}	INFO	[jepsen worker 0] jepsen.util: 0	:fail	:read	[0 nil]	[:key-does-not-exist "not found"]
2026-03-09 23:18:13,320{GMT}	INFO	[jepsen worker 0] jepsen.util: 0	:invoke	:read	[0 nil]
2026-03-09 23:18:13,463{GMT}	INFO	[jepsen worker 4] jepsen.util: 4	:invoke	:write	[0 0]
2026-03-09 23:18:13,554{GMT}	INFO	[jepsen worker 1] jepsen.util: 1	:fail	:read	[0 nil]	[:key-does-not-exist "not found"]
2026-03-09 23:18:13,555{GMT}	INFO	[jepsen worker 5] jepsen.util: 5	:invoke	:cas	[0 [3 3]]
2026-03-09 23:18:13,565{GMT}	INFO	[jepsen worker 2] jepsen.util: 2	:fail	:read	[0 nil]	[:key-does-not-exist "not found"]
2026-03-09 23:18:13,602{GMT}	INFO	[jepsen worker 3] jepsen.util: 3	:fail	:cas	[0 [2 3]]	[:key-does-not-exist "key not found"]
2026-03-09 23:18:13,711{GMT}	INFO	[jepsen worker 1] jepsen.util: 1	:invoke	:read	[0 nil]
2026-03-09 23:18:13,826{GMT}	INFO	[jepsen worker 3] jepsen.util: 3	:invoke	:cas	[0 [2 0]]
2026-03-09 23:18:13,860{GMT}	INFO	[jepsen worker 4] jepsen.util: 4	:fail	:write	[0 0]	[:abort "Server response timeout"]
2026-03-09 23:18:13,868{GMT}	INFO	[jepsen worker 5] jepsen.util: 5	:fail	:cas	[0 [3 3]]	[:key-does-not-exist "key not found"]
2026-03-09 23:18:13,904{GMT}	INFO	[jepsen worker 0] jepsen.util: 0	:fail	:read	[0 nil]	[:key-does-not-exist "not found"]
2026-03-09 23:18:14,030{GMT}	INFO	[jepsen worker 4] jepsen.util: 4	:invoke	:cas	[0 [4 2]]
2026-03-09 23:18:14,066{GMT}	INFO	[jepsen worker 5] jepsen.util: 5	:invoke	:cas	[0 [0 1]]
2026-03-09 23:18:14,110{GMT}	INFO	[jepsen worker 2] jepsen.util: 2	:invoke	:read	[0 nil]
2026-03-09 23:18:14,163{GMT}	INFO	[jepsen worker 1] jepsen.util: 1	:fail	:read	[0 nil]	[:key-does-not-exist "not found"]
2026-03-09 23:18:14,208{GMT}	INFO	[jepsen worker 3] jepsen.util: 3	:fail	:cas	[0 [2 0]]	[:key-does-not-exist "key not found"]
2026-03-09 23:18:14,265{GMT}	INFO	[jepsen worker 3] jepsen.util: 3	:invoke	:write	[0 1]
2026-03-09 23:18:14,368{GMT}	INFO	[jepsen worker 0] jepsen.util: 0	:invoke	:read	[0 nil]
2026-03-09 23:18:14,370{GMT}	INFO	[jepsen worker 5] jepsen.util: 5	:fail	:cas	[0 [0 1]]	[:key-does-not-exist "key not found"]
2026-03-09 23:18:14,467{GMT}	INFO	[jepsen worker 4] jepsen.util: 4	:fail	:cas	[0 [4 2]]	[:key-does-not-exist "key not found"]
2026-03-09 23:18:14,488{GMT}	INFO	[jepsen worker 1] jepsen.util: 1	:invoke	:read	[0 nil]
2026-03-09 23:18:14,572{GMT}	INFO	[jepsen worker 3] jepsen.util: 3	:fail	:write	[0 1]	[:abort "Server response timeout"]
2026-03-09 23:18:14,637{GMT}	INFO	[jepsen worker 5] jepsen.util: 5	:invoke	:cas	[0 [3 0]]
2026-03-09 23:18:14,674{GMT}	INFO	[jepsen worker 2] jepsen.util: 2	:fail	:read	[0 nil]	[:key-does-not-exist "not found"]
2026-03-09 23:18:14,720{GMT}	INFO	[jepsen worker 3] jepsen.util: 3	:invoke	:cas	[0 [0 0]]
2026-03-09 23:18:14,795{GMT}	INFO	[jepsen worker 1] jepsen.util: 1	:fail	:read	[0 nil]	[:key-does-not-exist "not found"]
2026-03-09 23:18:14,876{GMT}	INFO	[jepsen worker 0] jepsen.util: 0	:fail	:read	[0 nil]	[:key-does-not-exist "not found"]
2026-03-09 23:18:14,876{GMT}	INFO	[jepsen worker 1] jepsen.util: 1	:invoke	:read	[0 nil]
2026-03-09 23:18:14,890{GMT}	INFO	[jepsen worker 4] jepsen.util: 4	:invoke	:cas	[0 [1 0]]
2026-03-09 23:18:14,978{GMT}	INFO	[jepsen worker 5] jepsen.util: 5	:fail	:cas	[0 [3 0]]	[:key-does-not-exist "key not found"]
2026-03-09 23:18:14,986{GMT}	INFO	[jepsen worker 2] jepsen.util: 2	:invoke	:read	[0 nil]
2026-03-09 23:18:15,160{GMT}	INFO	[jepsen worker 0] jepsen.util: 0	:invoke	:read	[0 nil]
2026-03-09 23:18:15,181{GMT}	INFO	[jepsen worker 1] jepsen.util: 1	:fail	:read	[0 nil]	[:key-does-not-exist "not found"]
2026-03-09 23:18:15,181{GMT}	INFO	[jepsen worker 3] jepsen.util: 3	:fail	:cas	[0 [0 0]]	[:key-does-not-exist "key not found"]
2026-03-09 23:18:15,276{GMT}	INFO	[jepsen worker 1] jepsen.util: 1	:invoke	:read	[0 nil]
2026-03-09 23:18:15,295{GMT}	INFO	[jepsen worker 2] jepsen.util: 2	:fail	:read	[0 nil]	[:key-does-not-exist "not found"]
2026-03-09 23:18:15,343{GMT}	INFO	[jepsen worker 5] jepsen.util: 5	:invoke	:write	[0 4]
2026-03-09 23:18:15,439{GMT}	INFO	[jepsen worker 2] jepsen.util: 2	:invoke	:read	[0 nil]
2026-03-09 23:18:15,486{GMT}	INFO	[jepsen worker 4] jepsen.util: 4	:fail	:cas	[0 [1 0]]	[:key-does-not-exist "key not found"]
2026-03-09 23:18:15,486{GMT}	INFO	[jepsen worker 0] jepsen.util: 0	:fail	:read	[0 nil]	[:key-does-not-exist "not found"]
2026-03-09 23:18:15,500{GMT}	INFO	[jepsen worker 0] jepsen.util: 0	:invoke	:read	[0 nil]
2026-03-09 23:18:15,643{GMT}	INFO	[jepsen worker 3] jepsen.util: 3	:invoke	:cas	[0 [4 3]]
2026-03-09 23:18:15,654{GMT}	INFO	[jepsen worker 5] jepsen.util: 5	:fail	:write	[0 4]	[:abort "Server response timeout"]
2026-03-09 23:18:15,734{GMT}	INFO	[jepsen worker 4] jepsen.util: 4	:invoke	:cas	[0 [1 1]]
2026-03-09 23:18:15,791{GMT}	INFO	[jepsen worker 1] jepsen.util: 1	:fail	:read	[0 nil]	[:key-does-not-exist "not found"]
2026-03-09 23:18:15,805{GMT}	INFO	[jepsen worker 0] jepsen.util: 0	:fail	:read	[0 nil]	[:key-does-not-exist "not found"]
2026-03-09 23:18:15,870{GMT}	INFO	[jepsen worker 5] jepsen.util: 5	:invoke	:write	[0 3]
2026-03-09 23:18:15,878{GMT}	INFO	[jepsen worker 0] jepsen.util: 0	:invoke	:read	[0 nil]
2026-03-09 23:18:15,957{GMT}	INFO	[jepsen worker 2] jepsen.util: 2	:fail	:read	[0 nil]	[:key-does-not-exist "not found"]
2026-03-09 23:18:16,020{GMT}	INFO	[jepsen worker 1] jepsen.util: 1	:invoke	:read	[0 nil]
2026-03-09 23:18:16,068{GMT}	INFO	[jepsen worker 2] jepsen.util: 2	:invoke	:read	[0 nil]
2026-03-09 23:18:16,093{GMT}	INFO	[jepsen worker 4] jepsen.util: 4	:fail	:cas	[0 [1 1]]	[:key-does-not-exist "key not found"]
2026-03-09 23:18:16,108{GMT}	INFO	[jepsen worker 3] jepsen.util: 3	:fail	:cas	[0 [4 3]]	[:key-does-not-exist "key not found"]
2026-03-09 23:18:16,246{GMT}	INFO	[jepsen worker 3] jepsen.util: 3	:invoke	:write	[0 3]
2026-03-09 23:18:16,260{GMT}	INFO	[jepsen worker 5] jepsen.util: 5	:fail	:write	[0 3]	[:abort "Server response timeout"]
2026-03-09 23:18:16,322{GMT}	INFO	[jepsen worker 4] jepsen.util: 4	:invoke	:write	[0 3]
2026-03-09 23:18:16,396{GMT}	INFO	[jepsen worker 1] jepsen.util: 1	:fail	:read	[0 nil]	[:key-does-not-exist "not found"]
2026-03-09 23:18:16,411{GMT}	INFO	[jepsen worker 0] jepsen.util: 0	:fail	:read	[0 nil]	[:key-does-not-exist "not found"]
2026-03-09 23:18:16,414{GMT}	INFO	[jepsen worker 5] jepsen.util: 5	:invoke	:cas	[0 [0 1]]
2026-03-09 23:18:16,511{GMT}	INFO	[jepsen worker 0] jepsen.util: 0	:invoke	:read	[0 nil]
2026-03-09 23:18:16,565{GMT}	INFO	[jepsen worker 2] jepsen.util: 2	:fail	:read	[0 nil]	[:key-does-not-exist "not found"]
2026-03-09 23:18:16,671{GMT}	INFO	[jepsen worker 1] jepsen.util: 1	:invoke	:read	[0 nil]
2026-03-09 23:18:16,700{GMT}	INFO	[jepsen worker 2] jepsen.util: 2	:invoke	:read	[0 nil]
2026-03-09 23:18:16,701{GMT}	INFO	[jepsen worker 4] jepsen.util: 4	:fail	:write	[0 3]	[:abort "Server response timeout"]
2026-03-09 23:18:16,711{GMT}	INFO	[jepsen worker 4] jepsen.util: 4	:invoke	:cas	[0 [2 2]]
2026-03-09 23:18:16,716{GMT}	INFO	[jepsen worker 3] jepsen.util: 3	:fail	:write	[0 3]	[:abort "Server response timeout"]
2026-03-09 23:18:16,869{GMT}	INFO	[jepsen worker 5] jepsen.util: 5	:fail	:cas	[0 [0 1]]	[:key-does-not-exist "key not found"]
2026-03-09 23:18:16,910{GMT}	INFO	[jepsen worker 3] jepsen.util: 3	:invoke	:write	[0 1]
2026-03-09 23:18:16,918{GMT}	INFO	[jepsen worker 5] jepsen.util: 5	:invoke	:cas	[0 [2 4]]
2026-03-09 23:18:17,005{GMT}	INFO	[jepsen worker 1] jepsen.util: 1	:fail	:read	[0 nil]	[:key-does-not-exist "not found"]
2026-03-09 23:18:17,006{GMT}	INFO	[jepsen worker 1] jepsen.util: 1	:invoke	:read	[0 nil]
2026-03-09 23:18:17,021{GMT}	INFO	[jepsen worker 0] jepsen.util: 0	:fail	:read	[0 nil]	[:key-does-not-exist "not found"]
2026-03-09 23:18:17,119{GMT}	INFO	[jepsen worker 0] jepsen.util: 0	:invoke	:read	[0 nil]
2026-03-09 23:18:17,174{GMT}	INFO	[jepsen worker 2] jepsen.util: 2	:fail	:read	[0 nil]	[:key-does-not-exist "not found"]
2026-03-09 23:18:17,266{GMT}	INFO	[jepsen worker 2] jepsen.util: 2	:invoke	:read	[0 nil]
2026-03-09 23:18:17,310{GMT}	INFO	[jepsen worker 4] jepsen.util: 4	:fail	:cas	[0 [2 2]]	[:key-does-not-exist "key not found"]
2026-03-09 23:18:17,328{GMT}	INFO	[jepsen worker 3] jepsen.util: 3	:fail	:write	[0 1]	[:abort "Server response timeout"]
2026-03-09 23:18:17,347{GMT}	INFO	[jepsen worker 3] jepsen.util: 3	:invoke	:cas	[0 [2 3]]
2026-03-09 23:18:17,350{GMT}	INFO	[jepsen worker 4] jepsen.util: 4	:invoke	:cas	[0 [3 2]]
2026-03-09 23:18:17,476{GMT}	INFO	[jepsen worker 5] jepsen.util: 5	:fail	:cas	[0 [2 4]]	[:key-does-not-exist "key not found"]
2026-03-09 23:18:17,477{GMT}	INFO	[jepsen worker 5] jepsen.util: 5	:invoke	:cas	[0 [0 1]]
2026-03-09 23:18:17,614{GMT}	INFO	[jepsen worker 1] jepsen.util: 1	:fail	:read	[0 nil]	[:key-does-not-exist "not found"]
2026-03-09 23:18:17,614{GMT}	INFO	[jepsen worker 1] jepsen.util: 1	:invoke	:read	[0 nil]
2026-03-09 23:18:17,631{GMT}	INFO	[jepsen worker 0] jepsen.util: 0	:fail	:read	[0 nil]	[:key-does-not-exist "not found"]
2026-03-09 23:18:17,687{GMT}	INFO	[jepsen worker 0] jepsen.util: 0	:invoke	:read	[0 nil]
2026-03-09 23:18:17,780{GMT}	INFO	[jepsen worker 2] jepsen.util: 2	:fail	:read	[0 nil]	[:key-does-not-exist "not found"]
2026-03-09 23:18:17,781{GMT}	INFO	[jepsen worker 2] jepsen.util: 2	:invoke	:read	[0 nil]
2026-03-09 23:18:17,918{GMT}	INFO	[jepsen worker 4] jepsen.util: 4	:fail	:cas	[0 [3 2]]	[:key-does-not-exist "key not found"]
2026-03-09 23:18:17,919{GMT}	INFO	[jepsen worker 4] jepsen.util: 4	:invoke	:cas	[0 [3 1]]
2026-03-09 23:18:17,935{GMT}	INFO	[jepsen worker 3] jepsen.util: 3	:fail	:cas	[0 [2 3]]	[:key-does-not-exist "key not found"]
2026-03-09 23:18:18,062{GMT}	INFO	[jepsen worker 3] jepsen.util: 3	:invoke	:write	[0 0]
2026-03-09 23:18:18,083{GMT}	INFO	[jepsen worker 5] jepsen.util: 5	:fail	:cas	[0 [0 1]]	[:key-does-not-exist "key not found"]
2026-03-09 23:18:18,092{GMT}	INFO	[jepsen worker 5] jepsen.util: 5	:invoke	:write	[0 4]
2026-03-09 23:18:18,223{GMT}	INFO	[jepsen worker 1] jepsen.util: 1	:fail	:read	[0 nil]	[:key-does-not-exist "not found"]
2026-03-09 23:18:18,239{GMT}	INFO	[jepsen worker 0] jepsen.util: 0	:fail	:read	[0 nil]	[:key-does-not-exist "not found"]
2026-03-09 23:18:18,264{GMT}	INFO	[jepsen worker 0] jepsen.util: 0	:invoke	:read	[0 nil]
2026-03-09 23:18:18,361{GMT}	INFO	[jepsen worker 1] jepsen.util: 1	:invoke	:read	[0 nil]
2026-03-09 23:18:18,387{GMT}	INFO	[jepsen worker 2] jepsen.util: 2	:fail	:read	[0 nil]	[:key-does-not-exist "not found"]
2026-03-09 23:18:18,457{GMT}	INFO	[jepsen worker 2] jepsen.util: 2	:invoke	:read	[0 nil]
2026-03-09 23:18:18,528{GMT}	INFO	[jepsen worker 4] jepsen.util: 4	:fail	:cas	[0 [3 1]]	[:key-does-not-exist "key not found"]
2026-03-09 23:18:18,542{GMT}	INFO	[jepsen worker 3] jepsen.util: 3	:fail	:write	[0 0]	[:abort "Server response timeout"]
2026-03-09 23:18:18,656{GMT}	INFO	[jepsen worker 3] jepsen.util: 3	:invoke	:cas	[0 [2 4]]
2026-03-09 23:18:18,689{GMT}	INFO	[jepsen worker 5] jepsen.util: 5	:fail	:write	[0 4]	[:abort "Server response timeout"]
2026-03-09 23:18:18,832{GMT}	INFO	[jepsen worker 1] jepsen.util: 1	:fail	:read	[0 nil]	[:key-does-not-exist "not found"]
2026-03-09 23:18:18,846{GMT}	INFO	[jepsen worker 0] jepsen.util: 0	:fail	:read	[0 nil]	[:key-does-not-exist "not found"]
2026-03-09 23:18:18,846{GMT}	INFO	[jepsen worker 1] jepsen.util: 1	:invoke	:read	[0 nil]
2026-03-09 23:18:18,914{GMT}	INFO	[jepsen worker 5] jepsen.util: 5	:invoke	:cas	[0 [4 4]]
2026-03-09 23:18:18,993{GMT}	INFO	[jepsen worker 2] jepsen.util: 2	:fail	:read	[0 nil]	[:key-does-not-exist "not found"]
2026-03-09 23:18:19,069{GMT}	INFO	[jepsen worker 0] jepsen.util: 0	:invoke	:read	[0 nil]
2026-03-09 23:18:19,127{GMT}	INFO	[jepsen worker 4] jepsen.util: 4	:invoke	:cas	[0 [4 3]]
2026-03-09 23:18:19,151{GMT}	INFO	[jepsen worker 3] jepsen.util: 3	:fail	:cas	[0 [2 4]]	[:key-does-not-exist "key not found"]
2026-03-09 23:18:19,151{GMT}	INFO	[jepsen worker 1] jepsen.util: 1	:fail	:read	[0 nil]	[:key-does-not-exist "not found"]
2026-03-09 23:18:19,236{GMT}	INFO	[jepsen worker 1] jepsen.util: 1	:invoke	:read	[0 nil]
2026-03-09 23:18:19,297{GMT}	INFO	[jepsen worker 5] jepsen.util: 5	:fail	:cas	[0 [4 4]]	[:key-does-not-exist "key not found"]
2026-03-09 23:18:19,396{GMT}	INFO	[jepsen worker 2] jepsen.util: 2	:invoke	:read	[0 nil]
2026-03-09 23:18:19,456{GMT}	INFO	[jepsen worker 0] jepsen.util: 0	:fail	:read	[0 nil]	[:key-does-not-exist "not found"]
2026-03-09 23:18:19,456{GMT}	INFO	[jepsen worker 4] jepsen.util: 4	:fail	:cas	[0 [4 3]]	[:key-does-not-exist "key not found"]
2026-03-09 23:18:19,525{GMT}	INFO	[jepsen worker 3] jepsen.util: 3	:invoke	:write	[0 3]
2026-03-09 23:18:19,687{GMT}	INFO	[jepsen worker 0] jepsen.util: 0	:invoke	:read	[0 nil]
2026-03-09 23:18:19,701{GMT}	INFO	[jepsen worker 2] jepsen.util: 2	:fail	:read	[0 nil]	[:key-does-not-exist "not found"]
2026-03-09 23:18:19,716{GMT}	INFO	[jepsen worker 5] jepsen.util: 5	:invoke	:cas	[0 [1 3]]
2026-03-09 23:18:19,731{GMT}	INFO	[jepsen worker 2] jepsen.util: 2	:invoke	:read	[0 nil]
2026-03-09 23:18:19,758{GMT}	INFO	[jepsen worker 1] jepsen.util: 1	:fail	:read	[0 nil]	[:key-does-not-exist "not found"]
2026-03-09 23:18:19,758{GMT}	INFO	[jepsen worker 4] jepsen.util: 4	:invoke	:cas	[0 [3 2]]
2026-03-09 23:18:19,834{GMT}	INFO	[jepsen worker 3] jepsen.util: 3	:fail	:write	[0 3]	[:abort "Server response timeout"]
2026-03-09 23:18:19,884{GMT}	INFO	[jepsen worker 1] jepsen.util: 1	:invoke	:read	[0 nil]
2026-03-09 23:18:20,012{GMT}	INFO	[jepsen worker 3] jepsen.util: 3	:invoke	:cas	[0 [1 4]]
2026-03-09 23:18:20,022{GMT}	INFO	[jepsen worker 5] jepsen.util: 5	:fail	:cas	[0 [1 3]]	[:key-does-not-exist "key not found"]
2026-03-09 23:18:20,064{GMT}	INFO	[jepsen worker 4] jepsen.util: 4	:fail	:cas	[0 [3 2]]	[:key-does-not-exist "key not found"]
2026-03-09 23:18:20,080{GMT}	INFO	[jepsen worker 4] jepsen.util: 4	:invoke	:write	[0 1]
2026-03-09 23:18:20,139{GMT}	INFO	[jepsen worker 0] jepsen.util: 0	:fail	:read	[0 nil]	[:key-does-not-exist "not found"]
2026-03-09 23:18:20,262{GMT}	INFO	[jepsen worker 0] jepsen.util: 0	:invoke	:read	[0 nil]
2026-03-09 23:18:20,328{GMT}	INFO	[jepsen worker 2] jepsen.util: 2	:fail	:read	[0 nil]	[:key-does-not-exist "not found"]
2026-03-09 23:18:20,369{GMT}	INFO	[jepsen worker 1] jepsen.util: 1	:fail	:read	[0 nil]	[:key-does-not-exist "not found"]
2026-03-09 23:18:20,444{GMT}	INFO	[jepsen worker 3] jepsen.util: 3	:fail	:cas	[0 [1 4]]	[:key-does-not-exist "key not found"]
2026-03-09 23:18:20,461{GMT}	INFO	[jepsen worker 5] jepsen.util: 5	:invoke	:cas	[0 [2 1]]
2026-03-09 23:18:20,474{GMT}	INFO	[jepsen worker 1] jepsen.util: 1	:invoke	:read	[0 nil]
2026-03-09 23:18:20,504{GMT}	INFO	[jepsen worker 2] jepsen.util: 2	:invoke	:read	[0 nil]
2026-03-09 23:18:20,654{GMT}	INFO	[jepsen worker 3] jepsen.util: 3	:invoke	:cas	[0 [1 3]]
2026-03-09 23:18:20,672{GMT}	INFO	[jepsen worker 4] jepsen.util: 4	:fail	:write	[0 1]	[:abort "Server response timeout"]
2026-03-09 23:18:20,710{GMT}	INFO	[jepsen worker 4] jepsen.util: 4	:invoke	:cas	[0 [0 2]]
2026-03-09 23:18:20,747{GMT}	INFO	[jepsen worker 0] jepsen.util: 0	:fail	:read	[0 nil]	[:key-does-not-exist "not found"]
2026-03-09 23:18:20,759{GMT}	INFO	[jepsen worker 0] jepsen.util: 0	:invoke	:read	[0 nil]
2026-03-09 23:18:20,766{GMT}	INFO	[jepsen worker 5] jepsen.util: 5	:fail	:cas	[0 [2 1]]	[:key-does-not-exist "key not found"]
2026-03-09 23:18:20,865{GMT}	INFO	[jepsen worker 5] jepsen.util: 5	:invoke	:cas	[0 [3 0]]
2026-03-09 23:18:20,977{GMT}	INFO	[jepsen worker 1] jepsen.util: 1	:fail	:read	[0 nil]	[:key-does-not-exist "not found"]
2026-03-09 23:18:21,035{GMT}	INFO	[jepsen worker 1] jepsen.util: 1	:invoke	:read	[0 nil]
2026-03-09 23:18:21,051{GMT}	INFO	[jepsen worker 3] jepsen.util: 3	:fail	:cas	[0 [1 3]]	[:key-does-not-exist "key not found"]
2026-03-09 23:18:21,051{GMT}	INFO	[jepsen worker 3] jepsen.util: 3	:invoke	:cas	[0 [4 3]]
2026-03-09 23:18:21,073{GMT}	INFO	[jepsen worker 2] jepsen.util: 2	:fail	:read	[0 nil]	[:key-does-not-exist "not found"]
2026-03-09 23:18:21,213{GMT}	INFO	[jepsen worker 2] jepsen.util: 2	:invoke	:read	[0 nil]
2026-03-09 23:18:21,280{GMT}	INFO	[jepsen worker 4] jepsen.util: 4	:fail	:cas	[0 [0 2]]	[:key-does-not-exist "key not found"]
2026-03-09 23:18:21,296{GMT}	INFO	[jepsen worker 4] jepsen.util: 4	:invoke	:cas	[0 [3 4]]
2026-03-09 23:18:21,354{GMT}	INFO	[jepsen worker 0] jepsen.util: 0	:fail	:read	[0 nil]	[:key-does-not-exist "not found"]
2026-03-09 23:18:21,375{GMT}	INFO	[jepsen worker 5] jepsen.util: 5	:fail	:cas	[0 [3 0]]	[:key-does-not-exist "key not found"]
2026-03-09 23:18:21,449{GMT}	INFO	[jepsen worker 5] jepsen.util: 5	:invoke	:cas	[0 [4 4]]
2026-03-09 23:18:21,479{GMT}	INFO	[jepsen worker 0] jepsen.util: 0	:invoke	:read	[0 nil]
2026-03-09 23:18:21,583{GMT}	INFO	[jepsen worker 1] jepsen.util: 1	:fail	:read	[0 nil]	[:key-does-not-exist "not found"]
2026-03-09 23:18:21,657{GMT}	INFO	[jepsen worker 3] jepsen.util: 3	:fail	:cas	[0 [4 3]]	[:key-does-not-exist "key not found"]
2026-03-09 23:18:21,670{GMT}	INFO	[jepsen worker 3] jepsen.util: 3	:invoke	:write	[0 2]
2026-03-09 23:18:21,677{GMT}	INFO	[jepsen worker 2] jepsen.util: 2	:fail	:read	[0 nil]	[:key-does-not-exist "not found"]
2026-03-09 23:18:21,787{GMT}	INFO	[jepsen worker 1] jepsen.util: 1	:invoke	:read	[0 nil]
2026-03-09 23:18:21,824{GMT}	INFO	[jepsen worker 2] jepsen.util: 2	:invoke	:read	[0 nil]
2026-03-09 23:18:21,887{GMT}	INFO	[jepsen worker 4] jepsen.util: 4	:fail	:cas	[0 [3 4]]	[:key-does-not-exist "key not found"]
2026-03-09 23:18:21,941{GMT}	INFO	[jepsen worker 4] jepsen.util: 4	:invoke	:cas	[0 [0 0]]
2026-03-09 23:18:21,961{GMT}	INFO	[jepsen worker 0] jepsen.util: 0	:fail	:read	[0 nil]	[:key-does-not-exist "not found"]
2026-03-09 23:18:21,981{GMT}	INFO	[jepsen worker 5] jepsen.util: 5	:fail	:cas	[0 [4 4]]	[:key-does-not-exist "key not found"]
2026-03-09 23:18:21,993{GMT}	INFO	[jepsen worker 0] jepsen.util: 0	:invoke	:read	[0 nil]
2026-03-09 23:18:22,024{GMT}	INFO	[jepsen worker 5] jepsen.util: 5	:invoke	:cas	[0 [0 4]]
2026-03-09 23:18:22,192{GMT}	INFO	[jepsen worker 1] jepsen.util: 1	:fail	:read	[0 nil]	[:key-does-not-exist "not found"]
2026-03-09 23:18:22,193{GMT}	INFO	[jepsen worker 1] jepsen.util: 1	:invoke	:read	[0 nil]
2026-03-09 23:18:22,266{GMT}	INFO	[jepsen worker 3] jepsen.util: 3	:fail	:write	[0 2]	[:abort "Server response timeout"]
2026-03-09 23:18:22,285{GMT}	INFO	[jepsen worker 2] jepsen.util: 2	:fail	:read	[0 nil]	[:key-does-not-exist "not found"]
2026-03-09 23:18:22,306{GMT}	INFO	[jepsen worker 3] jepsen.util: 3	:invoke	:write	[0 2]
2026-03-09 23:18:22,370{GMT}	INFO	[jepsen worker 2] jepsen.util: 2	:invoke	:read	[0 nil]
2026-03-09 23:18:22,496{GMT}	INFO	[jepsen worker 4] jepsen.util: 4	:fail	:cas	[0 [0 0]]	[:key-does-not-exist "key not found"]
2026-03-09 23:18:22,531{GMT}	INFO	[jepsen worker 4] jepsen.util: 4	:invoke	:cas	[0 [4 2]]
2026-03-09 23:18:22,570{GMT}	INFO	[jepsen worker 0] jepsen.util: 0	:fail	:read	[0 nil]	[:key-does-not-exist "not found"]
2026-03-09 23:18:22,590{GMT}	INFO	[jepsen worker 5] jepsen.util: 5	:fail	:cas	[0 [0 4]]	[:key-does-not-exist "key not found"]
2026-03-09 23:18:22,733{GMT}	INFO	[jepsen worker 0] jepsen.util: 0	:invoke	:read	[0 nil]
2026-03-09 23:18:22,763{GMT}	INFO	[jepsen worker 5] jepsen.util: 5	:invoke	:write	[0 0]
2026-03-09 23:18:22,799{GMT}	INFO	[jepsen worker 1] jepsen.util: 1	:fail	:read	[0 nil]	[:key-does-not-exist "not found"]
2026-03-09 23:18:22,831{GMT}	INFO	[jepsen worker 1] jepsen.util: 1	:invoke	:read	[0 nil]
2026-03-09 23:18:22,874{GMT}	INFO	[jepsen worker 3] jepsen.util: 3	:fail	:write	[0 2]	[:abort "Server response timeout"]
2026-03-09 23:18:22,891{GMT}	INFO	[jepsen worker 2] jepsen.util: 2	:fail	:read	[0 nil]	[:key-does-not-exist "not found"]
2026-03-09 23:18:23,025{GMT}	INFO	[jepsen worker 3] jepsen.util: 3	:invoke	:cas	[0 [2 4]]
2026-03-09 23:18:23,103{GMT}	INFO	[jepsen worker 4] jepsen.util: 4	:fail	:cas	[0 [4 2]]	[:key-does-not-exist "key not found"]
2026-03-09 23:18:23,179{GMT}	INFO	[jepsen worker 0] jepsen.util: 0	:fail	:read	[0 nil]	[:key-does-not-exist "not found"]
2026-03-09 23:18:23,180{GMT}	INFO	[jepsen worker 4] jepsen.util: 4	:invoke	:write	[0 1]
2026-03-09 23:18:23,196{GMT}	INFO	[jepsen worker 5] jepsen.util: 5	:fail	:write	[0 0]	[:abort "Server response timeout"]
2026-03-09 23:18:23,335{GMT}	INFO	[jepsen worker 0] jepsen.util: 0	:invoke	:read	[0 nil]
2026-03-09 23:18:23,406{GMT}	INFO	[jepsen worker 1] jepsen.util: 1	:fail	:read	[0 nil]	[:key-does-not-exist "not found"]
2026-03-09 23:18:23,475{GMT}	INFO	[jepsen worker 5] jepsen.util: 5	:invoke	:write	[0 3]
2026-03-09 23:18:23,481{GMT}	INFO	[jepsen worker 3] jepsen.util: 3	:fail	:cas	[0 [2 4]]	[:key-does-not-exist "key not found"]
2026-03-09 23:18:23,613{GMT}	INFO	[jepsen worker 1] jepsen.util: 1	:invoke	:read	[0 nil]
2026-03-09 23:18:23,678{GMT}	INFO	[jepsen worker 3] jepsen.util: 3	:invoke	:cas	[0 [0 3]]
2026-03-09 23:18:23,711{GMT}	INFO	[jepsen worker 4] jepsen.util: 4	:fail	:write	[0 1]	[:abort "Server response timeout"]
2026-03-09 23:18:23,782{GMT}	INFO	[jepsen worker 5] jepsen.util: 5	:fail	:write	[0 3]	[:abort "Server response timeout"]
2026-03-09 23:18:23,784{GMT}	INFO	[jepsen worker 0] jepsen.util: 0	:fail	:read	[0 nil]	[:key-does-not-exist "not found"]
2026-03-09 23:18:23,851{GMT}	INFO	[jepsen worker 2] jepsen.util: 2	:invoke	:read	[0 nil]
2026-03-09 23:18:23,927{GMT}	INFO	[jepsen worker 0] jepsen.util: 0	:invoke	:read	[0 nil]
2026-03-09 23:18:24,023{GMT}	INFO	[jepsen worker 1] jepsen.util: 1	:fail	:read	[0 nil]	[:key-does-not-exist "not found"]
2026-03-09 23:18:24,054{GMT}	INFO	[jepsen worker 1] jepsen.util: 1	:invoke	:read	[0 nil]
2026-03-09 23:18:24,088{GMT}	INFO	[jepsen worker 3] jepsen.util: 3	:fail	:cas	[0 [0 3]]	[:key-does-not-exist "key not found"]
2026-03-09 23:18:24,123{GMT}	INFO	[jepsen worker 5] jepsen.util: 5	:invoke	:write	[0 0]
2026-03-09 23:18:24,125{GMT}	INFO	[jepsen worker 3] jepsen.util: 3	:invoke	:write	[0 4]
2026-03-09 23:18:24,157{GMT}	INFO	[jepsen worker 2] jepsen.util: 2	:fail	:read	[0 nil]	[:key-does-not-exist "not found"]
2026-03-09 23:18:24,305{GMT}	INFO	[jepsen worker 4] jepsen.util: 4	:invoke	:cas	[0 [4 1]]
2026-03-09 23:18:24,358{GMT}	INFO	[jepsen worker 1] jepsen.util: 1	:fail	:read	[0 nil]	[:key-does-not-exist "not found"]
2026-03-09 23:18:24,392{GMT}	INFO	[jepsen worker 0] jepsen.util: 0	:fail	:read	[0 nil]	[:key-does-not-exist "not found"]
2026-03-09 23:18:24,434{GMT}	INFO	[jepsen worker 1] jepsen.util: 1	:invoke	:read	[0 nil]
2026-03-09 23:18:24,462{GMT}	INFO	[jepsen worker 5] jepsen.util: 5	:fail	:write	[0 0]	[:abort "Server response timeout"]
2026-03-09 23:18:24,537{GMT}	INFO	[jepsen worker 2] jepsen.util: 2	:invoke	:read	[0 nil]
2026-03-09 23:18:24,661{GMT}	INFO	[jepsen worker 4] jepsen.util: 4	:fail	:cas	[0 [4 1]]	[:key-does-not-exist "key not found"]
2026-03-09 23:18:24,677{GMT}	INFO	[jepsen worker 0] jepsen.util: 0	:invoke	:read	[0 nil]
2026-03-09 23:18:24,695{GMT}	INFO	[jepsen worker 3] jepsen.util: 3	:fail	:write	[0 4]	[:abort "Server response timeout"]
2026-03-09 23:18:24,844{GMT}	INFO	[jepsen worker 2] jepsen.util: 2	:fail	:read	[0 nil]	[:key-does-not-exist "not found"]
2026-03-09 23:18:24,866{GMT}	INFO	[jepsen worker 4] jepsen.util: 4	:invoke	:cas	[0 [0 0]]
2026-03-09 23:18:24,965{GMT}	INFO	[jepsen worker 1] jepsen.util: 1	:fail	:read	[0 nil]	[:key-does-not-exist "not found"]
2026-03-09 23:18:24,966{GMT}	INFO	[jepsen worker 1] jepsen.util: 1	:invoke	:read	[0 nil]
2026-03-09 23:18:24,999{GMT}	INFO	[jepsen worker 0] jepsen.util: 0	:fail	:read	[0 nil]	[:key-does-not-exist "not found"]
2026-03-09 23:18:25,139{GMT}	INFO	[jepsen worker 0] jepsen.util: 0	:invoke	:read	[0 nil]
2026-03-09 23:18:25,271{GMT}	INFO	[jepsen worker 4] jepsen.util: 4	:fail	:cas	[0 [0 0]]	[:key-does-not-exist "key not found"]
2026-03-09 23:18:25,273{GMT}	INFO	[jepsen worker 2] jepsen.util: 2	:invoke	:read	[0 nil]
2026-03-09 23:18:25,303{GMT}	INFO	[jepsen worker 3] jepsen.util: 3	:invoke	:cas	[0 [2 2]]
2026-03-09 23:18:25,379{GMT}	INFO	[jepsen worker 4] jepsen.util: 4	:invoke	:cas	[0 [3 2]]
2026-03-09 23:18:25,426{GMT}	INFO	[jepsen worker 5] jepsen.util: 5	:invoke	:write	[0 0]
2026-03-09 23:18:25,446{GMT}	INFO	[jepsen worker 0] jepsen.util: 0	:fail	:read	[0 nil]	[:key-does-not-exist "not found"]
2026-03-09 23:18:25,446{GMT}	INFO	[jepsen worker 0] jepsen.util: 0	:invoke	:read	[0 nil]
2026-03-09 23:18:25,574{GMT}	INFO	[jepsen worker 1] jepsen.util: 1	:fail	:read	[0 nil]	[:key-does-not-exist "not found"]
2026-03-09 23:18:25,576{GMT}	INFO	[jepsen worker 2] jepsen.util: 2	:fail	:read	[0 nil]	[:key-does-not-exist "not found"]
2026-03-09 23:18:25,644{GMT}	INFO	[jepsen worker 1] jepsen.util: 1	:invoke	:read	[0 nil]
2026-03-09 23:18:25,748{GMT}	INFO	[jepsen worker 3] jepsen.util: 3	:fail	:cas	[0 [2 2]]	[:key-does-not-exist "key not found"]
2026-03-09 23:18:25,811{GMT}	INFO	[jepsen worker 3] jepsen.util: 3	:invoke	:cas	[0 [4 2]]
2026-03-09 23:18:25,878{GMT}	INFO	[jepsen worker 4] jepsen.util: 4	:fail	:cas	[0 [3 2]]	[:key-does-not-exist "key not found"]
2026-03-09 23:18:25,878{GMT}	INFO	[jepsen worker 5] jepsen.util: 5	:fail	:write	[0 0]	[:abort "Server response timeout"]
2026-03-09 23:18:25,946{GMT}	INFO	[jepsen worker 4] jepsen.util: 4	:invoke	:cas	[0 [4 2]]
2026-03-09 23:18:26,054{GMT}	INFO	[jepsen worker 0] jepsen.util: 0	:fail	:read	[0 nil]	[:key-does-not-exist "not found"]
2026-03-09 23:18:26,130{GMT}	INFO	[jepsen worker 2] jepsen.util: 2	:invoke	:read	[0 nil]
2026-03-09 23:18:26,181{GMT}	INFO	[jepsen worker 1] jepsen.util: 1	:fail	:read	[0 nil]	[:key-does-not-exist "not found"]
2026-03-09 23:18:26,320{GMT}	INFO	[jepsen worker 0] jepsen.util: 0	:invoke	:read	[0 nil]
2026-03-09 23:18:26,329{GMT}	INFO	[jepsen worker 5] jepsen.util: 5	:invoke	:cas	[0 [0 3]]
2026-03-09 23:18:26,355{GMT}	INFO	[jepsen worker 3] jepsen.util: 3	:fail	:cas	[0 [4 2]]	[:key-does-not-exist "key not found"]
2026-03-09 23:18:26,436{GMT}	INFO	[jepsen worker 2] jepsen.util: 2	:fail	:read	[0 nil]	[:key-does-not-exist "not found"]
2026-03-09 23:18:26,483{GMT}	INFO	[jepsen worker 4] jepsen.util: 4	:fail	:cas	[0 [4 2]]	[:key-does-not-exist "key not found"]
2026-03-09 23:18:26,502{GMT}	INFO	[jepsen worker 4] jepsen.util: 4	:invoke	:write	[0 2]
2026-03-09 23:18:26,659{GMT}	INFO	[jepsen worker 0] jepsen.util: 0	:fail	:read	[0 nil]	[:key-does-not-exist "not found"]
2026-03-09 23:18:26,682{GMT}	INFO	[jepsen worker 0] jepsen.util: 0	:invoke	:read	[0 nil]
2026-03-09 23:18:26,724{GMT}	INFO	[jepsen worker 1] jepsen.util: 1	:invoke	:read	[0 nil]
2026-03-09 23:18:26,728{GMT}	INFO	[jepsen worker 3] jepsen.util: 3	:invoke	:cas	[0 [3 4]]
2026-03-09 23:18:26,739{GMT}	INFO	[jepsen worker 5] jepsen.util: 5	:fail	:cas	[0 [0 3]]	[:key-does-not-exist "key not found"]
2026-03-09 23:18:26,808{GMT}	INFO	[jepsen worker 4] jepsen.util: 4	:fail	:write	[0 2]	[:abort "Server response timeout"]
2026-03-09 23:18:26,882{GMT}	INFO	[jepsen worker 2] jepsen.util: 2	:invoke	:read	[0 nil]
2026-03-09 23:18:26,990{GMT}	INFO	[jepsen worker 0] jepsen.util: 0	:fail	:read	[0 nil]	[:key-does-not-exist "not found"]
2026-03-09 23:18:27,017{GMT}	INFO	[jepsen worker 4] jepsen.util: 4	:invoke	:write	[0 3]
2026-03-09 23:18:27,112{GMT}	INFO	[jepsen worker 1] jepsen.util: 1	:fail	:read	[0 nil]	[:key-does-not-exist "not found"]
2026-03-09 23:18:27,186{GMT}	INFO	[jepsen worker 2] jepsen.util: 2	:fail	:read	[0 nil]	[:key-does-not-exist "not found"]
2026-03-09 23:18:27,196{GMT}	INFO	[jepsen worker 0] jepsen.util: 0	:invoke	:read	[0 nil]
2026-03-09 23:18:27,226{GMT}	INFO	[jepsen worker 1] jepsen.util: 1	:invoke	:read	[0 nil]
2026-03-09 23:18:27,295{GMT}	INFO	[jepsen worker 3] jepsen.util: 3	:fail	:cas	[0 [3 4]]	[:key-does-not-exist "key not found"]
2026-03-09 23:18:27,327{GMT}	INFO	[jepsen worker 2] jepsen.util: 2	:invoke	:read	[0 nil]
2026-03-09 23:18:27,417{GMT}	INFO	[jepsen worker 4] jepsen.util: 4	:fail	:write	[0 3]	[:abort "Server response timeout"]
2026-03-09 23:18:27,522{GMT}	INFO	[jepsen worker 3] jepsen.util: 3	:invoke	:cas	[0 [2 3]]
2026-03-09 23:18:27,598{GMT}	INFO	[jepsen worker 0] jepsen.util: 0	:fail	:read	[0 nil]	[:key-does-not-exist "not found"]
2026-03-09 23:18:27,634{GMT}	INFO	[jepsen worker 2] jepsen.util: 2	:fail	:read	[0 nil]	[:key-does-not-exist "not found"]
2026-03-09 23:18:27,634{GMT}	INFO	[jepsen worker 4] jepsen.util: 4	:invoke	:write	[0 0]
2026-03-09 23:18:27,722{GMT}	INFO	[jepsen worker 1] jepsen.util: 1	:fail	:read	[0 nil]	[:key-does-not-exist "not found"]
2026-03-09 23:18:27,752{GMT}	INFO	[jepsen worker 5] jepsen.util: 5	:invoke	:write	[0 1]
2026-03-09 23:18:27,833{GMT}	INFO	[jepsen worker 2] jepsen.util: 2	:invoke	:read	[0 nil]
2026-03-09 23:18:27,868{GMT}	INFO	[jepsen worker 0] jepsen.util: 0	:invoke	:read	[0 nil]
2026-03-09 23:18:27,902{GMT}	INFO	[jepsen worker 3] jepsen.util: 3	:fail	:cas	[0 [2 3]]	[:key-does-not-exist "key not found"]
2026-03-09 23:18:28,028{GMT}	INFO	[jepsen worker 4] jepsen.util: 4	:fail	:write	[0 0]	[:abort "Server response timeout"]
2026-03-09 23:18:28,033{GMT}	INFO	[jepsen worker 1] jepsen.util: 1	:invoke	:read	[0 nil]
2026-03-09 23:18:28,061{GMT}	INFO	[jepsen worker 5] jepsen.util: 5	:fail	:write	[0 1]	[:abort "Server response timeout"]
2026-03-09 23:18:28,092{GMT}	INFO	[jepsen worker 5] jepsen.util: 5	:invoke	:write	[0 2]
2026-03-09 23:18:28,158{GMT}	INFO	[jepsen worker 3] jepsen.util: 3	:invoke	:write	[0 2]
2026-03-09 23:18:28,207{GMT}	INFO	[jepsen worker 0] jepsen.util: 0	:fail	:read	[0 nil]	[:key-does-not-exist "not found"]
2026-03-09 23:18:28,342{GMT}	INFO	[jepsen worker 1] jepsen.util: 1	:fail	:read	[0 nil]	[:key-does-not-exist "not found"]
2026-03-09 23:18:28,342{GMT}	INFO	[jepsen worker 4] jepsen.util: 4	:invoke	:cas	[0 [2 2]]
2026-03-09 23:18:28,365{GMT}	INFO	[jepsen worker 2] jepsen.util: 2	:fail	:read	[0 nil]	[:key-does-not-exist "not found"]
2026-03-09 23:18:28,464{GMT}	INFO	[jepsen worker 1] jepsen.util: 1	:invoke	:read	[0 nil]
2026-03-09 23:18:28,511{GMT}	INFO	[jepsen worker 3] jepsen.util: 3	:fail	:write	[0 2]	[:abort "Server response timeout"]
2026-03-09 23:18:28,607{GMT}	INFO	[jepsen worker 3] jepsen.util: 3	:invoke	:cas	[0 [3 1]]
2026-03-09 23:18:28,614{GMT}	INFO	[jepsen worker 0] jepsen.util: 0	:invoke	:read	[0 nil]
2026-03-09 23:18:28,647{GMT}	INFO	[jepsen worker 4] jepsen.util: 4	:fail	:cas	[0 [2 2]]	[:key-does-not-exist "key not found"]
2026-03-09 23:18:28,669{GMT}	INFO	[jepsen worker 5] jepsen.util: 5	:fail	:write	[0 2]	[:abort "Server response timeout"]
2026-03-09 23:18:28,751{GMT}	INFO	[jepsen worker 2] jepsen.util: 2	:invoke	:read	[0 nil]
2026-03-09 23:18:28,904{GMT}	INFO	[jepsen worker 5] jepsen.util: 5	:invoke	:cas	[0 [0 3]]
2026-03-09 23:18:28,914{GMT}	INFO	[jepsen worker 3] jepsen.util: 3	:fail	:cas	[0 [3 1]]	[:key-does-not-exist "key not found"]
2026-03-09 23:18:28,952{GMT}	INFO	[jepsen worker 1] jepsen.util: 1	:fail	:read	[0 nil]	[:key-does-not-exist "not found"]
2026-03-09 23:18:29,056{GMT}	INFO	[jepsen worker 2] jepsen.util: 2	:fail	:read	[0 nil]	[:key-does-not-exist "not found"]
2026-03-09 23:18:29,079{GMT}	INFO	[jepsen worker 1] jepsen.util: 1	:invoke	:read	[0 nil]
2026-03-09 23:18:29,168{GMT}	INFO	[jepsen worker 3] jepsen.util: 3	:invoke	:write	[0 1]
2026-03-09 23:18:29,169{GMT}	INFO	[jepsen worker 4] jepsen.util: 4	:invoke	:cas	[0 [2 2]]
2026-03-09 23:18:29,220{GMT}	INFO	[jepsen worker 0] jepsen.util: 0	:fail	:read	[0 nil]	[:key-does-not-exist "not found"]
2026-03-09 23:18:29,230{GMT}	INFO	[jepsen worker 2] jepsen.util: 2	:invoke	:read	[0 nil]
2026-03-09 23:18:29,323{GMT}	INFO	[jepsen worker 0] jepsen.util: 0	:invoke	:read	[0 nil]
2026-03-09 23:18:29,359{GMT}	INFO	[jepsen worker 5] jepsen.util: 5	:fail	:cas	[0 [0 3]]	[:key-does-not-exist "key not found"]
2026-03-09 23:18:29,383{GMT}	INFO	[jepsen worker 1] jepsen.util: 1	:fail	:read	[0 nil]	[:key-does-not-exist "not found"]
2026-03-09 23:18:29,509{GMT}	INFO	[jepsen worker 1] jepsen.util: 1	:invoke	:read	[0 nil]
2026-03-09 23:18:29,519{GMT}	INFO	[jepsen worker 5] jepsen.util: 5	:invoke	:cas	[0 [2 2]]
2026-03-09 23:18:29,524{GMT}	INFO	[jepsen worker 3] jepsen.util: 3	:fail	:write	[0 1]	[:abort "Server response timeout"]
2026-03-09 23:18:29,595{GMT}	INFO	[jepsen worker 3] jepsen.util: 3	:invoke	:cas	[0 [0 4]]
2026-03-09 23:18:29,664{GMT}	INFO	[jepsen worker 2] jepsen.util: 2	:fail	:read	[0 nil]	[:key-does-not-exist "not found"]
2026-03-09 23:18:29,664{GMT}	INFO	[jepsen worker 2] jepsen.util: 2	:invoke	:read	[0 nil]
2026-03-09 23:18:29,688{GMT}	INFO	[jepsen worker 4] jepsen.util: 4	:fail	:cas	[0 [2 2]]	[:key-does-not-exist "key not found"]
2026-03-09 23:18:29,806{GMT}	INFO	[jepsen worker 4] jepsen.util: 4	:invoke	:cas	[0 [1 0]]
2026-03-09 23:18:29,828{GMT}	INFO	[jepsen worker 0] jepsen.util: 0	:fail	:read	[0 nil]	[:key-does-not-exist "not found"]
2026-03-09 23:18:29,842{GMT}	INFO	[jepsen worker 0] jepsen.util: 0	:invoke	:read	[0 nil]
2026-03-09 23:18:29,970{GMT}	INFO	[jepsen worker 5] jepsen.util: 5	:fail	:cas	[0 [2 2]]	[:key-does-not-exist "key not found"]
2026-03-09 23:18:29,970{GMT}	INFO	[jepsen worker 5] jepsen.util: 5	:invoke	:cas	[0 [0 0]]
2026-03-09 23:18:29,992{GMT}	INFO	[jepsen worker 1] jepsen.util: 1	:fail	:read	[0 nil]	[:key-does-not-exist "not found"]
2026-03-09 23:18:30,104{GMT}	INFO	[jepsen worker 1] jepsen.util: 1	:invoke	:read	[0 nil]
2026-03-09 23:18:30,133{GMT}	INFO	[jepsen worker 3] jepsen.util: 3	:fail	:cas	[0 [0 4]]	[:key-does-not-exist "key not found"]
2026-03-09 23:18:30,133{GMT}	INFO	[jepsen worker 3] jepsen.util: 3	:invoke	:cas	[0 [3 0]]
2026-03-09 23:18:30,276{GMT}	INFO	[jepsen worker 2] jepsen.util: 2	:fail	:read	[0 nil]	[:key-does-not-exist "not found"]
2026-03-09 23:18:30,276{GMT}	INFO	[jepsen worker 2] jepsen.util: 2	:invoke	:read	[0 nil]
2026-03-09 23:18:30,297{GMT}	INFO	[jepsen worker 4] jepsen.util: 4	:fail	:cas	[0 [1 0]]	[:key-does-not-exist "key not found"]
2026-03-09 23:18:30,318{GMT}	INFO	[jepsen worker 4] jepsen.util: 4	:invoke	:cas	[0 [0 3]]
2026-03-09 23:18:30,439{GMT}	INFO	[jepsen worker 0] jepsen.util: 0	:fail	:read	[0 nil]	[:key-does-not-exist "not found"]
2026-03-09 23:18:30,484{GMT}	INFO	[jepsen worker 0] jepsen.util: 0	:invoke	:read	[0 nil]
2026-03-09 23:18:30,581{GMT}	INFO	[jepsen worker 5] jepsen.util: 5	:fail	:cas	[0 [0 0]]	[:key-does-not-exist "key not found"]
2026-03-09 23:18:30,581{GMT}	INFO	[jepsen worker 5] jepsen.util: 5	:invoke	:cas	[0 [1 3]]
2026-03-09 23:18:30,602{GMT}	INFO	[jepsen worker 1] jepsen.util: 1	:fail	:read	[0 nil]	[:key-does-not-exist "not found"]
2026-03-09 23:18:30,730{GMT}	INFO	[jepsen worker 1] jepsen.util: 1	:invoke	:read	[0 nil]
2026-03-09 23:18:30,744{GMT}	INFO	[jepsen worker 3] jepsen.util: 3	:fail	:cas	[0 [3 0]]	[:key-does-not-exist "key not found"]
2026-03-09 23:18:30,846{GMT}	INFO	[jepsen worker 3] jepsen.util: 3	:invoke	:cas	[0 [2 1]]
2026-03-09 23:18:30,884{GMT}	INFO	[jepsen worker 2] jepsen.util: 2	:fail	:read	[0 nil]	[:key-does-not-exist "not found"]
2026-03-09 23:18:30,885{GMT}	INFO	[jepsen worker 2] jepsen.util: 2	:invoke	:read	[0 nil]
2026-03-09 23:18:30,906{GMT}	INFO	[jepsen worker 4] jepsen.util: 4	:fail	:cas	[0 [0 3]]	[:key-does-not-exist "key not found"]
2026-03-09 23:18:31,049{GMT}	INFO	[jepsen worker 0] jepsen.util: 0	:fail	:read	[0 nil]	[:key-does-not-exist "not found"]
2026-03-09 23:18:31,051{GMT}	INFO	[jepsen worker 4] jepsen.util: 4	:invoke	:write	[0 3]
2026-03-09 23:18:31,173{GMT}	INFO	[jepsen worker 0] jepsen.util: 0	:invoke	:read	[0 nil]
2026-03-09 23:18:31,189{GMT}	INFO	[jepsen worker 5] jepsen.util: 5	:fail	:cas	[0 [1 3]]	[:key-does-not-exist "key not found"]
2026-03-09 23:18:31,210{GMT}	INFO	[jepsen worker 1] jepsen.util: 1	:fail	:read	[0 nil]	[:key-does-not-exist "not found"]
2026-03-09 23:18:31,331{GMT}	INFO	[jepsen worker 5] jepsen.util: 5	:invoke	:write	[0 1]
2026-03-09 23:18:31,353{GMT}	INFO	[jepsen worker 3] jepsen.util: 3	:fail	:cas	[0 [2 1]]	[:key-does-not-exist "key not found"]
2026-03-09 23:18:31,373{GMT}	INFO	[jepsen worker 1] jepsen.util: 1	:invoke	:read	[0 nil]
2026-03-09 23:18:31,494{GMT}	INFO	[jepsen worker 2] jepsen.util: 2	:fail	:read	[0 nil]	[:key-does-not-exist "not found"]
2026-03-09 23:18:31,513{GMT}	INFO	[jepsen worker 2] jepsen.util: 2	:invoke	:read	[0 nil]
2026-03-09 23:18:31,514{GMT}	INFO	[jepsen worker 4] jepsen.util: 4	:fail	:write	[0 3]	[:abort "Server response timeout"]
2026-03-09 23:18:31,624{GMT}	INFO	[jepsen worker 4] jepsen.util: 4	:invoke	:cas	[0 [4 0]]
2026-03-09 23:18:31,657{GMT}	INFO	[jepsen worker 0] jepsen.util: 0	:fail	:read	[0 nil]	[:key-does-not-exist "not found"]
2026-03-09 23:18:31,657{GMT}	INFO	[jepsen worker 0] jepsen.util: 0	:invoke	:read	[0 nil]
2026-03-09 23:18:31,782{GMT}	INFO	[jepsen worker 3] jepsen.util: 3	:invoke	:cas	[0 [2 0]]
2026-03-09 23:18:31,797{GMT}	INFO	[jepsen worker 5] jepsen.util: 5	:fail	:write	[0 1]	[:abort "Server response timeout"]
2026-03-09 23:18:31,817{GMT}	INFO	[jepsen worker 1] jepsen.util: 1	:fail	:read	[0 nil]	[:key-does-not-exist "not found"]
2026-03-09 23:18:31,861{GMT}	INFO	[jepsen worker 1] jepsen.util: 1	:invoke	:read	[0 nil]
2026-03-09 23:18:31,964{GMT}	INFO	[jepsen worker 0] jepsen.util: 0	:fail	:read	[0 nil]	[:key-does-not-exist "not found"]
2026-03-09 23:18:32,054{GMT}	INFO	[jepsen worker 0] jepsen.util: 0	:invoke	:read	[0 nil]
2026-03-09 23:18:32,102{GMT}	INFO	[jepsen worker 2] jepsen.util: 2	:fail	:read	[0 nil]	[:key-does-not-exist "not found"]
2026-03-09 23:18:32,122{GMT}	INFO	[jepsen worker 4] jepsen.util: 4	:fail	:cas	[0 [4 0]]	[:key-does-not-exist "key not found"]
2026-03-09 23:18:32,162{GMT}	INFO	[jepsen worker 4] jepsen.util: 4	:invoke	:cas	[0 [4 3]]
2026-03-09 23:18:32,249{GMT}	INFO	[jepsen worker 2] jepsen.util: 2	:invoke	:read	[0 nil]
2026-03-09 23:18:32,264{GMT}	INFO	[jepsen worker 5] jepsen.util: 5	:invoke	:cas	[0 [2 1]]
2026-03-09 23:18:32,267{GMT}	INFO	[jepsen worker 3] jepsen.util: 3	:fail	:cas	[0 [2 0]]	[:key-does-not-exist "key not found"]
2026-03-09 23:18:32,363{GMT}	INFO	[jepsen worker 3] jepsen.util: 3	:invoke	:cas	[0 [2 2]]
2026-03-09 23:18:32,426{GMT}	INFO	[jepsen worker 1] jepsen.util: 1	:fail	:read	[0 nil]	[:key-does-not-exist "not found"]
2026-03-09 23:18:32,558{GMT}	INFO	[jepsen worker 2] jepsen.util: 2	:fail	:read	[0 nil]	[:key-does-not-exist "not found"]
2026-03-09 23:18:32,559{GMT}	INFO	[jepsen worker 1] jepsen.util: 1	:invoke	:read	[0 nil]
2026-03-09 23:18:32,573{GMT}	INFO	[jepsen worker 0] jepsen.util: 0	:fail	:read	[0 nil]	[:key-does-not-exist "not found"]
2026-03-09 23:18:32,642{GMT}	INFO	[jepsen worker 0] jepsen.util: 0	:invoke	:read	[0 nil]
2026-03-09 23:18:32,729{GMT}	INFO	[jepsen worker 4] jepsen.util: 4	:fail	:cas	[0 [4 3]]	[:key-does-not-exist "key not found"]
2026-03-09 23:18:32,790{GMT}	INFO	[jepsen worker 4] jepsen.util: 4	:invoke	:cas	[0 [3 1]]
2026-03-09 23:18:32,835{GMT}	INFO	[jepsen worker 2] jepsen.util: 2	:invoke	:read	[0 nil]
2026-03-09 23:18:32,863{GMT}	INFO	[jepsen worker 5] jepsen.util: 5	:fail	:cas	[0 [2 1]]	[:key-does-not-exist "key not found"]
2026-03-09 23:18:32,877{GMT}	INFO	[jepsen worker 3] jepsen.util: 3	:fail	:cas	[0 [2 2]]	[:key-does-not-exist "key not found"]
2026-03-09 23:18:33,001{GMT}	INFO	[jepsen worker 3] jepsen.util: 3	:invoke	:write	[0 0]
2026-03-09 23:18:33,034{GMT}	INFO	[jepsen worker 1] jepsen.util: 1	:fail	:read	[0 nil]	[:key-does-not-exist "not found"]
2026-03-09 23:18:33,168{GMT}	INFO	[jepsen worker 2] jepsen.util: 2	:fail	:read	[0 nil]	[:key-does-not-exist "not found"]
2026-03-09 23:18:33,183{GMT}	INFO	[jepsen worker 0] jepsen.util: 0	:fail	:read	[0 nil]	[:key-does-not-exist "not found"]
2026-03-09 23:18:33,197{GMT}	INFO	[jepsen worker 5] jepsen.util: 5	:invoke	:write	[0 4]
2026-03-09 23:18:33,220{GMT}	INFO	[jepsen worker 0] jepsen.util: 0	:invoke	:read	[0 nil]
2026-03-09 23:18:33,337{GMT}	INFO	[jepsen worker 4] jepsen.util: 4	:fail	:cas	[0 [3 1]]	[:key-does-not-exist "key not found"]
2026-03-09 23:18:33,390{GMT}	INFO	[jepsen worker 1] jepsen.util: 1	:invoke	:read	[0 nil]
2026-03-09 23:18:33,487{GMT}	INFO	[jepsen worker 3] jepsen.util: 3	:fail	:write	[0 0]	[:abort "Server response timeout"]
2026-03-09 23:18:33,503{GMT}	INFO	[jepsen worker 5] jepsen.util: 5	:fail	:write	[0 4]	[:abort "Server response timeout"]
2026-03-09 23:18:33,561{GMT}	INFO	[jepsen worker 3] jepsen.util: 3	:invoke	:cas	[0 [1 4]]
2026-03-09 23:18:33,696{GMT}	INFO	[jepsen worker 1] jepsen.util: 1	:fail	:read	[0 nil]	[:key-does-not-exist "not found"]
2026-03-09 23:18:33,715{GMT}	INFO	[jepsen worker 1] jepsen.util: 1	:invoke	:read	[0 nil]
2026-03-09 23:18:33,791{GMT}	INFO	[jepsen worker 0] jepsen.util: 0	:fail	:read	[0 nil]	[:key-does-not-exist "not found"]
2026-03-09 23:18:33,913{GMT}	INFO	[jepsen worker 2] jepsen.util: 2	:invoke	:read	[0 nil]
2026-03-09 23:18:33,939{GMT}	INFO	[jepsen worker 0] jepsen.util: 0	:invoke	:read	[0 nil]
2026-03-09 23:18:34,013{GMT}	INFO	[jepsen worker 4] jepsen.util: 4	:invoke	:cas	[0 [1 1]]
2026-03-09 23:18:34,019{GMT}	INFO	[jepsen worker 1] jepsen.util: 1	:fail	:read	[0 nil]	[:key-does-not-exist "not found"]
2026-03-09 23:18:34,093{GMT}	INFO	[jepsen worker 3] jepsen.util: 3	:fail	:cas	[0 [1 4]]	[:key-does-not-exist "key not found"]
2026-03-09 23:18:34,145{GMT}	INFO	[jepsen worker 1] jepsen.util: 1	:invoke	:read	[0 nil]
2026-03-09 23:18:34,215{GMT}	INFO	[jepsen worker 3] jepsen.util: 3	:invoke	:write	[0 2]
2026-03-09 23:18:34,221{GMT}	INFO	[jepsen worker 2] jepsen.util: 2	:fail	:read	[0 nil]	[:key-does-not-exist "not found"]
2026-03-09 23:18:34,325{GMT}	INFO	[jepsen worker 4] jepsen.util: 4	:fail	:cas	[0 [1 1]]	[:key-does-not-exist "key not found"]
2026-03-09 23:18:34,387{GMT}	INFO	[jepsen worker 4] jepsen.util: 4	:invoke	:write	[0 1]
2026-03-09 23:18:34,399{GMT}	INFO	[jepsen worker 0] jepsen.util: 0	:fail	:read	[0 nil]	[:key-does-not-exist "not found"]
2026-03-09 23:18:34,434{GMT}	INFO	[jepsen worker 5] jepsen.util: 5	:invoke	:write	[0 3]
2026-03-09 23:18:34,479{GMT}	INFO	[jepsen worker 2] jepsen.util: 2	:invoke	:read	[0 nil]
2026-03-09 23:18:34,613{GMT}	INFO	[jepsen worker 0] jepsen.util: 0	:invoke	:read	[0 nil]
2026-03-09 23:18:34,633{GMT}	INFO	[jepsen worker 1] jepsen.util: 1	:fail	:read	[0 nil]	[:key-does-not-exist "not found"]
2026-03-09 23:18:34,633{GMT}	INFO	[jepsen worker 1] jepsen.util: 1	:invoke	:read	[0 nil]
2026-03-09 23:18:34,705{GMT}	INFO	[jepsen worker 3] jepsen.util: 3	:fail	:write	[0 2]	[:abort "Server response timeout"]
2026-03-09 23:18:34,721{GMT}	INFO	[jepsen worker 3] jepsen.util: 3	:invoke	:cas	[0 [2 3]]
2026-03-09 23:18:34,741{GMT}	INFO	[jepsen worker 5] jepsen.util: 5	:fail	:write	[0 3]	[:abort "Server response timeout"]
2026-03-09 23:18:34,741{GMT}	INFO	[jepsen worker 5] jepsen.util: 5	:invoke	:write	[0 2]
2026-03-09 23:18:34,938{GMT}	INFO	[jepsen worker 4] jepsen.util: 4	:fail	:write	[0 1]	[:abort "Server response timeout"]
2026-03-09 23:18:35,009{GMT}	INFO	[jepsen worker 0] jepsen.util: 0	:fail	:read	[0 nil]	[:key-does-not-exist "not found"]
2026-03-09 23:18:35,045{GMT}	INFO	[jepsen worker 2] jepsen.util: 2	:fail	:read	[0 nil]	[:key-does-not-exist "not found"]
2026-03-09 23:18:35,241{GMT}	INFO	[jepsen worker 1] jepsen.util: 1	:fail	:read	[0 nil]	[:key-does-not-exist "not found"]
2026-03-09 23:18:35,312{GMT}	INFO	[jepsen worker 3] jepsen.util: 3	:fail	:cas	[0 [2 3]]	[:key-does-not-exist "key not found"]
2026-03-09 23:18:35,350{GMT}	INFO	[jepsen worker 5] jepsen.util: 5	:fail	:write	[0 2]	[:abort "Server response timeout"]
2026-03-09 23:18:35,375{GMT}	INFO	[jepsen test runner] jepsen.core: Run complete, writing
2026-03-09 23:18:35,473{GMT}	INFO	[jepsen node n1] maelstrom.db: Tearing down n1
2026-03-09 23:18:35,473{GMT}	INFO	[jepsen node n2] maelstrom.db: Tearing down n2
2026-03-09 23:18:35,473{GMT}	INFO	[jepsen node n0] maelstrom.db: Tearing down n0
2026-03-09 23:18:36,120{GMT}	INFO	[jepsen node n0] maelstrom.net: Shutting down Maelstrom network
2026-03-09 23:18:36,125{GMT}	INFO	[jepsen test runner] jepsen.core: Analyzing...
2026-03-09 23:18:36,316{GMT}	INFO	[clojure-agent-send-pool-0] jepsen.independent: Wrote /Users/singv/Desktop/omnipaxos-kv/store/lin-kv/20260309T231733.427+0100/independent/0/results.edn
2026-03-09 23:18:36,339{GMT}	INFO	[clojure-agent-send-pool-0] jepsen.independent: Wrote /Users/singv/Desktop/omnipaxos-kv/store/lin-kv/20260309T231733.427+0100/independent/0/history.edn
2026-03-09 23:18:36,602{GMT}	INFO	[jepsen test runner] jepsen.core: Analysis complete
2026-03-09 23:18:36,612{GMT}	INFO	[jepsen results] jepsen.store: Wrote /Users/singv/Desktop/omnipaxos-kv/store/lin-kv/20260309T231733.427+0100/results.edn
2026-03-09 23:18:36,637{GMT}	INFO	[jepsen test runner] jepsen.core: {:perf {:latency-graph {:valid? true},
        :rate-graph {:valid? true},
        :valid? true},
 :timeline {:valid? true},
 :exceptions {:valid? true},
 :stats {:valid? false,
         :count 567,
         :ok-count 0,
         :fail-count 567,
         :info-count 0,
         :by-f {:cas {:valid? false,
                      :count 190,
                      :ok-count 0,
                      :fail-count 190,
                      :info-count 0},
                :read {:valid? false,
                       :count 283,
                       :ok-count 0,
                       :fail-count 283,
                       :info-count 0},
                :write {:valid? false,
                        :count 94,
                        :ok-count 0,
                        :fail-count 94,
                        :info-count 0}}},
 :availability {:valid? true, :ok-fraction 0.0},
 :net {:all {:send-count 1140,
             :recv-count 1140,
             :msg-count 1140,
             :msgs-per-op 2.010582},
       :clients {:send-count 1140, :recv-count 1140, :msg-count 1140},
       :servers {:send-count 0,
                 :recv-count 0,
                 :msg-count 0,
                 :msgs-per-op 0.0},
       :valid? true},
 :workload {:valid? true,
            :results {0 {:linearizable {:valid? true,
                                        :configs ({:model #knossos.model.CASRegister{:value nil},
                                                   :last-op nil,
                                                   :pending []}),
                                        :final-paths ()},
                         :timeline {:valid? true},
                         :valid? true}},
            :failures []},
 :valid? false}


Analysis invalid! (ﾉಥ益ಥ）ﾉ ┻━┻
