2026-03-09 22:55:14,267{GMT}	INFO	[jepsen test runner] jepsen.core: Test version c6f93e91a319d9d3f3adbe62cadb64f7b53b436f (plus uncommitted changes)
2026-03-09 22:55:14,267{GMT}	INFO	[jepsen test runner] jepsen.core: Command line:
lein run test -w lin-kv --bin ./target/debug/maelstrom --node-count 3 --time-limit 60 --rate 10 --concurrency 2n
2026-03-09 22:55:14,336{GMT}	INFO	[jepsen test runner] jepsen.core: Running test:
{:args []
 :remote
 #jepsen.control.retry.Remote{:remote #jepsen.control.scp.Remote{:cmd-remote #jepsen.control.sshj.SSHJRemote{:concurrency-limit 6,
                                                                                                             :conn-spec nil,
                                                                                                             :client nil,
                                                                                                             :semaphore nil},
                                                                 :conn-spec nil},
                              :conn nil}
 :log-net-send false
 :node-count 3
 :availability nil
 :max-txn-length 4
 :concurrency 6
 :db
 #object[maelstrom.db$db$reify__16612
         "0x1f9b8c23"
         "maelstrom.db$db$reify__16612@1f9b8c23"]
 :max-writes-per-key 16
 :leave-db-running? false
 :name "lin-kv"
 :logging-json? false
 :start-time
 #object[org.joda.time.DateTime "0x26e74d50" "2026-03-09T22:55:14.207+01:00"]
 :nemesis-interval 10
 :net
 #object[maelstrom.net$jepsen_net$reify__15721
         "0x6bdc984"
         "maelstrom.net$jepsen_net$reify__15721@6bdc984"]
 :client
 #object[maelstrom.workload.lin_kv$client$reify__20973
         "0x1f299fc3"
         "maelstrom.workload.lin_kv$client$reify__20973@1f299fc3"]
 :barrier
 #object[java.util.concurrent.CyclicBarrier
         "0xb997735"
         "java.util.concurrent.CyclicBarrier@b997735"]
 :log-stderr false
 :pure-generators true
 :ssh {:dummy? true}
 :rate 10.0
 :checker
 #object[jepsen.checker$compose$reify__11089
         "0x178826db"
         "jepsen.checker$compose$reify__11089@178826db"]
 :argv
 ("test"
  "-w"
  "lin-kv"
  "--bin"
  "./target/debug/maelstrom"
  "--node-count"
  "3"
  "--time-limit"
  "60"
  "--rate"
  "10"
  "--concurrency"
  "2n")
 :nemesis
 (jepsen.nemesis.ReflCompose
  {:fm {:start-partition 0,
        :stop-partition 0,
        :kill 1,
        :start 1,
        :pause 1,
        :resume 1},
   :nemeses [#unprintable "jepsen.nemesis.combined$partition_nemesis$reify__16905@7f913c47"
             #unprintable "jepsen.nemesis.combined$db_nemesis$reify__16886@2c9573f1"]})
 :nodes ["n0" "n1" "n2"]
 :test-count 1
 :latency {:mean 0, :dist :constant}
 :bin "./target/debug/maelstrom"
 :generator
 #object[jepsen.util.Forgettable
         "0x37a5ac85"
         (jepsen.generator.TimeLimit
          {:limit 60000000000,
           :cutoff nil,
           :gen (jepsen.generator.Any
                 {:gens [(jepsen.generator.OnThreads
                          {:f #{:nemesis},
                           :context-filter #object[jepsen.generator.context$make_thread_filter$lazy_filter__12077
                                                   "0x239fdf8f"
                                                   "jepsen.generator.context$make_thread_filter$lazy_filter__12077@239fdf8f"],
                           :gen nil})
                         (jepsen.generator.OnThreads
                          {:f #jepsen.generator.context.AllBut{:element :nemesis},
                           :context-filter #object[jepsen.generator.context$make_thread_filter$lazy_filter__12077
                                                   "0x1acd660d"
                                                   "jepsen.generator.context$make_thread_filter$lazy_filter__12077@1acd660d"],
                           :gen (jepsen.generator.Stagger
                                 {:dt 200000000,
                                  :next-time nil,
                                  :gen (jepsen.generator.OnThreads
                                        {:f #jepsen.generator.context.AllBut{:element :nemesis},
                                         :context-filter #object[jepsen.generator.context$make_thread_filter$lazy_filter__12077
                                                                 "0x22f3b213"
                                                                 "jepsen.generator.context$make_thread_filter$lazy_filter__12077@22f3b213"],
                                         :gen (jepsen.independent.ConcurrentGenerator
                                               {:n 6,
                                                :fgen #object[jepsen.tests.linearizable_register$test$fn__17385
                                                              "0xe18848d"
                                                              "jepsen.tests.linearizable_register$test$fn__17385@e18848d"],
                                                :group->threads nil,
                                                :thread->group nil,
                                                :group->context-filter nil,
                                                :keys (0 1 2 3 4 5 6 7 ...),
                                                :gens nil})})})})]})})]
 :log-net-recv false
 :os
 #object[maelstrom.net$jepsen_os$reify__15724
         "0x22aaa811"
         "maelstrom.net$jepsen_os$reify__15724@22aaa811"]
 :time-limit 60
 :workload :lin-kv
 :consistency-models [:strict-serializable]
 :topology :grid}

2026-03-09 22:55:15,677{GMT}	INFO	[jepsen node n0] maelstrom.net: Starting Maelstrom network
2026-03-09 22:55:15,677{GMT}	INFO	[jepsen test runner] jepsen.db: Tearing down DB
2026-03-09 22:55:15,679{GMT}	INFO	[jepsen test runner] jepsen.db: Setting up DB
2026-03-09 22:55:15,679{GMT}	INFO	[jepsen node n2] maelstrom.db: Setting up n2
2026-03-09 22:55:15,679{GMT}	INFO	[jepsen node n1] maelstrom.db: Setting up n1
2026-03-09 22:55:15,679{GMT}	INFO	[jepsen node n1] maelstrom.process: launching ./target/debug/maelstrom []
2026-03-09 22:55:15,679{GMT}	INFO	[jepsen node n2] maelstrom.process: launching ./target/debug/maelstrom []
2026-03-09 22:55:15,681{GMT}	INFO	[jepsen node n0] maelstrom.service: Starting services: (lin-kv lin-tso lww-kv seq-kv)
2026-03-09 22:55:15,682{GMT}	INFO	[jepsen node n0] maelstrom.db: Setting up n0
2026-03-09 22:55:15,683{GMT}	INFO	[jepsen node n0] maelstrom.process: launching ./target/debug/maelstrom []
2026-03-09 22:55:15,718{GMT}	INFO	[jepsen test runner] jepsen.core: Relative time begins now
2026-03-09 22:55:15,733{GMT}	INFO	[jepsen worker 3] jepsen.util: 3	:invoke	:cas	[0 [1 4]]
2026-03-09 22:55:15,792{GMT}	INFO	[jepsen worker 4] jepsen.util: 4	:invoke	:write	[0 1]
2026-03-09 22:55:15,817{GMT}	INFO	[jepsen worker 5] jepsen.util: 5	:invoke	:write	[0 3]
2026-03-09 22:55:15,830{GMT}	INFO	[jepsen worker 5] jepsen.util: 5	:fail	:write	[0 3]	[:abort "TCP sender unavailable"]
2026-03-09 22:55:16,011{GMT}	INFO	[jepsen worker 0] jepsen.util: 0	:invoke	:read	[0 nil]
2026-03-09 22:55:16,013{GMT}	INFO	[jepsen worker 5] jepsen.util: 5	:invoke	:write	[0 0]
2026-03-09 22:55:16,017{GMT}	INFO	[jepsen worker 5] jepsen.util: 5	:fail	:write	[0 0]	[:abort "TCP sender unavailable"]
2026-03-09 22:55:16,101{GMT}	INFO	[jepsen worker 5] jepsen.util: 5	:invoke	:write	[0 4]
2026-03-09 22:55:16,107{GMT}	INFO	[jepsen worker 5] jepsen.util: 5	:fail	:write	[0 4]	[:abort "TCP sender unavailable"]
2026-03-09 22:55:16,222{GMT}	INFO	[jepsen worker 5] jepsen.util: 5	:invoke	:cas	[0 [2 0]]
2026-03-09 22:55:16,229{GMT}	INFO	[jepsen worker 5] jepsen.util: 5	:fail	:cas	[0 [2 0]]	[:key-does-not-exist "key not found"]
2026-03-09 22:55:16,404{GMT}	INFO	[jepsen worker 5] jepsen.util: 5	:invoke	:write	[0 2]
2026-03-09 22:55:16,409{GMT}	INFO	[jepsen worker 5] jepsen.util: 5	:fail	:write	[0 2]	[:abort "TCP sender unavailable"]
2026-03-09 22:55:16,457{GMT}	INFO	[jepsen worker 5] jepsen.util: 5	:invoke	:cas	[0 [4 0]]
2026-03-09 22:55:16,464{GMT}	INFO	[jepsen worker 5] jepsen.util: 5	:fail	:cas	[0 [4 0]]	[:key-does-not-exist "key not found"]
2026-03-09 22:55:16,592{GMT}	INFO	[jepsen worker 5] jepsen.util: 5	:invoke	:write	[0 4]
2026-03-09 22:55:16,597{GMT}	INFO	[jepsen worker 5] jepsen.util: 5	:fail	:write	[0 4]	[:abort "TCP sender unavailable"]
2026-03-09 22:55:16,740{GMT}	INFO	[jepsen worker 3] jepsen.util: 3	:info	:cas	[0 [1 4]]	:net-timeout
2026-03-09 22:55:16,742{GMT}	INFO	[jepsen worker 1] jepsen.util: 1	:invoke	:read	[0 nil]
2026-03-09 22:55:16,794{GMT}	INFO	[jepsen worker 4] jepsen.util: 4	:info	:write	[0 1]	:net-timeout
2026-03-09 22:55:16,871{GMT}	INFO	[jepsen worker 2] jepsen.util: 2	:invoke	:read	[0 nil]
2026-03-09 22:55:16,874{GMT}	INFO	[jepsen worker 2] jepsen.util: 2	:fail	:read	[0 nil]	[:key-does-not-exist "not found"]
2026-03-09 22:55:16,985{GMT}	INFO	[jepsen worker 5] jepsen.util: 5	:invoke	:write	[0 1]
2026-03-09 22:55:16,990{GMT}	INFO	[jepsen worker 5] jepsen.util: 5	:fail	:write	[0 1]	[:abort "TCP sender unavailable"]
2026-03-09 22:55:17,018{GMT}	INFO	[jepsen worker 0] jepsen.util: 0	:fail	:read	[0 nil]	:net-timeout
2026-03-09 22:55:17,101{GMT}	INFO	[jepsen worker 0] jepsen.util: 0	:invoke	:read	[0 nil]
2026-03-09 22:55:17,181{GMT}	INFO	[jepsen worker 3] jepsen.util: 9	:invoke	:write	[0 4]
2026-03-09 22:55:17,305{GMT}	INFO	[jepsen worker 2] jepsen.util: 2	:invoke	:read	[0 nil]
2026-03-09 22:55:17,311{GMT}	INFO	[jepsen worker 2] jepsen.util: 2	:fail	:read	[0 nil]	[:key-does-not-exist "not found"]
2026-03-09 22:55:17,356{GMT}	INFO	[jepsen worker 2] jepsen.util: 2	:invoke	:read	[0 nil]
2026-03-09 22:55:17,361{GMT}	INFO	[jepsen worker 4] jepsen.util: 10	:invoke	:cas	[0 [3 3]]
2026-03-09 22:55:17,364{GMT}	INFO	[jepsen worker 2] jepsen.util: 2	:fail	:read	[0 nil]	[:key-does-not-exist "not found"]
2026-03-09 22:55:17,438{GMT}	INFO	[jepsen worker 2] jepsen.util: 2	:invoke	:read	[0 nil]
2026-03-09 22:55:17,442{GMT}	INFO	[jepsen worker 2] jepsen.util: 2	:fail	:read	[0 nil]	[:key-does-not-exist "not found"]
2026-03-09 22:55:17,518{GMT}	INFO	[jepsen worker 5] jepsen.util: 5	:invoke	:cas	[0 [1 4]]
2026-03-09 22:55:17,523{GMT}	INFO	[jepsen worker 5] jepsen.util: 5	:fail	:cas	[0 [1 4]]	[:key-does-not-exist "key not found"]
2026-03-09 22:55:17,620{GMT}	INFO	[jepsen worker 2] jepsen.util: 2	:invoke	:read	[0 nil]
2026-03-09 22:55:17,625{GMT}	INFO	[jepsen worker 2] jepsen.util: 2	:fail	:read	[0 nil]	[:key-does-not-exist "not found"]
2026-03-09 22:55:17,633{GMT}	INFO	[jepsen worker 2] jepsen.util: 2	:invoke	:read	[0 nil]
2026-03-09 22:55:17,637{GMT}	INFO	[jepsen worker 2] jepsen.util: 2	:fail	:read	[0 nil]	[:key-does-not-exist "not found"]
2026-03-09 22:55:17,748{GMT}	INFO	[jepsen worker 1] jepsen.util: 1	:fail	:read	[0 nil]	:net-timeout
2026-03-09 22:55:17,750{GMT}	INFO	[jepsen worker 1] jepsen.util: 1	:invoke	:read	[0 nil]
2026-03-09 22:55:17,909{GMT}	INFO	[jepsen worker 5] jepsen.util: 5	:invoke	:cas	[0 [3 0]]
2026-03-09 22:55:17,915{GMT}	INFO	[jepsen worker 5] jepsen.util: 5	:fail	:cas	[0 [3 0]]	[:key-does-not-exist "key not found"]
2026-03-09 22:55:17,992{GMT}	INFO	[jepsen worker 2] jepsen.util: 2	:invoke	:read	[0 nil]
2026-03-09 22:55:17,997{GMT}	INFO	[jepsen worker 2] jepsen.util: 2	:fail	:read	[0 nil]	[:key-does-not-exist "not found"]
2026-03-09 22:55:18,107{GMT}	INFO	[jepsen worker 0] jepsen.util: 0	:fail	:read	[0 nil]	:net-timeout
2026-03-09 22:55:18,142{GMT}	INFO	[jepsen worker 5] jepsen.util: 5	:invoke	:cas	[0 [0 3]]
2026-03-09 22:55:18,147{GMT}	INFO	[jepsen worker 5] jepsen.util: 5	:fail	:cas	[0 [0 3]]	[:key-does-not-exist "key not found"]
2026-03-09 22:55:18,184{GMT}	INFO	[jepsen worker 3] jepsen.util: 9	:info	:write	[0 4]	:net-timeout
2026-03-09 22:55:18,191{GMT}	INFO	[jepsen worker 5] jepsen.util: 5	:invoke	:write	[0 3]
2026-03-09 22:55:18,197{GMT}	INFO	[jepsen worker 5] jepsen.util: 5	:fail	:write	[0 3]	[:abort "TCP sender unavailable"]
2026-03-09 22:55:18,323{GMT}	INFO	[jepsen worker 3] jepsen.util: 15	:invoke	:cas	[0 [4 0]]
2026-03-09 22:55:18,365{GMT}	INFO	[jepsen worker 4] jepsen.util: 10	:info	:cas	[0 [3 3]]	:net-timeout
2026-03-09 22:55:18,502{GMT}	INFO	[jepsen worker 0] jepsen.util: 0	:invoke	:read	[0 nil]
2026-03-09 22:55:18,518{GMT}	INFO	[jepsen worker 2] jepsen.util: 2	:invoke	:read	[0 nil]
2026-03-09 22:55:18,522{GMT}	INFO	[jepsen worker 2] jepsen.util: 2	:fail	:read	[0 nil]	[:key-does-not-exist "not found"]
2026-03-09 22:55:18,562{GMT}	INFO	[jepsen worker 2] jepsen.util: 2	:invoke	:read	[0 nil]
2026-03-09 22:55:18,566{GMT}	INFO	[jepsen worker 2] jepsen.util: 2	:fail	:read	[0 nil]	[:key-does-not-exist "not found"]
2026-03-09 22:55:18,692{GMT}	INFO	[jepsen worker 4] jepsen.util: 16	:invoke	:cas	[0 [2 3]]
2026-03-09 22:55:18,699{GMT}	INFO	[jepsen worker 2] jepsen.util: 2	:invoke	:read	[0 nil]
2026-03-09 22:55:18,701{GMT}	INFO	[jepsen worker 2] jepsen.util: 2	:fail	:read	[0 nil]	[:key-does-not-exist "not found"]
2026-03-09 22:55:18,754{GMT}	INFO	[jepsen worker 1] jepsen.util: 1	:fail	:read	[0 nil]	:net-timeout
2026-03-09 22:55:18,818{GMT}	INFO	[jepsen worker 5] jepsen.util: 5	:invoke	:write	[0 2]
2026-03-09 22:55:18,824{GMT}	INFO	[jepsen worker 5] jepsen.util: 5	:fail	:write	[0 2]	[:abort "TCP sender unavailable"]
2026-03-09 22:55:19,014{GMT}	INFO	[jepsen worker 1] jepsen.util: 1	:invoke	:read	[0 nil]
2026-03-09 22:55:19,147{GMT}	INFO	[jepsen worker 2] jepsen.util: 2	:invoke	:read	[0 nil]
2026-03-09 22:55:19,151{GMT}	INFO	[jepsen worker 5] jepsen.util: 5	:invoke	:cas	[0 [0 1]]
2026-03-09 22:55:19,155{GMT}	INFO	[jepsen worker 2] jepsen.util: 2	:fail	:read	[0 nil]	[:key-does-not-exist "not found"]
2026-03-09 22:55:19,157{GMT}	INFO	[jepsen worker 5] jepsen.util: 5	:fail	:cas	[0 [0 1]]	[:key-does-not-exist "key not found"]
2026-03-09 22:55:19,316{GMT}	INFO	[jepsen worker 2] jepsen.util: 2	:invoke	:read	[0 nil]
2026-03-09 22:55:19,319{GMT}	INFO	[jepsen worker 2] jepsen.util: 2	:fail	:read	[0 nil]	[:key-does-not-exist "not found"]
2026-03-09 22:55:19,324{GMT}	INFO	[jepsen worker 3] jepsen.util: 15	:info	:cas	[0 [4 0]]	:net-timeout
2026-03-09 22:55:19,427{GMT}	INFO	[jepsen worker 3] jepsen.util: 21	:invoke	:cas	[0 [3 3]]
2026-03-09 22:55:19,507{GMT}	INFO	[jepsen worker 0] jepsen.util: 0	:fail	:read	[0 nil]	:net-timeout
2026-03-09 22:55:19,549{GMT}	INFO	[jepsen worker 0] jepsen.util: 0	:invoke	:read	[0 nil]
2026-03-09 22:55:19,640{GMT}	INFO	[jepsen worker 2] jepsen.util: 2	:invoke	:read	[0 nil]
2026-03-09 22:55:19,645{GMT}	INFO	[jepsen worker 2] jepsen.util: 2	:fail	:read	[0 nil]	[:key-does-not-exist "not found"]
2026-03-09 22:55:19,695{GMT}	INFO	[jepsen worker 4] jepsen.util: 16	:info	:cas	[0 [2 3]]	:net-timeout
2026-03-09 22:55:19,721{GMT}	INFO	[jepsen worker 2] jepsen.util: 2	:invoke	:read	[0 nil]
2026-03-09 22:55:19,727{GMT}	INFO	[jepsen worker 2] jepsen.util: 2	:fail	:read	[0 nil]	[:key-does-not-exist "not found"]
2026-03-09 22:55:19,797{GMT}	INFO	[jepsen worker 4] jepsen.util: 22	:invoke	:cas	[0 [3 4]]
2026-03-09 22:55:19,847{GMT}	INFO	[jepsen worker 2] jepsen.util: 2	:invoke	:read	[0 nil]
2026-03-09 22:55:19,853{GMT}	INFO	[jepsen worker 2] jepsen.util: 2	:fail	:read	[0 nil]	[:key-does-not-exist "not found"]
2026-03-09 22:55:20,021{GMT}	INFO	[jepsen worker 1] jepsen.util: 1	:fail	:read	[0 nil]	:net-timeout
2026-03-09 22:55:20,038{GMT}	INFO	[jepsen worker 2] jepsen.util: 2	:invoke	:read	[0 nil]
2026-03-09 22:55:20,043{GMT}	INFO	[jepsen worker 2] jepsen.util: 2	:fail	:read	[0 nil]	[:key-does-not-exist "not found"]
2026-03-09 22:55:20,085{GMT}	INFO	[jepsen worker 1] jepsen.util: 1	:invoke	:read	[0 nil]
2026-03-09 22:55:20,224{GMT}	INFO	[jepsen worker 2] jepsen.util: 2	:invoke	:read	[0 nil]
2026-03-09 22:55:20,231{GMT}	INFO	[jepsen worker 2] jepsen.util: 2	:fail	:read	[0 nil]	[:key-does-not-exist "not found"]
2026-03-09 22:55:20,322{GMT}	INFO	[jepsen worker 2] jepsen.util: 2	:invoke	:read	[0 nil]
2026-03-09 22:55:20,328{GMT}	INFO	[jepsen worker 2] jepsen.util: 2	:fail	:read	[0 nil]	[:key-does-not-exist "not found"]
2026-03-09 22:55:20,433{GMT}	INFO	[jepsen worker 3] jepsen.util: 21	:info	:cas	[0 [3 3]]	:net-timeout
2026-03-09 22:55:20,481{GMT}	INFO	[jepsen worker 3] jepsen.util: 27	:invoke	:cas	[0 [1 4]]
2026-03-09 22:55:20,548{GMT}	INFO	[jepsen worker 5] jepsen.util: 5	:invoke	:write	[0 4]
2026-03-09 22:55:20,551{GMT}	INFO	[jepsen worker 5] jepsen.util: 5	:fail	:write	[0 4]	[:abort "TCP sender unavailable"]
2026-03-09 22:55:20,552{GMT}	INFO	[jepsen worker 0] jepsen.util: 0	:fail	:read	[0 nil]	:net-timeout
2026-03-09 22:55:20,638{GMT}	INFO	[jepsen worker 5] jepsen.util: 5	:invoke	:cas	[0 [2 4]]
2026-03-09 22:55:20,640{GMT}	INFO	[jepsen worker 5] jepsen.util: 5	:fail	:cas	[0 [2 4]]	[:key-does-not-exist "key not found"]
2026-03-09 22:55:20,745{GMT}	INFO	[jepsen worker 3] jepsen.util: 27	:fail	:cas	[0 [1 4]]	[:key-does-not-exist "key not found"]
2026-03-09 22:55:20,798{GMT}	INFO	[jepsen worker 4] jepsen.util: 22	:info	:cas	[0 [3 4]]	:net-timeout
2026-03-09 22:55:20,800{GMT}	INFO	[jepsen worker 1] jepsen.util: 1	:fail	:read	[0 nil]	[:key-does-not-exist "not found"]
2026-03-09 22:55:20,813{GMT}	INFO	[jepsen worker 3] jepsen.util: 27	:invoke	:cas	[0 [2 4]]
2026-03-09 22:55:20,815{GMT}	INFO	[jepsen worker 3] jepsen.util: 27	:fail	:cas	[0 [2 4]]	[:key-does-not-exist "key not found"]
2026-03-09 22:55:20,841{GMT}	INFO	[jepsen worker 3] jepsen.util: 27	:invoke	:write	[0 3]
2026-03-09 22:55:20,843{GMT}	INFO	[jepsen worker 3] jepsen.util: 27	:fail	:write	[0 3]	[:abort "TCP sender unavailable"]
2026-03-09 22:55:20,930{GMT}	INFO	[jepsen worker 4] jepsen.util: 28	:invoke	:cas	[0 [3 0]]
2026-03-09 22:55:20,933{GMT}	INFO	[jepsen worker 4] jepsen.util: 28	:fail	:cas	[0 [3 0]]	[:key-does-not-exist "key not found"]
2026-03-09 22:55:21,098{GMT}	INFO	[jepsen worker 0] jepsen.util: 0	:invoke	:read	[0 nil]
2026-03-09 22:55:21,104{GMT}	INFO	[jepsen worker 0] jepsen.util: 0	:fail	:read	[0 nil]	[:key-does-not-exist "not found"]
2026-03-09 22:55:21,222{GMT}	INFO	[jepsen worker 0] jepsen.util: 0	:invoke	:read	[0 nil]
2026-03-09 22:55:21,228{GMT}	INFO	[jepsen worker 0] jepsen.util: 0	:fail	:read	[0 nil]	[:key-does-not-exist "not found"]
2026-03-09 22:55:21,361{GMT}	INFO	[jepsen worker 3] jepsen.util: 27	:invoke	:write	[0 1]
2026-03-09 22:55:21,364{GMT}	INFO	[jepsen worker 3] jepsen.util: 27	:fail	:write	[0 1]	[:abort "TCP sender unavailable"]
2026-03-09 22:55:21,560{GMT}	INFO	[jepsen worker 1] jepsen.util: 1	:invoke	:read	[0 nil]
2026-03-09 22:55:21,568{GMT}	INFO	[jepsen worker 1] jepsen.util: 1	:fail	:read	[0 nil]	[:key-does-not-exist "not found"]
2026-03-09 22:55:21,615{GMT}	INFO	[jepsen worker 3] jepsen.util: 27	:invoke	:cas	[0 [3 3]]
2026-03-09 22:55:21,620{GMT}	INFO	[jepsen worker 3] jepsen.util: 27	:fail	:cas	[0 [3 3]]	[:key-does-not-exist "key not found"]
2026-03-09 22:55:21,666{GMT}	INFO	[jepsen worker 3] jepsen.util: 27	:invoke	:cas	[0 [4 2]]
2026-03-09 22:55:21,671{GMT}	INFO	[jepsen worker 3] jepsen.util: 27	:fail	:cas	[0 [4 2]]	[:key-does-not-exist "key not found"]
2026-03-09 22:55:21,850{GMT}	INFO	[jepsen worker 4] jepsen.util: 28	:invoke	:cas	[0 [1 2]]
2026-03-09 22:55:21,857{GMT}	INFO	[jepsen worker 4] jepsen.util: 28	:fail	:cas	[0 [1 2]]	[:key-does-not-exist "key not found"]
2026-03-09 22:55:21,892{GMT}	INFO	[jepsen worker 0] jepsen.util: 0	:invoke	:read	[0 nil]
2026-03-09 22:55:21,898{GMT}	INFO	[jepsen worker 0] jepsen.util: 0	:fail	:read	[0 nil]	[:key-does-not-exist "not found"]
2026-03-09 22:55:22,056{GMT}	INFO	[jepsen worker 0] jepsen.util: 0	:invoke	:read	[0 nil]
2026-03-09 22:55:22,061{GMT}	INFO	[jepsen worker 0] jepsen.util: 0	:fail	:read	[0 nil]	[:key-does-not-exist "not found"]
2026-03-09 22:55:22,110{GMT}	INFO	[jepsen worker 0] jepsen.util: 0	:invoke	:read	[0 nil]
2026-03-09 22:55:22,115{GMT}	INFO	[jepsen worker 0] jepsen.util: 0	:fail	:read	[0 nil]	[:key-does-not-exist "not found"]
2026-03-09 22:55:22,141{GMT}	INFO	[jepsen worker 1] jepsen.util: 1	:invoke	:read	[0 nil]
2026-03-09 22:55:22,144{GMT}	INFO	[jepsen worker 1] jepsen.util: 1	:fail	:read	[0 nil]	[:key-does-not-exist "not found"]
2026-03-09 22:55:22,151{GMT}	INFO	[jepsen worker 2] jepsen.util: 2	:invoke	:read	[0 nil]
2026-03-09 22:55:22,153{GMT}	INFO	[jepsen worker 2] jepsen.util: 2	:fail	:read	[0 nil]	[:key-does-not-exist "not found"]
2026-03-09 22:55:22,297{GMT}	INFO	[jepsen worker 3] jepsen.util: 27	:invoke	:cas	[0 [3 0]]
2026-03-09 22:55:22,299{GMT}	INFO	[jepsen worker 3] jepsen.util: 27	:fail	:cas	[0 [3 0]]	[:key-does-not-exist "key not found"]
2026-03-09 22:55:22,336{GMT}	INFO	[jepsen worker 4] jepsen.util: 28	:invoke	:write	[0 4]
2026-03-09 22:55:22,338{GMT}	INFO	[jepsen worker 4] jepsen.util: 28	:fail	:write	[0 4]	[:abort "TCP sender unavailable"]
2026-03-09 22:55:22,478{GMT}	INFO	[jepsen worker 0] jepsen.util: 0	:invoke	:read	[0 nil]
2026-03-09 22:55:22,484{GMT}	INFO	[jepsen worker 0] jepsen.util: 0	:fail	:read	[0 nil]	[:key-does-not-exist "not found"]
2026-03-09 22:55:22,681{GMT}	INFO	[jepsen worker 3] jepsen.util: 27	:invoke	:cas	[0 [0 1]]
2026-03-09 22:55:22,687{GMT}	INFO	[jepsen worker 3] jepsen.util: 27	:fail	:cas	[0 [0 1]]	[:key-does-not-exist "key not found"]
2026-03-09 22:55:22,816{GMT}	INFO	[jepsen worker 0] jepsen.util: 0	:invoke	:read	[0 nil]
2026-03-09 22:55:22,821{GMT}	INFO	[jepsen worker 0] jepsen.util: 0	:fail	:read	[0 nil]	[:key-does-not-exist "not found"]
2026-03-09 22:55:22,874{GMT}	INFO	[jepsen worker 1] jepsen.util: 1	:invoke	:read	[0 nil]
2026-03-09 22:55:22,880{GMT}	INFO	[jepsen worker 1] jepsen.util: 1	:fail	:read	[0 nil]	[:key-does-not-exist "not found"]
2026-03-09 22:55:22,904{GMT}	INFO	[jepsen worker 2] jepsen.util: 2	:invoke	:read	[0 nil]
2026-03-09 22:55:22,907{GMT}	INFO	[jepsen worker 2] jepsen.util: 2	:fail	:read	[0 nil]	[:key-does-not-exist "not found"]
2026-03-09 22:55:23,089{GMT}	INFO	[jepsen worker 0] jepsen.util: 0	:invoke	:read	[0 nil]
2026-03-09 22:55:23,094{GMT}	INFO	[jepsen worker 0] jepsen.util: 0	:fail	:read	[0 nil]	[:key-does-not-exist "not found"]
2026-03-09 22:55:23,240{GMT}	INFO	[jepsen worker 0] jepsen.util: 0	:invoke	:read	[0 nil]
2026-03-09 22:55:23,245{GMT}	INFO	[jepsen worker 0] jepsen.util: 0	:fail	:read	[0 nil]	[:key-does-not-exist "not found"]
2026-03-09 22:55:23,357{GMT}	INFO	[jepsen worker 5] jepsen.util: 5	:invoke	:cas	[0 [4 4]]
2026-03-09 22:55:23,363{GMT}	INFO	[jepsen worker 5] jepsen.util: 5	:fail	:cas	[0 [4 4]]	[:key-does-not-exist "key not found"]
2026-03-09 22:55:23,431{GMT}	INFO	[jepsen worker 0] jepsen.util: 0	:invoke	:read	[0 nil]
2026-03-09 22:55:23,435{GMT}	INFO	[jepsen worker 0] jepsen.util: 0	:fail	:read	[0 nil]	[:key-does-not-exist "not found"]
2026-03-09 22:55:23,607{GMT}	INFO	[jepsen worker 3] jepsen.util: 27	:invoke	:write	[0 0]
2026-03-09 22:55:23,610{GMT}	INFO	[jepsen worker 3] jepsen.util: 27	:fail	:write	[0 0]	[:abort "TCP sender unavailable"]
2026-03-09 22:55:23,715{GMT}	INFO	[jepsen worker 3] jepsen.util: 27	:invoke	:write	[0 2]
2026-03-09 22:55:23,717{GMT}	INFO	[jepsen worker 3] jepsen.util: 27	:fail	:write	[0 2]	[:abort "TCP sender unavailable"]
2026-03-09 22:55:23,884{GMT}	INFO	[jepsen worker 2] jepsen.util: 2	:invoke	:read	[0 nil]
2026-03-09 22:55:23,889{GMT}	INFO	[jepsen worker 2] jepsen.util: 2	:fail	:read	[0 nil]	[:key-does-not-exist "not found"]
2026-03-09 22:55:23,949{GMT}	INFO	[jepsen worker 3] jepsen.util: 27	:invoke	:cas	[0 [3 3]]
2026-03-09 22:55:23,955{GMT}	INFO	[jepsen worker 3] jepsen.util: 27	:fail	:cas	[0 [3 3]]	[:key-does-not-exist "key not found"]
2026-03-09 22:55:23,997{GMT}	INFO	[jepsen worker 4] jepsen.util: 28	:invoke	:cas	[0 [1 1]]
2026-03-09 22:55:24,002{GMT}	INFO	[jepsen worker 4] jepsen.util: 28	:fail	:cas	[0 [1 1]]	[:key-does-not-exist "key not found"]
2026-03-09 22:55:24,117{GMT}	INFO	[jepsen worker 0] jepsen.util: 0	:invoke	:read	[0 nil]
2026-03-09 22:55:24,121{GMT}	INFO	[jepsen worker 3] jepsen.util: 27	:invoke	:cas	[0 [3 1]]
2026-03-09 22:55:24,123{GMT}	INFO	[jepsen worker 0] jepsen.util: 0	:fail	:read	[0 nil]	[:key-does-not-exist "not found"]
2026-03-09 22:55:24,124{GMT}	INFO	[jepsen worker 3] jepsen.util: 27	:fail	:cas	[0 [3 1]]	[:key-does-not-exist "key not found"]
2026-03-09 22:55:24,198{GMT}	INFO	[jepsen worker 0] jepsen.util: 0	:invoke	:read	[0 nil]
2026-03-09 22:55:24,204{GMT}	INFO	[jepsen worker 0] jepsen.util: 0	:fail	:read	[0 nil]	[:key-does-not-exist "not found"]
2026-03-09 22:55:24,401{GMT}	INFO	[jepsen worker 1] jepsen.util: 1	:invoke	:read	[0 nil]
2026-03-09 22:55:24,407{GMT}	INFO	[jepsen worker 1] jepsen.util: 1	:fail	:read	[0 nil]	[:key-does-not-exist "not found"]
2026-03-09 22:55:24,547{GMT}	INFO	[jepsen worker 2] jepsen.util: 2	:invoke	:read	[0 nil]
2026-03-09 22:55:24,553{GMT}	INFO	[jepsen worker 2] jepsen.util: 2	:fail	:read	[0 nil]	[:key-does-not-exist "not found"]
2026-03-09 22:55:24,684{GMT}	INFO	[jepsen worker 3] jepsen.util: 27	:invoke	:cas	[0 [0 4]]
2026-03-09 22:55:24,689{GMT}	INFO	[jepsen worker 3] jepsen.util: 27	:fail	:cas	[0 [0 4]]	[:key-does-not-exist "key not found"]
2026-03-09 22:55:24,886{GMT}	INFO	[jepsen worker 0] jepsen.util: 0	:invoke	:read	[0 nil]
2026-03-09 22:55:24,891{GMT}	INFO	[jepsen worker 0] jepsen.util: 0	:fail	:read	[0 nil]	[:key-does-not-exist "not found"]
2026-03-09 22:55:25,091{GMT}	INFO	[jepsen worker 0] jepsen.util: 0	:invoke	:read	[0 nil]
2026-03-09 22:55:25,096{GMT}	INFO	[jepsen worker 0] jepsen.util: 0	:fail	:read	[0 nil]	[:key-does-not-exist "not found"]
2026-03-09 22:55:25,168{GMT}	INFO	[jepsen worker 0] jepsen.util: 0	:invoke	:read	[0 nil]
2026-03-09 22:55:25,173{GMT}	INFO	[jepsen worker 0] jepsen.util: 0	:fail	:read	[0 nil]	[:key-does-not-exist "not found"]
2026-03-09 22:55:25,305{GMT}	INFO	[jepsen worker 0] jepsen.util: 0	:invoke	:read	[0 nil]
2026-03-09 22:55:25,310{GMT}	INFO	[jepsen worker 0] jepsen.util: 0	:fail	:read	[0 nil]	[:key-does-not-exist "not found"]
2026-03-09 22:55:25,411{GMT}	INFO	[jepsen worker 3] jepsen.util: 27	:invoke	:cas	[0 [3 4]]
2026-03-09 22:55:25,414{GMT}	INFO	[jepsen worker 3] jepsen.util: 27	:fail	:cas	[0 [3 4]]	[:key-does-not-exist "key not found"]
2026-03-09 22:55:25,597{GMT}	INFO	[jepsen worker 3] jepsen.util: 27	:invoke	:cas	[0 [0 1]]
2026-03-09 22:55:25,599{GMT}	INFO	[jepsen worker 3] jepsen.util: 27	:fail	:cas	[0 [0 1]]	[:key-does-not-exist "key not found"]
2026-03-09 22:55:25,770{GMT}	INFO	[jepsen worker 3] jepsen.util: 27	:invoke	:write	[0 2]
2026-03-09 22:55:25,772{GMT}	INFO	[jepsen worker 3] jepsen.util: 27	:fail	:write	[0 2]	[:abort "TCP sender unavailable"]
2026-03-09 22:55:25,859{GMT}	INFO	[jepsen worker 4] jepsen.util: 28	:invoke	:cas	[0 [2 4]]
2026-03-09 22:55:25,860{GMT}	INFO	[jepsen worker 4] jepsen.util: 28	:fail	:cas	[0 [2 4]]	[:key-does-not-exist "key not found"]
2026-03-09 22:55:25,982{GMT}	INFO	[jepsen worker 0] jepsen.util: 0	:invoke	:read	[0 nil]
2026-03-09 22:55:25,988{GMT}	INFO	[jepsen worker 0] jepsen.util: 0	:fail	:read	[0 nil]	[:key-does-not-exist "not found"]
2026-03-09 22:55:26,093{GMT}	INFO	[jepsen worker 3] jepsen.util: 27	:invoke	:cas	[0 [3 3]]
2026-03-09 22:55:26,097{GMT}	INFO	[jepsen worker 3] jepsen.util: 27	:fail	:cas	[0 [3 3]]	[:key-does-not-exist "key not found"]
2026-03-09 22:55:26,281{GMT}	INFO	[jepsen worker 3] jepsen.util: 27	:invoke	:cas	[0 [0 3]]
2026-03-09 22:55:26,287{GMT}	INFO	[jepsen worker 3] jepsen.util: 27	:fail	:cas	[0 [0 3]]	[:key-does-not-exist "key not found"]
2026-03-09 22:55:26,365{GMT}	INFO	[jepsen worker 1] jepsen.util: 1	:invoke	:read	[0 nil]
2026-03-09 22:55:26,370{GMT}	INFO	[jepsen worker 1] jepsen.util: 1	:fail	:read	[0 nil]	[:key-does-not-exist "not found"]
2026-03-09 22:55:26,472{GMT}	INFO	[jepsen worker 2] jepsen.util: 2	:invoke	:read	[0 nil]
2026-03-09 22:55:26,479{GMT}	INFO	[jepsen worker 2] jepsen.util: 2	:fail	:read	[0 nil]	[:key-does-not-exist "not found"]
2026-03-09 22:55:26,611{GMT}	INFO	[jepsen worker 0] jepsen.util: 0	:invoke	:read	[0 nil]
2026-03-09 22:55:26,616{GMT}	INFO	[jepsen worker 0] jepsen.util: 0	:fail	:read	[0 nil]	[:key-does-not-exist "not found"]
2026-03-09 22:55:26,692{GMT}	INFO	[jepsen worker 4] jepsen.util: 28	:invoke	:cas	[0 [3 3]]
2026-03-09 22:55:26,697{GMT}	INFO	[jepsen worker 4] jepsen.util: 28	:fail	:cas	[0 [3 3]]	[:key-does-not-exist "key not found"]
2026-03-09 22:55:26,748{GMT}	INFO	[jepsen worker 0] jepsen.util: 0	:invoke	:read	[0 nil]
2026-03-09 22:55:26,753{GMT}	INFO	[jepsen worker 0] jepsen.util: 0	:fail	:read	[0 nil]	[:key-does-not-exist "not found"]
2026-03-09 22:55:26,899{GMT}	INFO	[jepsen worker 3] jepsen.util: 27	:invoke	:cas	[0 [1 1]]
2026-03-09 22:55:26,905{GMT}	INFO	[jepsen worker 3] jepsen.util: 27	:fail	:cas	[0 [1 1]]	[:key-does-not-exist "key not found"]
2026-03-09 22:55:27,070{GMT}	INFO	[jepsen worker 0] jepsen.util: 0	:invoke	:read	[0 nil]
2026-03-09 22:55:27,075{GMT}	INFO	[jepsen worker 0] jepsen.util: 0	:fail	:read	[0 nil]	[:key-does-not-exist "not found"]
2026-03-09 22:55:27,229{GMT}	INFO	[jepsen worker 1] jepsen.util: 1	:invoke	:read	[0 nil]
2026-03-09 22:55:27,235{GMT}	INFO	[jepsen worker 1] jepsen.util: 1	:fail	:read	[0 nil]	[:key-does-not-exist "not found"]
2026-03-09 22:55:27,409{GMT}	INFO	[jepsen worker 2] jepsen.util: 2	:invoke	:read	[0 nil]
2026-03-09 22:55:27,415{GMT}	INFO	[jepsen worker 2] jepsen.util: 2	:fail	:read	[0 nil]	[:key-does-not-exist "not found"]
2026-03-09 22:55:27,504{GMT}	INFO	[jepsen worker 3] jepsen.util: 27	:invoke	:write	[0 0]
2026-03-09 22:55:27,510{GMT}	INFO	[jepsen worker 3] jepsen.util: 27	:fail	:write	[0 0]	[:abort "TCP sender unavailable"]
2026-03-09 22:55:27,570{GMT}	INFO	[jepsen worker 4] jepsen.util: 28	:invoke	:cas	[0 [3 3]]
2026-03-09 22:55:27,576{GMT}	INFO	[jepsen worker 4] jepsen.util: 28	:fail	:cas	[0 [3 3]]	[:key-does-not-exist "key not found"]
2026-03-09 22:55:27,761{GMT}	INFO	[jepsen worker 5] jepsen.util: 5	:invoke	:write	[0 1]
2026-03-09 22:55:27,766{GMT}	INFO	[jepsen worker 5] jepsen.util: 5	:fail	:write	[0 1]	[:abort "TCP sender unavailable"]
2026-03-09 22:55:27,944{GMT}	INFO	[jepsen worker 0] jepsen.util: 0	:invoke	:read	[0 nil]
2026-03-09 22:55:27,949{GMT}	INFO	[jepsen worker 0] jepsen.util: 0	:fail	:read	[0 nil]	[:key-does-not-exist "not found"]
2026-03-09 22:55:28,125{GMT}	INFO	[jepsen worker 3] jepsen.util: 27	:invoke	:cas	[0 [1 4]]
2026-03-09 22:55:28,130{GMT}	INFO	[jepsen worker 3] jepsen.util: 27	:fail	:cas	[0 [1 4]]	[:key-does-not-exist "key not found"]
2026-03-09 22:55:28,220{GMT}	INFO	[jepsen worker 1] jepsen.util: 1	:invoke	:read	[0 nil]
2026-03-09 22:55:28,225{GMT}	INFO	[jepsen worker 1] jepsen.util: 1	:fail	:read	[0 nil]	[:key-does-not-exist "not found"]
2026-03-09 22:55:28,410{GMT}	INFO	[jepsen worker 2] jepsen.util: 2	:invoke	:read	[0 nil]
2026-03-09 22:55:28,413{GMT}	INFO	[jepsen worker 2] jepsen.util: 2	:fail	:read	[0 nil]	[:key-does-not-exist "not found"]
2026-03-09 22:55:28,576{GMT}	INFO	[jepsen worker 3] jepsen.util: 27	:invoke	:cas	[0 [0 3]]
2026-03-09 22:55:28,581{GMT}	INFO	[jepsen worker 3] jepsen.util: 27	:fail	:cas	[0 [0 3]]	[:key-does-not-exist "key not found"]
2026-03-09 22:55:28,715{GMT}	INFO	[jepsen worker 4] jepsen.util: 28	:invoke	:write	[0 2]
2026-03-09 22:55:28,718{GMT}	INFO	[jepsen worker 4] jepsen.util: 28	:fail	:write	[0 2]	[:abort "TCP sender unavailable"]
2026-03-09 22:55:28,862{GMT}	INFO	[jepsen worker 0] jepsen.util: 0	:invoke	:read	[0 nil]
2026-03-09 22:55:28,868{GMT}	INFO	[jepsen worker 0] jepsen.util: 0	:fail	:read	[0 nil]	[:key-does-not-exist "not found"]
2026-03-09 22:55:28,971{GMT}	INFO	[jepsen worker 0] jepsen.util: 0	:invoke	:read	[0 nil]
2026-03-09 22:55:28,976{GMT}	INFO	[jepsen worker 0] jepsen.util: 0	:fail	:read	[0 nil]	[:key-does-not-exist "not found"]
2026-03-09 22:55:29,030{GMT}	INFO	[jepsen worker 3] jepsen.util: 27	:invoke	:cas	[0 [4 3]]
2026-03-09 22:55:29,036{GMT}	INFO	[jepsen worker 3] jepsen.util: 27	:fail	:cas	[0 [4 3]]	[:key-does-not-exist "key not found"]
2026-03-09 22:55:29,137{GMT}	INFO	[jepsen worker 1] jepsen.util: 1	:invoke	:read	[0 nil]
2026-03-09 22:55:29,142{GMT}	INFO	[jepsen worker 1] jepsen.util: 1	:fail	:read	[0 nil]	[:key-does-not-exist "not found"]
2026-03-09 22:55:29,171{GMT}	INFO	[jepsen worker 2] jepsen.util: 2	:invoke	:read	[0 nil]
2026-03-09 22:55:29,175{GMT}	INFO	[jepsen worker 2] jepsen.util: 2	:fail	:read	[0 nil]	[:key-does-not-exist "not found"]
2026-03-09 22:55:29,214{GMT}	INFO	[jepsen worker 0] jepsen.util: 0	:invoke	:read	[0 nil]
2026-03-09 22:55:29,219{GMT}	INFO	[jepsen worker 0] jepsen.util: 0	:fail	:read	[0 nil]	[:key-does-not-exist "not found"]
2026-03-09 22:55:29,359{GMT}	INFO	[jepsen worker 0] jepsen.util: 0	:invoke	:read	[0 nil]
2026-03-09 22:55:29,364{GMT}	INFO	[jepsen worker 0] jepsen.util: 0	:fail	:read	[0 nil]	[:key-does-not-exist "not found"]
2026-03-09 22:55:29,379{GMT}	INFO	[jepsen worker 5] jepsen.util: 5	:invoke	:cas	[0 [3 0]]
2026-03-09 22:55:29,383{GMT}	INFO	[jepsen worker 5] jepsen.util: 5	:fail	:cas	[0 [3 0]]	[:key-does-not-exist "key not found"]
2026-03-09 22:55:29,475{GMT}	INFO	[jepsen worker 3] jepsen.util: 27	:invoke	:write	[0 0]
2026-03-09 22:55:29,480{GMT}	INFO	[jepsen worker 3] jepsen.util: 27	:fail	:write	[0 0]	[:abort "TCP sender unavailable"]
2026-03-09 22:55:29,575{GMT}	INFO	[jepsen worker 3] jepsen.util: 27	:invoke	:write	[0 0]
2026-03-09 22:55:29,580{GMT}	INFO	[jepsen worker 3] jepsen.util: 27	:fail	:write	[0 0]	[:abort "TCP sender unavailable"]
2026-03-09 22:55:29,768{GMT}	INFO	[jepsen worker 3] jepsen.util: 27	:invoke	:write	[0 0]
2026-03-09 22:55:29,774{GMT}	INFO	[jepsen worker 3] jepsen.util: 27	:fail	:write	[0 0]	[:abort "TCP sender unavailable"]
2026-03-09 22:55:29,787{GMT}	INFO	[jepsen worker 3] jepsen.util: 27	:invoke	:cas	[0 [1 1]]
2026-03-09 22:55:29,793{GMT}	INFO	[jepsen worker 3] jepsen.util: 27	:fail	:cas	[0 [1 1]]	[:key-does-not-exist "key not found"]
2026-03-09 22:55:29,858{GMT}	INFO	[jepsen worker 3] jepsen.util: 27	:invoke	:cas	[0 [0 3]]
2026-03-09 22:55:29,860{GMT}	INFO	[jepsen worker 3] jepsen.util: 27	:fail	:cas	[0 [0 3]]	[:key-does-not-exist "key not found"]
2026-03-09 22:55:30,009{GMT}	INFO	[jepsen worker 4] jepsen.util: 28	:invoke	:write	[0 3]
2026-03-09 22:55:30,012{GMT}	INFO	[jepsen worker 4] jepsen.util: 28	:fail	:write	[0 3]	[:abort "TCP sender unavailable"]
2026-03-09 22:55:30,040{GMT}	INFO	[jepsen worker 5] jepsen.util: 5	:invoke	:write	[0 2]
2026-03-09 22:55:30,042{GMT}	INFO	[jepsen worker 5] jepsen.util: 5	:fail	:write	[0 2]	[:abort "TCP sender unavailable"]
2026-03-09 22:55:30,181{GMT}	INFO	[jepsen worker 3] jepsen.util: 27	:invoke	:write	[0 3]
2026-03-09 22:55:30,187{GMT}	INFO	[jepsen worker 3] jepsen.util: 27	:fail	:write	[0 3]	[:abort "TCP sender unavailable"]
2026-03-09 22:55:30,194{GMT}	INFO	[jepsen worker 0] jepsen.util: 0	:invoke	:read	[0 nil]
2026-03-09 22:55:30,196{GMT}	INFO	[jepsen worker 0] jepsen.util: 0	:fail	:read	[0 nil]	[:key-does-not-exist "not found"]
2026-03-09 22:55:30,399{GMT}	INFO	[jepsen worker 1] jepsen.util: 1	:invoke	:read	[0 nil]
2026-03-09 22:55:30,404{GMT}	INFO	[jepsen worker 1] jepsen.util: 1	:fail	:read	[0 nil]	[:key-does-not-exist "not found"]
2026-03-09 22:55:30,506{GMT}	INFO	[jepsen worker 2] jepsen.util: 2	:invoke	:read	[0 nil]
2026-03-09 22:55:30,511{GMT}	INFO	[jepsen worker 2] jepsen.util: 2	:fail	:read	[0 nil]	[:key-does-not-exist "not found"]
2026-03-09 22:55:30,581{GMT}	INFO	[jepsen worker 0] jepsen.util: 0	:invoke	:read	[0 nil]
2026-03-09 22:55:30,583{GMT}	INFO	[jepsen worker 0] jepsen.util: 0	:fail	:read	[0 nil]	[:key-does-not-exist "not found"]
2026-03-09 22:55:30,720{GMT}	INFO	[jepsen worker 4] jepsen.util: 28	:invoke	:write	[0 2]
2026-03-09 22:55:30,721{GMT}	INFO	[jepsen worker 4] jepsen.util: 28	:fail	:write	[0 2]	[:abort "TCP sender unavailable"]
2026-03-09 22:55:30,763{GMT}	INFO	[jepsen worker 0] jepsen.util: 0	:invoke	:read	[0 nil]
2026-03-09 22:55:30,765{GMT}	INFO	[jepsen worker 0] jepsen.util: 0	:fail	:read	[0 nil]	[:key-does-not-exist "not found"]
2026-03-09 22:55:30,904{GMT}	INFO	[jepsen worker 0] jepsen.util: 0	:invoke	:read	[0 nil]
2026-03-09 22:55:30,907{GMT}	INFO	[jepsen worker 0] jepsen.util: 0	:fail	:read	[0 nil]	[:key-does-not-exist "not found"]
2026-03-09 22:55:31,077{GMT}	INFO	[jepsen worker 0] jepsen.util: 0	:invoke	:read	[0 nil]
2026-03-09 22:55:31,082{GMT}	INFO	[jepsen worker 0] jepsen.util: 0	:fail	:read	[0 nil]	[:key-does-not-exist "not found"]
2026-03-09 22:55:31,192{GMT}	INFO	[jepsen worker 3] jepsen.util: 27	:invoke	:cas	[0 [0 3]]
2026-03-09 22:55:31,197{GMT}	INFO	[jepsen worker 3] jepsen.util: 27	:fail	:cas	[0 [0 3]]	[:key-does-not-exist "key not found"]
2026-03-09 22:55:31,358{GMT}	INFO	[jepsen worker 3] jepsen.util: 27	:invoke	:cas	[0 [1 2]]
2026-03-09 22:55:31,363{GMT}	INFO	[jepsen worker 3] jepsen.util: 27	:fail	:cas	[0 [1 2]]	[:key-does-not-exist "key not found"]
2026-03-09 22:55:31,445{GMT}	INFO	[jepsen worker 3] jepsen.util: 27	:invoke	:write	[0 3]
2026-03-09 22:55:31,447{GMT}	INFO	[jepsen worker 3] jepsen.util: 27	:fail	:write	[0 3]	[:abort "TCP sender unavailable"]
2026-03-09 22:55:31,533{GMT}	INFO	[jepsen worker 4] jepsen.util: 28	:invoke	:cas	[0 [3 2]]
2026-03-09 22:55:31,537{GMT}	INFO	[jepsen worker 4] jepsen.util: 28	:fail	:cas	[0 [3 2]]	[:key-does-not-exist "key not found"]
2026-03-09 22:55:31,618{GMT}	INFO	[jepsen worker 5] jepsen.util: 5	:invoke	:cas	[0 [1 0]]
2026-03-09 22:55:31,623{GMT}	INFO	[jepsen worker 5] jepsen.util: 5	:fail	:cas	[0 [1 0]]	[:key-does-not-exist "key not found"]
2026-03-09 22:55:31,785{GMT}	INFO	[jepsen worker 0] jepsen.util: 0	:invoke	:read	[0 nil]
2026-03-09 22:55:31,787{GMT}	INFO	[jepsen worker 0] jepsen.util: 0	:fail	:read	[0 nil]	[:key-does-not-exist "not found"]
2026-03-09 22:55:31,821{GMT}	INFO	[jepsen worker 3] jepsen.util: 27	:invoke	:cas	[0 [0 2]]
2026-03-09 22:55:31,825{GMT}	INFO	[jepsen worker 3] jepsen.util: 27	:fail	:cas	[0 [0 2]]	[:key-does-not-exist "key not found"]
2026-03-09 22:55:31,883{GMT}	INFO	[jepsen worker 1] jepsen.util: 1	:invoke	:read	[0 nil]
2026-03-09 22:55:31,885{GMT}	INFO	[jepsen worker 1] jepsen.util: 1	:fail	:read	[0 nil]	[:key-does-not-exist "not found"]
2026-03-09 22:55:31,951{GMT}	INFO	[jepsen worker 2] jepsen.util: 2	:invoke	:read	[0 nil]
2026-03-09 22:55:31,953{GMT}	INFO	[jepsen worker 2] jepsen.util: 2	:fail	:read	[0 nil]	[:key-does-not-exist "not found"]
2026-03-09 22:55:32,058{GMT}	INFO	[jepsen worker 0] jepsen.util: 0	:invoke	:read	[0 nil]
2026-03-09 22:55:32,062{GMT}	INFO	[jepsen worker 0] jepsen.util: 0	:fail	:read	[0 nil]	[:key-does-not-exist "not found"]
2026-03-09 22:55:32,127{GMT}	INFO	[jepsen worker 0] jepsen.util: 0	:invoke	:read	[0 nil]
2026-03-09 22:55:32,129{GMT}	INFO	[jepsen worker 0] jepsen.util: 0	:fail	:read	[0 nil]	[:key-does-not-exist "not found"]
2026-03-09 22:55:32,258{GMT}	INFO	[jepsen worker 0] jepsen.util: 0	:invoke	:read	[0 nil]
2026-03-09 22:55:32,261{GMT}	INFO	[jepsen worker 0] jepsen.util: 0	:fail	:read	[0 nil]	[:key-does-not-exist "not found"]
2026-03-09 22:55:32,355{GMT}	INFO	[jepsen worker 0] jepsen.util: 0	:invoke	:read	[0 nil]
2026-03-09 22:55:32,360{GMT}	INFO	[jepsen worker 0] jepsen.util: 0	:fail	:read	[0 nil]	[:key-does-not-exist "not found"]
2026-03-09 22:55:32,473{GMT}	INFO	[jepsen worker 0] jepsen.util: 0	:invoke	:read	[0 nil]
2026-03-09 22:55:32,477{GMT}	INFO	[jepsen worker 0] jepsen.util: 0	:fail	:read	[0 nil]	[:key-does-not-exist "not found"]
2026-03-09 22:55:32,647{GMT}	INFO	[jepsen worker 1] jepsen.util: 1	:invoke	:read	[0 nil]
2026-03-09 22:55:32,651{GMT}	INFO	[jepsen worker 1] jepsen.util: 1	:fail	:read	[0 nil]	[:key-does-not-exist "not found"]
2026-03-09 22:55:32,783{GMT}	INFO	[jepsen worker 3] jepsen.util: 27	:invoke	:cas	[0 [4 2]]
2026-03-09 22:55:32,785{GMT}	INFO	[jepsen worker 3] jepsen.util: 27	:fail	:cas	[0 [4 2]]	[:key-does-not-exist "key not found"]
2026-03-09 22:55:32,909{GMT}	INFO	[jepsen worker 3] jepsen.util: 27	:invoke	:write	[0 3]
2026-03-09 22:55:32,913{GMT}	INFO	[jepsen worker 3] jepsen.util: 27	:fail	:write	[0 3]	[:abort "TCP sender unavailable"]
2026-03-09 22:55:32,963{GMT}	INFO	[jepsen worker 4] jepsen.util: 28	:invoke	:write	[0 0]
2026-03-09 22:55:32,969{GMT}	INFO	[jepsen worker 4] jepsen.util: 28	:fail	:write	[0 0]	[:abort "TCP sender unavailable"]
2026-03-09 22:55:33,086{GMT}	INFO	[jepsen worker 5] jepsen.util: 5	:invoke	:write	[0 4]
2026-03-09 22:55:33,091{GMT}	INFO	[jepsen worker 5] jepsen.util: 5	:fail	:write	[0 4]	[:abort "TCP sender unavailable"]
2026-03-09 22:55:33,271{GMT}	INFO	[jepsen worker 3] jepsen.util: 27	:invoke	:cas	[0 [2 0]]
2026-03-09 22:55:33,278{GMT}	INFO	[jepsen worker 3] jepsen.util: 27	:fail	:cas	[0 [2 0]]	[:key-does-not-exist "key not found"]
2026-03-09 22:55:33,346{GMT}	INFO	[jepsen worker 3] jepsen.util: 27	:invoke	:cas	[0 [4 1]]
2026-03-09 22:55:33,349{GMT}	INFO	[jepsen worker 3] jepsen.util: 27	:fail	:cas	[0 [4 1]]	[:key-does-not-exist "key not found"]
2026-03-09 22:55:33,433{GMT}	INFO	[jepsen worker 3] jepsen.util: 27	:invoke	:write	[0 1]
2026-03-09 22:55:33,439{GMT}	INFO	[jepsen worker 3] jepsen.util: 27	:fail	:write	[0 1]	[:abort "TCP sender unavailable"]
2026-03-09 22:55:33,544{GMT}	INFO	[jepsen worker 3] jepsen.util: 27	:invoke	:write	[0 2]
2026-03-09 22:55:33,550{GMT}	INFO	[jepsen worker 3] jepsen.util: 27	:fail	:write	[0 2]	[:abort "TCP sender unavailable"]
2026-03-09 22:55:33,698{GMT}	INFO	[jepsen worker 3] jepsen.util: 27	:invoke	:cas	[0 [1 2]]
2026-03-09 22:55:33,700{GMT}	INFO	[jepsen worker 3] jepsen.util: 27	:fail	:cas	[0 [1 2]]	[:key-does-not-exist "key not found"]
2026-03-09 22:55:33,793{GMT}	INFO	[jepsen worker 0] jepsen.util: 0	:invoke	:read	[0 nil]
2026-03-09 22:55:33,796{GMT}	INFO	[jepsen worker 0] jepsen.util: 0	:fail	:read	[0 nil]	[:key-does-not-exist "not found"]
2026-03-09 22:55:33,981{GMT}	INFO	[jepsen worker 5] jepsen.util: 5	:invoke	:write	[0 3]
2026-03-09 22:55:33,987{GMT}	INFO	[jepsen worker 5] jepsen.util: 5	:fail	:write	[0 3]	[:abort "TCP sender unavailable"]
2026-03-09 22:55:34,114{GMT}	INFO	[jepsen worker 0] jepsen.util: 0	:invoke	:read	[0 nil]
2026-03-09 22:55:34,120{GMT}	INFO	[jepsen worker 0] jepsen.util: 0	:fail	:read	[0 nil]	[:key-does-not-exist "not found"]
2026-03-09 22:55:34,240{GMT}	INFO	[jepsen worker 3] jepsen.util: 27	:invoke	:cas	[0 [0 0]]
2026-03-09 22:55:34,242{GMT}	INFO	[jepsen worker 3] jepsen.util: 27	:fail	:cas	[0 [0 0]]	[:key-does-not-exist "key not found"]
2026-03-09 22:55:34,386{GMT}	INFO	[jepsen worker 1] jepsen.util: 1	:invoke	:read	[0 nil]
2026-03-09 22:55:34,390{GMT}	INFO	[jepsen worker 1] jepsen.util: 1	:fail	:read	[0 nil]	[:key-does-not-exist "not found"]
2026-03-09 22:55:34,415{GMT}	INFO	[jepsen worker 3] jepsen.util: 27	:invoke	:cas	[0 [0 0]]
2026-03-09 22:55:34,420{GMT}	INFO	[jepsen worker 3] jepsen.util: 27	:fail	:cas	[0 [0 0]]	[:key-does-not-exist "key not found"]
2026-03-09 22:55:34,549{GMT}	INFO	[jepsen worker 0] jepsen.util: 0	:invoke	:read	[0 nil]
2026-03-09 22:55:34,551{GMT}	INFO	[jepsen worker 0] jepsen.util: 0	:fail	:read	[0 nil]	[:key-does-not-exist "not found"]
2026-03-09 22:55:34,651{GMT}	INFO	[jepsen worker 0] jepsen.util: 0	:invoke	:read	[0 nil]
2026-03-09 22:55:34,656{GMT}	INFO	[jepsen worker 0] jepsen.util: 0	:fail	:read	[0 nil]	[:key-does-not-exist "not found"]
2026-03-09 22:55:34,845{GMT}	INFO	[jepsen worker 0] jepsen.util: 0	:invoke	:read	[0 nil]
2026-03-09 22:55:34,850{GMT}	INFO	[jepsen worker 0] jepsen.util: 0	:fail	:read	[0 nil]	[:key-does-not-exist "not found"]
2026-03-09 22:55:34,867{GMT}	INFO	[jepsen worker 3] jepsen.util: 27	:invoke	:write	[0 2]
2026-03-09 22:55:34,871{GMT}	INFO	[jepsen worker 3] jepsen.util: 27	:fail	:write	[0 2]	[:abort "TCP sender unavailable"]
2026-03-09 22:55:34,890{GMT}	INFO	[jepsen worker 3] jepsen.util: 27	:invoke	:cas	[0 [0 2]]
2026-03-09 22:55:34,893{GMT}	INFO	[jepsen worker 3] jepsen.util: 27	:fail	:cas	[0 [0 2]]	[:key-does-not-exist "key not found"]
2026-03-09 22:55:35,050{GMT}	INFO	[jepsen worker 3] jepsen.util: 27	:invoke	:write	[0 0]
2026-03-09 22:55:35,056{GMT}	INFO	[jepsen worker 3] jepsen.util: 27	:fail	:write	[0 0]	[:abort "TCP sender unavailable"]
2026-03-09 22:55:35,221{GMT}	INFO	[jepsen worker 2] jepsen.util: 2	:invoke	:read	[0 nil]
2026-03-09 22:55:35,238{GMT}	INFO	[jepsen worker 3] jepsen.util: 27	:invoke	:cas	[0 [3 3]]
2026-03-09 22:55:35,239{GMT}	INFO	[jepsen worker 2] jepsen.util: 2	:fail	:read	[0 nil]	[:key-does-not-exist "not found"]
2026-03-09 22:55:35,265{GMT}	INFO	[jepsen worker 3] jepsen.util: 27	:fail	:cas	[0 [3 3]]	[:key-does-not-exist "key not found"]
2026-03-09 22:55:35,407{GMT}	INFO	[jepsen worker 4] jepsen.util: 28	:invoke	:write	[0 2]
2026-03-09 22:55:35,413{GMT}	INFO	[jepsen worker 4] jepsen.util: 28	:fail	:write	[0 2]	[:abort "TCP sender unavailable"]
2026-03-09 22:55:35,484{GMT}	INFO	[jepsen worker 0] jepsen.util: 0	:invoke	:read	[0 nil]
2026-03-09 22:55:35,490{GMT}	INFO	[jepsen worker 0] jepsen.util: 0	:fail	:read	[0 nil]	[:key-does-not-exist "not found"]
2026-03-09 22:55:35,526{GMT}	INFO	[jepsen worker 0] jepsen.util: 0	:invoke	:read	[0 nil]
2026-03-09 22:55:35,532{GMT}	INFO	[jepsen worker 0] jepsen.util: 0	:fail	:read	[0 nil]	[:key-does-not-exist "not found"]
2026-03-09 22:55:35,730{GMT}	INFO	[jepsen worker 0] jepsen.util: 0	:invoke	:read	[0 nil]
2026-03-09 22:55:35,732{GMT}	INFO	[jepsen worker 0] jepsen.util: 0	:fail	:read	[0 nil]	[:key-does-not-exist "not found"]
2026-03-09 22:55:35,758{GMT}	INFO	[jepsen worker 3] jepsen.util: 27	:invoke	:write	[0 0]
2026-03-09 22:55:35,759{GMT}	INFO	[jepsen worker 3] jepsen.util: 27	:fail	:write	[0 0]	[:abort "TCP sender unavailable"]
2026-03-09 22:55:35,865{GMT}	INFO	[jepsen worker 3] jepsen.util: 27	:invoke	:cas	[0 [2 2]]
2026-03-09 22:55:35,867{GMT}	INFO	[jepsen worker 3] jepsen.util: 27	:fail	:cas	[0 [2 2]]	[:key-does-not-exist "key not found"]
2026-03-09 22:55:35,869{GMT}	INFO	[jepsen worker 3] jepsen.util: 27	:invoke	:cas	[0 [2 0]]
2026-03-09 22:55:35,870{GMT}	INFO	[jepsen worker 3] jepsen.util: 27	:fail	:cas	[0 [2 0]]	[:key-does-not-exist "key not found"]
2026-03-09 22:55:36,066{GMT}	INFO	[jepsen worker 0] jepsen.util: 0	:invoke	:read	[0 nil]
2026-03-09 22:55:36,072{GMT}	INFO	[jepsen worker 0] jepsen.util: 0	:fail	:read	[0 nil]	[:key-does-not-exist "not found"]
2026-03-09 22:55:36,073{GMT}	INFO	[jepsen worker 5] jepsen.util: 5	:invoke	:write	[0 4]
2026-03-09 22:55:36,077{GMT}	INFO	[jepsen worker 5] jepsen.util: 5	:fail	:write	[0 4]	[:abort "TCP sender unavailable"]
2026-03-09 22:55:36,129{GMT}	INFO	[jepsen worker 3] jepsen.util: 27	:invoke	:cas	[0 [0 3]]
2026-03-09 22:55:36,132{GMT}	INFO	[jepsen worker 3] jepsen.util: 27	:fail	:cas	[0 [0 3]]	[:key-does-not-exist "key not found"]
2026-03-09 22:55:36,266{GMT}	INFO	[jepsen worker 3] jepsen.util: 27	:invoke	:cas	[0 [2 0]]
2026-03-09 22:55:36,269{GMT}	INFO	[jepsen worker 3] jepsen.util: 27	:fail	:cas	[0 [2 0]]	[:key-does-not-exist "key not found"]
2026-03-09 22:55:36,332{GMT}	INFO	[jepsen worker 1] jepsen.util: 1	:invoke	:read	[0 nil]
2026-03-09 22:55:36,335{GMT}	INFO	[jepsen worker 1] jepsen.util: 1	:fail	:read	[0 nil]	[:key-does-not-exist "not found"]
2026-03-09 22:55:36,501{GMT}	INFO	[jepsen worker 3] jepsen.util: 27	:invoke	:cas	[0 [0 2]]
2026-03-09 22:55:36,506{GMT}	INFO	[jepsen worker 3] jepsen.util: 27	:fail	:cas	[0 [0 2]]	[:key-does-not-exist "key not found"]
2026-03-09 22:55:36,680{GMT}	INFO	[jepsen worker 0] jepsen.util: 0	:invoke	:read	[0 nil]
2026-03-09 22:55:36,686{GMT}	INFO	[jepsen worker 0] jepsen.util: 0	:fail	:read	[0 nil]	[:key-does-not-exist "not found"]
2026-03-09 22:55:36,832{GMT}	INFO	[jepsen worker 4] jepsen.util: 28	:invoke	:cas	[0 [3 2]]
2026-03-09 22:55:36,837{GMT}	INFO	[jepsen worker 4] jepsen.util: 28	:fail	:cas	[0 [3 2]]	[:key-does-not-exist "key not found"]
2026-03-09 22:55:37,025{GMT}	INFO	[jepsen worker 0] jepsen.util: 0	:invoke	:read	[0 nil]
2026-03-09 22:55:37,030{GMT}	INFO	[jepsen worker 0] jepsen.util: 0	:fail	:read	[0 nil]	[:key-does-not-exist "not found"]
2026-03-09 22:55:37,097{GMT}	INFO	[jepsen worker 0] jepsen.util: 0	:invoke	:read	[0 nil]
2026-03-09 22:55:37,102{GMT}	INFO	[jepsen worker 0] jepsen.util: 0	:fail	:read	[0 nil]	[:key-does-not-exist "not found"]
2026-03-09 22:55:37,274{GMT}	INFO	[jepsen worker 0] jepsen.util: 0	:invoke	:read	[0 nil]
2026-03-09 22:55:37,279{GMT}	INFO	[jepsen worker 0] jepsen.util: 0	:fail	:read	[0 nil]	[:key-does-not-exist "not found"]
2026-03-09 22:55:37,386{GMT}	INFO	[jepsen worker 3] jepsen.util: 27	:invoke	:cas	[0 [1 3]]
2026-03-09 22:55:37,389{GMT}	INFO	[jepsen worker 3] jepsen.util: 27	:fail	:cas	[0 [1 3]]	[:key-does-not-exist "key not found"]
2026-03-09 22:55:37,583{GMT}	INFO	[jepsen worker 3] jepsen.util: 27	:invoke	:write	[0 0]
2026-03-09 22:55:37,586{GMT}	INFO	[jepsen worker 3] jepsen.util: 27	:fail	:write	[0 0]	[:abort "TCP sender unavailable"]
2026-03-09 22:55:37,730{GMT}	INFO	[jepsen worker 3] jepsen.util: 27	:invoke	:cas	[0 [2 2]]
2026-03-09 22:55:37,736{GMT}	INFO	[jepsen worker 3] jepsen.util: 27	:fail	:cas	[0 [2 2]]	[:key-does-not-exist "key not found"]
2026-03-09 22:55:37,828{GMT}	INFO	[jepsen worker 0] jepsen.util: 0	:invoke	:read	[0 nil]
2026-03-09 22:55:37,835{GMT}	INFO	[jepsen worker 0] jepsen.util: 0	:fail	:read	[0 nil]	[:key-does-not-exist "not found"]
2026-03-09 22:55:37,957{GMT}	INFO	[jepsen worker 5] jepsen.util: 5	:invoke	:cas	[0 [4 1]]
2026-03-09 22:55:37,961{GMT}	INFO	[jepsen worker 5] jepsen.util: 5	:fail	:cas	[0 [4 1]]	[:key-does-not-exist "key not found"]
2026-03-09 22:55:38,008{GMT}	INFO	[jepsen worker 0] jepsen.util: 0	:invoke	:read	[0 nil]
2026-03-09 22:55:38,013{GMT}	INFO	[jepsen worker 0] jepsen.util: 0	:fail	:read	[0 nil]	[:key-does-not-exist "not found"]
2026-03-09 22:55:38,035{GMT}	INFO	[jepsen worker 3] jepsen.util: 27	:invoke	:cas	[0 [0 2]]
2026-03-09 22:55:38,039{GMT}	INFO	[jepsen worker 3] jepsen.util: 27	:fail	:cas	[0 [0 2]]	[:key-does-not-exist "key not found"]
2026-03-09 22:55:38,131{GMT}	INFO	[jepsen worker 3] jepsen.util: 27	:invoke	:write	[0 4]
2026-03-09 22:55:38,136{GMT}	INFO	[jepsen worker 3] jepsen.util: 27	:fail	:write	[0 4]	[:abort "TCP sender unavailable"]
2026-03-09 22:55:38,312{GMT}	INFO	[jepsen worker 2] jepsen.util: 2	:invoke	:read	[0 nil]
2026-03-09 22:55:38,328{GMT}	INFO	[jepsen worker 2] jepsen.util: 2	:fail	:read	[0 nil]	[:key-does-not-exist "not found"]
2026-03-09 22:55:38,405{GMT}	INFO	[jepsen worker 0] jepsen.util: 0	:invoke	:read	[0 nil]
2026-03-09 22:55:38,411{GMT}	INFO	[jepsen worker 0] jepsen.util: 0	:fail	:read	[0 nil]	[:key-does-not-exist "not found"]
2026-03-09 22:55:38,499{GMT}	INFO	[jepsen worker 0] jepsen.util: 0	:invoke	:read	[0 nil]
2026-03-09 22:55:38,505{GMT}	INFO	[jepsen worker 0] jepsen.util: 0	:fail	:read	[0 nil]	[:key-does-not-exist "not found"]
2026-03-09 22:55:38,625{GMT}	INFO	[jepsen worker 0] jepsen.util: 0	:invoke	:read	[0 nil]
2026-03-09 22:55:38,631{GMT}	INFO	[jepsen worker 0] jepsen.util: 0	:fail	:read	[0 nil]	[:key-does-not-exist "not found"]
2026-03-09 22:55:38,785{GMT}	INFO	[jepsen worker 0] jepsen.util: 0	:invoke	:read	[0 nil]
2026-03-09 22:55:38,789{GMT}	INFO	[jepsen worker 0] jepsen.util: 0	:fail	:read	[0 nil]	[:key-does-not-exist "not found"]
2026-03-09 22:55:38,854{GMT}	INFO	[jepsen worker 3] jepsen.util: 27	:invoke	:write	[0 3]
2026-03-09 22:55:38,858{GMT}	INFO	[jepsen worker 3] jepsen.util: 27	:fail	:write	[0 3]	[:abort "TCP sender unavailable"]
2026-03-09 22:55:38,896{GMT}	INFO	[jepsen worker 1] jepsen.util: 1	:invoke	:read	[0 nil]
2026-03-09 22:55:38,901{GMT}	INFO	[jepsen worker 1] jepsen.util: 1	:fail	:read	[0 nil]	[:key-does-not-exist "not found"]
2026-03-09 22:55:39,097{GMT}	INFO	[jepsen worker 2] jepsen.util: 2	:invoke	:read	[0 nil]
2026-03-09 22:55:39,102{GMT}	INFO	[jepsen worker 2] jepsen.util: 2	:fail	:read	[0 nil]	[:key-does-not-exist "not found"]
2026-03-09 22:55:39,174{GMT}	INFO	[jepsen worker 3] jepsen.util: 27	:invoke	:cas	[0 [2 4]]
2026-03-09 22:55:39,178{GMT}	INFO	[jepsen worker 3] jepsen.util: 27	:fail	:cas	[0 [2 4]]	[:key-does-not-exist "key not found"]
2026-03-09 22:55:39,190{GMT}	INFO	[jepsen worker 4] jepsen.util: 28	:invoke	:write	[0 4]
2026-03-09 22:55:39,194{GMT}	INFO	[jepsen worker 4] jepsen.util: 28	:fail	:write	[0 4]	[:abort "TCP sender unavailable"]
2026-03-09 22:55:39,293{GMT}	INFO	[jepsen worker 5] jepsen.util: 5	:invoke	:write	[0 1]
2026-03-09 22:55:39,298{GMT}	INFO	[jepsen worker 5] jepsen.util: 5	:fail	:write	[0 1]	[:abort "TCP sender unavailable"]
2026-03-09 22:55:39,419{GMT}	INFO	[jepsen worker 0] jepsen.util: 0	:invoke	:read	[0 nil]
2026-03-09 22:55:39,424{GMT}	INFO	[jepsen worker 0] jepsen.util: 0	:fail	:read	[0 nil]	[:key-does-not-exist "not found"]
2026-03-09 22:55:39,549{GMT}	INFO	[jepsen worker 0] jepsen.util: 0	:invoke	:read	[0 nil]
2026-03-09 22:55:39,555{GMT}	INFO	[jepsen worker 0] jepsen.util: 0	:fail	:read	[0 nil]	[:key-does-not-exist "not found"]
2026-03-09 22:55:39,597{GMT}	INFO	[jepsen worker 3] jepsen.util: 27	:invoke	:cas	[0 [4 4]]
2026-03-09 22:55:39,602{GMT}	INFO	[jepsen worker 3] jepsen.util: 27	:fail	:cas	[0 [4 4]]	[:key-does-not-exist "key not found"]
2026-03-09 22:55:39,671{GMT}	INFO	[jepsen worker 2] jepsen.util: 2	:invoke	:read	[0 nil]
2026-03-09 22:55:39,675{GMT}	INFO	[jepsen worker 2] jepsen.util: 2	:fail	:read	[0 nil]	[:key-does-not-exist "not found"]
2026-03-09 22:55:39,854{GMT}	INFO	[jepsen worker 0] jepsen.util: 0	:invoke	:read	[0 nil]
2026-03-09 22:55:39,860{GMT}	INFO	[jepsen worker 0] jepsen.util: 0	:fail	:read	[0 nil]	[:key-does-not-exist "not found"]
2026-03-09 22:55:39,981{GMT}	INFO	[jepsen worker 4] jepsen.util: 28	:invoke	:cas	[0 [1 4]]
2026-03-09 22:55:39,986{GMT}	INFO	[jepsen worker 4] jepsen.util: 28	:fail	:cas	[0 [1 4]]	[:key-does-not-exist "key not found"]
2026-03-09 22:55:39,988{GMT}	INFO	[jepsen worker 5] jepsen.util: 5	:invoke	:cas	[0 [3 4]]
2026-03-09 22:55:39,993{GMT}	INFO	[jepsen worker 5] jepsen.util: 5	:fail	:cas	[0 [3 4]]	[:key-does-not-exist "key not found"]
2026-03-09 22:55:40,020{GMT}	INFO	[jepsen worker 3] jepsen.util: 27	:invoke	:cas	[0 [1 1]]
2026-03-09 22:55:40,023{GMT}	INFO	[jepsen worker 3] jepsen.util: 27	:fail	:cas	[0 [1 1]]	[:key-does-not-exist "key not found"]
2026-03-09 22:55:40,196{GMT}	INFO	[jepsen worker 3] jepsen.util: 27	:invoke	:cas	[0 [1 4]]
2026-03-09 22:55:40,202{GMT}	INFO	[jepsen worker 3] jepsen.util: 27	:fail	:cas	[0 [1 4]]	[:key-does-not-exist "key not found"]
2026-03-09 22:55:40,221{GMT}	INFO	[jepsen worker 3] jepsen.util: 27	:invoke	:cas	[0 [3 2]]
2026-03-09 22:55:40,225{GMT}	INFO	[jepsen worker 3] jepsen.util: 27	:fail	:cas	[0 [3 2]]	[:key-does-not-exist "key not found"]
2026-03-09 22:55:40,271{GMT}	INFO	[jepsen worker 2] jepsen.util: 2	:invoke	:read	[0 nil]
2026-03-09 22:55:40,277{GMT}	INFO	[jepsen worker 2] jepsen.util: 2	:fail	:read	[0 nil]	[:key-does-not-exist "not found"]
2026-03-09 22:55:40,299{GMT}	INFO	[jepsen worker 3] jepsen.util: 27	:invoke	:cas	[0 [3 1]]
2026-03-09 22:55:40,303{GMT}	INFO	[jepsen worker 3] jepsen.util: 27	:fail	:cas	[0 [3 1]]	[:key-does-not-exist "key not found"]
2026-03-09 22:55:40,305{GMT}	INFO	[jepsen worker 0] jepsen.util: 0	:invoke	:read	[0 nil]
2026-03-09 22:55:40,309{GMT}	INFO	[jepsen worker 0] jepsen.util: 0	:fail	:read	[0 nil]	[:key-does-not-exist "not found"]
2026-03-09 22:55:40,397{GMT}	INFO	[jepsen worker 0] jepsen.util: 0	:invoke	:read	[0 nil]
2026-03-09 22:55:40,402{GMT}	INFO	[jepsen worker 0] jepsen.util: 0	:fail	:read	[0 nil]	[:key-does-not-exist "not found"]
2026-03-09 22:55:40,524{GMT}	INFO	[jepsen worker 3] jepsen.util: 27	:invoke	:write	[0 0]
2026-03-09 22:55:40,526{GMT}	INFO	[jepsen worker 3] jepsen.util: 27	:fail	:write	[0 0]	[:abort "TCP sender unavailable"]
2026-03-09 22:55:40,663{GMT}	INFO	[jepsen worker 3] jepsen.util: 27	:invoke	:write	[0 2]
2026-03-09 22:55:40,665{GMT}	INFO	[jepsen worker 3] jepsen.util: 27	:fail	:write	[0 2]	[:abort "TCP sender unavailable"]
2026-03-09 22:55:40,843{GMT}	INFO	[jepsen worker 1] jepsen.util: 1	:invoke	:read	[0 nil]
2026-03-09 22:55:40,845{GMT}	INFO	[jepsen worker 1] jepsen.util: 1	:fail	:read	[0 nil]	[:key-does-not-exist "not found"]
2026-03-09 22:55:40,884{GMT}	INFO	[jepsen worker 2] jepsen.util: 2	:invoke	:read	[0 nil]
2026-03-09 22:55:40,886{GMT}	INFO	[jepsen worker 2] jepsen.util: 2	:fail	:read	[0 nil]	[:key-does-not-exist "not found"]
2026-03-09 22:55:40,899{GMT}	INFO	[jepsen worker 3] jepsen.util: 27	:invoke	:cas	[0 [0 2]]
2026-03-09 22:55:40,900{GMT}	INFO	[jepsen worker 3] jepsen.util: 27	:fail	:cas	[0 [0 2]]	[:key-does-not-exist "key not found"]
2026-03-09 22:55:40,958{GMT}	INFO	[jepsen worker 4] jepsen.util: 28	:invoke	:cas	[0 [0 0]]
2026-03-09 22:55:40,960{GMT}	INFO	[jepsen worker 4] jepsen.util: 28	:fail	:cas	[0 [0 0]]	[:key-does-not-exist "key not found"]
2026-03-09 22:55:41,053{GMT}	INFO	[jepsen worker 0] jepsen.util: 0	:invoke	:read	[0 nil]
2026-03-09 22:55:41,056{GMT}	INFO	[jepsen worker 0] jepsen.util: 0	:fail	:read	[0 nil]	[:key-does-not-exist "not found"]
2026-03-09 22:55:41,204{GMT}	INFO	[jepsen worker 0] jepsen.util: 0	:invoke	:read	[0 nil]
2026-03-09 22:55:41,209{GMT}	INFO	[jepsen worker 0] jepsen.util: 0	:fail	:read	[0 nil]	[:key-does-not-exist "not found"]
2026-03-09 22:55:41,225{GMT}	INFO	[jepsen worker 0] jepsen.util: 0	:invoke	:read	[0 nil]
2026-03-09 22:55:41,227{GMT}	INFO	[jepsen worker 0] jepsen.util: 0	:fail	:read	[0 nil]	[:key-does-not-exist "not found"]
2026-03-09 22:55:41,274{GMT}	INFO	[jepsen worker 1] jepsen.util: 1	:invoke	:read	[0 nil]
2026-03-09 22:55:41,279{GMT}	INFO	[jepsen worker 1] jepsen.util: 1	:fail	:read	[0 nil]	[:key-does-not-exist "not found"]
2026-03-09 22:55:41,438{GMT}	INFO	[jepsen worker 3] jepsen.util: 27	:invoke	:write	[0 2]
2026-03-09 22:55:41,443{GMT}	INFO	[jepsen worker 3] jepsen.util: 27	:fail	:write	[0 2]	[:abort "TCP sender unavailable"]
2026-03-09 22:55:41,541{GMT}	INFO	[jepsen worker 3] jepsen.util: 27	:invoke	:write	[0 0]
2026-03-09 22:55:41,546{GMT}	INFO	[jepsen worker 3] jepsen.util: 27	:fail	:write	[0 0]	[:abort "TCP sender unavailable"]
2026-03-09 22:55:41,726{GMT}	INFO	[jepsen worker 0] jepsen.util: 0	:invoke	:read	[0 nil]
2026-03-09 22:55:41,730{GMT}	INFO	[jepsen worker 0] jepsen.util: 0	:fail	:read	[0 nil]	[:key-does-not-exist "not found"]
2026-03-09 22:55:41,775{GMT}	INFO	[jepsen worker 5] jepsen.util: 5	:invoke	:cas	[0 [1 3]]
2026-03-09 22:55:41,780{GMT}	INFO	[jepsen worker 0] jepsen.util: 0	:invoke	:read	[0 nil]
2026-03-09 22:55:41,781{GMT}	INFO	[jepsen worker 5] jepsen.util: 5	:fail	:cas	[0 [1 3]]	[:key-does-not-exist "key not found"]
2026-03-09 22:55:41,787{GMT}	INFO	[jepsen worker 0] jepsen.util: 0	:fail	:read	[0 nil]	[:key-does-not-exist "not found"]
2026-03-09 22:55:41,788{GMT}	INFO	[jepsen worker 0] jepsen.util: 0	:invoke	:read	[0 nil]
2026-03-09 22:55:41,792{GMT}	INFO	[jepsen worker 0] jepsen.util: 0	:fail	:read	[0 nil]	[:key-does-not-exist "not found"]
2026-03-09 22:55:41,950{GMT}	INFO	[jepsen worker 1] jepsen.util: 1	:invoke	:read	[0 nil]
2026-03-09 22:55:41,955{GMT}	INFO	[jepsen worker 1] jepsen.util: 1	:fail	:read	[0 nil]	[:key-does-not-exist "not found"]
2026-03-09 22:55:42,125{GMT}	INFO	[jepsen worker 3] jepsen.util: 27	:invoke	:cas	[0 [2 4]]
2026-03-09 22:55:42,130{GMT}	INFO	[jepsen worker 3] jepsen.util: 27	:fail	:cas	[0 [2 4]]	[:key-does-not-exist "key not found"]
2026-03-09 22:55:42,249{GMT}	INFO	[jepsen worker 0] jepsen.util: 0	:invoke	:read	[0 nil]
2026-03-09 22:55:42,254{GMT}	INFO	[jepsen worker 0] jepsen.util: 0	:fail	:read	[0 nil]	[:key-does-not-exist "not found"]
2026-03-09 22:55:42,325{GMT}	INFO	[jepsen worker 4] jepsen.util: 28	:invoke	:cas	[0 [4 1]]
2026-03-09 22:55:42,330{GMT}	INFO	[jepsen worker 4] jepsen.util: 28	:fail	:cas	[0 [4 1]]	[:key-does-not-exist "key not found"]
2026-03-09 22:55:42,513{GMT}	INFO	[jepsen worker 0] jepsen.util: 0	:invoke	:read	[0 nil]
2026-03-09 22:55:42,515{GMT}	INFO	[jepsen worker 3] jepsen.util: 27	:invoke	:cas	[0 [0 4]]
2026-03-09 22:55:42,519{GMT}	INFO	[jepsen worker 0] jepsen.util: 0	:fail	:read	[0 nil]	[:key-does-not-exist "not found"]
2026-03-09 22:55:42,520{GMT}	INFO	[jepsen worker 3] jepsen.util: 27	:fail	:cas	[0 [0 4]]	[:key-does-not-exist "key not found"]
2026-03-09 22:55:42,613{GMT}	INFO	[jepsen worker 3] jepsen.util: 27	:invoke	:cas	[0 [1 4]]
2026-03-09 22:55:42,618{GMT}	INFO	[jepsen worker 3] jepsen.util: 27	:fail	:cas	[0 [1 4]]	[:key-does-not-exist "key not found"]
2026-03-09 22:55:42,681{GMT}	INFO	[jepsen worker 3] jepsen.util: 27	:invoke	:cas	[0 [0 4]]
2026-03-09 22:55:42,688{GMT}	INFO	[jepsen worker 3] jepsen.util: 27	:fail	:cas	[0 [0 4]]	[:key-does-not-exist "key not found"]
2026-03-09 22:55:42,748{GMT}	INFO	[jepsen worker 2] jepsen.util: 2	:invoke	:read	[0 nil]
2026-03-09 22:55:42,754{GMT}	INFO	[jepsen worker 2] jepsen.util: 2	:fail	:read	[0 nil]	[:key-does-not-exist "not found"]
2026-03-09 22:55:42,804{GMT}	INFO	[jepsen worker 0] jepsen.util: 0	:invoke	:read	[0 nil]
2026-03-09 22:55:42,807{GMT}	INFO	[jepsen worker 0] jepsen.util: 0	:fail	:read	[0 nil]	[:key-does-not-exist "not found"]
2026-03-09 22:55:42,901{GMT}	INFO	[jepsen worker 4] jepsen.util: 28	:invoke	:cas	[0 [4 2]]
2026-03-09 22:55:42,906{GMT}	INFO	[jepsen worker 4] jepsen.util: 28	:fail	:cas	[0 [4 2]]	[:key-does-not-exist "key not found"]
2026-03-09 22:55:42,942{GMT}	INFO	[jepsen worker 0] jepsen.util: 0	:invoke	:read	[0 nil]
2026-03-09 22:55:42,946{GMT}	INFO	[jepsen worker 0] jepsen.util: 0	:fail	:read	[0 nil]	[:key-does-not-exist "not found"]
2026-03-09 22:55:43,142{GMT}	INFO	[jepsen worker 3] jepsen.util: 27	:invoke	:cas	[0 [2 0]]
2026-03-09 22:55:43,147{GMT}	INFO	[jepsen worker 3] jepsen.util: 27	:fail	:cas	[0 [2 0]]	[:key-does-not-exist "key not found"]
2026-03-09 22:55:43,281{GMT}	INFO	[jepsen worker 3] jepsen.util: 27	:invoke	:cas	[0 [2 4]]
2026-03-09 22:55:43,286{GMT}	INFO	[jepsen worker 3] jepsen.util: 27	:fail	:cas	[0 [2 4]]	[:key-does-not-exist "key not found"]
2026-03-09 22:55:43,381{GMT}	INFO	[jepsen worker 1] jepsen.util: 1	:invoke	:read	[0 nil]
2026-03-09 22:55:43,387{GMT}	INFO	[jepsen worker 1] jepsen.util: 1	:fail	:read	[0 nil]	[:key-does-not-exist "not found"]
2026-03-09 22:55:43,400{GMT}	INFO	[jepsen worker 3] jepsen.util: 27	:invoke	:cas	[0 [0 3]]
2026-03-09 22:55:43,404{GMT}	INFO	[jepsen worker 3] jepsen.util: 27	:fail	:cas	[0 [0 3]]	[:key-does-not-exist "key not found"]
2026-03-09 22:55:43,470{GMT}	INFO	[jepsen worker 0] jepsen.util: 0	:invoke	:read	[0 nil]
2026-03-09 22:55:43,472{GMT}	INFO	[jepsen worker 0] jepsen.util: 0	:fail	:read	[0 nil]	[:key-does-not-exist "not found"]
2026-03-09 22:55:43,659{GMT}	INFO	[jepsen worker 0] jepsen.util: 0	:invoke	:read	[0 nil]
2026-03-09 22:55:43,661{GMT}	INFO	[jepsen worker 0] jepsen.util: 0	:fail	:read	[0 nil]	[:key-does-not-exist "not found"]
2026-03-09 22:55:43,732{GMT}	INFO	[jepsen worker 5] jepsen.util: 5	:invoke	:cas	[0 [0 2]]
2026-03-09 22:55:43,733{GMT}	INFO	[jepsen worker 5] jepsen.util: 5	:fail	:cas	[0 [0 2]]	[:key-does-not-exist "key not found"]
2026-03-09 22:55:43,816{GMT}	INFO	[jepsen worker 0] jepsen.util: 0	:invoke	:read	[0 nil]
2026-03-09 22:55:43,819{GMT}	INFO	[jepsen worker 0] jepsen.util: 0	:fail	:read	[0 nil]	[:key-does-not-exist "not found"]
2026-03-09 22:55:43,895{GMT}	INFO	[jepsen worker 3] jepsen.util: 27	:invoke	:cas	[0 [4 1]]
2026-03-09 22:55:43,899{GMT}	INFO	[jepsen worker 3] jepsen.util: 27	:fail	:cas	[0 [4 1]]	[:key-does-not-exist "key not found"]
2026-03-09 22:55:43,983{GMT}	INFO	[jepsen worker 3] jepsen.util: 27	:invoke	:cas	[0 [2 1]]
2026-03-09 22:55:43,988{GMT}	INFO	[jepsen worker 3] jepsen.util: 27	:fail	:cas	[0 [2 1]]	[:key-does-not-exist "key not found"]
2026-03-09 22:55:44,176{GMT}	INFO	[jepsen worker 3] jepsen.util: 27	:invoke	:cas	[0 [2 0]]
2026-03-09 22:55:44,181{GMT}	INFO	[jepsen worker 3] jepsen.util: 27	:fail	:cas	[0 [2 0]]	[:key-does-not-exist "key not found"]
2026-03-09 22:55:44,297{GMT}	INFO	[jepsen worker 0] jepsen.util: 0	:invoke	:read	[0 nil]
2026-03-09 22:55:44,302{GMT}	INFO	[jepsen worker 0] jepsen.util: 0	:fail	:read	[0 nil]	[:key-does-not-exist "not found"]
2026-03-09 22:55:44,341{GMT}	INFO	[jepsen worker 4] jepsen.util: 28	:invoke	:write	[0 2]
2026-03-09 22:55:44,346{GMT}	INFO	[jepsen worker 4] jepsen.util: 28	:fail	:write	[0 2]	[:abort "TCP sender unavailable"]
2026-03-09 22:55:44,450{GMT}	INFO	[jepsen worker 5] jepsen.util: 5	:invoke	:cas	[0 [0 0]]
2026-03-09 22:55:44,455{GMT}	INFO	[jepsen worker 5] jepsen.util: 5	:fail	:cas	[0 [0 0]]	[:key-does-not-exist "key not found"]
2026-03-09 22:55:44,537{GMT}	INFO	[jepsen worker 3] jepsen.util: 27	:invoke	:write	[0 0]
2026-03-09 22:55:44,543{GMT}	INFO	[jepsen worker 3] jepsen.util: 27	:fail	:write	[0 0]	[:abort "TCP sender unavailable"]
2026-03-09 22:55:44,696{GMT}	INFO	[jepsen worker 3] jepsen.util: 27	:invoke	:write	[0 4]
2026-03-09 22:55:44,701{GMT}	INFO	[jepsen worker 3] jepsen.util: 27	:fail	:write	[0 4]	[:abort "TCP sender unavailable"]
2026-03-09 22:55:44,717{GMT}	INFO	[jepsen worker 3] jepsen.util: 27	:invoke	:cas	[0 [0 0]]
2026-03-09 22:55:44,722{GMT}	INFO	[jepsen worker 3] jepsen.util: 27	:fail	:cas	[0 [0 0]]	[:key-does-not-exist "key not found"]
2026-03-09 22:55:44,880{GMT}	INFO	[jepsen worker 3] jepsen.util: 27	:invoke	:cas	[0 [4 3]]
2026-03-09 22:55:44,884{GMT}	INFO	[jepsen worker 3] jepsen.util: 27	:fail	:cas	[0 [4 3]]	[:key-does-not-exist "key not found"]
2026-03-09 22:55:45,033{GMT}	INFO	[jepsen worker 0] jepsen.util: 0	:invoke	:read	[0 nil]
2026-03-09 22:55:45,038{GMT}	INFO	[jepsen worker 0] jepsen.util: 0	:fail	:read	[0 nil]	[:key-does-not-exist "not found"]
2026-03-09 22:55:45,147{GMT}	INFO	[jepsen worker 0] jepsen.util: 0	:invoke	:read	[0 nil]
2026-03-09 22:55:45,149{GMT}	INFO	[jepsen worker 1] jepsen.util: 1	:invoke	:read	[0 nil]
2026-03-09 22:55:45,153{GMT}	INFO	[jepsen worker 1] jepsen.util: 1	:fail	:read	[0 nil]	[:key-does-not-exist "not found"]
2026-03-09 22:55:45,153{GMT}	INFO	[jepsen worker 0] jepsen.util: 0	:fail	:read	[0 nil]	[:key-does-not-exist "not found"]
2026-03-09 22:55:45,197{GMT}	INFO	[jepsen worker 3] jepsen.util: 27	:invoke	:write	[0 4]
2026-03-09 22:55:45,201{GMT}	INFO	[jepsen worker 3] jepsen.util: 27	:fail	:write	[0 4]	[:abort "TCP sender unavailable"]
2026-03-09 22:55:45,252{GMT}	INFO	[jepsen worker 0] jepsen.util: 0	:invoke	:read	[0 nil]
2026-03-09 22:55:45,255{GMT}	INFO	[jepsen worker 0] jepsen.util: 0	:fail	:read	[0 nil]	[:key-does-not-exist "not found"]
2026-03-09 22:55:45,293{GMT}	INFO	[jepsen worker 1] jepsen.util: 1	:invoke	:read	[0 nil]
2026-03-09 22:55:45,296{GMT}	INFO	[jepsen worker 1] jepsen.util: 1	:fail	:read	[0 nil]	[:key-does-not-exist "not found"]
2026-03-09 22:55:45,475{GMT}	INFO	[jepsen worker 2] jepsen.util: 2	:invoke	:read	[0 nil]
2026-03-09 22:55:45,480{GMT}	INFO	[jepsen worker 2] jepsen.util: 2	:fail	:read	[0 nil]	[:key-does-not-exist "not found"]
2026-03-09 22:55:45,504{GMT}	INFO	[jepsen worker 3] jepsen.util: 27	:invoke	:cas	[0 [0 1]]
2026-03-09 22:55:45,508{GMT}	INFO	[jepsen worker 3] jepsen.util: 27	:fail	:cas	[0 [0 1]]	[:key-does-not-exist "key not found"]
2026-03-09 22:55:45,517{GMT}	INFO	[jepsen worker 4] jepsen.util: 28	:invoke	:cas	[0 [0 2]]
2026-03-09 22:55:45,520{GMT}	INFO	[jepsen worker 4] jepsen.util: 28	:fail	:cas	[0 [0 2]]	[:key-does-not-exist "key not found"]
2026-03-09 22:55:45,577{GMT}	INFO	[jepsen worker 0] jepsen.util: 0	:invoke	:read	[0 nil]
2026-03-09 22:55:45,579{GMT}	INFO	[jepsen worker 0] jepsen.util: 0	:fail	:read	[0 nil]	[:key-does-not-exist "not found"]
2026-03-09 22:55:45,729{GMT}	INFO	[jepsen worker 3] jepsen.util: 27	:invoke	:cas	[0 [4 3]]
2026-03-09 22:55:45,731{GMT}	INFO	[jepsen worker 3] jepsen.util: 27	:fail	:cas	[0 [4 3]]	[:key-does-not-exist "key not found"]
2026-03-09 22:55:45,856{GMT}	INFO	[jepsen worker 3] jepsen.util: 27	:invoke	:write	[0 3]
2026-03-09 22:55:45,863{GMT}	INFO	[jepsen worker 3] jepsen.util: 27	:fail	:write	[0 3]	[:abort "TCP sender unavailable"]
2026-03-09 22:55:45,974{GMT}	INFO	[jepsen worker 3] jepsen.util: 27	:invoke	:cas	[0 [2 0]]
2026-03-09 22:55:45,976{GMT}	INFO	[jepsen worker 3] jepsen.util: 27	:fail	:cas	[0 [2 0]]	[:key-does-not-exist "key not found"]
2026-03-09 22:55:46,147{GMT}	INFO	[jepsen worker 2] jepsen.util: 2	:invoke	:read	[0 nil]
2026-03-09 22:55:46,152{GMT}	INFO	[jepsen worker 2] jepsen.util: 2	:fail	:read	[0 nil]	[:key-does-not-exist "not found"]
2026-03-09 22:55:46,221{GMT}	INFO	[jepsen worker 0] jepsen.util: 0	:invoke	:read	[0 nil]
2026-03-09 22:55:46,223{GMT}	INFO	[jepsen worker 4] jepsen.util: 28	:invoke	:write	[0 0]
2026-03-09 22:55:46,226{GMT}	INFO	[jepsen worker 4] jepsen.util: 28	:fail	:write	[0 0]	[:abort "TCP sender unavailable"]
2026-03-09 22:55:46,226{GMT}	INFO	[jepsen worker 0] jepsen.util: 0	:fail	:read	[0 nil]	[:key-does-not-exist "not found"]
2026-03-09 22:55:46,297{GMT}	INFO	[jepsen worker 5] jepsen.util: 5	:invoke	:cas	[0 [1 2]]
2026-03-09 22:55:46,302{GMT}	INFO	[jepsen worker 5] jepsen.util: 5	:fail	:cas	[0 [1 2]]	[:key-does-not-exist "key not found"]
2026-03-09 22:55:46,340{GMT}	INFO	[jepsen worker 3] jepsen.util: 27	:invoke	:cas	[0 [4 2]]
2026-03-09 22:55:46,343{GMT}	INFO	[jepsen worker 3] jepsen.util: 27	:fail	:cas	[0 [4 2]]	[:key-does-not-exist "key not found"]
2026-03-09 22:55:46,486{GMT}	INFO	[jepsen worker 3] jepsen.util: 27	:invoke	:cas	[0 [1 4]]
2026-03-09 22:55:46,490{GMT}	INFO	[jepsen worker 3] jepsen.util: 27	:fail	:cas	[0 [1 4]]	[:key-does-not-exist "key not found"]
2026-03-09 22:55:46,674{GMT}	INFO	[jepsen worker 3] jepsen.util: 27	:invoke	:write	[0 3]
2026-03-09 22:55:46,676{GMT}	INFO	[jepsen worker 3] jepsen.util: 27	:fail	:write	[0 3]	[:abort "TCP sender unavailable"]
2026-03-09 22:55:46,813{GMT}	INFO	[jepsen worker 2] jepsen.util: 2	:invoke	:read	[0 nil]
2026-03-09 22:55:46,818{GMT}	INFO	[jepsen worker 2] jepsen.util: 2	:fail	:read	[0 nil]	[:key-does-not-exist "not found"]
2026-03-09 22:55:46,958{GMT}	INFO	[jepsen worker 0] jepsen.util: 0	:invoke	:read	[0 nil]
2026-03-09 22:55:46,963{GMT}	INFO	[jepsen worker 0] jepsen.util: 0	:fail	:read	[0 nil]	[:key-does-not-exist "not found"]
2026-03-09 22:55:47,130{GMT}	INFO	[jepsen worker 0] jepsen.util: 0	:invoke	:read	[0 nil]
2026-03-09 22:55:47,136{GMT}	INFO	[jepsen worker 0] jepsen.util: 0	:fail	:read	[0 nil]	[:key-does-not-exist "not found"]
2026-03-09 22:55:47,243{GMT}	INFO	[jepsen worker 5] jepsen.util: 5	:invoke	:write	[0 1]
2026-03-09 22:55:47,246{GMT}	INFO	[jepsen worker 5] jepsen.util: 5	:fail	:write	[0 1]	[:abort "TCP sender unavailable"]
2026-03-09 22:55:47,340{GMT}	INFO	[jepsen worker 3] jepsen.util: 27	:invoke	:cas	[0 [4 3]]
2026-03-09 22:55:47,345{GMT}	INFO	[jepsen worker 3] jepsen.util: 27	:fail	:cas	[0 [4 3]]	[:key-does-not-exist "key not found"]
2026-03-09 22:55:47,537{GMT}	INFO	[jepsen worker 0] jepsen.util: 0	:invoke	:read	[0 nil]
2026-03-09 22:55:47,541{GMT}	INFO	[jepsen worker 0] jepsen.util: 0	:fail	:read	[0 nil]	[:key-does-not-exist "not found"]
2026-03-09 22:55:47,581{GMT}	INFO	[jepsen worker 3] jepsen.util: 27	:invoke	:cas	[0 [4 2]]
2026-03-09 22:55:47,584{GMT}	INFO	[jepsen worker 3] jepsen.util: 27	:fail	:cas	[0 [4 2]]	[:key-does-not-exist "key not found"]
2026-03-09 22:55:47,671{GMT}	INFO	[jepsen worker 3] jepsen.util: 27	:invoke	:write	[0 1]
2026-03-09 22:55:47,676{GMT}	INFO	[jepsen worker 3] jepsen.util: 27	:fail	:write	[0 1]	[:abort "TCP sender unavailable"]
2026-03-09 22:55:47,876{GMT}	INFO	[jepsen worker 0] jepsen.util: 0	:invoke	:read	[0 nil]
2026-03-09 22:55:47,884{GMT}	INFO	[jepsen worker 0] jepsen.util: 0	:fail	:read	[0 nil]	[:key-does-not-exist "not found"]
2026-03-09 22:55:47,957{GMT}	INFO	[jepsen worker 4] jepsen.util: 28	:invoke	:cas	[0 [1 3]]
2026-03-09 22:55:47,959{GMT}	INFO	[jepsen worker 4] jepsen.util: 28	:fail	:cas	[0 [1 3]]	[:key-does-not-exist "key not found"]
2026-03-09 22:55:48,048{GMT}	INFO	[jepsen worker 5] jepsen.util: 5	:invoke	:cas	[0 [3 4]]
2026-03-09 22:55:48,052{GMT}	INFO	[jepsen worker 5] jepsen.util: 5	:fail	:cas	[0 [3 4]]	[:key-does-not-exist "key not found"]
2026-03-09 22:55:48,244{GMT}	INFO	[jepsen worker 0] jepsen.util: 0	:invoke	:read	[0 nil]
2026-03-09 22:55:48,249{GMT}	INFO	[jepsen worker 0] jepsen.util: 0	:fail	:read	[0 nil]	[:key-does-not-exist "not found"]
2026-03-09 22:55:48,373{GMT}	INFO	[jepsen worker 3] jepsen.util: 27	:invoke	:cas	[0 [4 2]]
2026-03-09 22:55:48,377{GMT}	INFO	[jepsen worker 3] jepsen.util: 27	:fail	:cas	[0 [4 2]]	[:key-does-not-exist "key not found"]
2026-03-09 22:55:48,477{GMT}	INFO	[jepsen worker 3] jepsen.util: 27	:invoke	:cas	[0 [2 4]]
2026-03-09 22:55:48,488{GMT}	INFO	[jepsen worker 3] jepsen.util: 27	:fail	:cas	[0 [2 4]]	[:key-does-not-exist "key not found"]
2026-03-09 22:55:48,529{GMT}	INFO	[jepsen worker 2] jepsen.util: 2	:invoke	:read	[0 nil]
2026-03-09 22:55:48,532{GMT}	INFO	[jepsen worker 2] jepsen.util: 2	:fail	:read	[0 nil]	[:key-does-not-exist "not found"]
2026-03-09 22:55:48,618{GMT}	INFO	[jepsen worker 0] jepsen.util: 0	:invoke	:read	[0 nil]
2026-03-09 22:55:48,623{GMT}	INFO	[jepsen worker 0] jepsen.util: 0	:fail	:read	[0 nil]	[:key-does-not-exist "not found"]
2026-03-09 22:55:48,732{GMT}	INFO	[jepsen worker 4] jepsen.util: 28	:invoke	:write	[0 3]
2026-03-09 22:55:48,735{GMT}	INFO	[jepsen worker 4] jepsen.util: 28	:fail	:write	[0 3]	[:abort "TCP sender unavailable"]
2026-03-09 22:55:48,896{GMT}	INFO	[jepsen worker 5] jepsen.util: 5	:invoke	:cas	[0 [4 0]]
2026-03-09 22:55:48,901{GMT}	INFO	[jepsen worker 5] jepsen.util: 5	:fail	:cas	[0 [4 0]]	[:key-does-not-exist "key not found"]
2026-03-09 22:55:49,058{GMT}	INFO	[jepsen worker 0] jepsen.util: 0	:invoke	:read	[0 nil]
2026-03-09 22:55:49,063{GMT}	INFO	[jepsen worker 0] jepsen.util: 0	:fail	:read	[0 nil]	[:key-does-not-exist "not found"]
2026-03-09 22:55:49,080{GMT}	INFO	[jepsen worker 0] jepsen.util: 0	:invoke	:read	[0 nil]
2026-03-09 22:55:49,082{GMT}	INFO	[jepsen worker 0] jepsen.util: 0	:fail	:read	[0 nil]	[:key-does-not-exist "not found"]
2026-03-09 22:55:49,259{GMT}	INFO	[jepsen worker 1] jepsen.util: 1	:invoke	:read	[0 nil]
2026-03-09 22:55:49,262{GMT}	INFO	[jepsen worker 1] jepsen.util: 1	:fail	:read	[0 nil]	[:key-does-not-exist "not found"]
2026-03-09 22:55:49,285{GMT}	INFO	[jepsen worker 3] jepsen.util: 27	:invoke	:write	[0 3]
2026-03-09 22:55:49,288{GMT}	INFO	[jepsen worker 3] jepsen.util: 27	:fail	:write	[0 3]	[:abort "TCP sender unavailable"]
2026-03-09 22:55:49,421{GMT}	INFO	[jepsen worker 3] jepsen.util: 27	:invoke	:cas	[0 [1 3]]
2026-03-09 22:55:49,426{GMT}	INFO	[jepsen worker 3] jepsen.util: 27	:fail	:cas	[0 [1 3]]	[:key-does-not-exist "key not found"]
2026-03-09 22:55:49,596{GMT}	INFO	[jepsen worker 0] jepsen.util: 0	:invoke	:read	[0 nil]
2026-03-09 22:55:49,600{GMT}	INFO	[jepsen worker 0] jepsen.util: 0	:fail	:read	[0 nil]	[:key-does-not-exist "not found"]
2026-03-09 22:55:49,623{GMT}	INFO	[jepsen worker 5] jepsen.util: 5	:invoke	:cas	[0 [0 4]]
2026-03-09 22:55:49,626{GMT}	INFO	[jepsen worker 5] jepsen.util: 5	:fail	:cas	[0 [0 4]]	[:key-does-not-exist "key not found"]
2026-03-09 22:55:49,651{GMT}	INFO	[jepsen worker 3] jepsen.util: 27	:invoke	:cas	[0 [3 4]]
2026-03-09 22:55:49,653{GMT}	INFO	[jepsen worker 3] jepsen.util: 27	:fail	:cas	[0 [3 4]]	[:key-does-not-exist "key not found"]
2026-03-09 22:55:49,677{GMT}	INFO	[jepsen worker 3] jepsen.util: 27	:invoke	:write	[0 0]
2026-03-09 22:55:49,678{GMT}	INFO	[jepsen worker 3] jepsen.util: 27	:fail	:write	[0 0]	[:abort "TCP sender unavailable"]
2026-03-09 22:55:49,809{GMT}	INFO	[jepsen worker 1] jepsen.util: 1	:invoke	:read	[0 nil]
2026-03-09 22:55:49,813{GMT}	INFO	[jepsen worker 1] jepsen.util: 1	:fail	:read	[0 nil]	[:key-does-not-exist "not found"]
2026-03-09 22:55:49,965{GMT}	INFO	[jepsen worker 3] jepsen.util: 27	:invoke	:write	[0 4]
2026-03-09 22:55:49,971{GMT}	INFO	[jepsen worker 3] jepsen.util: 27	:fail	:write	[0 4]	[:abort "TCP sender unavailable"]
2026-03-09 22:55:50,071{GMT}	INFO	[jepsen worker 0] jepsen.util: 0	:invoke	:read	[0 nil]
2026-03-09 22:55:50,076{GMT}	INFO	[jepsen worker 0] jepsen.util: 0	:fail	:read	[0 nil]	[:key-does-not-exist "not found"]
2026-03-09 22:55:50,194{GMT}	INFO	[jepsen worker 4] jepsen.util: 28	:invoke	:cas	[0 [3 1]]
2026-03-09 22:55:50,196{GMT}	INFO	[jepsen worker 4] jepsen.util: 28	:fail	:cas	[0 [3 1]]	[:key-does-not-exist "key not found"]
2026-03-09 22:55:50,288{GMT}	INFO	[jepsen worker 0] jepsen.util: 0	:invoke	:read	[0 nil]
2026-03-09 22:55:50,297{GMT}	INFO	[jepsen worker 0] jepsen.util: 0	:fail	:read	[0 nil]	[:key-does-not-exist "not found"]
2026-03-09 22:55:50,363{GMT}	INFO	[jepsen worker 0] jepsen.util: 0	:invoke	:read	[0 nil]
2026-03-09 22:55:50,366{GMT}	INFO	[jepsen worker 0] jepsen.util: 0	:fail	:read	[0 nil]	[:key-does-not-exist "not found"]
2026-03-09 22:55:50,554{GMT}	INFO	[jepsen worker 3] jepsen.util: 27	:invoke	:cas	[0 [1 3]]
2026-03-09 22:55:50,557{GMT}	INFO	[jepsen worker 3] jepsen.util: 27	:fail	:cas	[0 [1 3]]	[:key-does-not-exist "key not found"]
2026-03-09 22:55:50,723{GMT}	INFO	[jepsen worker 3] jepsen.util: 27	:invoke	:cas	[0 [3 0]]
2026-03-09 22:55:50,726{GMT}	INFO	[jepsen worker 3] jepsen.util: 27	:fail	:cas	[0 [3 0]]	[:key-does-not-exist "key not found"]
2026-03-09 22:55:50,797{GMT}	INFO	[jepsen worker 3] jepsen.util: 27	:invoke	:cas	[0 [3 2]]
2026-03-09 22:55:50,800{GMT}	INFO	[jepsen worker 3] jepsen.util: 27	:fail	:cas	[0 [3 2]]	[:key-does-not-exist "key not found"]
2026-03-09 22:55:50,987{GMT}	INFO	[jepsen worker 3] jepsen.util: 27	:invoke	:write	[0 3]
2026-03-09 22:55:50,989{GMT}	INFO	[jepsen worker 3] jepsen.util: 27	:fail	:write	[0 3]	[:abort "TCP sender unavailable"]
2026-03-09 22:55:51,086{GMT}	INFO	[jepsen worker 0] jepsen.util: 0	:invoke	:read	[0 nil]
2026-03-09 22:55:51,089{GMT}	INFO	[jepsen worker 0] jepsen.util: 0	:fail	:read	[0 nil]	[:key-does-not-exist "not found"]
2026-03-09 22:55:51,182{GMT}	INFO	[jepsen worker 5] jepsen.util: 5	:invoke	:cas	[0 [3 1]]
2026-03-09 22:55:51,186{GMT}	INFO	[jepsen worker 5] jepsen.util: 5	:fail	:cas	[0 [3 1]]	[:key-does-not-exist "key not found"]
2026-03-09 22:55:51,280{GMT}	INFO	[jepsen worker 0] jepsen.util: 0	:invoke	:read	[0 nil]
2026-03-09 22:55:51,284{GMT}	INFO	[jepsen worker 0] jepsen.util: 0	:fail	:read	[0 nil]	[:key-does-not-exist "not found"]
2026-03-09 22:55:51,374{GMT}	INFO	[jepsen worker 0] jepsen.util: 0	:invoke	:read	[0 nil]
2026-03-09 22:55:51,378{GMT}	INFO	[jepsen worker 0] jepsen.util: 0	:fail	:read	[0 nil]	[:key-does-not-exist "not found"]
2026-03-09 22:55:51,575{GMT}	INFO	[jepsen worker 1] jepsen.util: 1	:invoke	:read	[0 nil]
2026-03-09 22:55:51,580{GMT}	INFO	[jepsen worker 1] jepsen.util: 1	:fail	:read	[0 nil]	[:key-does-not-exist "not found"]
2026-03-09 22:55:51,709{GMT}	INFO	[jepsen worker 2] jepsen.util: 2	:invoke	:read	[0 nil]
2026-03-09 22:55:51,714{GMT}	INFO	[jepsen worker 2] jepsen.util: 2	:fail	:read	[0 nil]	[:key-does-not-exist "not found"]
2026-03-09 22:55:51,727{GMT}	INFO	[jepsen worker 3] jepsen.util: 27	:invoke	:cas	[0 [2 2]]
2026-03-09 22:55:51,732{GMT}	INFO	[jepsen worker 3] jepsen.util: 27	:fail	:cas	[0 [2 2]]	[:key-does-not-exist "key not found"]
2026-03-09 22:55:51,861{GMT}	INFO	[jepsen worker 4] jepsen.util: 28	:invoke	:cas	[0 [0 4]]
2026-03-09 22:55:51,866{GMT}	INFO	[jepsen worker 4] jepsen.util: 28	:fail	:cas	[0 [0 4]]	[:key-does-not-exist "key not found"]
2026-03-09 22:55:52,050{GMT}	INFO	[jepsen worker 5] jepsen.util: 5	:invoke	:cas	[0 [1 4]]
2026-03-09 22:55:52,053{GMT}	INFO	[jepsen worker 5] jepsen.util: 5	:fail	:cas	[0 [1 4]]	[:key-does-not-exist "key not found"]
2026-03-09 22:55:52,068{GMT}	INFO	[jepsen worker 3] jepsen.util: 27	:invoke	:cas	[0 [2 4]]
2026-03-09 22:55:52,069{GMT}	INFO	[jepsen worker 3] jepsen.util: 27	:fail	:cas	[0 [2 4]]	[:key-does-not-exist "key not found"]
2026-03-09 22:55:52,240{GMT}	INFO	[jepsen worker 0] jepsen.util: 0	:invoke	:read	[0 nil]
2026-03-09 22:55:52,245{GMT}	INFO	[jepsen worker 0] jepsen.util: 0	:fail	:read	[0 nil]	[:key-does-not-exist "not found"]
2026-03-09 22:55:52,300{GMT}	INFO	[jepsen worker 3] jepsen.util: 27	:invoke	:cas	[0 [4 1]]
2026-03-09 22:55:52,305{GMT}	INFO	[jepsen worker 3] jepsen.util: 27	:fail	:cas	[0 [4 1]]	[:key-does-not-exist "key not found"]
2026-03-09 22:55:52,384{GMT}	INFO	[jepsen worker 3] jepsen.util: 27	:invoke	:cas	[0 [3 4]]
2026-03-09 22:55:52,389{GMT}	INFO	[jepsen worker 3] jepsen.util: 27	:fail	:cas	[0 [3 4]]	[:key-does-not-exist "key not found"]
2026-03-09 22:55:52,530{GMT}	INFO	[jepsen worker 0] jepsen.util: 0	:invoke	:read	[0 nil]
2026-03-09 22:55:52,536{GMT}	INFO	[jepsen worker 0] jepsen.util: 0	:fail	:read	[0 nil]	[:key-does-not-exist "not found"]
2026-03-09 22:55:52,569{GMT}	INFO	[jepsen worker 4] jepsen.util: 28	:invoke	:cas	[0 [3 0]]
2026-03-09 22:55:52,573{GMT}	INFO	[jepsen worker 4] jepsen.util: 28	:fail	:cas	[0 [3 0]]	[:key-does-not-exist "key not found"]
2026-03-09 22:55:52,654{GMT}	INFO	[jepsen worker 5] jepsen.util: 5	:invoke	:write	[0 3]
2026-03-09 22:55:52,661{GMT}	INFO	[jepsen worker 5] jepsen.util: 5	:fail	:write	[0 3]	[:abort "TCP sender unavailable"]
2026-03-09 22:55:52,739{GMT}	INFO	[jepsen worker 3] jepsen.util: 27	:invoke	:cas	[0 [0 3]]
2026-03-09 22:55:52,741{GMT}	INFO	[jepsen worker 3] jepsen.util: 27	:fail	:cas	[0 [0 3]]	[:key-does-not-exist "key not found"]
2026-03-09 22:55:52,791{GMT}	INFO	[jepsen worker 0] jepsen.util: 0	:invoke	:read	[0 nil]
2026-03-09 22:55:52,793{GMT}	INFO	[jepsen worker 0] jepsen.util: 0	:fail	:read	[0 nil]	[:key-does-not-exist "not found"]
2026-03-09 22:55:52,960{GMT}	INFO	[jepsen worker 1] jepsen.util: 1	:invoke	:read	[0 nil]
2026-03-09 22:55:52,964{GMT}	INFO	[jepsen worker 1] jepsen.util: 1	:fail	:read	[0 nil]	[:key-does-not-exist "not found"]
2026-03-09 22:55:52,989{GMT}	INFO	[jepsen worker 3] jepsen.util: 27	:invoke	:cas	[0 [0 3]]
2026-03-09 22:55:52,993{GMT}	INFO	[jepsen worker 3] jepsen.util: 27	:fail	:cas	[0 [0 3]]	[:key-does-not-exist "key not found"]
2026-03-09 22:55:53,058{GMT}	INFO	[jepsen worker 0] jepsen.util: 0	:invoke	:read	[0 nil]
2026-03-09 22:55:53,064{GMT}	INFO	[jepsen worker 0] jepsen.util: 0	:fail	:read	[0 nil]	[:key-does-not-exist "not found"]
2026-03-09 22:55:53,099{GMT}	INFO	[jepsen worker 0] jepsen.util: 0	:invoke	:read	[0 nil]
2026-03-09 22:55:53,103{GMT}	INFO	[jepsen worker 0] jepsen.util: 0	:fail	:read	[0 nil]	[:key-does-not-exist "not found"]
2026-03-09 22:55:53,199{GMT}	INFO	[jepsen worker 5] jepsen.util: 5	:invoke	:cas	[0 [4 4]]
2026-03-09 22:55:53,205{GMT}	INFO	[jepsen worker 5] jepsen.util: 5	:fail	:cas	[0 [4 4]]	[:key-does-not-exist "key not found"]
2026-03-09 22:55:53,255{GMT}	INFO	[jepsen worker 3] jepsen.util: 27	:invoke	:write	[0 1]
2026-03-09 22:55:53,257{GMT}	INFO	[jepsen worker 3] jepsen.util: 27	:fail	:write	[0 1]	[:abort "TCP sender unavailable"]
2026-03-09 22:55:53,361{GMT}	INFO	[jepsen worker 3] jepsen.util: 27	:invoke	:write	[0 2]
2026-03-09 22:55:53,367{GMT}	INFO	[jepsen worker 3] jepsen.util: 27	:fail	:write	[0 2]	[:abort "TCP sender unavailable"]
2026-03-09 22:55:53,385{GMT}	INFO	[jepsen worker 1] jepsen.util: 1	:invoke	:read	[0 nil]
2026-03-09 22:55:53,390{GMT}	INFO	[jepsen worker 1] jepsen.util: 1	:fail	:read	[0 nil]	[:key-does-not-exist "not found"]
2026-03-09 22:55:53,491{GMT}	INFO	[jepsen worker 2] jepsen.util: 2	:invoke	:read	[0 nil]
2026-03-09 22:55:53,493{GMT}	INFO	[jepsen worker 2] jepsen.util: 2	:fail	:read	[0 nil]	[:key-does-not-exist "not found"]
2026-03-09 22:55:53,647{GMT}	INFO	[jepsen worker 0] jepsen.util: 0	:invoke	:read	[0 nil]
2026-03-09 22:55:53,650{GMT}	INFO	[jepsen worker 0] jepsen.util: 0	:fail	:read	[0 nil]	[:key-does-not-exist "not found"]
2026-03-09 22:55:53,718{GMT}	INFO	[jepsen worker 4] jepsen.util: 28	:invoke	:write	[0 2]
2026-03-09 22:55:53,720{GMT}	INFO	[jepsen worker 4] jepsen.util: 28	:fail	:write	[0 2]	[:abort "TCP sender unavailable"]
2026-03-09 22:55:53,810{GMT}	INFO	[jepsen worker 0] jepsen.util: 0	:invoke	:read	[0 nil]
2026-03-09 22:55:53,814{GMT}	INFO	[jepsen worker 0] jepsen.util: 0	:fail	:read	[0 nil]	[:key-does-not-exist "not found"]
2026-03-09 22:55:53,981{GMT}	INFO	[jepsen worker 3] jepsen.util: 27	:invoke	:write	[0 3]
2026-03-09 22:55:53,987{GMT}	INFO	[jepsen worker 3] jepsen.util: 27	:fail	:write	[0 3]	[:abort "TCP sender unavailable"]
2026-03-09 22:55:54,064{GMT}	INFO	[jepsen worker 3] jepsen.util: 27	:invoke	:write	[0 4]
2026-03-09 22:55:54,069{GMT}	INFO	[jepsen worker 3] jepsen.util: 27	:fail	:write	[0 4]	[:abort "TCP sender unavailable"]
2026-03-09 22:55:54,258{GMT}	INFO	[jepsen worker 3] jepsen.util: 27	:invoke	:write	[0 2]
2026-03-09 22:55:54,263{GMT}	INFO	[jepsen worker 3] jepsen.util: 27	:fail	:write	[0 2]	[:abort "TCP sender unavailable"]
2026-03-09 22:55:54,429{GMT}	INFO	[jepsen worker 3] jepsen.util: 27	:invoke	:cas	[0 [4 1]]
2026-03-09 22:55:54,434{GMT}	INFO	[jepsen worker 3] jepsen.util: 27	:fail	:cas	[0 [4 1]]	[:key-does-not-exist "key not found"]
2026-03-09 22:55:54,632{GMT}	INFO	[jepsen worker 0] jepsen.util: 0	:invoke	:read	[0 nil]
2026-03-09 22:55:54,637{GMT}	INFO	[jepsen worker 0] jepsen.util: 0	:fail	:read	[0 nil]	[:key-does-not-exist "not found"]
2026-03-09 22:55:54,680{GMT}	INFO	[jepsen worker 4] jepsen.util: 28	:invoke	:cas	[0 [1 1]]
2026-03-09 22:55:54,686{GMT}	INFO	[jepsen worker 4] jepsen.util: 28	:fail	:cas	[0 [1 1]]	[:key-does-not-exist "key not found"]
2026-03-09 22:55:54,830{GMT}	INFO	[jepsen worker 5] jepsen.util: 5	:invoke	:cas	[0 [1 4]]
2026-03-09 22:55:54,835{GMT}	INFO	[jepsen worker 5] jepsen.util: 5	:fail	:cas	[0 [1 4]]	[:key-does-not-exist "key not found"]
2026-03-09 22:55:54,958{GMT}	INFO	[jepsen worker 0] jepsen.util: 0	:invoke	:read	[0 nil]
2026-03-09 22:55:54,963{GMT}	INFO	[jepsen worker 0] jepsen.util: 0	:fail	:read	[0 nil]	[:key-does-not-exist "not found"]
2026-03-09 22:55:54,977{GMT}	INFO	[jepsen worker 3] jepsen.util: 27	:invoke	:cas	[0 [1 4]]
2026-03-09 22:55:54,982{GMT}	INFO	[jepsen worker 3] jepsen.util: 27	:fail	:cas	[0 [1 4]]	[:key-does-not-exist "key not found"]
2026-03-09 22:55:55,147{GMT}	INFO	[jepsen worker 1] jepsen.util: 1	:invoke	:read	[0 nil]
2026-03-09 22:55:55,152{GMT}	INFO	[jepsen worker 1] jepsen.util: 1	:fail	:read	[0 nil]	[:key-does-not-exist "not found"]
2026-03-09 22:55:55,274{GMT}	INFO	[jepsen worker 3] jepsen.util: 27	:invoke	:write	[0 3]
2026-03-09 22:55:55,279{GMT}	INFO	[jepsen worker 3] jepsen.util: 27	:fail	:write	[0 3]	[:abort "TCP sender unavailable"]
2026-03-09 22:55:55,383{GMT}	INFO	[jepsen worker 3] jepsen.util: 27	:invoke	:write	[0 3]
2026-03-09 22:55:55,384{GMT}	INFO	[jepsen worker 3] jepsen.util: 27	:fail	:write	[0 3]	[:abort "TCP sender unavailable"]
2026-03-09 22:55:55,564{GMT}	INFO	[jepsen worker 4] jepsen.util: 28	:invoke	:cas	[0 [1 3]]
2026-03-09 22:55:55,566{GMT}	INFO	[jepsen worker 4] jepsen.util: 28	:fail	:cas	[0 [1 3]]	[:key-does-not-exist "key not found"]
2026-03-09 22:55:55,763{GMT}	INFO	[jepsen worker 0] jepsen.util: 0	:invoke	:read	[0 nil]
2026-03-09 22:55:55,765{GMT}	INFO	[jepsen worker 0] jepsen.util: 0	:fail	:read	[0 nil]	[:key-does-not-exist "not found"]
2026-03-09 22:55:55,891{GMT}	INFO	[jepsen worker 3] jepsen.util: 27	:invoke	:write	[0 3]
2026-03-09 22:55:55,895{GMT}	INFO	[jepsen worker 3] jepsen.util: 27	:fail	:write	[0 3]	[:abort "TCP sender unavailable"]
2026-03-09 22:55:55,896{GMT}	INFO	[jepsen worker 3] jepsen.util: 27	:invoke	:cas	[0 [3 1]]
2026-03-09 22:55:55,898{GMT}	INFO	[jepsen worker 3] jepsen.util: 27	:fail	:cas	[0 [3 1]]	[:key-does-not-exist "key not found"]
2026-03-09 22:55:55,963{GMT}	INFO	[jepsen worker 3] jepsen.util: 27	:invoke	:write	[0 4]
2026-03-09 22:55:55,965{GMT}	INFO	[jepsen worker 3] jepsen.util: 27	:fail	:write	[0 4]	[:abort "TCP sender unavailable"]
2026-03-09 22:55:56,130{GMT}	INFO	[jepsen worker 3] jepsen.util: 27	:invoke	:cas	[0 [0 4]]
2026-03-09 22:55:56,134{GMT}	INFO	[jepsen worker 3] jepsen.util: 27	:fail	:cas	[0 [0 4]]	[:key-does-not-exist "key not found"]
2026-03-09 22:55:56,221{GMT}	INFO	[jepsen worker 0] jepsen.util: 0	:invoke	:read	[0 nil]
2026-03-09 22:55:56,228{GMT}	INFO	[jepsen worker 0] jepsen.util: 0	:fail	:read	[0 nil]	[:key-does-not-exist "not found"]
2026-03-09 22:55:56,292{GMT}	INFO	[jepsen worker 4] jepsen.util: 28	:invoke	:write	[0 0]
2026-03-09 22:55:56,296{GMT}	INFO	[jepsen worker 4] jepsen.util: 28	:fail	:write	[0 0]	[:abort "TCP sender unavailable"]
2026-03-09 22:55:56,421{GMT}	INFO	[jepsen worker 5] jepsen.util: 5	:invoke	:cas	[0 [2 1]]
2026-03-09 22:55:56,427{GMT}	INFO	[jepsen worker 5] jepsen.util: 5	:fail	:cas	[0 [2 1]]	[:key-does-not-exist "key not found"]
2026-03-09 22:55:56,608{GMT}	INFO	[jepsen worker 0] jepsen.util: 0	:invoke	:read	[0 nil]
2026-03-09 22:55:56,614{GMT}	INFO	[jepsen worker 0] jepsen.util: 0	:fail	:read	[0 nil]	[:key-does-not-exist "not found"]
2026-03-09 22:55:56,716{GMT}	INFO	[jepsen worker 3] jepsen.util: 27	:invoke	:write	[0 0]
2026-03-09 22:55:56,722{GMT}	INFO	[jepsen worker 3] jepsen.util: 27	:fail	:write	[0 0]	[:abort "TCP sender unavailable"]
2026-03-09 22:55:56,841{GMT}	INFO	[jepsen worker 1] jepsen.util: 1	:invoke	:read	[0 nil]
2026-03-09 22:55:56,846{GMT}	INFO	[jepsen worker 1] jepsen.util: 1	:fail	:read	[0 nil]	[:key-does-not-exist "not found"]
2026-03-09 22:55:56,921{GMT}	INFO	[jepsen worker 3] jepsen.util: 27	:invoke	:cas	[0 [3 3]]
2026-03-09 22:55:56,927{GMT}	INFO	[jepsen worker 3] jepsen.util: 27	:fail	:cas	[0 [3 3]]	[:key-does-not-exist "key not found"]
2026-03-09 22:55:56,957{GMT}	INFO	[jepsen worker 0] jepsen.util: 0	:invoke	:read	[0 nil]
2026-03-09 22:55:56,961{GMT}	INFO	[jepsen worker 0] jepsen.util: 0	:fail	:read	[0 nil]	[:key-does-not-exist "not found"]
2026-03-09 22:55:57,092{GMT}	INFO	[jepsen worker 0] jepsen.util: 0	:invoke	:read	[0 nil]
2026-03-09 22:55:57,104{GMT}	INFO	[jepsen worker 0] jepsen.util: 0	:fail	:read	[0 nil]	[:key-does-not-exist "not found"]
2026-03-09 22:55:57,192{GMT}	INFO	[jepsen worker 5] jepsen.util: 5	:invoke	:cas	[0 [2 3]]
2026-03-09 22:55:57,196{GMT}	INFO	[jepsen worker 5] jepsen.util: 5	:fail	:cas	[0 [2 3]]	[:key-does-not-exist "key not found"]
2026-03-09 22:55:57,204{GMT}	INFO	[jepsen worker 3] jepsen.util: 27	:invoke	:cas	[0 [1 1]]
2026-03-09 22:55:57,209{GMT}	INFO	[jepsen worker 3] jepsen.util: 27	:fail	:cas	[0 [1 1]]	[:key-does-not-exist "key not found"]
2026-03-09 22:55:57,293{GMT}	INFO	[jepsen worker 3] jepsen.util: 27	:invoke	:write	[0 4]
2026-03-09 22:55:57,299{GMT}	INFO	[jepsen worker 3] jepsen.util: 27	:fail	:write	[0 4]	[:abort "TCP sender unavailable"]
2026-03-09 22:55:57,485{GMT}	INFO	[jepsen worker 1] jepsen.util: 1	:invoke	:read	[0 nil]
2026-03-09 22:55:57,491{GMT}	INFO	[jepsen worker 1] jepsen.util: 1	:fail	:read	[0 nil]	[:key-does-not-exist "not found"]
2026-03-09 22:55:57,600{GMT}	INFO	[jepsen worker 3] jepsen.util: 27	:invoke	:cas	[0 [0 2]]
2026-03-09 22:55:57,605{GMT}	INFO	[jepsen worker 3] jepsen.util: 27	:fail	:cas	[0 [0 2]]	[:key-does-not-exist "key not found"]
2026-03-09 22:55:57,738{GMT}	INFO	[jepsen worker 0] jepsen.util: 0	:invoke	:read	[0 nil]
2026-03-09 22:55:57,740{GMT}	INFO	[jepsen worker 0] jepsen.util: 0	:fail	:read	[0 nil]	[:key-does-not-exist "not found"]
2026-03-09 22:55:57,940{GMT}	INFO	[jepsen worker 0] jepsen.util: 0	:invoke	:read	[0 nil]
2026-03-09 22:55:57,945{GMT}	INFO	[jepsen worker 0] jepsen.util: 0	:fail	:read	[0 nil]	[:key-does-not-exist "not found"]
2026-03-09 22:55:57,946{GMT}	INFO	[jepsen worker 5] jepsen.util: 5	:invoke	:cas	[0 [0 2]]
2026-03-09 22:55:57,955{GMT}	INFO	[jepsen worker 5] jepsen.util: 5	:fail	:cas	[0 [0 2]]	[:key-does-not-exist "key not found"]
2026-03-09 22:55:58,014{GMT}	INFO	[jepsen worker 0] jepsen.util: 0	:invoke	:read	[0 nil]
2026-03-09 22:55:58,018{GMT}	INFO	[jepsen worker 0] jepsen.util: 0	:fail	:read	[0 nil]	[:key-does-not-exist "not found"]
2026-03-09 22:55:58,180{GMT}	INFO	[jepsen worker 3] jepsen.util: 27	:invoke	:cas	[0 [3 4]]
2026-03-09 22:55:58,186{GMT}	INFO	[jepsen worker 3] jepsen.util: 27	:fail	:cas	[0 [3 4]]	[:key-does-not-exist "key not found"]
2026-03-09 22:55:58,347{GMT}	INFO	[jepsen worker 3] jepsen.util: 27	:invoke	:cas	[0 [4 1]]
2026-03-09 22:55:58,353{GMT}	INFO	[jepsen worker 3] jepsen.util: 27	:fail	:cas	[0 [4 1]]	[:key-does-not-exist "key not found"]
2026-03-09 22:55:58,486{GMT}	INFO	[jepsen worker 3] jepsen.util: 27	:invoke	:cas	[0 [0 4]]
2026-03-09 22:55:58,514{GMT}	INFO	[jepsen worker 3] jepsen.util: 27	:fail	:cas	[0 [0 4]]	[:key-does-not-exist "key not found"]
2026-03-09 22:55:58,547{GMT}	INFO	[jepsen worker 3] jepsen.util: 27	:invoke	:cas	[0 [3 3]]
2026-03-09 22:55:58,553{GMT}	INFO	[jepsen worker 3] jepsen.util: 27	:fail	:cas	[0 [3 3]]	[:key-does-not-exist "key not found"]
2026-03-09 22:55:58,563{GMT}	INFO	[jepsen worker 0] jepsen.util: 0	:invoke	:read	[0 nil]
2026-03-09 22:55:58,566{GMT}	INFO	[jepsen worker 0] jepsen.util: 0	:fail	:read	[0 nil]	[:key-does-not-exist "not found"]
2026-03-09 22:55:58,695{GMT}	INFO	[jepsen worker 5] jepsen.util: 5	:invoke	:cas	[0 [4 0]]
2026-03-09 22:55:58,697{GMT}	INFO	[jepsen worker 5] jepsen.util: 5	:fail	:cas	[0 [4 0]]	[:key-does-not-exist "key not found"]
2026-03-09 22:55:58,837{GMT}	INFO	[jepsen worker 3] jepsen.util: 27	:invoke	:write	[0 4]
2026-03-09 22:55:58,840{GMT}	INFO	[jepsen worker 3] jepsen.util: 27	:fail	:write	[0 4]	[:abort "TCP sender unavailable"]
2026-03-09 22:55:58,964{GMT}	INFO	[jepsen worker 0] jepsen.util: 0	:invoke	:read	[0 nil]
2026-03-09 22:55:58,969{GMT}	INFO	[jepsen worker 0] jepsen.util: 0	:fail	:read	[0 nil]	[:key-does-not-exist "not found"]
2026-03-09 22:55:59,024{GMT}	INFO	[jepsen worker 3] jepsen.util: 27	:invoke	:cas	[0 [2 3]]
2026-03-09 22:55:59,029{GMT}	INFO	[jepsen worker 3] jepsen.util: 27	:fail	:cas	[0 [2 3]]	[:key-does-not-exist "key not found"]
2026-03-09 22:55:59,090{GMT}	INFO	[jepsen worker 3] jepsen.util: 27	:invoke	:cas	[0 [2 1]]
2026-03-09 22:55:59,094{GMT}	INFO	[jepsen worker 3] jepsen.util: 27	:fail	:cas	[0 [2 1]]	[:key-does-not-exist "key not found"]
2026-03-09 22:55:59,191{GMT}	INFO	[jepsen worker 3] jepsen.util: 27	:invoke	:write	[0 2]
2026-03-09 22:55:59,196{GMT}	INFO	[jepsen worker 3] jepsen.util: 27	:fail	:write	[0 2]	[:abort "TCP sender unavailable"]
2026-03-09 22:55:59,380{GMT}	INFO	[jepsen worker 0] jepsen.util: 0	:invoke	:read	[0 nil]
2026-03-09 22:55:59,385{GMT}	INFO	[jepsen worker 0] jepsen.util: 0	:fail	:read	[0 nil]	[:key-does-not-exist "not found"]
2026-03-09 22:55:59,480{GMT}	INFO	[jepsen worker 5] jepsen.util: 5	:invoke	:write	[0 0]
2026-03-09 22:55:59,485{GMT}	INFO	[jepsen worker 5] jepsen.util: 5	:fail	:write	[0 0]	[:abort "TCP sender unavailable"]
2026-03-09 22:55:59,514{GMT}	INFO	[jepsen worker 3] jepsen.util: 27	:invoke	:cas	[0 [1 0]]
2026-03-09 22:55:59,518{GMT}	INFO	[jepsen worker 3] jepsen.util: 27	:fail	:cas	[0 [1 0]]	[:key-does-not-exist "key not found"]
2026-03-09 22:55:59,682{GMT}	INFO	[jepsen worker 0] jepsen.util: 0	:invoke	:read	[0 nil]
2026-03-09 22:55:59,687{GMT}	INFO	[jepsen worker 0] jepsen.util: 0	:fail	:read	[0 nil]	[:key-does-not-exist "not found"]
2026-03-09 22:55:59,710{GMT}	INFO	[jepsen worker 1] jepsen.util: 1	:invoke	:read	[0 nil]
2026-03-09 22:55:59,713{GMT}	INFO	[jepsen worker 1] jepsen.util: 1	:fail	:read	[0 nil]	[:key-does-not-exist "not found"]
2026-03-09 22:55:59,863{GMT}	INFO	[jepsen worker 2] jepsen.util: 2	:invoke	:read	[0 nil]
2026-03-09 22:55:59,865{GMT}	INFO	[jepsen worker 2] jepsen.util: 2	:fail	:read	[0 nil]	[:key-does-not-exist "not found"]
2026-03-09 22:55:59,907{GMT}	INFO	[jepsen worker 3] jepsen.util: 27	:invoke	:write	[0 2]
2026-03-09 22:55:59,910{GMT}	INFO	[jepsen worker 3] jepsen.util: 27	:fail	:write	[0 2]	[:abort "TCP sender unavailable"]
2026-03-09 22:55:59,991{GMT}	INFO	[jepsen worker 4] jepsen.util: 28	:invoke	:cas	[0 [0 2]]
2026-03-09 22:55:59,995{GMT}	INFO	[jepsen worker 4] jepsen.util: 28	:fail	:cas	[0 [0 2]]	[:key-does-not-exist "key not found"]
2026-03-09 22:56:00,175{GMT}	INFO	[jepsen worker 0] jepsen.util: 0	:invoke	:read	[0 nil]
2026-03-09 22:56:00,180{GMT}	INFO	[jepsen worker 0] jepsen.util: 0	:fail	:read	[0 nil]	[:key-does-not-exist "not found"]
2026-03-09 22:56:00,284{GMT}	INFO	[jepsen worker 3] jepsen.util: 27	:invoke	:write	[0 1]
2026-03-09 22:56:00,287{GMT}	INFO	[jepsen worker 3] jepsen.util: 27	:fail	:write	[0 1]	[:abort "TCP sender unavailable"]
2026-03-09 22:56:00,480{GMT}	INFO	[jepsen worker 3] jepsen.util: 27	:invoke	:cas	[0 [1 2]]
2026-03-09 22:56:00,483{GMT}	INFO	[jepsen worker 3] jepsen.util: 27	:fail	:cas	[0 [1 2]]	[:key-does-not-exist "key not found"]
2026-03-09 22:56:00,679{GMT}	INFO	[jepsen worker 3] jepsen.util: 27	:invoke	:cas	[0 [4 2]]
2026-03-09 22:56:00,681{GMT}	INFO	[jepsen worker 3] jepsen.util: 27	:fail	:cas	[0 [4 2]]	[:key-does-not-exist "key not found"]
2026-03-09 22:56:00,719{GMT}	INFO	[jepsen worker 3] jepsen.util: 27	:invoke	:write	[0 4]
2026-03-09 22:56:00,721{GMT}	INFO	[jepsen worker 3] jepsen.util: 27	:fail	:write	[0 4]	[:abort "TCP sender unavailable"]
2026-03-09 22:56:00,780{GMT}	INFO	[jepsen worker 0] jepsen.util: 0	:invoke	:read	[0 nil]
2026-03-09 22:56:00,781{GMT}	INFO	[jepsen worker 0] jepsen.util: 0	:fail	:read	[0 nil]	[:key-does-not-exist "not found"]
2026-03-09 22:56:00,924{GMT}	INFO	[jepsen worker 0] jepsen.util: 0	:invoke	:read	[0 nil]
2026-03-09 22:56:00,927{GMT}	INFO	[jepsen worker 0] jepsen.util: 0	:fail	:read	[0 nil]	[:key-does-not-exist "not found"]
2026-03-09 22:56:01,076{GMT}	INFO	[jepsen worker 0] jepsen.util: 0	:invoke	:read	[0 nil]
2026-03-09 22:56:01,078{GMT}	INFO	[jepsen worker 0] jepsen.util: 0	:fail	:read	[0 nil]	[:key-does-not-exist "not found"]
2026-03-09 22:56:01,235{GMT}	INFO	[jepsen worker 0] jepsen.util: 0	:invoke	:read	[0 nil]
2026-03-09 22:56:01,240{GMT}	INFO	[jepsen worker 0] jepsen.util: 0	:fail	:read	[0 nil]	[:key-does-not-exist "not found"]
2026-03-09 22:56:01,290{GMT}	INFO	[jepsen worker 0] jepsen.util: 0	:invoke	:read	[0 nil]
2026-03-09 22:56:01,292{GMT}	INFO	[jepsen worker 0] jepsen.util: 0	:fail	:read	[0 nil]	[:key-does-not-exist "not found"]
2026-03-09 22:56:01,419{GMT}	INFO	[jepsen worker 3] jepsen.util: 27	:invoke	:cas	[0 [3 0]]
2026-03-09 22:56:01,424{GMT}	INFO	[jepsen worker 3] jepsen.util: 27	:fail	:cas	[0 [3 0]]	[:key-does-not-exist "key not found"]
2026-03-09 22:56:01,490{GMT}	INFO	[jepsen worker 2] jepsen.util: 2	:invoke	:read	[0 nil]
2026-03-09 22:56:01,493{GMT}	INFO	[jepsen worker 2] jepsen.util: 2	:fail	:read	[0 nil]	[:key-does-not-exist "not found"]
2026-03-09 22:56:01,530{GMT}	INFO	[jepsen worker 0] jepsen.util: 0	:invoke	:read	[0 nil]
2026-03-09 22:56:01,535{GMT}	INFO	[jepsen worker 0] jepsen.util: 0	:fail	:read	[0 nil]	[:key-does-not-exist "not found"]
2026-03-09 22:56:01,654{GMT}	INFO	[jepsen worker 4] jepsen.util: 28	:invoke	:write	[0 1]
2026-03-09 22:56:01,659{GMT}	INFO	[jepsen worker 4] jepsen.util: 28	:fail	:write	[0 1]	[:abort "TCP sender unavailable"]
2026-03-09 22:56:01,697{GMT}	INFO	[jepsen worker 5] jepsen.util: 5	:invoke	:cas	[0 [0 4]]
2026-03-09 22:56:01,701{GMT}	INFO	[jepsen worker 5] jepsen.util: 5	:fail	:cas	[0 [0 4]]	[:key-does-not-exist "key not found"]
2026-03-09 22:56:01,851{GMT}	INFO	[jepsen worker 0] jepsen.util: 0	:invoke	:read	[0 nil]
2026-03-09 22:56:01,854{GMT}	INFO	[jepsen worker 0] jepsen.util: 0	:fail	:read	[0 nil]	[:key-does-not-exist "not found"]
2026-03-09 22:56:01,923{GMT}	INFO	[jepsen worker 3] jepsen.util: 27	:invoke	:write	[0 1]
2026-03-09 22:56:01,926{GMT}	INFO	[jepsen worker 3] jepsen.util: 27	:fail	:write	[0 1]	[:abort "TCP sender unavailable"]
2026-03-09 22:56:01,954{GMT}	INFO	[jepsen worker 1] jepsen.util: 1	:invoke	:read	[0 nil]
2026-03-09 22:56:01,956{GMT}	INFO	[jepsen worker 1] jepsen.util: 1	:fail	:read	[0 nil]	[:key-does-not-exist "not found"]
2026-03-09 22:56:02,130{GMT}	INFO	[jepsen worker 2] jepsen.util: 2	:invoke	:read	[0 nil]
2026-03-09 22:56:02,133{GMT}	INFO	[jepsen worker 2] jepsen.util: 2	:fail	:read	[0 nil]	[:key-does-not-exist "not found"]
2026-03-09 22:56:02,294{GMT}	INFO	[jepsen worker 3] jepsen.util: 27	:invoke	:cas	[0 [4 2]]
2026-03-09 22:56:02,298{GMT}	INFO	[jepsen worker 3] jepsen.util: 27	:fail	:cas	[0 [4 2]]	[:key-does-not-exist "key not found"]
2026-03-09 22:56:02,413{GMT}	INFO	[jepsen worker 4] jepsen.util: 28	:invoke	:cas	[0 [2 2]]
2026-03-09 22:56:02,418{GMT}	INFO	[jepsen worker 4] jepsen.util: 28	:fail	:cas	[0 [2 2]]	[:key-does-not-exist "key not found"]
2026-03-09 22:56:02,442{GMT}	INFO	[jepsen worker 5] jepsen.util: 5	:invoke	:cas	[0 [1 2]]
2026-03-09 22:56:02,446{GMT}	INFO	[jepsen worker 5] jepsen.util: 5	:fail	:cas	[0 [1 2]]	[:key-does-not-exist "key not found"]
2026-03-09 22:56:02,578{GMT}	INFO	[jepsen worker 0] jepsen.util: 0	:invoke	:read	[0 nil]
2026-03-09 22:56:02,583{GMT}	INFO	[jepsen worker 0] jepsen.util: 0	:fail	:read	[0 nil]	[:key-does-not-exist "not found"]
2026-03-09 22:56:02,659{GMT}	INFO	[jepsen worker 3] jepsen.util: 27	:invoke	:cas	[0 [3 2]]
2026-03-09 22:56:02,664{GMT}	INFO	[jepsen worker 3] jepsen.util: 27	:fail	:cas	[0 [3 2]]	[:key-does-not-exist "key not found"]
2026-03-09 22:56:02,781{GMT}	INFO	[jepsen worker 1] jepsen.util: 1	:invoke	:read	[0 nil]
2026-03-09 22:56:02,785{GMT}	INFO	[jepsen worker 1] jepsen.util: 1	:fail	:read	[0 nil]	[:key-does-not-exist "not found"]
2026-03-09 22:56:02,977{GMT}	INFO	[jepsen worker 3] jepsen.util: 27	:invoke	:cas	[0 [4 3]]
2026-03-09 22:56:02,982{GMT}	INFO	[jepsen worker 3] jepsen.util: 27	:fail	:cas	[0 [4 3]]	[:key-does-not-exist "key not found"]
2026-03-09 22:56:03,157{GMT}	INFO	[jepsen worker 0] jepsen.util: 0	:invoke	:read	[0 nil]
2026-03-09 22:56:03,173{GMT}	INFO	[jepsen worker 0] jepsen.util: 0	:fail	:read	[0 nil]	[:key-does-not-exist "not found"]
2026-03-09 22:56:03,208{GMT}	INFO	[jepsen worker 0] jepsen.util: 0	:invoke	:read	[0 nil]
2026-03-09 22:56:03,210{GMT}	INFO	[jepsen worker 0] jepsen.util: 0	:fail	:read	[0 nil]	[:key-does-not-exist "not found"]
2026-03-09 22:56:03,226{GMT}	INFO	[jepsen worker 0] jepsen.util: 0	:invoke	:read	[0 nil]
2026-03-09 22:56:03,227{GMT}	INFO	[jepsen worker 0] jepsen.util: 0	:fail	:read	[0 nil]	[:key-does-not-exist "not found"]
2026-03-09 22:56:03,329{GMT}	INFO	[jepsen worker 0] jepsen.util: 0	:invoke	:read	[0 nil]
2026-03-09 22:56:03,340{GMT}	INFO	[jepsen worker 0] jepsen.util: 0	:fail	:read	[0 nil]	[:key-does-not-exist "not found"]
2026-03-09 22:56:03,514{GMT}	INFO	[jepsen worker 0] jepsen.util: 0	:invoke	:read	[0 nil]
2026-03-09 22:56:03,518{GMT}	INFO	[jepsen worker 0] jepsen.util: 0	:fail	:read	[0 nil]	[:key-does-not-exist "not found"]
2026-03-09 22:56:03,624{GMT}	INFO	[jepsen worker 3] jepsen.util: 27	:invoke	:cas	[0 [3 2]]
2026-03-09 22:56:03,628{GMT}	INFO	[jepsen worker 3] jepsen.util: 27	:fail	:cas	[0 [3 2]]	[:key-does-not-exist "key not found"]
2026-03-09 22:56:03,722{GMT}	INFO	[jepsen worker 2] jepsen.util: 2	:invoke	:read	[0 nil]
2026-03-09 22:56:03,724{GMT}	INFO	[jepsen worker 2] jepsen.util: 2	:fail	:read	[0 nil]	[:key-does-not-exist "not found"]
2026-03-09 22:56:03,869{GMT}	INFO	[jepsen worker 3] jepsen.util: 27	:invoke	:cas	[0 [3 4]]
2026-03-09 22:56:03,874{GMT}	INFO	[jepsen worker 3] jepsen.util: 27	:fail	:cas	[0 [3 4]]	[:key-does-not-exist "key not found"]
2026-03-09 22:56:03,975{GMT}	INFO	[jepsen worker 4] jepsen.util: 28	:invoke	:write	[0 3]
2026-03-09 22:56:03,977{GMT}	INFO	[jepsen worker 4] jepsen.util: 28	:fail	:write	[0 3]	[:abort "TCP sender unavailable"]
2026-03-09 22:56:04,157{GMT}	INFO	[jepsen worker 5] jepsen.util: 5	:invoke	:cas	[0 [1 2]]
2026-03-09 22:56:04,166{GMT}	INFO	[jepsen worker 5] jepsen.util: 5	:fail	:cas	[0 [1 2]]	[:key-does-not-exist "key not found"]
2026-03-09 22:56:04,288{GMT}	INFO	[jepsen worker 0] jepsen.util: 0	:invoke	:read	[0 nil]
2026-03-09 22:56:04,292{GMT}	INFO	[jepsen worker 0] jepsen.util: 0	:fail	:read	[0 nil]	[:key-does-not-exist "not found"]
2026-03-09 22:56:04,480{GMT}	INFO	[jepsen worker 0] jepsen.util: 0	:invoke	:read	[0 nil]
2026-03-09 22:56:04,486{GMT}	INFO	[jepsen worker 0] jepsen.util: 0	:fail	:read	[0 nil]	[:key-does-not-exist "not found"]
2026-03-09 22:56:04,531{GMT}	INFO	[jepsen worker 1] jepsen.util: 1	:invoke	:read	[0 nil]
2026-03-09 22:56:04,536{GMT}	INFO	[jepsen worker 1] jepsen.util: 1	:fail	:read	[0 nil]	[:key-does-not-exist "not found"]
2026-03-09 22:56:04,635{GMT}	INFO	[jepsen worker 2] jepsen.util: 2	:invoke	:read	[0 nil]
2026-03-09 22:56:04,640{GMT}	INFO	[jepsen worker 2] jepsen.util: 2	:fail	:read	[0 nil]	[:key-does-not-exist "not found"]
2026-03-09 22:56:04,815{GMT}	INFO	[jepsen worker 3] jepsen.util: 27	:invoke	:cas	[0 [4 2]]
2026-03-09 22:56:04,818{GMT}	INFO	[jepsen worker 3] jepsen.util: 27	:fail	:cas	[0 [4 2]]	[:key-does-not-exist "key not found"]
2026-03-09 22:56:04,950{GMT}	INFO	[jepsen worker 4] jepsen.util: 28	:invoke	:cas	[0 [0 4]]
2026-03-09 22:56:04,955{GMT}	INFO	[jepsen worker 4] jepsen.util: 28	:fail	:cas	[0 [0 4]]	[:key-does-not-exist "key not found"]
2026-03-09 22:56:05,055{GMT}	INFO	[jepsen worker 0] jepsen.util: 0	:invoke	:read	[0 nil]
2026-03-09 22:56:05,058{GMT}	INFO	[jepsen worker 0] jepsen.util: 0	:fail	:read	[0 nil]	[:key-does-not-exist "not found"]
2026-03-09 22:56:05,224{GMT}	INFO	[jepsen worker 0] jepsen.util: 0	:invoke	:read	[0 nil]
2026-03-09 22:56:05,228{GMT}	INFO	[jepsen worker 0] jepsen.util: 0	:fail	:read	[0 nil]	[:key-does-not-exist "not found"]
2026-03-09 22:56:05,391{GMT}	INFO	[jepsen worker 0] jepsen.util: 0	:invoke	:read	[0 nil]
2026-03-09 22:56:05,397{GMT}	INFO	[jepsen worker 0] jepsen.util: 0	:fail	:read	[0 nil]	[:key-does-not-exist "not found"]
2026-03-09 22:56:05,490{GMT}	INFO	[jepsen worker 1] jepsen.util: 1	:invoke	:read	[0 nil]
2026-03-09 22:56:05,495{GMT}	INFO	[jepsen worker 1] jepsen.util: 1	:fail	:read	[0 nil]	[:key-does-not-exist "not found"]
2026-03-09 22:56:05,571{GMT}	INFO	[jepsen worker 3] jepsen.util: 27	:invoke	:write	[0 4]
2026-03-09 22:56:05,573{GMT}	INFO	[jepsen worker 3] jepsen.util: 27	:fail	:write	[0 4]	[:abort "TCP sender unavailable"]
2026-03-09 22:56:05,663{GMT}	INFO	[jepsen worker 0] jepsen.util: 0	:invoke	:read	[0 nil]
2026-03-09 22:56:05,665{GMT}	INFO	[jepsen worker 0] jepsen.util: 0	:fail	:read	[0 nil]	[:key-does-not-exist "not found"]
2026-03-09 22:56:05,826{GMT}	INFO	[jepsen worker 0] jepsen.util: 0	:invoke	:read	[0 nil]
2026-03-09 22:56:05,829{GMT}	INFO	[jepsen worker 0] jepsen.util: 0	:fail	:read	[0 nil]	[:key-does-not-exist "not found"]
2026-03-09 22:56:05,852{GMT}	INFO	[jepsen worker 5] jepsen.util: 5	:invoke	:cas	[0 [3 4]]
2026-03-09 22:56:05,854{GMT}	INFO	[jepsen worker 5] jepsen.util: 5	:fail	:cas	[0 [3 4]]	[:key-does-not-exist "key not found"]
2026-03-09 22:56:05,859{GMT}	INFO	[jepsen worker 0] jepsen.util: 0	:invoke	:read	[0 nil]
2026-03-09 22:56:05,860{GMT}	INFO	[jepsen worker 0] jepsen.util: 0	:fail	:read	[0 nil]	[:key-does-not-exist "not found"]
2026-03-09 22:56:05,989{GMT}	INFO	[jepsen worker 3] jepsen.util: 27	:invoke	:write	[0 2]
2026-03-09 22:56:05,994{GMT}	INFO	[jepsen worker 3] jepsen.util: 27	:fail	:write	[0 2]	[:abort "TCP sender unavailable"]
2026-03-09 22:56:06,183{GMT}	INFO	[jepsen worker 3] jepsen.util: 27	:invoke	:write	[0 0]
2026-03-09 22:56:06,185{GMT}	INFO	[jepsen worker 3] jepsen.util: 27	:fail	:write	[0 0]	[:abort "TCP sender unavailable"]
2026-03-09 22:56:06,240{GMT}	INFO	[jepsen worker 3] jepsen.util: 27	:invoke	:write	[0 2]
2026-03-09 22:56:06,242{GMT}	INFO	[jepsen worker 3] jepsen.util: 27	:fail	:write	[0 2]	[:abort "TCP sender unavailable"]
2026-03-09 22:56:06,288{GMT}	INFO	[jepsen worker 0] jepsen.util: 0	:invoke	:read	[0 nil]
2026-03-09 22:56:06,290{GMT}	INFO	[jepsen worker 0] jepsen.util: 0	:fail	:read	[0 nil]	[:key-does-not-exist "not found"]
2026-03-09 22:56:06,359{GMT}	INFO	[jepsen worker 4] jepsen.util: 28	:invoke	:write	[0 1]
2026-03-09 22:56:06,364{GMT}	INFO	[jepsen worker 4] jepsen.util: 28	:fail	:write	[0 1]	[:abort "TCP sender unavailable"]
2026-03-09 22:56:06,430{GMT}	INFO	[jepsen worker 5] jepsen.util: 5	:invoke	:cas	[0 [3 0]]
2026-03-09 22:56:06,435{GMT}	INFO	[jepsen worker 5] jepsen.util: 5	:fail	:cas	[0 [3 0]]	[:key-does-not-exist "key not found"]
2026-03-09 22:56:06,571{GMT}	INFO	[jepsen worker 3] jepsen.util: 27	:invoke	:cas	[0 [3 1]]
2026-03-09 22:56:06,576{GMT}	INFO	[jepsen worker 3] jepsen.util: 27	:fail	:cas	[0 [3 1]]	[:key-does-not-exist "key not found"]
2026-03-09 22:56:06,697{GMT}	INFO	[jepsen worker 0] jepsen.util: 0	:invoke	:read	[0 nil]
2026-03-09 22:56:06,702{GMT}	INFO	[jepsen worker 0] jepsen.util: 0	:fail	:read	[0 nil]	[:key-does-not-exist "not found"]
2026-03-09 22:56:06,760{GMT}	INFO	[jepsen worker 1] jepsen.util: 1	:invoke	:read	[0 nil]
2026-03-09 22:56:06,765{GMT}	INFO	[jepsen worker 1] jepsen.util: 1	:fail	:read	[0 nil]	[:key-does-not-exist "not found"]
2026-03-09 22:56:06,880{GMT}	INFO	[jepsen worker 2] jepsen.util: 2	:invoke	:read	[0 nil]
2026-03-09 22:56:06,884{GMT}	INFO	[jepsen worker 2] jepsen.util: 2	:fail	:read	[0 nil]	[:key-does-not-exist "not found"]
2026-03-09 22:56:06,914{GMT}	INFO	[jepsen worker 0] jepsen.util: 0	:invoke	:read	[0 nil]
2026-03-09 22:56:06,919{GMT}	INFO	[jepsen worker 0] jepsen.util: 0	:fail	:read	[0 nil]	[:key-does-not-exist "not found"]
2026-03-09 22:56:06,929{GMT}	INFO	[jepsen worker 4] jepsen.util: 28	:invoke	:cas	[0 [1 0]]
2026-03-09 22:56:06,934{GMT}	INFO	[jepsen worker 4] jepsen.util: 28	:fail	:cas	[0 [1 0]]	[:key-does-not-exist "key not found"]
2026-03-09 22:56:07,093{GMT}	INFO	[jepsen worker 5] jepsen.util: 5	:invoke	:cas	[0 [2 4]]
2026-03-09 22:56:07,097{GMT}	INFO	[jepsen worker 5] jepsen.util: 5	:fail	:cas	[0 [2 4]]	[:key-does-not-exist "key not found"]
2026-03-09 22:56:07,148{GMT}	INFO	[jepsen worker 3] jepsen.util: 27	:invoke	:write	[0 2]
2026-03-09 22:56:07,153{GMT}	INFO	[jepsen worker 3] jepsen.util: 27	:fail	:write	[0 2]	[:abort "TCP sender unavailable"]
2026-03-09 22:56:07,271{GMT}	INFO	[jepsen worker 3] jepsen.util: 27	:invoke	:write	[0 3]
2026-03-09 22:56:07,276{GMT}	INFO	[jepsen worker 3] jepsen.util: 27	:fail	:write	[0 3]	[:abort "TCP sender unavailable"]
2026-03-09 22:56:07,338{GMT}	INFO	[jepsen worker 3] jepsen.util: 27	:invoke	:write	[0 3]
2026-03-09 22:56:07,346{GMT}	INFO	[jepsen worker 3] jepsen.util: 27	:fail	:write	[0 3]	[:abort "TCP sender unavailable"]
2026-03-09 22:56:07,539{GMT}	INFO	[jepsen worker 3] jepsen.util: 27	:invoke	:cas	[0 [0 2]]
2026-03-09 22:56:07,544{GMT}	INFO	[jepsen worker 3] jepsen.util: 27	:fail	:cas	[0 [0 2]]	[:key-does-not-exist "key not found"]
2026-03-09 22:56:07,647{GMT}	INFO	[jepsen worker 3] jepsen.util: 27	:invoke	:write	[0 2]
2026-03-09 22:56:07,652{GMT}	INFO	[jepsen worker 3] jepsen.util: 27	:fail	:write	[0 2]	[:abort "TCP sender unavailable"]
2026-03-09 22:56:07,766{GMT}	INFO	[jepsen worker 4] jepsen.util: 28	:invoke	:cas	[0 [1 3]]
2026-03-09 22:56:07,771{GMT}	INFO	[jepsen worker 4] jepsen.util: 28	:fail	:cas	[0 [1 3]]	[:key-does-not-exist "key not found"]
2026-03-09 22:56:07,794{GMT}	INFO	[jepsen worker 5] jepsen.util: 5	:invoke	:write	[0 3]
2026-03-09 22:56:07,796{GMT}	INFO	[jepsen worker 5] jepsen.util: 5	:fail	:write	[0 3]	[:abort "TCP sender unavailable"]
2026-03-09 22:56:07,802{GMT}	INFO	[jepsen worker 3] jepsen.util: 27	:invoke	:cas	[0 [3 2]]
2026-03-09 22:56:07,804{GMT}	INFO	[jepsen worker 3] jepsen.util: 27	:fail	:cas	[0 [3 2]]	[:key-does-not-exist "key not found"]
2026-03-09 22:56:07,842{GMT}	INFO	[jepsen worker 0] jepsen.util: 0	:invoke	:read	[0 nil]
2026-03-09 22:56:07,844{GMT}	INFO	[jepsen worker 0] jepsen.util: 0	:fail	:read	[0 nil]	[:key-does-not-exist "not found"]
2026-03-09 22:56:07,940{GMT}	INFO	[jepsen worker 1] jepsen.util: 1	:invoke	:read	[0 nil]
2026-03-09 22:56:07,942{GMT}	INFO	[jepsen worker 1] jepsen.util: 1	:fail	:read	[0 nil]	[:key-does-not-exist "not found"]
2026-03-09 22:56:08,103{GMT}	INFO	[jepsen worker 2] jepsen.util: 2	:invoke	:read	[0 nil]
2026-03-09 22:56:08,107{GMT}	INFO	[jepsen worker 2] jepsen.util: 2	:fail	:read	[0 nil]	[:key-does-not-exist "not found"]
2026-03-09 22:56:08,207{GMT}	INFO	[jepsen worker 3] jepsen.util: 27	:invoke	:cas	[0 [0 4]]
2026-03-09 22:56:08,211{GMT}	INFO	[jepsen worker 3] jepsen.util: 27	:fail	:cas	[0 [0 4]]	[:key-does-not-exist "key not found"]
2026-03-09 22:56:08,258{GMT}	INFO	[jepsen worker 0] jepsen.util: 0	:invoke	:read	[0 nil]
2026-03-09 22:56:08,262{GMT}	INFO	[jepsen worker 0] jepsen.util: 0	:fail	:read	[0 nil]	[:key-does-not-exist "not found"]
2026-03-09 22:56:08,325{GMT}	INFO	[jepsen worker 5] jepsen.util: 5	:invoke	:write	[0 1]
2026-03-09 22:56:08,328{GMT}	INFO	[jepsen worker 5] jepsen.util: 5	:fail	:write	[0 1]	[:abort "TCP sender unavailable"]
2026-03-09 22:56:08,430{GMT}	INFO	[jepsen worker 3] jepsen.util: 27	:invoke	:cas	[0 [0 4]]
2026-03-09 22:56:08,433{GMT}	INFO	[jepsen worker 3] jepsen.util: 27	:fail	:cas	[0 [0 4]]	[:key-does-not-exist "key not found"]
2026-03-09 22:56:08,508{GMT}	INFO	[jepsen worker 0] jepsen.util: 0	:invoke	:read	[0 nil]
2026-03-09 22:56:08,513{GMT}	INFO	[jepsen worker 0] jepsen.util: 0	:fail	:read	[0 nil]	[:key-does-not-exist "not found"]
2026-03-09 22:56:08,679{GMT}	INFO	[jepsen worker 1] jepsen.util: 1	:invoke	:read	[0 nil]
2026-03-09 22:56:08,681{GMT}	INFO	[jepsen worker 1] jepsen.util: 1	:fail	:read	[0 nil]	[:key-does-not-exist "not found"]
2026-03-09 22:56:08,846{GMT}	INFO	[jepsen worker 2] jepsen.util: 2	:invoke	:read	[0 nil]
2026-03-09 22:56:08,853{GMT}	INFO	[jepsen worker 2] jepsen.util: 2	:fail	:read	[0 nil]	[:key-does-not-exist "not found"]
2026-03-09 22:56:08,882{GMT}	INFO	[jepsen worker 0] jepsen.util: 0	:invoke	:read	[0 nil]
2026-03-09 22:56:08,886{GMT}	INFO	[jepsen worker 0] jepsen.util: 0	:fail	:read	[0 nil]	[:key-does-not-exist "not found"]
2026-03-09 22:56:08,962{GMT}	INFO	[jepsen worker 4] jepsen.util: 28	:invoke	:write	[0 0]
2026-03-09 22:56:08,965{GMT}	INFO	[jepsen worker 4] jepsen.util: 28	:fail	:write	[0 0]	[:abort "TCP sender unavailable"]
2026-03-09 22:56:09,100{GMT}	INFO	[jepsen worker 0] jepsen.util: 0	:invoke	:read	[0 nil]
2026-03-09 22:56:09,103{GMT}	INFO	[jepsen worker 0] jepsen.util: 0	:fail	:read	[0 nil]	[:key-does-not-exist "not found"]
2026-03-09 22:56:09,170{GMT}	INFO	[jepsen worker 3] jepsen.util: 27	:invoke	:write	[0 2]
2026-03-09 22:56:09,174{GMT}	INFO	[jepsen worker 3] jepsen.util: 27	:fail	:write	[0 2]	[:abort "TCP sender unavailable"]
2026-03-09 22:56:09,309{GMT}	INFO	[jepsen worker 0] jepsen.util: 0	:invoke	:read	[0 nil]
2026-03-09 22:56:09,311{GMT}	INFO	[jepsen worker 0] jepsen.util: 0	:fail	:read	[0 nil]	[:key-does-not-exist "not found"]
2026-03-09 22:56:09,380{GMT}	INFO	[jepsen worker 3] jepsen.util: 27	:invoke	:cas	[0 [4 4]]
2026-03-09 22:56:09,383{GMT}	INFO	[jepsen worker 3] jepsen.util: 27	:fail	:cas	[0 [4 4]]	[:key-does-not-exist "key not found"]
2026-03-09 22:56:09,481{GMT}	INFO	[jepsen worker 2] jepsen.util: 2	:invoke	:read	[0 nil]
2026-03-09 22:56:09,484{GMT}	INFO	[jepsen worker 2] jepsen.util: 2	:fail	:read	[0 nil]	[:key-does-not-exist "not found"]
2026-03-09 22:56:09,674{GMT}	INFO	[jepsen worker 3] jepsen.util: 27	:invoke	:cas	[0 [4 1]]
2026-03-09 22:56:09,677{GMT}	INFO	[jepsen worker 3] jepsen.util: 27	:fail	:cas	[0 [4 1]]	[:key-does-not-exist "key not found"]
2026-03-09 22:56:09,679{GMT}	INFO	[jepsen worker 4] jepsen.util: 28	:invoke	:write	[0 2]
2026-03-09 22:56:09,683{GMT}	INFO	[jepsen worker 4] jepsen.util: 28	:fail	:write	[0 2]	[:abort "TCP sender unavailable"]
2026-03-09 22:56:09,881{GMT}	INFO	[jepsen worker 5] jepsen.util: 5	:invoke	:cas	[0 [2 1]]
2026-03-09 22:56:09,888{GMT}	INFO	[jepsen worker 5] jepsen.util: 5	:fail	:cas	[0 [2 1]]	[:key-does-not-exist "key not found"]
2026-03-09 22:56:10,001{GMT}	INFO	[jepsen worker 0] jepsen.util: 0	:invoke	:read	[0 nil]
2026-03-09 22:56:10,007{GMT}	INFO	[jepsen worker 0] jepsen.util: 0	:fail	:read	[0 nil]	[:key-does-not-exist "not found"]
2026-03-09 22:56:10,082{GMT}	INFO	[jepsen worker 0] jepsen.util: 0	:invoke	:read	[0 nil]
2026-03-09 22:56:10,087{GMT}	INFO	[jepsen worker 0] jepsen.util: 0	:fail	:read	[0 nil]	[:key-does-not-exist "not found"]
2026-03-09 22:56:10,151{GMT}	INFO	[jepsen worker 3] jepsen.util: 27	:invoke	:cas	[0 [3 2]]
2026-03-09 22:56:10,156{GMT}	INFO	[jepsen worker 3] jepsen.util: 27	:fail	:cas	[0 [3 2]]	[:key-does-not-exist "key not found"]
2026-03-09 22:56:10,166{GMT}	INFO	[jepsen worker 3] jepsen.util: 27	:invoke	:cas	[0 [3 0]]
2026-03-09 22:56:10,169{GMT}	INFO	[jepsen worker 3] jepsen.util: 27	:fail	:cas	[0 [3 0]]	[:key-does-not-exist "key not found"]
2026-03-09 22:56:10,315{GMT}	INFO	[jepsen worker 3] jepsen.util: 27	:invoke	:cas	[0 [0 4]]
2026-03-09 22:56:10,317{GMT}	INFO	[jepsen worker 0] jepsen.util: 0	:invoke	:read	[0 nil]
2026-03-09 22:56:10,321{GMT}	INFO	[jepsen worker 3] jepsen.util: 27	:fail	:cas	[0 [0 4]]	[:key-does-not-exist "key not found"]
2026-03-09 22:56:10,325{GMT}	INFO	[jepsen worker 0] jepsen.util: 0	:fail	:read	[0 nil]	[:key-does-not-exist "not found"]
2026-03-09 22:56:10,467{GMT}	INFO	[jepsen worker 0] jepsen.util: 0	:invoke	:read	[0 nil]
2026-03-09 22:56:10,471{GMT}	INFO	[jepsen worker 0] jepsen.util: 0	:fail	:read	[0 nil]	[:key-does-not-exist "not found"]
2026-03-09 22:56:10,641{GMT}	INFO	[jepsen worker 3] jepsen.util: 27	:invoke	:cas	[0 [4 3]]
2026-03-09 22:56:10,643{GMT}	INFO	[jepsen worker 3] jepsen.util: 27	:fail	:cas	[0 [4 3]]	[:key-does-not-exist "key not found"]
2026-03-09 22:56:10,741{GMT}	INFO	[jepsen worker 0] jepsen.util: 0	:invoke	:read	[0 nil]
2026-03-09 22:56:10,742{GMT}	INFO	[jepsen worker 0] jepsen.util: 0	:fail	:read	[0 nil]	[:key-does-not-exist "not found"]
2026-03-09 22:56:10,873{GMT}	INFO	[jepsen worker 1] jepsen.util: 1	:invoke	:read	[0 nil]
2026-03-09 22:56:10,877{GMT}	INFO	[jepsen worker 1] jepsen.util: 1	:fail	:read	[0 nil]	[:key-does-not-exist "not found"]
2026-03-09 22:56:11,016{GMT}	INFO	[jepsen worker 3] jepsen.util: 27	:invoke	:cas	[0 [0 0]]
2026-03-09 22:56:11,021{GMT}	INFO	[jepsen worker 3] jepsen.util: 27	:fail	:cas	[0 [0 0]]	[:key-does-not-exist "key not found"]
2026-03-09 22:56:11,191{GMT}	INFO	[jepsen worker 0] jepsen.util: 0	:invoke	:read	[0 nil]
2026-03-09 22:56:11,192{GMT}	INFO	[jepsen worker 0] jepsen.util: 0	:fail	:read	[0 nil]	[:key-does-not-exist "not found"]
2026-03-09 22:56:11,392{GMT}	INFO	[jepsen worker 0] jepsen.util: 0	:invoke	:read	[0 nil]
2026-03-09 22:56:11,396{GMT}	INFO	[jepsen worker 0] jepsen.util: 0	:fail	:read	[0 nil]	[:key-does-not-exist "not found"]
2026-03-09 22:56:11,541{GMT}	INFO	[jepsen worker 0] jepsen.util: 0	:invoke	:read	[0 nil]
2026-03-09 22:56:11,544{GMT}	INFO	[jepsen worker 0] jepsen.util: 0	:fail	:read	[0 nil]	[:key-does-not-exist "not found"]
2026-03-09 22:56:11,724{GMT}	INFO	[jepsen worker 0] jepsen.util: 0	:invoke	:read	[0 nil]
2026-03-09 22:56:11,727{GMT}	INFO	[jepsen worker 0] jepsen.util: 0	:fail	:read	[0 nil]	[:key-does-not-exist "not found"]
2026-03-09 22:56:11,858{GMT}	INFO	[jepsen worker 3] jepsen.util: 27	:invoke	:cas	[0 [2 2]]
2026-03-09 22:56:11,863{GMT}	INFO	[jepsen worker 3] jepsen.util: 27	:fail	:cas	[0 [2 2]]	[:key-does-not-exist "key not found"]
2026-03-09 22:56:11,887{GMT}	INFO	[jepsen worker 1] jepsen.util: 1	:invoke	:read	[0 nil]
2026-03-09 22:56:11,889{GMT}	INFO	[jepsen worker 1] jepsen.util: 1	:fail	:read	[0 nil]	[:key-does-not-exist "not found"]
2026-03-09 22:56:12,052{GMT}	INFO	[jepsen worker 3] jepsen.util: 27	:invoke	:write	[0 4]
2026-03-09 22:56:12,057{GMT}	INFO	[jepsen worker 3] jepsen.util: 27	:fail	:write	[0 4]	[:abort "TCP sender unavailable"]
2026-03-09 22:56:12,158{GMT}	INFO	[jepsen worker 3] jepsen.util: 27	:invoke	:write	[0 2]
2026-03-09 22:56:12,163{GMT}	INFO	[jepsen worker 3] jepsen.util: 27	:fail	:write	[0 2]	[:abort "TCP sender unavailable"]
2026-03-09 22:56:12,347{GMT}	INFO	[jepsen worker 4] jepsen.util: 28	:invoke	:cas	[0 [4 1]]
2026-03-09 22:56:12,352{GMT}	INFO	[jepsen worker 4] jepsen.util: 28	:fail	:cas	[0 [4 1]]	[:key-does-not-exist "key not found"]
2026-03-09 22:56:12,466{GMT}	INFO	[jepsen worker 5] jepsen.util: 5	:invoke	:cas	[0 [0 3]]
2026-03-09 22:56:12,471{GMT}	INFO	[jepsen worker 5] jepsen.util: 5	:fail	:cas	[0 [0 3]]	[:key-does-not-exist "key not found"]
2026-03-09 22:56:12,653{GMT}	INFO	[jepsen worker 0] jepsen.util: 0	:invoke	:read	[0 nil]
2026-03-09 22:56:12,661{GMT}	INFO	[jepsen worker 0] jepsen.util: 0	:fail	:read	[0 nil]	[:key-does-not-exist "not found"]
2026-03-09 22:56:12,737{GMT}	INFO	[jepsen worker 3] jepsen.util: 27	:invoke	:write	[0 1]
2026-03-09 22:56:12,740{GMT}	INFO	[jepsen worker 3] jepsen.util: 27	:fail	:write	[0 1]	[:abort "TCP sender unavailable"]
2026-03-09 22:56:12,850{GMT}	INFO	[jepsen worker 1] jepsen.util: 1	:invoke	:read	[0 nil]
2026-03-09 22:56:12,853{GMT}	INFO	[jepsen worker 1] jepsen.util: 1	:fail	:read	[0 nil]	[:key-does-not-exist "not found"]
2026-03-09 22:56:12,889{GMT}	INFO	[jepsen worker 3] jepsen.util: 27	:invoke	:write	[0 2]
2026-03-09 22:56:12,929{GMT}	INFO	[jepsen worker 3] jepsen.util: 27	:fail	:write	[0 2]	[:abort "TCP sender unavailable"]
2026-03-09 22:56:13,000{GMT}	INFO	[jepsen worker 3] jepsen.util: 27	:invoke	:cas	[0 [4 2]]
2026-03-09 22:56:13,008{GMT}	INFO	[jepsen worker 3] jepsen.util: 27	:fail	:cas	[0 [4 2]]	[:key-does-not-exist "key not found"]
2026-03-09 22:56:13,048{GMT}	INFO	[jepsen worker 4] jepsen.util: 28	:invoke	:cas	[0 [0 3]]
2026-03-09 22:56:13,050{GMT}	INFO	[jepsen worker 4] jepsen.util: 28	:fail	:cas	[0 [0 3]]	[:key-does-not-exist "key not found"]
2026-03-09 22:56:13,215{GMT}	INFO	[jepsen worker 0] jepsen.util: 0	:invoke	:read	[0 nil]
2026-03-09 22:56:13,218{GMT}	INFO	[jepsen worker 0] jepsen.util: 0	:fail	:read	[0 nil]	[:key-does-not-exist "not found"]
2026-03-09 22:56:13,254{GMT}	INFO	[jepsen worker 3] jepsen.util: 27	:invoke	:write	[0 4]
2026-03-09 22:56:13,257{GMT}	INFO	[jepsen worker 3] jepsen.util: 27	:fail	:write	[0 4]	[:abort "TCP sender unavailable"]
2026-03-09 22:56:13,439{GMT}	INFO	[jepsen worker 0] jepsen.util: 0	:invoke	:read	[0 nil]
2026-03-09 22:56:13,442{GMT}	INFO	[jepsen worker 0] jepsen.util: 0	:fail	:read	[0 nil]	[:key-does-not-exist "not found"]
2026-03-09 22:56:13,637{GMT}	INFO	[jepsen worker 3] jepsen.util: 27	:invoke	:cas	[0 [4 1]]
2026-03-09 22:56:13,641{GMT}	INFO	[jepsen worker 3] jepsen.util: 27	:fail	:cas	[0 [4 1]]	[:key-does-not-exist "key not found"]
2026-03-09 22:56:13,669{GMT}	INFO	[jepsen worker 2] jepsen.util: 2	:invoke	:read	[0 nil]
2026-03-09 22:56:13,671{GMT}	INFO	[jepsen worker 2] jepsen.util: 2	:fail	:read	[0 nil]	[:key-does-not-exist "not found"]
2026-03-09 22:56:13,689{GMT}	INFO	[jepsen worker 3] jepsen.util: 27	:invoke	:write	[0 4]
2026-03-09 22:56:13,692{GMT}	INFO	[jepsen worker 3] jepsen.util: 27	:fail	:write	[0 4]	[:abort "TCP sender unavailable"]
2026-03-09 22:56:13,756{GMT}	INFO	[jepsen worker 0] jepsen.util: 0	:invoke	:read	[0 nil]
2026-03-09 22:56:13,759{GMT}	INFO	[jepsen worker 0] jepsen.util: 0	:fail	:read	[0 nil]	[:key-does-not-exist "not found"]
2026-03-09 22:56:13,861{GMT}	INFO	[jepsen worker 5] jepsen.util: 5	:invoke	:cas	[0 [2 0]]
2026-03-09 22:56:13,864{GMT}	INFO	[jepsen worker 5] jepsen.util: 5	:fail	:cas	[0 [2 0]]	[:key-does-not-exist "key not found"]
2026-03-09 22:56:14,062{GMT}	INFO	[jepsen worker 3] jepsen.util: 27	:invoke	:cas	[0 [4 3]]
2026-03-09 22:56:14,065{GMT}	INFO	[jepsen worker 3] jepsen.util: 27	:fail	:cas	[0 [4 3]]	[:key-does-not-exist "key not found"]
2026-03-09 22:56:14,156{GMT}	INFO	[jepsen worker 3] jepsen.util: 27	:invoke	:write	[0 3]
2026-03-09 22:56:14,159{GMT}	INFO	[jepsen worker 3] jepsen.util: 27	:fail	:write	[0 3]	[:abort "TCP sender unavailable"]
2026-03-09 22:56:14,235{GMT}	INFO	[jepsen worker 1] jepsen.util: 1	:invoke	:read	[0 nil]
2026-03-09 22:56:14,238{GMT}	INFO	[jepsen worker 1] jepsen.util: 1	:fail	:read	[0 nil]	[:key-does-not-exist "not found"]
2026-03-09 22:56:14,293{GMT}	INFO	[jepsen worker 2] jepsen.util: 2	:invoke	:read	[0 nil]
2026-03-09 22:56:14,296{GMT}	INFO	[jepsen worker 2] jepsen.util: 2	:fail	:read	[0 nil]	[:key-does-not-exist "not found"]
2026-03-09 22:56:14,388{GMT}	INFO	[jepsen worker 3] jepsen.util: 27	:invoke	:cas	[0 [1 0]]
2026-03-09 22:56:14,391{GMT}	INFO	[jepsen worker 3] jepsen.util: 27	:fail	:cas	[0 [1 0]]	[:key-does-not-exist "key not found"]
2026-03-09 22:56:14,454{GMT}	INFO	[jepsen worker 4] jepsen.util: 28	:invoke	:cas	[0 [1 1]]
2026-03-09 22:56:14,456{GMT}	INFO	[jepsen worker 4] jepsen.util: 28	:fail	:cas	[0 [1 1]]	[:key-does-not-exist "key not found"]
2026-03-09 22:56:14,496{GMT}	INFO	[jepsen worker 0] jepsen.util: 0	:invoke	:read	[0 nil]
2026-03-09 22:56:14,499{GMT}	INFO	[jepsen worker 0] jepsen.util: 0	:fail	:read	[0 nil]	[:key-does-not-exist "not found"]
2026-03-09 22:56:14,654{GMT}	INFO	[jepsen worker 0] jepsen.util: 0	:invoke	:read	[0 nil]
2026-03-09 22:56:14,658{GMT}	INFO	[jepsen worker 0] jepsen.util: 0	:fail	:read	[0 nil]	[:key-does-not-exist "not found"]
2026-03-09 22:56:14,759{GMT}	INFO	[jepsen worker 3] jepsen.util: 27	:invoke	:write	[0 3]
2026-03-09 22:56:14,761{GMT}	INFO	[jepsen worker 3] jepsen.util: 27	:fail	:write	[0 3]	[:abort "TCP sender unavailable"]
2026-03-09 22:56:14,866{GMT}	INFO	[jepsen worker 1] jepsen.util: 1	:invoke	:read	[0 nil]
2026-03-09 22:56:14,869{GMT}	INFO	[jepsen worker 1] jepsen.util: 1	:fail	:read	[0 nil]	[:key-does-not-exist "not found"]
2026-03-09 22:56:15,012{GMT}	INFO	[jepsen worker 3] jepsen.util: 27	:invoke	:cas	[0 [3 4]]
2026-03-09 22:56:15,015{GMT}	INFO	[jepsen worker 3] jepsen.util: 27	:fail	:cas	[0 [3 4]]	[:key-does-not-exist "key not found"]
2026-03-09 22:56:15,174{GMT}	INFO	[jepsen worker 0] jepsen.util: 0	:invoke	:read	[0 nil]
2026-03-09 22:56:15,180{GMT}	INFO	[jepsen worker 0] jepsen.util: 0	:fail	:read	[0 nil]	[:key-does-not-exist "not found"]
2026-03-09 22:56:15,366{GMT}	INFO	[jepsen worker 4] jepsen.util: 28	:invoke	:cas	[0 [0 2]]
2026-03-09 22:56:15,373{GMT}	INFO	[jepsen worker 4] jepsen.util: 28	:fail	:cas	[0 [0 2]]	[:key-does-not-exist "key not found"]
2026-03-09 22:56:15,453{GMT}	INFO	[jepsen worker 5] jepsen.util: 5	:invoke	:write	[0 0]
2026-03-09 22:56:15,458{GMT}	INFO	[jepsen worker 5] jepsen.util: 5	:fail	:write	[0 0]	[:abort "TCP sender unavailable"]
2026-03-09 22:56:15,516{GMT}	INFO	[jepsen worker 3] jepsen.util: 27	:invoke	:write	[0 1]
2026-03-09 22:56:15,519{GMT}	INFO	[jepsen worker 3] jepsen.util: 27	:fail	:write	[0 1]	[:abort "TCP sender unavailable"]
2026-03-09 22:56:15,710{GMT}	INFO	[jepsen worker 3] jepsen.util: 27	:invoke	:write	[0 3]
2026-03-09 22:56:15,712{GMT}	INFO	[jepsen worker 3] jepsen.util: 27	:fail	:write	[0 3]	[:abort "TCP sender unavailable"]
2026-03-09 22:56:15,735{GMT}	INFO	[jepsen test runner] jepsen.core: Run complete, writing
2026-03-09 22:56:15,842{GMT}	INFO	[jepsen node n0] maelstrom.db: Tearing down n0
2026-03-09 22:56:15,842{GMT}	INFO	[jepsen node n2] maelstrom.db: Tearing down n2
2026-03-09 22:56:15,842{GMT}	INFO	[jepsen node n1] maelstrom.db: Tearing down n1
2026-03-09 22:56:17,060{GMT}	INFO	[jepsen node n0] maelstrom.net: Shutting down Maelstrom network
2026-03-09 22:56:17,065{GMT}	INFO	[jepsen test runner] jepsen.core: Analyzing...
2026-03-09 22:56:17,454{GMT}	INFO	[clojure-agent-send-pool-0] jepsen.independent: Wrote /Users/singv/Desktop/omnipaxos-kv/store/lin-kv/20260309T225514.207+0100/independent/0/results.edn
2026-03-09 22:56:17,486{GMT}	INFO	[clojure-agent-send-pool-0] jepsen.independent: Wrote /Users/singv/Desktop/omnipaxos-kv/store/lin-kv/20260309T225514.207+0100/independent/0/history.edn
2026-03-09 22:56:17,697{GMT}	INFO	[jepsen test runner] jepsen.core: Analysis complete
2026-03-09 22:56:17,717{GMT}	INFO	[jepsen results] jepsen.store: Wrote /Users/singv/Desktop/omnipaxos-kv/store/lin-kv/20260309T225514.207+0100/results.edn
2026-03-09 22:56:17,742{GMT}	INFO	[jepsen test runner] jepsen.core: {:perf {:latency-graph {:valid? true},
        :rate-graph {:valid? true},
        :valid? true},
 :timeline {:valid? true},
 :exceptions {:valid? true},
 :stats {:valid? false,
         :count 561,
         :ok-count 0,
         :fail-count 553,
         :info-count 8,
         :by-f {:cas {:valid? false,
                      :count 188,
                      :ok-count 0,
                      :fail-count 182,
                      :info-count 6},
                :read {:valid? false,
                       :count 263,
                       :ok-count 0,
                       :fail-count 263,
                       :info-count 0},
                :write {:valid? false,
                        :count 110,
                        :ok-count 0,
                        :fail-count 108,
                        :info-count 2}}},
 :availability {:valid? true, :ok-fraction 0.0},
 :net {:all {:send-count 1128,
             :recv-count 1128,
             :msg-count 1128,
             :msgs-per-op 2.0106952},
       :clients {:send-count 1128, :recv-count 1128, :msg-count 1128},
       :servers {:send-count 0,
                 :recv-count 0,
                 :msg-count 0,
                 :msgs-per-op 0.0},
       :valid? true},
 :workload {:valid? true,
            :results {0 {:linearizable {:valid? true,
                                        :configs ({:model #knossos.model.CASRegister{:value nil},
                                                   :last-op nil,
                                                   :pending [{:process 3,
                                                              :type :invoke,
                                                              :f :cas,
                                                              :value [1
                                                                      4],
                                                              :index 0,
                                                              :time 7861792}
                                                             {:process 4,
                                                              :type :invoke,
                                                              :f :write,
                                                              :value 1,
                                                              :index 1,
                                                              :time 73667958}
                                                             {:process 9,
                                                              :type :invoke,
                                                              :f :write,
                                                              :value 4,
                                                              :index 26,
                                                              :time 1461238500}
                                                             {:process 10,
                                                              :type :invoke,
                                                              :f :cas,
                                                              :value [3
                                                                      3],
                                                              :index 30,
                                                              :time 1640969917}
                                                             {:process 15,
                                                              :type :invoke,
                                                              :f :cas,
                                                              :value [4
                                                                      0],
                                                              :index 52,
                                                              :time 2601531625}
                                                             {:process 16,
                                                              :type :invoke,
                                                              :f :cas,
                                                              :value [2
                                                                      3],
                                                              :index 59,
                                                              :time 2973076792}
                                                             {:process 21,
                                                              :type :invoke,
                                                              :f :cas,
                                                              :value [3
                                                                      3],
                                                              :index 73,
                                                              :time 3708525250}
                                                             {:process 22,
                                                              :type :invoke,
                                                              :f :cas,
                                                              :value [3
                                                                      4],
                                                              :index 81,
                                                              :time 4077391583}]}),
                                        :final-paths ()},
                         :timeline {:valid? true},
                         :valid? true}},
            :failures []},
 :valid? false}


Analysis invalid! (ﾉಥ益ಥ）ﾉ ┻━┻
