2026-03-05 13:05:53,374{GMT}	INFO	[jepsen test runner] jepsen.core: Test version 5a361de86ed2bb0da17a6ea3b825e7b772b2c695 (plus uncommitted changes)
2026-03-05 13:05:53,375{GMT}	INFO	[jepsen test runner] jepsen.core: Command line:
lein run test -w lin-kv --bin ./target/debug/maelstrom --node-count 3 --time-limit 60 --rate 10 --concurrency 2n
2026-03-05 13:05:53,425{GMT}	INFO	[jepsen test runner] jepsen.core: Running test:
{:args []
 :remote
 #jepsen.control.retry.Remote{:remote #jepsen.control.scp.Remote{:cmd-remote #jepsen.control.sshj.SSHJRemote{:concurrency-limit 6,
                                                                                                             :conn-spec nil,
                                                                                                             :client nil,
                                                                                                             :semaphore nil},
                                                                 :conn-spec nil},
                              :conn nil}
 :log-net-send false
 :node-count 3
 :availability nil
 :max-txn-length 4
 :concurrency 6
 :db
 #object[maelstrom.db$db$reify__16612
         "0x1f299fc3"
         "maelstrom.db$db$reify__16612@1f299fc3"]
 :max-writes-per-key 16
 :leave-db-running? false
 :name "lin-kv"
 :logging-json? false
 :start-time
 #object[org.joda.time.DateTime "0x2c9573f1" "2026-03-05T13:05:53.228+01:00"]
 :nemesis-interval 10
 :net
 #object[maelstrom.net$jepsen_net$reify__15721
         "0x6cf58989"
         "maelstrom.net$jepsen_net$reify__15721@6cf58989"]
 :client
 #object[maelstrom.workload.lin_kv$client$reify__20973
         "0x3a1dc432"
         "maelstrom.workload.lin_kv$client$reify__20973@3a1dc432"]
 :barrier
 #object[java.util.concurrent.CyclicBarrier
         "0x4c18b432"
         "java.util.concurrent.CyclicBarrier@4c18b432"]
 :log-stderr false
 :pure-generators true
 :ssh {:dummy? true}
 :rate 10.0
 :checker
 #object[jepsen.checker$compose$reify__11089
         "0x4b954cbb"
         "jepsen.checker$compose$reify__11089@4b954cbb"]
 :argv
 ("test"
  "-w"
  "lin-kv"
  "--bin"
  "./target/debug/maelstrom"
  "--node-count"
  "3"
  "--time-limit"
  "60"
  "--rate"
  "10"
  "--concurrency"
  "2n")
 :nemesis
 (jepsen.nemesis.ReflCompose
  {:fm {:start-partition 0,
        :stop-partition 0,
        :kill 1,
        :start 1,
        :pause 1,
        :resume 1},
   :nemeses [#unprintable "jepsen.nemesis.combined$partition_nemesis$reify__16905@bec2d81"
             #unprintable "jepsen.nemesis.combined$db_nemesis$reify__16886@5f04449a"]})
 :nodes ["n0" "n1" "n2"]
 :test-count 1
 :latency {:mean 0, :dist :constant}
 :bin "./target/debug/maelstrom"
 :generator
 #object[jepsen.util.Forgettable
         "0x5aaecd25"
         (jepsen.generator.TimeLimit
          {:limit 60000000000,
           :cutoff nil,
           :gen (jepsen.generator.Any
                 {:gens [(jepsen.generator.OnThreads
                          {:f #{:nemesis},
                           :context-filter #object[jepsen.generator.context$make_thread_filter$lazy_filter__12077
                                                   "0x1df6f57d"
                                                   "jepsen.generator.context$make_thread_filter$lazy_filter__12077@1df6f57d"],
                           :gen nil})
                         (jepsen.generator.OnThreads
                          {:f #jepsen.generator.context.AllBut{:element :nemesis},
                           :context-filter #object[jepsen.generator.context$make_thread_filter$lazy_filter__12077
                                                   "0x578036a2"
                                                   "jepsen.generator.context$make_thread_filter$lazy_filter__12077@578036a2"],
                           :gen (jepsen.generator.Stagger
                                 {:dt 200000000,
                                  :next-time nil,
                                  :gen (jepsen.generator.OnThreads
                                        {:f #jepsen.generator.context.AllBut{:element :nemesis},
                                         :context-filter #object[jepsen.generator.context$make_thread_filter$lazy_filter__12077
                                                                 "0x36cc6055"
                                                                 "jepsen.generator.context$make_thread_filter$lazy_filter__12077@36cc6055"],
                                         :gen (jepsen.independent.ConcurrentGenerator
                                               {:n 6,
                                                :fgen #object[jepsen.tests.linearizable_register$test$fn__17385
                                                              "0x41d1bcbd"
                                                              "jepsen.tests.linearizable_register$test$fn__17385@41d1bcbd"],
                                                :group->threads nil,
                                                :thread->group nil,
                                                :group->context-filter nil,
                                                :keys (0 1 2 3 4 5 6 7 ...),
                                                :gens nil})})})})]})})]
 :log-net-recv false
 :os
 #object[maelstrom.net$jepsen_os$reify__15724
         "0x3d45ea17"
         "maelstrom.net$jepsen_os$reify__15724@3d45ea17"]
 :time-limit 60
 :workload :lin-kv
 :consistency-models [:strict-serializable]
 :topology :grid}

2026-03-05 13:05:54,537{GMT}	INFO	[jepsen node n0] maelstrom.net: Starting Maelstrom network
2026-03-05 13:05:54,543{GMT}	INFO	[jepsen test runner] jepsen.db: Tearing down DB
2026-03-05 13:05:54,548{GMT}	INFO	[jepsen test runner] jepsen.db: Setting up DB
2026-03-05 13:05:54,552{GMT}	INFO	[jepsen node n1] maelstrom.db: Setting up n1
2026-03-05 13:05:54,553{GMT}	INFO	[jepsen node n2] maelstrom.db: Setting up n2
2026-03-05 13:05:54,553{GMT}	INFO	[jepsen node n1] maelstrom.process: launching ./target/debug/maelstrom []
2026-03-05 13:05:54,553{GMT}	INFO	[jepsen node n2] maelstrom.process: launching ./target/debug/maelstrom []
2026-03-05 13:05:54,556{GMT}	INFO	[jepsen node n0] maelstrom.service: Starting services: (lin-kv lin-tso lww-kv seq-kv)
2026-03-05 13:05:54,557{GMT}	INFO	[jepsen node n0] maelstrom.db: Setting up n0
2026-03-05 13:05:54,560{GMT}	INFO	[jepsen node n0] maelstrom.process: launching ./target/debug/maelstrom []
2026-03-05 13:05:54,993{GMT}	INFO	[jepsen test runner] jepsen.core: Relative time begins now
2026-03-05 13:05:55,061{GMT}	INFO	[jepsen worker 0] jepsen.util: 0	:invoke	:read	[0 nil]
2026-03-05 13:05:55,098{GMT}	INFO	[jepsen worker 3] jepsen.util: 3	:invoke	:write	[0 3]
2026-03-05 13:05:55,157{GMT}	INFO	[jepsen worker 3] jepsen.util: 3	:ok	:write	[0 3]
2026-03-05 13:05:55,174{GMT}	INFO	[jepsen worker 0] jepsen.util: 0	:fail	:read	[0 nil]	[:key-does-not-exist "key not found"]
2026-03-05 13:05:55,235{GMT}	INFO	[jepsen worker 3] jepsen.util: 3	:invoke	:cas	[0 [2 1]]
2026-03-05 13:05:55,293{GMT}	INFO	[jepsen worker 3] jepsen.util: 3	:fail	:cas	[0 [2 1]]	[:precondition-failed "expected 2 but had 3"]
2026-03-05 13:05:55,373{GMT}	INFO	[jepsen worker 3] jepsen.util: 3	:invoke	:write	[0 4]
2026-03-05 13:05:55,381{GMT}	INFO	[jepsen worker 3] jepsen.util: 3	:ok	:write	[0 4]
2026-03-05 13:05:55,438{GMT}	INFO	[jepsen worker 4] jepsen.util: 4	:invoke	:cas	[0 [0 3]]
2026-03-05 13:05:55,459{GMT}	INFO	[jepsen worker 4] jepsen.util: 4	:fail	:cas	[0 [0 3]]	[:precondition-failed "expected 0 but had 4"]
2026-03-05 13:05:55,614{GMT}	INFO	[jepsen worker 5] jepsen.util: 5	:invoke	:write	[0 1]
2026-03-05 13:05:55,648{GMT}	INFO	[jepsen worker 5] jepsen.util: 5	:ok	:write	[0 1]
2026-03-05 13:05:55,774{GMT}	INFO	[jepsen worker 3] jepsen.util: 3	:invoke	:write	[0 1]
2026-03-05 13:05:55,830{GMT}	INFO	[jepsen worker 3] jepsen.util: 3	:ok	:write	[0 1]
2026-03-05 13:05:55,854{GMT}	INFO	[jepsen worker 0] jepsen.util: 0	:invoke	:read	[0 nil]
2026-03-05 13:05:55,874{GMT}	INFO	[jepsen worker 0] jepsen.util: 0	:ok	:read	[0 1]
2026-03-05 13:05:55,946{GMT}	INFO	[jepsen worker 1] jepsen.util: 1	:invoke	:read	[0 nil]
2026-03-05 13:05:55,963{GMT}	INFO	[jepsen worker 1] jepsen.util: 1	:ok	:read	[0 1]
2026-03-05 13:05:56,062{GMT}	INFO	[jepsen worker 3] jepsen.util: 3	:invoke	:cas	[0 [4 1]]
2026-03-05 13:05:56,081{GMT}	INFO	[jepsen worker 3] jepsen.util: 3	:fail	:cas	[0 [4 1]]	[:precondition-failed "expected 4 but had 1"]
2026-03-05 13:05:56,161{GMT}	INFO	[jepsen worker 3] jepsen.util: 3	:invoke	:write	[0 2]
2026-03-05 13:05:56,171{GMT}	INFO	[jepsen worker 3] jepsen.util: 3	:ok	:write	[0 2]
2026-03-05 13:05:56,374{GMT}	INFO	[jepsen worker 4] jepsen.util: 4	:invoke	:write	[0 3]
2026-03-05 13:05:56,402{GMT}	INFO	[jepsen worker 4] jepsen.util: 4	:ok	:write	[0 3]
2026-03-05 13:05:56,507{GMT}	INFO	[jepsen worker 0] jepsen.util: 0	:invoke	:read	[0 nil]
2026-03-05 13:05:56,523{GMT}	INFO	[jepsen worker 0] jepsen.util: 0	:ok	:read	[0 3]
2026-03-05 13:05:56,536{GMT}	INFO	[jepsen worker 0] jepsen.util: 0	:invoke	:read	[0 nil]
2026-03-05 13:05:56,544{GMT}	INFO	[jepsen worker 0] jepsen.util: 0	:ok	:read	[0 3]
2026-03-05 13:05:56,727{GMT}	INFO	[jepsen worker 0] jepsen.util: 0	:invoke	:read	[0 nil]
2026-03-05 13:05:56,743{GMT}	INFO	[jepsen worker 0] jepsen.util: 0	:ok	:read	[0 3]
2026-03-05 13:05:56,861{GMT}	INFO	[jepsen worker 1] jepsen.util: 1	:invoke	:read	[0 nil]
2026-03-05 13:05:56,892{GMT}	INFO	[jepsen worker 1] jepsen.util: 1	:ok	:read	[0 3]
2026-03-05 13:05:56,936{GMT}	INFO	[jepsen worker 3] jepsen.util: 3	:invoke	:write	[0 3]
2026-03-05 13:05:56,943{GMT}	INFO	[jepsen worker 3] jepsen.util: 3	:ok	:write	[0 3]
2026-03-05 13:05:57,138{GMT}	INFO	[jepsen worker 3] jepsen.util: 3	:invoke	:write	[0 2]
2026-03-05 13:05:57,148{GMT}	INFO	[jepsen worker 3] jepsen.util: 3	:ok	:write	[0 2]
2026-03-05 13:05:57,215{GMT}	INFO	[jepsen worker 0] jepsen.util: 0	:invoke	:read	[0 nil]
2026-03-05 13:05:57,233{GMT}	INFO	[jepsen worker 0] jepsen.util: 0	:ok	:read	[0 2]
2026-03-05 13:05:57,253{GMT}	INFO	[jepsen worker 0] jepsen.util: 0	:invoke	:read	[0 nil]
2026-03-05 13:05:57,266{GMT}	INFO	[jepsen worker 0] jepsen.util: 0	:ok	:read	[0 2]
2026-03-05 13:05:57,283{GMT}	INFO	[jepsen worker 3] jepsen.util: 3	:invoke	:cas	[0 [4 4]]
2026-03-05 13:05:57,292{GMT}	INFO	[jepsen worker 3] jepsen.util: 3	:fail	:cas	[0 [4 4]]	[:precondition-failed "expected 4 but had 2"]
2026-03-05 13:05:57,427{GMT}	INFO	[jepsen worker 3] jepsen.util: 3	:invoke	:write	[0 3]
2026-03-05 13:05:57,438{GMT}	INFO	[jepsen worker 3] jepsen.util: 3	:ok	:write	[0 3]
2026-03-05 13:05:57,598{GMT}	INFO	[jepsen worker 1] jepsen.util: 1	:invoke	:read	[0 nil]
2026-03-05 13:05:57,603{GMT}	INFO	[jepsen worker 1] jepsen.util: 1	:ok	:read	[0 3]
2026-03-05 13:05:57,704{GMT}	INFO	[jepsen worker 3] jepsen.util: 3	:invoke	:cas	[0 [3 0]]
2026-03-05 13:05:57,708{GMT}	INFO	[jepsen worker 3] jepsen.util: 3	:ok	:cas	[0 [3 0]]
2026-03-05 13:05:57,851{GMT}	INFO	[jepsen worker 3] jepsen.util: 3	:invoke	:cas	[0 [1 0]]
2026-03-05 13:05:57,855{GMT}	INFO	[jepsen worker 3] jepsen.util: 3	:fail	:cas	[0 [1 0]]	[:precondition-failed "expected 1 but had 0"]
2026-03-05 13:05:57,968{GMT}	INFO	[jepsen worker 4] jepsen.util: 4	:invoke	:write	[0 2]
2026-03-05 13:05:57,972{GMT}	INFO	[jepsen worker 4] jepsen.util: 4	:ok	:write	[0 2]
2026-03-05 13:05:58,152{GMT}	INFO	[jepsen worker 5] jepsen.util: 5	:invoke	:write	[0 1]
2026-03-05 13:05:58,155{GMT}	INFO	[jepsen worker 5] jepsen.util: 5	:ok	:write	[0 1]
2026-03-05 13:05:58,320{GMT}	INFO	[jepsen worker 3] jepsen.util: 3	:invoke	:cas	[0 [4 1]]
2026-03-05 13:05:58,323{GMT}	INFO	[jepsen worker 3] jepsen.util: 3	:fail	:cas	[0 [4 1]]	[:precondition-failed "expected 4 but had 1"]
2026-03-05 13:05:58,400{GMT}	INFO	[jepsen worker 3] jepsen.util: 3	:invoke	:write	[0 0]
2026-03-05 13:05:58,412{GMT}	INFO	[jepsen worker 3] jepsen.util: 3	:ok	:write	[0 0]
2026-03-05 13:05:58,485{GMT}	INFO	[jepsen worker 1] jepsen.util: 1	:invoke	:read	[0 nil]
2026-03-05 13:05:58,492{GMT}	INFO	[jepsen worker 1] jepsen.util: 1	:ok	:read	[0 0]
2026-03-05 13:05:58,678{GMT}	INFO	[jepsen worker 3] jepsen.util: 3	:invoke	:write	[0 0]
2026-03-05 13:05:58,684{GMT}	INFO	[jepsen worker 3] jepsen.util: 3	:ok	:write	[0 0]
2026-03-05 13:05:58,804{GMT}	INFO	[jepsen worker 0] jepsen.util: 0	:invoke	:read	[0 nil]
2026-03-05 13:05:58,806{GMT}	INFO	[jepsen worker 0] jepsen.util: 0	:ok	:read	[0 0]
2026-03-05 13:05:58,876{GMT}	INFO	[jepsen worker 0] jepsen.util: 0	:invoke	:read	[0 nil]
2026-03-05 13:05:58,880{GMT}	INFO	[jepsen worker 0] jepsen.util: 0	:ok	:read	[0 0]
2026-03-05 13:05:59,062{GMT}	INFO	[jepsen worker 0] jepsen.util: 0	:invoke	:read	[0 nil]
2026-03-05 13:05:59,067{GMT}	INFO	[jepsen worker 0] jepsen.util: 0	:ok	:read	[0 0]
2026-03-05 13:05:59,224{GMT}	INFO	[jepsen worker 0] jepsen.util: 0	:invoke	:read	[0 nil]
2026-03-05 13:05:59,227{GMT}	INFO	[jepsen worker 0] jepsen.util: 0	:ok	:read	[0 0]
2026-03-05 13:05:59,377{GMT}	INFO	[jepsen worker 0] jepsen.util: 0	:invoke	:read	[0 nil]
2026-03-05 13:05:59,385{GMT}	INFO	[jepsen worker 0] jepsen.util: 0	:ok	:read	[0 0]
2026-03-05 13:05:59,551{GMT}	INFO	[jepsen worker 3] jepsen.util: 3	:invoke	:write	[0 0]
2026-03-05 13:05:59,556{GMT}	INFO	[jepsen worker 3] jepsen.util: 3	:ok	:write	[0 0]
2026-03-05 13:05:59,645{GMT}	INFO	[jepsen worker 2] jepsen.util: 2	:invoke	:read	[0 nil]
2026-03-05 13:05:59,653{GMT}	INFO	[jepsen worker 2] jepsen.util: 2	:ok	:read	[0 0]
2026-03-05 13:05:59,844{GMT}	INFO	[jepsen worker 3] jepsen.util: 3	:invoke	:cas	[0 [4 3]]
2026-03-05 13:05:59,847{GMT}	INFO	[jepsen worker 3] jepsen.util: 3	:fail	:cas	[0 [4 3]]	[:precondition-failed "expected 4 but had 0"]
2026-03-05 13:05:59,931{GMT}	INFO	[jepsen worker 0] jepsen.util: 0	:invoke	:read	[0 nil]
2026-03-05 13:05:59,935{GMT}	INFO	[jepsen worker 0] jepsen.util: 0	:ok	:read	[0 0]
2026-03-05 13:06:00,073{GMT}	INFO	[jepsen worker 5] jepsen.util: 5	:invoke	:cas	[0 [4 1]]
2026-03-05 13:06:00,082{GMT}	INFO	[jepsen worker 5] jepsen.util: 5	:fail	:cas	[0 [4 1]]	[:precondition-failed "expected 4 but had 0"]
2026-03-05 13:06:00,130{GMT}	INFO	[jepsen worker 3] jepsen.util: 3	:invoke	:cas	[0 [2 1]]
2026-03-05 13:06:00,133{GMT}	INFO	[jepsen worker 3] jepsen.util: 3	:fail	:cas	[0 [2 1]]	[:precondition-failed "expected 2 but had 0"]
2026-03-05 13:06:00,282{GMT}	INFO	[jepsen worker 3] jepsen.util: 3	:invoke	:write	[0 3]
2026-03-05 13:06:00,286{GMT}	INFO	[jepsen worker 3] jepsen.util: 3	:ok	:write	[0 3]
2026-03-05 13:06:00,397{GMT}	INFO	[jepsen worker 1] jepsen.util: 1	:invoke	:read	[0 nil]
2026-03-05 13:06:00,399{GMT}	INFO	[jepsen worker 1] jepsen.util: 1	:ok	:read	[0 3]
2026-03-05 13:06:00,568{GMT}	INFO	[jepsen worker 3] jepsen.util: 3	:invoke	:write	[0 2]
2026-03-05 13:06:00,571{GMT}	INFO	[jepsen worker 3] jepsen.util: 3	:ok	:write	[0 2]
2026-03-05 13:06:00,583{GMT}	INFO	[jepsen worker 0] jepsen.util: 0	:invoke	:read	[0 nil]
2026-03-05 13:06:00,587{GMT}	INFO	[jepsen worker 0] jepsen.util: 0	:ok	:read	[0 2]
2026-03-05 13:06:00,692{GMT}	INFO	[jepsen worker 4] jepsen.util: 4	:invoke	:cas	[0 [0 3]]
2026-03-05 13:06:00,696{GMT}	INFO	[jepsen worker 4] jepsen.util: 4	:fail	:cas	[0 [0 3]]	[:precondition-failed "expected 0 but had 2"]
2026-03-05 13:06:00,765{GMT}	INFO	[jepsen worker 5] jepsen.util: 5	:invoke	:write	[0 1]
2026-03-05 13:06:00,771{GMT}	INFO	[jepsen worker 5] jepsen.util: 5	:ok	:write	[0 1]
2026-03-05 13:06:00,861{GMT}	INFO	[jepsen worker 3] jepsen.util: 3	:invoke	:write	[0 4]
2026-03-05 13:06:00,865{GMT}	INFO	[jepsen worker 3] jepsen.util: 3	:ok	:write	[0 4]
2026-03-05 13:06:00,922{GMT}	INFO	[jepsen worker 0] jepsen.util: 0	:invoke	:read	[0 nil]
2026-03-05 13:06:00,926{GMT}	INFO	[jepsen worker 0] jepsen.util: 0	:ok	:read	[0 4]
2026-03-05 13:06:01,044{GMT}	INFO	[jepsen worker 3] jepsen.util: 3	:invoke	:write	[0 4]
2026-03-05 13:06:01,051{GMT}	INFO	[jepsen worker 3] jepsen.util: 3	:ok	:write	[0 4]
2026-03-05 13:06:01,073{GMT}	INFO	[jepsen worker 2] jepsen.util: 2	:invoke	:read	[0 nil]
2026-03-05 13:06:01,076{GMT}	INFO	[jepsen worker 2] jepsen.util: 2	:ok	:read	[0 4]
2026-03-05 13:06:01,220{GMT}	INFO	[jepsen worker 0] jepsen.util: 0	:invoke	:read	[0 nil]
2026-03-05 13:06:01,224{GMT}	INFO	[jepsen worker 0] jepsen.util: 0	:ok	:read	[0 4]
2026-03-05 13:06:01,355{GMT}	INFO	[jepsen worker 0] jepsen.util: 0	:invoke	:read	[0 nil]
2026-03-05 13:06:01,357{GMT}	INFO	[jepsen worker 0] jepsen.util: 0	:ok	:read	[0 4]
2026-03-05 13:06:01,505{GMT}	INFO	[jepsen worker 5] jepsen.util: 5	:invoke	:write	[0 0]
2026-03-05 13:06:01,508{GMT}	INFO	[jepsen worker 5] jepsen.util: 5	:ok	:write	[0 0]
2026-03-05 13:06:01,570{GMT}	INFO	[jepsen worker 3] jepsen.util: 3	:invoke	:cas	[0 [2 4]]
2026-03-05 13:06:01,573{GMT}	INFO	[jepsen worker 3] jepsen.util: 3	:fail	:cas	[0 [2 4]]	[:precondition-failed "expected 2 but had 0"]
2026-03-05 13:06:01,755{GMT}	INFO	[jepsen worker 0] jepsen.util: 0	:invoke	:read	[0 nil]
2026-03-05 13:06:01,760{GMT}	INFO	[jepsen worker 0] jepsen.util: 0	:ok	:read	[0 0]
2026-03-05 13:06:01,946{GMT}	INFO	[jepsen worker 1] jepsen.util: 1	:invoke	:read	[0 nil]
2026-03-05 13:06:01,949{GMT}	INFO	[jepsen worker 1] jepsen.util: 1	:ok	:read	[0 0]
2026-03-05 13:06:02,089{GMT}	INFO	[jepsen worker 3] jepsen.util: 3	:invoke	:cas	[0 [3 3]]
2026-03-05 13:06:02,096{GMT}	INFO	[jepsen worker 3] jepsen.util: 3	:fail	:cas	[0 [3 3]]	[:precondition-failed "expected 3 but had 0"]
2026-03-05 13:06:02,131{GMT}	INFO	[jepsen worker 3] jepsen.util: 3	:invoke	:cas	[0 [2 4]]
2026-03-05 13:06:02,142{GMT}	INFO	[jepsen worker 3] jepsen.util: 3	:fail	:cas	[0 [2 4]]	[:precondition-failed "expected 2 but had 0"]
2026-03-05 13:06:02,238{GMT}	INFO	[jepsen worker 0] jepsen.util: 0	:invoke	:read	[0 nil]
2026-03-05 13:06:02,245{GMT}	INFO	[jepsen worker 0] jepsen.util: 0	:ok	:read	[0 0]
2026-03-05 13:06:02,310{GMT}	INFO	[jepsen worker 0] jepsen.util: 0	:invoke	:read	[0 nil]
2026-03-05 13:06:02,327{GMT}	INFO	[jepsen worker 0] jepsen.util: 0	:ok	:read	[0 0]
2026-03-05 13:06:02,498{GMT}	INFO	[jepsen worker 0] jepsen.util: 0	:invoke	:read	[0 nil]
2026-03-05 13:06:02,511{GMT}	INFO	[jepsen worker 0] jepsen.util: 0	:ok	:read	[0 0]
2026-03-05 13:06:02,581{GMT}	INFO	[jepsen worker 0] jepsen.util: 0	:invoke	:read	[0 nil]
2026-03-05 13:06:02,594{GMT}	INFO	[jepsen worker 0] jepsen.util: 0	:ok	:read	[0 0]
2026-03-05 13:06:02,770{GMT}	INFO	[jepsen worker 1] jepsen.util: 1	:invoke	:read	[0 nil]
2026-03-05 13:06:02,792{GMT}	INFO	[jepsen worker 1] jepsen.util: 1	:ok	:read	[0 0]
2026-03-05 13:06:02,793{GMT}	INFO	[jepsen worker 2] jepsen.util: 2	:invoke	:read	[0 nil]
2026-03-05 13:06:02,807{GMT}	INFO	[jepsen worker 2] jepsen.util: 2	:ok	:read	[0 0]
2026-03-05 13:06:02,955{GMT}	INFO	[jepsen worker 0] jepsen.util: 0	:invoke	:read	[0 nil]
2026-03-05 13:06:03,014{GMT}	INFO	[jepsen worker 0] jepsen.util: 0	:ok	:read	[0 0]
2026-03-05 13:06:03,108{GMT}	INFO	[jepsen worker 4] jepsen.util: 4	:invoke	:cas	[0 [1 0]]
2026-03-05 13:06:03,122{GMT}	INFO	[jepsen worker 4] jepsen.util: 4	:fail	:cas	[0 [1 0]]	[:precondition-failed "expected 1 but had 0"]
2026-03-05 13:06:03,294{GMT}	INFO	[jepsen worker 0] jepsen.util: 0	:invoke	:read	[0 nil]
2026-03-05 13:06:03,304{GMT}	INFO	[jepsen worker 0] jepsen.util: 0	:ok	:read	[0 0]
2026-03-05 13:06:03,382{GMT}	INFO	[jepsen worker 0] jepsen.util: 0	:invoke	:read	[0 nil]
2026-03-05 13:06:03,388{GMT}	INFO	[jepsen worker 0] jepsen.util: 0	:ok	:read	[0 0]
2026-03-05 13:06:03,563{GMT}	INFO	[jepsen worker 3] jepsen.util: 3	:invoke	:cas	[0 [2 1]]
2026-03-05 13:06:03,579{GMT}	INFO	[jepsen worker 3] jepsen.util: 3	:fail	:cas	[0 [2 1]]	[:precondition-failed "expected 2 but had 0"]
2026-03-05 13:06:03,668{GMT}	INFO	[jepsen worker 3] jepsen.util: 3	:invoke	:cas	[0 [2 2]]
2026-03-05 13:06:03,673{GMT}	INFO	[jepsen worker 3] jepsen.util: 3	:fail	:cas	[0 [2 2]]	[:precondition-failed "expected 2 but had 0"]
2026-03-05 13:06:03,790{GMT}	INFO	[jepsen worker 3] jepsen.util: 3	:invoke	:cas	[0 [0 3]]
2026-03-05 13:06:03,821{GMT}	INFO	[jepsen worker 3] jepsen.util: 3	:ok	:cas	[0 [0 3]]
2026-03-05 13:06:03,909{GMT}	INFO	[jepsen worker 0] jepsen.util: 0	:invoke	:read	[0 nil]
2026-03-05 13:06:03,915{GMT}	INFO	[jepsen worker 0] jepsen.util: 0	:ok	:read	[0 3]
2026-03-05 13:06:04,063{GMT}	INFO	[jepsen worker 4] jepsen.util: 4	:invoke	:cas	[0 [1 0]]
2026-03-05 13:06:04,092{GMT}	INFO	[jepsen worker 4] jepsen.util: 4	:fail	:cas	[0 [1 0]]	[:precondition-failed "expected 1 but had 3"]
2026-03-05 13:06:04,183{GMT}	INFO	[jepsen worker 5] jepsen.util: 5	:invoke	:write	[0 3]
2026-03-05 13:06:04,217{GMT}	INFO	[jepsen worker 3] jepsen.util: 3	:invoke	:cas	[0 [4 1]]
2026-03-05 13:06:04,223{GMT}	INFO	[jepsen worker 5] jepsen.util: 5	:ok	:write	[0 3]
2026-03-05 13:06:04,228{GMT}	INFO	[jepsen worker 3] jepsen.util: 3	:fail	:cas	[0 [4 1]]	[:precondition-failed "expected 4 but had 3"]
2026-03-05 13:06:04,340{GMT}	INFO	[jepsen worker 0] jepsen.util: 0	:invoke	:read	[0 nil]
2026-03-05 13:06:04,347{GMT}	INFO	[jepsen worker 0] jepsen.util: 0	:ok	:read	[0 3]
2026-03-05 13:06:04,366{GMT}	INFO	[jepsen worker 3] jepsen.util: 3	:invoke	:cas	[0 [3 1]]
2026-03-05 13:06:04,407{GMT}	INFO	[jepsen worker 3] jepsen.util: 3	:ok	:cas	[0 [3 1]]
2026-03-05 13:06:04,463{GMT}	INFO	[jepsen worker 2] jepsen.util: 2	:invoke	:read	[0 nil]
2026-03-05 13:06:04,480{GMT}	INFO	[jepsen worker 2] jepsen.util: 2	:ok	:read	[0 1]
2026-03-05 13:06:04,569{GMT}	INFO	[jepsen worker 3] jepsen.util: 3	:invoke	:write	[0 1]
2026-03-05 13:06:04,574{GMT}	INFO	[jepsen worker 3] jepsen.util: 3	:ok	:write	[0 1]
2026-03-05 13:06:04,675{GMT}	INFO	[jepsen worker 0] jepsen.util: 0	:invoke	:read	[0 nil]
2026-03-05 13:06:04,677{GMT}	INFO	[jepsen worker 0] jepsen.util: 0	:ok	:read	[0 1]
2026-03-05 13:06:04,868{GMT}	INFO	[jepsen worker 0] jepsen.util: 0	:invoke	:read	[0 nil]
2026-03-05 13:06:04,873{GMT}	INFO	[jepsen worker 0] jepsen.util: 0	:ok	:read	[0 1]
2026-03-05 13:06:04,877{GMT}	INFO	[jepsen worker 3] jepsen.util: 3	:invoke	:cas	[0 [1 4]]
2026-03-05 13:06:04,883{GMT}	INFO	[jepsen worker 3] jepsen.util: 3	:ok	:cas	[0 [1 4]]
2026-03-05 13:06:04,896{GMT}	INFO	[jepsen worker 0] jepsen.util: 0	:invoke	:read	[0 nil]
2026-03-05 13:06:04,898{GMT}	INFO	[jepsen worker 1] jepsen.util: 1	:invoke	:read	[0 nil]
2026-03-05 13:06:04,899{GMT}	INFO	[jepsen worker 0] jepsen.util: 0	:ok	:read	[0 4]
2026-03-05 13:06:04,906{GMT}	INFO	[jepsen worker 1] jepsen.util: 1	:ok	:read	[0 4]
2026-03-05 13:06:04,952{GMT}	INFO	[jepsen worker 3] jepsen.util: 3	:invoke	:cas	[0 [2 4]]
2026-03-05 13:06:04,955{GMT}	INFO	[jepsen worker 3] jepsen.util: 3	:fail	:cas	[0 [2 4]]	[:precondition-failed "expected 2 but had 4"]
2026-03-05 13:06:04,975{GMT}	INFO	[jepsen worker 3] jepsen.util: 3	:invoke	:cas	[0 [3 0]]
2026-03-05 13:06:04,979{GMT}	INFO	[jepsen worker 3] jepsen.util: 3	:fail	:cas	[0 [3 0]]	[:precondition-failed "expected 3 but had 4"]
2026-03-05 13:06:05,049{GMT}	INFO	[jepsen worker 0] jepsen.util: 0	:invoke	:read	[0 nil]
2026-03-05 13:06:05,055{GMT}	INFO	[jepsen worker 0] jepsen.util: 0	:ok	:read	[0 4]
2026-03-05 13:06:05,095{GMT}	INFO	[jepsen worker 0] jepsen.util: 0	:invoke	:read	[0 nil]
2026-03-05 13:06:05,097{GMT}	INFO	[jepsen worker 0] jepsen.util: 0	:ok	:read	[0 4]
2026-03-05 13:06:05,223{GMT}	INFO	[jepsen worker 0] jepsen.util: 0	:invoke	:read	[0 nil]
2026-03-05 13:06:05,227{GMT}	INFO	[jepsen worker 0] jepsen.util: 0	:ok	:read	[0 4]
2026-03-05 13:06:05,376{GMT}	INFO	[jepsen worker 0] jepsen.util: 0	:invoke	:read	[0 nil]
2026-03-05 13:06:05,379{GMT}	INFO	[jepsen worker 0] jepsen.util: 0	:ok	:read	[0 4]
2026-03-05 13:06:05,458{GMT}	INFO	[jepsen worker 3] jepsen.util: 3	:invoke	:cas	[0 [0 4]]
2026-03-05 13:06:05,461{GMT}	INFO	[jepsen worker 3] jepsen.util: 3	:fail	:cas	[0 [0 4]]	[:precondition-failed "expected 0 but had 4"]
2026-03-05 13:06:05,615{GMT}	INFO	[jepsen worker 3] jepsen.util: 3	:invoke	:write	[0 2]
2026-03-05 13:06:05,619{GMT}	INFO	[jepsen worker 3] jepsen.util: 3	:ok	:write	[0 2]
2026-03-05 13:06:05,685{GMT}	INFO	[jepsen worker 3] jepsen.util: 3	:invoke	:write	[0 1]
2026-03-05 13:06:05,688{GMT}	INFO	[jepsen worker 3] jepsen.util: 3	:ok	:write	[0 1]
2026-03-05 13:06:05,756{GMT}	INFO	[jepsen worker 0] jepsen.util: 0	:invoke	:read	[0 nil]
2026-03-05 13:06:05,760{GMT}	INFO	[jepsen worker 0] jepsen.util: 0	:ok	:read	[0 1]
2026-03-05 13:06:05,943{GMT}	INFO	[jepsen worker 0] jepsen.util: 0	:invoke	:read	[0 nil]
2026-03-05 13:06:05,948{GMT}	INFO	[jepsen worker 0] jepsen.util: 0	:ok	:read	[0 1]
2026-03-05 13:06:05,957{GMT}	INFO	[jepsen worker 0] jepsen.util: 0	:invoke	:read	[0 nil]
2026-03-05 13:06:05,964{GMT}	INFO	[jepsen worker 0] jepsen.util: 0	:ok	:read	[0 1]
2026-03-05 13:06:06,019{GMT}	INFO	[jepsen worker 0] jepsen.util: 0	:invoke	:read	[0 nil]
2026-03-05 13:06:06,027{GMT}	INFO	[jepsen worker 0] jepsen.util: 0	:ok	:read	[0 1]
2026-03-05 13:06:06,100{GMT}	INFO	[jepsen worker 1] jepsen.util: 1	:invoke	:read	[0 nil]
2026-03-05 13:06:06,104{GMT}	INFO	[jepsen worker 1] jepsen.util: 1	:ok	:read	[0 1]
2026-03-05 13:06:06,229{GMT}	INFO	[jepsen worker 3] jepsen.util: 3	:invoke	:cas	[0 [1 0]]
2026-03-05 13:06:06,234{GMT}	INFO	[jepsen worker 3] jepsen.util: 3	:ok	:cas	[0 [1 0]]
2026-03-05 13:06:06,368{GMT}	INFO	[jepsen worker 0] jepsen.util: 0	:invoke	:read	[0 nil]
2026-03-05 13:06:06,373{GMT}	INFO	[jepsen worker 0] jepsen.util: 0	:ok	:read	[0 0]
2026-03-05 13:06:06,457{GMT}	INFO	[jepsen worker 0] jepsen.util: 0	:invoke	:read	[0 nil]
2026-03-05 13:06:06,462{GMT}	INFO	[jepsen worker 0] jepsen.util: 0	:ok	:read	[0 0]
2026-03-05 13:06:06,529{GMT}	INFO	[jepsen worker 0] jepsen.util: 0	:invoke	:read	[0 nil]
2026-03-05 13:06:06,533{GMT}	INFO	[jepsen worker 0] jepsen.util: 0	:ok	:read	[0 0]
2026-03-05 13:06:06,599{GMT}	INFO	[jepsen worker 0] jepsen.util: 0	:invoke	:read	[0 nil]
2026-03-05 13:06:06,601{GMT}	INFO	[jepsen worker 0] jepsen.util: 0	:ok	:read	[0 0]
2026-03-05 13:06:06,732{GMT}	INFO	[jepsen worker 0] jepsen.util: 0	:invoke	:read	[0 nil]
2026-03-05 13:06:06,735{GMT}	INFO	[jepsen worker 0] jepsen.util: 0	:ok	:read	[0 0]
2026-03-05 13:06:06,908{GMT}	INFO	[jepsen worker 3] jepsen.util: 3	:invoke	:cas	[0 [4 1]]
2026-03-05 13:06:06,912{GMT}	INFO	[jepsen worker 3] jepsen.util: 3	:fail	:cas	[0 [4 1]]	[:precondition-failed "expected 4 but had 0"]
2026-03-05 13:06:07,100{GMT}	INFO	[jepsen worker 2] jepsen.util: 2	:invoke	:read	[0 nil]
2026-03-05 13:06:07,104{GMT}	INFO	[jepsen worker 2] jepsen.util: 2	:ok	:read	[0 0]
2026-03-05 13:06:07,236{GMT}	INFO	[jepsen worker 3] jepsen.util: 3	:invoke	:write	[0 3]
2026-03-05 13:06:07,239{GMT}	INFO	[jepsen worker 3] jepsen.util: 3	:ok	:write	[0 3]
2026-03-05 13:06:07,298{GMT}	INFO	[jepsen worker 0] jepsen.util: 0	:invoke	:read	[0 nil]
2026-03-05 13:06:07,302{GMT}	INFO	[jepsen worker 0] jepsen.util: 0	:ok	:read	[0 3]
2026-03-05 13:06:07,491{GMT}	INFO	[jepsen worker 5] jepsen.util: 5	:invoke	:cas	[0 [1 0]]
2026-03-05 13:06:07,497{GMT}	INFO	[jepsen worker 5] jepsen.util: 5	:fail	:cas	[0 [1 0]]	[:precondition-failed "expected 1 but had 3"]
2026-03-05 13:06:07,544{GMT}	INFO	[jepsen worker 3] jepsen.util: 3	:invoke	:write	[0 3]
2026-03-05 13:06:07,548{GMT}	INFO	[jepsen worker 3] jepsen.util: 3	:ok	:write	[0 3]
2026-03-05 13:06:07,721{GMT}	INFO	[jepsen worker 0] jepsen.util: 0	:invoke	:read	[0 nil]
2026-03-05 13:06:07,725{GMT}	INFO	[jepsen worker 0] jepsen.util: 0	:ok	:read	[0 3]
2026-03-05 13:06:07,856{GMT}	INFO	[jepsen worker 1] jepsen.util: 1	:invoke	:read	[0 nil]
2026-03-05 13:06:07,860{GMT}	INFO	[jepsen worker 1] jepsen.util: 1	:ok	:read	[0 3]
2026-03-05 13:06:07,976{GMT}	INFO	[jepsen worker 3] jepsen.util: 3	:invoke	:write	[0 4]
2026-03-05 13:06:07,979{GMT}	INFO	[jepsen worker 3] jepsen.util: 3	:ok	:write	[0 4]
2026-03-05 13:06:08,000{GMT}	INFO	[jepsen worker 3] jepsen.util: 3	:invoke	:write	[0 0]
2026-03-05 13:06:08,005{GMT}	INFO	[jepsen worker 3] jepsen.util: 3	:ok	:write	[0 0]
2026-03-05 13:06:08,112{GMT}	INFO	[jepsen worker 0] jepsen.util: 0	:invoke	:read	[0 nil]
2026-03-05 13:06:08,115{GMT}	INFO	[jepsen worker 0] jepsen.util: 0	:ok	:read	[0 0]
2026-03-05 13:06:08,158{GMT}	INFO	[jepsen worker 5] jepsen.util: 5	:invoke	:cas	[0 [3 2]]
2026-03-05 13:06:08,161{GMT}	INFO	[jepsen worker 5] jepsen.util: 5	:fail	:cas	[0 [3 2]]	[:precondition-failed "expected 3 but had 0"]
2026-03-05 13:06:08,201{GMT}	INFO	[jepsen worker 3] jepsen.util: 3	:invoke	:write	[0 4]
2026-03-05 13:06:08,204{GMT}	INFO	[jepsen worker 3] jepsen.util: 3	:ok	:write	[0 4]
2026-03-05 13:06:08,261{GMT}	INFO	[jepsen worker 3] jepsen.util: 3	:invoke	:write	[0 4]
2026-03-05 13:06:08,265{GMT}	INFO	[jepsen worker 3] jepsen.util: 3	:ok	:write	[0 4]
2026-03-05 13:06:08,369{GMT}	INFO	[jepsen worker 1] jepsen.util: 1	:invoke	:read	[0 nil]
2026-03-05 13:06:08,371{GMT}	INFO	[jepsen worker 1] jepsen.util: 1	:ok	:read	[0 4]
2026-03-05 13:06:08,468{GMT}	INFO	[jepsen worker 3] jepsen.util: 3	:invoke	:write	[0 1]
2026-03-05 13:06:08,471{GMT}	INFO	[jepsen worker 3] jepsen.util: 3	:ok	:write	[0 1]
2026-03-05 13:06:08,658{GMT}	INFO	[jepsen worker 3] jepsen.util: 3	:invoke	:cas	[0 [1 1]]
2026-03-05 13:06:08,667{GMT}	INFO	[jepsen worker 3] jepsen.util: 3	:ok	:cas	[0 [1 1]]
2026-03-05 13:06:08,826{GMT}	INFO	[jepsen worker 4] jepsen.util: 4	:invoke	:write	[0 4]
2026-03-05 13:06:08,831{GMT}	INFO	[jepsen worker 4] jepsen.util: 4	:ok	:write	[0 4]
2026-03-05 13:06:08,996{GMT}	INFO	[jepsen worker 0] jepsen.util: 0	:invoke	:read	[0 nil]
2026-03-05 13:06:09,001{GMT}	INFO	[jepsen worker 0] jepsen.util: 0	:ok	:read	[0 4]
2026-03-05 13:06:09,087{GMT}	INFO	[jepsen worker 3] jepsen.util: 3	:invoke	:cas	[0 [4 4]]
2026-03-05 13:06:09,094{GMT}	INFO	[jepsen worker 3] jepsen.util: 3	:ok	:cas	[0 [4 4]]
2026-03-05 13:06:09,216{GMT}	INFO	[jepsen worker 0] jepsen.util: 0	:invoke	:read	[0 nil]
2026-03-05 13:06:09,220{GMT}	INFO	[jepsen worker 0] jepsen.util: 0	:ok	:read	[0 4]
2026-03-05 13:06:09,299{GMT}	INFO	[jepsen worker 1] jepsen.util: 1	:invoke	:read	[0 nil]
2026-03-05 13:06:09,303{GMT}	INFO	[jepsen worker 1] jepsen.util: 1	:ok	:read	[0 4]
2026-03-05 13:06:09,406{GMT}	INFO	[jepsen worker 2] jepsen.util: 2	:invoke	:read	[0 nil]
2026-03-05 13:06:09,410{GMT}	INFO	[jepsen worker 2] jepsen.util: 2	:ok	:read	[0 4]
2026-03-05 13:06:09,476{GMT}	INFO	[jepsen worker 3] jepsen.util: 3	:invoke	:cas	[0 [4 4]]
2026-03-05 13:06:09,479{GMT}	INFO	[jepsen worker 3] jepsen.util: 3	:ok	:cas	[0 [4 4]]
2026-03-05 13:06:09,610{GMT}	INFO	[jepsen worker 0] jepsen.util: 0	:invoke	:read	[0 nil]
2026-03-05 13:06:09,614{GMT}	INFO	[jepsen worker 0] jepsen.util: 0	:ok	:read	[0 4]
2026-03-05 13:06:09,786{GMT}	INFO	[jepsen worker 5] jepsen.util: 5	:invoke	:cas	[0 [3 1]]
2026-03-05 13:06:09,792{GMT}	INFO	[jepsen worker 5] jepsen.util: 5	:fail	:cas	[0 [3 1]]	[:precondition-failed "expected 3 but had 4"]
2026-03-05 13:06:09,849{GMT}	INFO	[jepsen worker 0] jepsen.util: 0	:invoke	:read	[0 nil]
2026-03-05 13:06:09,853{GMT}	INFO	[jepsen worker 0] jepsen.util: 0	:ok	:read	[0 4]
2026-03-05 13:06:09,999{GMT}	INFO	[jepsen worker 3] jepsen.util: 3	:invoke	:cas	[0 [2 0]]
2026-03-05 13:06:10,006{GMT}	INFO	[jepsen worker 3] jepsen.util: 3	:fail	:cas	[0 [2 0]]	[:precondition-failed "expected 2 but had 4"]
2026-03-05 13:06:10,037{GMT}	INFO	[jepsen worker 1] jepsen.util: 1	:invoke	:read	[0 nil]
2026-03-05 13:06:10,048{GMT}	INFO	[jepsen worker 1] jepsen.util: 1	:ok	:read	[0 4]
2026-03-05 13:06:10,107{GMT}	INFO	[jepsen worker 3] jepsen.util: 3	:invoke	:cas	[0 [1 0]]
2026-03-05 13:06:10,116{GMT}	INFO	[jepsen worker 3] jepsen.util: 3	:fail	:cas	[0 [1 0]]	[:precondition-failed "expected 1 but had 4"]
2026-03-05 13:06:10,209{GMT}	INFO	[jepsen worker 3] jepsen.util: 3	:invoke	:cas	[0 [1 3]]
2026-03-05 13:06:10,216{GMT}	INFO	[jepsen worker 3] jepsen.util: 3	:fail	:cas	[0 [1 3]]	[:precondition-failed "expected 1 but had 4"]
2026-03-05 13:06:10,265{GMT}	INFO	[jepsen worker 0] jepsen.util: 0	:invoke	:read	[0 nil]
2026-03-05 13:06:10,318{GMT}	INFO	[jepsen worker 1] jepsen.util: 1	:invoke	:read	[0 nil]
2026-03-05 13:06:10,372{GMT}	INFO	[jepsen worker 0] jepsen.util: 0	:ok	:read	[0 4]
2026-03-05 13:06:10,413{GMT}	INFO	[jepsen worker 1] jepsen.util: 1	:ok	:read	[0 4]
2026-03-05 13:06:10,480{GMT}	INFO	[jepsen worker 3] jepsen.util: 3	:invoke	:write	[0 4]
2026-03-05 13:06:10,562{GMT}	INFO	[jepsen worker 3] jepsen.util: 3	:ok	:write	[0 4]
2026-03-05 13:06:10,673{GMT}	INFO	[jepsen worker 0] jepsen.util: 0	:invoke	:read	[0 nil]
2026-03-05 13:06:10,688{GMT}	INFO	[jepsen worker 0] jepsen.util: 0	:ok	:read	[0 4]
2026-03-05 13:06:10,781{GMT}	INFO	[jepsen worker 3] jepsen.util: 3	:invoke	:cas	[0 [1 2]]
2026-03-05 13:06:10,790{GMT}	INFO	[jepsen worker 3] jepsen.util: 3	:fail	:cas	[0 [1 2]]	[:precondition-failed "expected 1 but had 4"]
2026-03-05 13:06:10,975{GMT}	INFO	[jepsen worker 3] jepsen.util: 3	:invoke	:cas	[0 [1 1]]
2026-03-05 13:06:10,986{GMT}	INFO	[jepsen worker 3] jepsen.util: 3	:fail	:cas	[0 [1 1]]	[:precondition-failed "expected 1 but had 4"]
2026-03-05 13:06:11,109{GMT}	INFO	[jepsen worker 0] jepsen.util: 0	:invoke	:read	[0 nil]
2026-03-05 13:06:11,114{GMT}	INFO	[jepsen worker 0] jepsen.util: 0	:ok	:read	[0 4]
2026-03-05 13:06:11,288{GMT}	INFO	[jepsen worker 4] jepsen.util: 4	:invoke	:cas	[0 [1 1]]
2026-03-05 13:06:11,299{GMT}	INFO	[jepsen worker 4] jepsen.util: 4	:fail	:cas	[0 [1 1]]	[:precondition-failed "expected 1 but had 4"]
2026-03-05 13:06:11,374{GMT}	INFO	[jepsen worker 0] jepsen.util: 0	:invoke	:read	[0 nil]
2026-03-05 13:06:11,387{GMT}	INFO	[jepsen worker 0] jepsen.util: 0	:ok	:read	[0 4]
2026-03-05 13:06:11,457{GMT}	INFO	[jepsen worker 0] jepsen.util: 0	:invoke	:read	[0 nil]
2026-03-05 13:06:11,460{GMT}	INFO	[jepsen worker 0] jepsen.util: 0	:ok	:read	[0 4]
2026-03-05 13:06:11,570{GMT}	INFO	[jepsen worker 3] jepsen.util: 3	:invoke	:cas	[0 [2 4]]
2026-03-05 13:06:11,573{GMT}	INFO	[jepsen worker 3] jepsen.util: 3	:fail	:cas	[0 [2 4]]	[:precondition-failed "expected 2 but had 4"]
2026-03-05 13:06:11,689{GMT}	INFO	[jepsen worker 3] jepsen.util: 3	:invoke	:cas	[0 [3 0]]
2026-03-05 13:06:11,695{GMT}	INFO	[jepsen worker 3] jepsen.util: 3	:fail	:cas	[0 [3 0]]	[:precondition-failed "expected 3 but had 4"]
2026-03-05 13:06:11,836{GMT}	INFO	[jepsen worker 2] jepsen.util: 2	:invoke	:read	[0 nil]
2026-03-05 13:06:11,840{GMT}	INFO	[jepsen worker 2] jepsen.util: 2	:ok	:read	[0 4]
2026-03-05 13:06:11,912{GMT}	INFO	[jepsen worker 0] jepsen.util: 0	:invoke	:read	[0 nil]
2026-03-05 13:06:11,915{GMT}	INFO	[jepsen worker 0] jepsen.util: 0	:ok	:read	[0 4]
2026-03-05 13:06:12,051{GMT}	INFO	[jepsen worker 0] jepsen.util: 0	:invoke	:read	[0 nil]
2026-03-05 13:06:12,052{GMT}	INFO	[jepsen worker 5] jepsen.util: 5	:invoke	:cas	[0 [3 1]]
2026-03-05 13:06:12,056{GMT}	INFO	[jepsen worker 0] jepsen.util: 0	:ok	:read	[0 4]
2026-03-05 13:06:12,056{GMT}	INFO	[jepsen worker 5] jepsen.util: 5	:fail	:cas	[0 [3 1]]	[:precondition-failed "expected 3 but had 4"]
2026-03-05 13:06:12,148{GMT}	INFO	[jepsen worker 0] jepsen.util: 0	:invoke	:read	[0 nil]
2026-03-05 13:06:12,153{GMT}	INFO	[jepsen worker 0] jepsen.util: 0	:ok	:read	[0 4]
2026-03-05 13:06:12,165{GMT}	INFO	[jepsen worker 0] jepsen.util: 0	:invoke	:read	[0 nil]
2026-03-05 13:06:12,171{GMT}	INFO	[jepsen worker 0] jepsen.util: 0	:ok	:read	[0 4]
2026-03-05 13:06:12,226{GMT}	INFO	[jepsen worker 3] jepsen.util: 3	:invoke	:cas	[0 [0 4]]
2026-03-05 13:06:12,231{GMT}	INFO	[jepsen worker 3] jepsen.util: 3	:fail	:cas	[0 [0 4]]	[:precondition-failed "expected 0 but had 4"]
2026-03-05 13:06:12,358{GMT}	INFO	[jepsen worker 3] jepsen.util: 3	:invoke	:cas	[0 [1 1]]
2026-03-05 13:06:12,363{GMT}	INFO	[jepsen worker 3] jepsen.util: 3	:fail	:cas	[0 [1 1]]	[:precondition-failed "expected 1 but had 4"]
2026-03-05 13:06:12,372{GMT}	INFO	[jepsen worker 3] jepsen.util: 3	:invoke	:cas	[0 [2 3]]
2026-03-05 13:06:12,376{GMT}	INFO	[jepsen worker 3] jepsen.util: 3	:fail	:cas	[0 [2 3]]	[:precondition-failed "expected 2 but had 4"]
2026-03-05 13:06:12,427{GMT}	INFO	[jepsen worker 4] jepsen.util: 4	:invoke	:cas	[0 [0 0]]
2026-03-05 13:06:12,432{GMT}	INFO	[jepsen worker 4] jepsen.util: 4	:fail	:cas	[0 [0 0]]	[:precondition-failed "expected 0 but had 4"]
2026-03-05 13:06:12,568{GMT}	INFO	[jepsen worker 0] jepsen.util: 0	:invoke	:read	[0 nil]
2026-03-05 13:06:12,573{GMT}	INFO	[jepsen worker 0] jepsen.util: 0	:ok	:read	[0 4]
2026-03-05 13:06:12,581{GMT}	INFO	[jepsen worker 3] jepsen.util: 3	:invoke	:cas	[0 [4 4]]
2026-03-05 13:06:12,589{GMT}	INFO	[jepsen worker 3] jepsen.util: 3	:ok	:cas	[0 [4 4]]
2026-03-05 13:06:12,770{GMT}	INFO	[jepsen worker 3] jepsen.util: 3	:invoke	:cas	[0 [2 2]]
2026-03-05 13:06:12,777{GMT}	INFO	[jepsen worker 3] jepsen.util: 3	:fail	:cas	[0 [2 2]]	[:precondition-failed "expected 2 but had 4"]
2026-03-05 13:06:12,887{GMT}	INFO	[jepsen worker 1] jepsen.util: 1	:invoke	:read	[0 nil]
2026-03-05 13:06:12,891{GMT}	INFO	[jepsen worker 1] jepsen.util: 1	:ok	:read	[0 4]
2026-03-05 13:06:12,989{GMT}	INFO	[jepsen worker 2] jepsen.util: 2	:invoke	:read	[0 nil]
2026-03-05 13:06:12,996{GMT}	INFO	[jepsen worker 2] jepsen.util: 2	:ok	:read	[0 4]
2026-03-05 13:06:13,070{GMT}	INFO	[jepsen worker 3] jepsen.util: 3	:invoke	:write	[0 2]
2026-03-05 13:06:13,077{GMT}	INFO	[jepsen worker 3] jepsen.util: 3	:ok	:write	[0 2]
2026-03-05 13:06:13,146{GMT}	INFO	[jepsen worker 0] jepsen.util: 0	:invoke	:read	[0 nil]
2026-03-05 13:06:13,150{GMT}	INFO	[jepsen worker 0] jepsen.util: 0	:ok	:read	[0 2]
2026-03-05 13:06:13,263{GMT}	INFO	[jepsen worker 0] jepsen.util: 0	:invoke	:read	[0 nil]
2026-03-05 13:06:13,270{GMT}	INFO	[jepsen worker 0] jepsen.util: 0	:ok	:read	[0 2]
2026-03-05 13:06:13,468{GMT}	INFO	[jepsen worker 3] jepsen.util: 3	:invoke	:cas	[0 [1 2]]
2026-03-05 13:06:13,472{GMT}	INFO	[jepsen worker 3] jepsen.util: 3	:fail	:cas	[0 [1 2]]	[:precondition-failed "expected 1 but had 2"]
2026-03-05 13:06:13,525{GMT}	INFO	[jepsen worker 3] jepsen.util: 3	:invoke	:cas	[0 [4 1]]
2026-03-05 13:06:13,530{GMT}	INFO	[jepsen worker 3] jepsen.util: 3	:fail	:cas	[0 [4 1]]	[:precondition-failed "expected 4 but had 2"]
2026-03-05 13:06:13,539{GMT}	INFO	[jepsen worker 1] jepsen.util: 1	:invoke	:read	[0 nil]
2026-03-05 13:06:13,544{GMT}	INFO	[jepsen worker 1] jepsen.util: 1	:ok	:read	[0 2]
2026-03-05 13:06:13,738{GMT}	INFO	[jepsen worker 3] jepsen.util: 3	:invoke	:cas	[0 [2 0]]
2026-03-05 13:06:13,747{GMT}	INFO	[jepsen worker 3] jepsen.util: 3	:ok	:cas	[0 [2 0]]
2026-03-05 13:06:13,920{GMT}	INFO	[jepsen worker 0] jepsen.util: 0	:invoke	:read	[0 nil]
2026-03-05 13:06:13,924{GMT}	INFO	[jepsen worker 0] jepsen.util: 0	:ok	:read	[0 0]
2026-03-05 13:06:13,971{GMT}	INFO	[jepsen worker 0] jepsen.util: 0	:invoke	:read	[0 nil]
2026-03-05 13:06:13,974{GMT}	INFO	[jepsen worker 0] jepsen.util: 0	:ok	:read	[0 0]
2026-03-05 13:06:14,134{GMT}	INFO	[jepsen worker 5] jepsen.util: 5	:invoke	:cas	[0 [1 3]]
2026-03-05 13:06:14,137{GMT}	INFO	[jepsen worker 5] jepsen.util: 5	:fail	:cas	[0 [1 3]]	[:precondition-failed "expected 1 but had 0"]
2026-03-05 13:06:14,168{GMT}	INFO	[jepsen worker 0] jepsen.util: 0	:invoke	:read	[0 nil]
2026-03-05 13:06:14,171{GMT}	INFO	[jepsen worker 0] jepsen.util: 0	:ok	:read	[0 0]
2026-03-05 13:06:14,352{GMT}	INFO	[jepsen worker 0] jepsen.util: 0	:invoke	:read	[0 nil]
2026-03-05 13:06:14,358{GMT}	INFO	[jepsen worker 0] jepsen.util: 0	:ok	:read	[0 0]
2026-03-05 13:06:14,496{GMT}	INFO	[jepsen worker 3] jepsen.util: 3	:invoke	:cas	[0 [2 4]]
2026-03-05 13:06:14,500{GMT}	INFO	[jepsen worker 3] jepsen.util: 3	:fail	:cas	[0 [2 4]]	[:precondition-failed "expected 2 but had 0"]
2026-03-05 13:06:14,545{GMT}	INFO	[jepsen worker 2] jepsen.util: 2	:invoke	:read	[0 nil]
2026-03-05 13:06:14,549{GMT}	INFO	[jepsen worker 2] jepsen.util: 2	:ok	:read	[0 0]
2026-03-05 13:06:14,673{GMT}	INFO	[jepsen worker 0] jepsen.util: 0	:invoke	:read	[0 nil]
2026-03-05 13:06:14,677{GMT}	INFO	[jepsen worker 0] jepsen.util: 0	:ok	:read	[0 0]
2026-03-05 13:06:14,792{GMT}	INFO	[jepsen worker 0] jepsen.util: 0	:invoke	:read	[0 nil]
2026-03-05 13:06:14,796{GMT}	INFO	[jepsen worker 0] jepsen.util: 0	:ok	:read	[0 0]
2026-03-05 13:06:14,963{GMT}	INFO	[jepsen worker 0] jepsen.util: 0	:invoke	:read	[0 nil]
2026-03-05 13:06:14,966{GMT}	INFO	[jepsen worker 1] jepsen.util: 1	:invoke	:read	[0 nil]
2026-03-05 13:06:14,969{GMT}	INFO	[jepsen worker 0] jepsen.util: 0	:ok	:read	[0 0]
2026-03-05 13:06:14,970{GMT}	INFO	[jepsen worker 1] jepsen.util: 1	:ok	:read	[0 0]
2026-03-05 13:06:15,036{GMT}	INFO	[jepsen worker 0] jepsen.util: 0	:invoke	:read	[0 nil]
2026-03-05 13:06:15,040{GMT}	INFO	[jepsen worker 0] jepsen.util: 0	:ok	:read	[0 0]
2026-03-05 13:06:15,112{GMT}	INFO	[jepsen worker 3] jepsen.util: 3	:invoke	:write	[0 4]
2026-03-05 13:06:15,116{GMT}	INFO	[jepsen worker 3] jepsen.util: 3	:ok	:write	[0 4]
2026-03-05 13:06:15,146{GMT}	INFO	[jepsen worker 2] jepsen.util: 2	:invoke	:read	[0 nil]
2026-03-05 13:06:15,149{GMT}	INFO	[jepsen worker 2] jepsen.util: 2	:ok	:read	[0 4]
2026-03-05 13:06:15,341{GMT}	INFO	[jepsen worker 0] jepsen.util: 0	:invoke	:read	[0 nil]
2026-03-05 13:06:15,344{GMT}	INFO	[jepsen worker 0] jepsen.util: 0	:ok	:read	[0 4]
2026-03-05 13:06:15,491{GMT}	INFO	[jepsen worker 0] jepsen.util: 0	:invoke	:read	[0 nil]
2026-03-05 13:06:15,495{GMT}	INFO	[jepsen worker 0] jepsen.util: 0	:ok	:read	[0 4]
2026-03-05 13:06:15,689{GMT}	INFO	[jepsen worker 0] jepsen.util: 0	:invoke	:read	[0 nil]
2026-03-05 13:06:15,702{GMT}	INFO	[jepsen worker 0] jepsen.util: 0	:ok	:read	[0 4]
2026-03-05 13:06:15,889{GMT}	INFO	[jepsen worker 3] jepsen.util: 3	:invoke	:cas	[0 [3 4]]
2026-03-05 13:06:15,895{GMT}	INFO	[jepsen worker 3] jepsen.util: 3	:fail	:cas	[0 [3 4]]	[:precondition-failed "expected 3 but had 4"]
2026-03-05 13:06:16,022{GMT}	INFO	[jepsen worker 3] jepsen.util: 3	:invoke	:cas	[0 [2 1]]
2026-03-05 13:06:16,024{GMT}	INFO	[jepsen worker 3] jepsen.util: 3	:fail	:cas	[0 [2 1]]	[:precondition-failed "expected 2 but had 4"]
2026-03-05 13:06:16,165{GMT}	INFO	[jepsen worker 3] jepsen.util: 3	:invoke	:write	[0 3]
2026-03-05 13:06:16,169{GMT}	INFO	[jepsen worker 3] jepsen.util: 3	:ok	:write	[0 3]
2026-03-05 13:06:16,170{GMT}	INFO	[jepsen worker 3] jepsen.util: 3	:invoke	:cas	[0 [3 1]]
2026-03-05 13:06:16,176{GMT}	INFO	[jepsen worker 3] jepsen.util: 3	:ok	:cas	[0 [3 1]]
2026-03-05 13:06:16,316{GMT}	INFO	[jepsen worker 0] jepsen.util: 0	:invoke	:read	[0 nil]
2026-03-05 13:06:16,319{GMT}	INFO	[jepsen worker 0] jepsen.util: 0	:ok	:read	[0 1]
2026-03-05 13:06:16,428{GMT}	INFO	[jepsen worker 0] jepsen.util: 0	:invoke	:read	[0 nil]
2026-03-05 13:06:16,433{GMT}	INFO	[jepsen worker 0] jepsen.util: 0	:ok	:read	[0 1]
2026-03-05 13:06:16,495{GMT}	INFO	[jepsen worker 5] jepsen.util: 5	:invoke	:cas	[0 [3 0]]
2026-03-05 13:06:16,504{GMT}	INFO	[jepsen worker 5] jepsen.util: 5	:fail	:cas	[0 [3 0]]	[:precondition-failed "expected 3 but had 1"]
2026-03-05 13:06:16,505{GMT}	INFO	[jepsen worker 3] jepsen.util: 3	:invoke	:cas	[0 [4 0]]
2026-03-05 13:06:16,511{GMT}	INFO	[jepsen worker 3] jepsen.util: 3	:fail	:cas	[0 [4 0]]	[:precondition-failed "expected 4 but had 1"]
2026-03-05 13:06:16,662{GMT}	INFO	[jepsen worker 3] jepsen.util: 3	:invoke	:cas	[0 [2 0]]
2026-03-05 13:06:16,667{GMT}	INFO	[jepsen worker 3] jepsen.util: 3	:fail	:cas	[0 [2 0]]	[:precondition-failed "expected 2 but had 1"]
2026-03-05 13:06:16,751{GMT}	INFO	[jepsen worker 1] jepsen.util: 1	:invoke	:read	[0 nil]
2026-03-05 13:06:16,755{GMT}	INFO	[jepsen worker 1] jepsen.util: 1	:ok	:read	[0 1]
2026-03-05 13:06:16,755{GMT}	INFO	[jepsen worker 2] jepsen.util: 2	:invoke	:read	[0 nil]
2026-03-05 13:06:16,757{GMT}	INFO	[jepsen worker 2] jepsen.util: 2	:ok	:read	[0 1]
2026-03-05 13:06:16,893{GMT}	INFO	[jepsen worker 0] jepsen.util: 0	:invoke	:read	[0 nil]
2026-03-05 13:06:16,898{GMT}	INFO	[jepsen worker 0] jepsen.util: 0	:ok	:read	[0 1]
2026-03-05 13:06:16,923{GMT}	INFO	[jepsen worker 0] jepsen.util: 0	:invoke	:read	[0 nil]
2026-03-05 13:06:16,926{GMT}	INFO	[jepsen worker 0] jepsen.util: 0	:ok	:read	[0 1]
2026-03-05 13:06:17,051{GMT}	INFO	[jepsen worker 0] jepsen.util: 0	:invoke	:read	[0 nil]
2026-03-05 13:06:17,055{GMT}	INFO	[jepsen worker 0] jepsen.util: 0	:ok	:read	[0 1]
2026-03-05 13:06:17,145{GMT}	INFO	[jepsen worker 0] jepsen.util: 0	:invoke	:read	[0 nil]
2026-03-05 13:06:17,149{GMT}	INFO	[jepsen worker 0] jepsen.util: 0	:ok	:read	[0 1]
2026-03-05 13:06:17,315{GMT}	INFO	[jepsen worker 0] jepsen.util: 0	:invoke	:read	[0 nil]
2026-03-05 13:06:17,320{GMT}	INFO	[jepsen worker 0] jepsen.util: 0	:ok	:read	[0 1]
2026-03-05 13:06:17,449{GMT}	INFO	[jepsen worker 1] jepsen.util: 1	:invoke	:read	[0 nil]
2026-03-05 13:06:17,454{GMT}	INFO	[jepsen worker 1] jepsen.util: 1	:ok	:read	[0 1]
2026-03-05 13:06:17,582{GMT}	INFO	[jepsen worker 3] jepsen.util: 3	:invoke	:cas	[0 [2 3]]
2026-03-05 13:06:17,588{GMT}	INFO	[jepsen worker 3] jepsen.util: 3	:fail	:cas	[0 [2 3]]	[:precondition-failed "expected 2 but had 1"]
2026-03-05 13:06:17,733{GMT}	INFO	[jepsen worker 3] jepsen.util: 3	:invoke	:write	[0 1]
2026-03-05 13:06:17,737{GMT}	INFO	[jepsen worker 3] jepsen.util: 3	:ok	:write	[0 1]
2026-03-05 13:06:17,793{GMT}	INFO	[jepsen worker 0] jepsen.util: 0	:invoke	:read	[0 nil]
2026-03-05 13:06:17,799{GMT}	INFO	[jepsen worker 0] jepsen.util: 0	:ok	:read	[0 1]
2026-03-05 13:06:17,851{GMT}	INFO	[jepsen worker 5] jepsen.util: 5	:invoke	:cas	[0 [0 1]]
2026-03-05 13:06:17,854{GMT}	INFO	[jepsen worker 5] jepsen.util: 5	:fail	:cas	[0 [0 1]]	[:precondition-failed "expected 0 but had 1"]
2026-03-05 13:06:17,990{GMT}	INFO	[jepsen worker 0] jepsen.util: 0	:invoke	:read	[0 nil]
2026-03-05 13:06:17,995{GMT}	INFO	[jepsen worker 0] jepsen.util: 0	:ok	:read	[0 1]
2026-03-05 13:06:18,161{GMT}	INFO	[jepsen worker 3] jepsen.util: 3	:invoke	:cas	[0 [4 0]]
2026-03-05 13:06:18,165{GMT}	INFO	[jepsen worker 3] jepsen.util: 3	:fail	:cas	[0 [4 0]]	[:precondition-failed "expected 4 but had 1"]
2026-03-05 13:06:18,177{GMT}	INFO	[jepsen worker 3] jepsen.util: 3	:invoke	:cas	[0 [3 3]]
2026-03-05 13:06:18,179{GMT}	INFO	[jepsen worker 3] jepsen.util: 3	:fail	:cas	[0 [3 3]]	[:precondition-failed "expected 3 but had 1"]
2026-03-05 13:06:18,339{GMT}	INFO	[jepsen worker 3] jepsen.util: 3	:invoke	:cas	[0 [4 3]]
2026-03-05 13:06:18,343{GMT}	INFO	[jepsen worker 3] jepsen.util: 3	:fail	:cas	[0 [4 3]]	[:precondition-failed "expected 4 but had 1"]
2026-03-05 13:06:18,533{GMT}	INFO	[jepsen worker 0] jepsen.util: 0	:invoke	:read	[0 nil]
2026-03-05 13:06:18,540{GMT}	INFO	[jepsen worker 0] jepsen.util: 0	:ok	:read	[0 1]
2026-03-05 13:06:18,576{GMT}	INFO	[jepsen worker 0] jepsen.util: 0	:invoke	:read	[0 nil]
2026-03-05 13:06:18,578{GMT}	INFO	[jepsen worker 0] jepsen.util: 0	:ok	:read	[0 1]
2026-03-05 13:06:18,602{GMT}	INFO	[jepsen worker 0] jepsen.util: 0	:invoke	:read	[0 nil]
2026-03-05 13:06:18,605{GMT}	INFO	[jepsen worker 0] jepsen.util: 0	:ok	:read	[0 1]
2026-03-05 13:06:18,621{GMT}	INFO	[jepsen worker 0] jepsen.util: 0	:invoke	:read	[0 nil]
2026-03-05 13:06:18,625{GMT}	INFO	[jepsen worker 0] jepsen.util: 0	:ok	:read	[0 1]
2026-03-05 13:06:18,684{GMT}	INFO	[jepsen worker 0] jepsen.util: 0	:invoke	:read	[0 nil]
2026-03-05 13:06:18,686{GMT}	INFO	[jepsen worker 0] jepsen.util: 0	:ok	:read	[0 1]
2026-03-05 13:06:18,844{GMT}	INFO	[jepsen worker 1] jepsen.util: 1	:invoke	:read	[0 nil]
2026-03-05 13:06:18,847{GMT}	INFO	[jepsen worker 1] jepsen.util: 1	:ok	:read	[0 1]
2026-03-05 13:06:18,875{GMT}	INFO	[jepsen worker 3] jepsen.util: 3	:invoke	:write	[0 0]
2026-03-05 13:06:18,879{GMT}	INFO	[jepsen worker 3] jepsen.util: 3	:ok	:write	[0 0]
2026-03-05 13:06:19,059{GMT}	INFO	[jepsen worker 0] jepsen.util: 0	:invoke	:read	[0 nil]
2026-03-05 13:06:19,064{GMT}	INFO	[jepsen worker 0] jepsen.util: 0	:ok	:read	[0 0]
2026-03-05 13:06:19,135{GMT}	INFO	[jepsen worker 4] jepsen.util: 4	:invoke	:cas	[0 [2 1]]
2026-03-05 13:06:19,139{GMT}	INFO	[jepsen worker 4] jepsen.util: 4	:fail	:cas	[0 [2 1]]	[:precondition-failed "expected 2 but had 0"]
2026-03-05 13:06:19,288{GMT}	INFO	[jepsen worker 0] jepsen.util: 0	:invoke	:read	[0 nil]
2026-03-05 13:06:19,331{GMT}	INFO	[jepsen worker 0] jepsen.util: 0	:ok	:read	[0 0]
2026-03-05 13:06:19,469{GMT}	INFO	[jepsen worker 0] jepsen.util: 0	:invoke	:read	[0 nil]
2026-03-05 13:06:19,471{GMT}	INFO	[jepsen worker 0] jepsen.util: 0	:ok	:read	[0 0]
2026-03-05 13:06:19,607{GMT}	INFO	[jepsen worker 3] jepsen.util: 3	:invoke	:cas	[0 [4 3]]
2026-03-05 13:06:19,614{GMT}	INFO	[jepsen worker 3] jepsen.util: 3	:fail	:cas	[0 [4 3]]	[:precondition-failed "expected 4 but had 0"]
2026-03-05 13:06:19,651{GMT}	INFO	[jepsen worker 3] jepsen.util: 3	:invoke	:write	[0 2]
2026-03-05 13:06:19,654{GMT}	INFO	[jepsen worker 3] jepsen.util: 3	:ok	:write	[0 2]
2026-03-05 13:06:19,835{GMT}	INFO	[jepsen worker 3] jepsen.util: 3	:invoke	:cas	[0 [2 4]]
2026-03-05 13:06:19,842{GMT}	INFO	[jepsen worker 3] jepsen.util: 3	:ok	:cas	[0 [2 4]]
2026-03-05 13:06:19,933{GMT}	INFO	[jepsen worker 0] jepsen.util: 0	:invoke	:read	[0 nil]
2026-03-05 13:06:19,938{GMT}	INFO	[jepsen worker 0] jepsen.util: 0	:ok	:read	[0 4]
2026-03-05 13:06:20,001{GMT}	INFO	[jepsen worker 4] jepsen.util: 4	:invoke	:write	[0 0]
2026-03-05 13:06:20,006{GMT}	INFO	[jepsen worker 4] jepsen.util: 4	:ok	:write	[0 0]
2026-03-05 13:06:20,119{GMT}	INFO	[jepsen worker 0] jepsen.util: 0	:invoke	:read	[0 nil]
2026-03-05 13:06:20,122{GMT}	INFO	[jepsen worker 0] jepsen.util: 0	:ok	:read	[0 0]
2026-03-05 13:06:20,184{GMT}	INFO	[jepsen worker 3] jepsen.util: 3	:invoke	:cas	[0 [0 2]]
2026-03-05 13:06:20,189{GMT}	INFO	[jepsen worker 3] jepsen.util: 3	:ok	:cas	[0 [0 2]]
2026-03-05 13:06:20,366{GMT}	INFO	[jepsen worker 3] jepsen.util: 3	:invoke	:cas	[0 [2 1]]
2026-03-05 13:06:20,372{GMT}	INFO	[jepsen worker 3] jepsen.util: 3	:ok	:cas	[0 [2 1]]
2026-03-05 13:06:20,402{GMT}	INFO	[jepsen worker 3] jepsen.util: 3	:invoke	:cas	[0 [3 4]]
2026-03-05 13:06:20,407{GMT}	INFO	[jepsen worker 3] jepsen.util: 3	:fail	:cas	[0 [3 4]]	[:precondition-failed "expected 3 but had 1"]
2026-03-05 13:06:20,586{GMT}	INFO	[jepsen worker 3] jepsen.util: 3	:invoke	:cas	[0 [2 4]]
2026-03-05 13:06:20,590{GMT}	INFO	[jepsen worker 3] jepsen.util: 3	:fail	:cas	[0 [2 4]]	[:precondition-failed "expected 2 but had 1"]
2026-03-05 13:06:20,724{GMT}	INFO	[jepsen worker 3] jepsen.util: 3	:invoke	:write	[0 2]
2026-03-05 13:06:20,728{GMT}	INFO	[jepsen worker 3] jepsen.util: 3	:ok	:write	[0 2]
2026-03-05 13:06:20,868{GMT}	INFO	[jepsen worker 4] jepsen.util: 4	:invoke	:cas	[0 [3 1]]
2026-03-05 13:06:20,871{GMT}	INFO	[jepsen worker 4] jepsen.util: 4	:fail	:cas	[0 [3 1]]	[:precondition-failed "expected 3 but had 2"]
2026-03-05 13:06:21,045{GMT}	INFO	[jepsen worker 0] jepsen.util: 0	:invoke	:read	[0 nil]
2026-03-05 13:06:21,047{GMT}	INFO	[jepsen worker 0] jepsen.util: 0	:ok	:read	[0 2]
2026-03-05 13:06:21,155{GMT}	INFO	[jepsen worker 0] jepsen.util: 0	:invoke	:read	[0 nil]
2026-03-05 13:06:21,159{GMT}	INFO	[jepsen worker 0] jepsen.util: 0	:ok	:read	[0 2]
2026-03-05 13:06:21,161{GMT}	INFO	[jepsen worker 0] jepsen.util: 0	:invoke	:read	[0 nil]
2026-03-05 13:06:21,177{GMT}	INFO	[jepsen worker 0] jepsen.util: 0	:ok	:read	[0 2]
2026-03-05 13:06:21,179{GMT}	INFO	[jepsen worker 1] jepsen.util: 1	:invoke	:read	[0 nil]
2026-03-05 13:06:21,181{GMT}	INFO	[jepsen worker 1] jepsen.util: 1	:ok	:read	[0 2]
2026-03-05 13:06:21,214{GMT}	INFO	[jepsen worker 3] jepsen.util: 3	:invoke	:cas	[0 [4 0]]
2026-03-05 13:06:21,242{GMT}	INFO	[jepsen worker 3] jepsen.util: 3	:fail	:cas	[0 [4 0]]	[:precondition-failed "expected 4 but had 2"]
2026-03-05 13:06:21,351{GMT}	INFO	[jepsen worker 0] jepsen.util: 0	:invoke	:read	[0 nil]
2026-03-05 13:06:21,353{GMT}	INFO	[jepsen worker 0] jepsen.util: 0	:ok	:read	[0 2]
2026-03-05 13:06:21,366{GMT}	INFO	[jepsen worker 4] jepsen.util: 4	:invoke	:cas	[0 [0 1]]
2026-03-05 13:06:21,381{GMT}	INFO	[jepsen worker 4] jepsen.util: 4	:fail	:cas	[0 [0 1]]	[:precondition-failed "expected 0 but had 2"]
2026-03-05 13:06:21,383{GMT}	INFO	[jepsen worker 0] jepsen.util: 0	:invoke	:read	[0 nil]
2026-03-05 13:06:21,387{GMT}	INFO	[jepsen worker 0] jepsen.util: 0	:ok	:read	[0 2]
2026-03-05 13:06:21,486{GMT}	INFO	[jepsen worker 0] jepsen.util: 0	:invoke	:read	[0 nil]
2026-03-05 13:06:21,490{GMT}	INFO	[jepsen worker 0] jepsen.util: 0	:ok	:read	[0 2]
2026-03-05 13:06:21,605{GMT}	INFO	[jepsen worker 3] jepsen.util: 3	:invoke	:cas	[0 [4 3]]
2026-03-05 13:06:21,607{GMT}	INFO	[jepsen worker 3] jepsen.util: 3	:fail	:cas	[0 [4 3]]	[:precondition-failed "expected 4 but had 2"]
2026-03-05 13:06:21,781{GMT}	INFO	[jepsen worker 1] jepsen.util: 1	:invoke	:read	[0 nil]
2026-03-05 13:06:21,786{GMT}	INFO	[jepsen worker 1] jepsen.util: 1	:ok	:read	[0 2]
2026-03-05 13:06:21,960{GMT}	INFO	[jepsen worker 2] jepsen.util: 2	:invoke	:read	[0 nil]
2026-03-05 13:06:21,965{GMT}	INFO	[jepsen worker 2] jepsen.util: 2	:ok	:read	[0 2]
2026-03-05 13:06:22,137{GMT}	INFO	[jepsen worker 3] jepsen.util: 3	:invoke	:cas	[0 [3 1]]
2026-03-05 13:06:22,142{GMT}	INFO	[jepsen worker 3] jepsen.util: 3	:fail	:cas	[0 [3 1]]	[:precondition-failed "expected 3 but had 2"]
2026-03-05 13:06:22,143{GMT}	INFO	[jepsen worker 0] jepsen.util: 0	:invoke	:read	[0 nil]
2026-03-05 13:06:22,166{GMT}	INFO	[jepsen worker 1] jepsen.util: 1	:invoke	:read	[0 nil]
2026-03-05 13:06:22,167{GMT}	INFO	[jepsen worker 0] jepsen.util: 0	:ok	:read	[0 2]
2026-03-05 13:06:22,174{GMT}	INFO	[jepsen worker 1] jepsen.util: 1	:ok	:read	[0 2]
2026-03-05 13:06:22,222{GMT}	INFO	[jepsen worker 0] jepsen.util: 0	:invoke	:read	[0 nil]
2026-03-05 13:06:22,224{GMT}	INFO	[jepsen worker 0] jepsen.util: 0	:ok	:read	[0 2]
2026-03-05 13:06:22,233{GMT}	INFO	[jepsen worker 3] jepsen.util: 3	:invoke	:write	[0 3]
2026-03-05 13:06:22,237{GMT}	INFO	[jepsen worker 3] jepsen.util: 3	:ok	:write	[0 3]
2026-03-05 13:06:22,296{GMT}	INFO	[jepsen worker 3] jepsen.util: 3	:invoke	:cas	[0 [4 2]]
2026-03-05 13:06:22,299{GMT}	INFO	[jepsen worker 3] jepsen.util: 3	:fail	:cas	[0 [4 2]]	[:precondition-failed "expected 4 but had 3"]
2026-03-05 13:06:22,316{GMT}	INFO	[jepsen worker 2] jepsen.util: 2	:invoke	:read	[0 nil]
2026-03-05 13:06:22,322{GMT}	INFO	[jepsen worker 0] jepsen.util: 0	:invoke	:read	[0 nil]
2026-03-05 13:06:22,327{GMT}	INFO	[jepsen worker 2] jepsen.util: 2	:ok	:read	[0 3]
2026-03-05 13:06:22,331{GMT}	INFO	[jepsen worker 0] jepsen.util: 0	:ok	:read	[0 3]
2026-03-05 13:06:22,464{GMT}	INFO	[jepsen worker 0] jepsen.util: 0	:invoke	:read	[0 nil]
2026-03-05 13:06:22,467{GMT}	INFO	[jepsen worker 0] jepsen.util: 0	:ok	:read	[0 3]
2026-03-05 13:06:22,551{GMT}	INFO	[jepsen worker 0] jepsen.util: 0	:invoke	:read	[0 nil]
2026-03-05 13:06:22,553{GMT}	INFO	[jepsen worker 0] jepsen.util: 0	:ok	:read	[0 3]
2026-03-05 13:06:22,704{GMT}	INFO	[jepsen worker 3] jepsen.util: 3	:invoke	:cas	[0 [0 4]]
2026-03-05 13:06:22,709{GMT}	INFO	[jepsen worker 3] jepsen.util: 3	:fail	:cas	[0 [0 4]]	[:precondition-failed "expected 0 but had 3"]
2026-03-05 13:06:22,904{GMT}	INFO	[jepsen worker 3] jepsen.util: 3	:invoke	:cas	[0 [0 3]]
2026-03-05 13:06:22,908{GMT}	INFO	[jepsen worker 3] jepsen.util: 3	:fail	:cas	[0 [0 3]]	[:precondition-failed "expected 0 but had 3"]
2026-03-05 13:06:22,938{GMT}	INFO	[jepsen worker 1] jepsen.util: 1	:invoke	:read	[0 nil]
2026-03-05 13:06:22,941{GMT}	INFO	[jepsen worker 1] jepsen.util: 1	:ok	:read	[0 3]
2026-03-05 13:06:22,974{GMT}	INFO	[jepsen worker 3] jepsen.util: 3	:invoke	:cas	[0 [1 4]]
2026-03-05 13:06:22,977{GMT}	INFO	[jepsen worker 3] jepsen.util: 3	:fail	:cas	[0 [1 4]]	[:precondition-failed "expected 1 but had 3"]
2026-03-05 13:06:23,096{GMT}	INFO	[jepsen worker 0] jepsen.util: 0	:invoke	:read	[0 nil]
2026-03-05 13:06:23,099{GMT}	INFO	[jepsen worker 0] jepsen.util: 0	:ok	:read	[0 3]
2026-03-05 13:06:23,194{GMT}	INFO	[jepsen worker 4] jepsen.util: 4	:invoke	:write	[0 0]
2026-03-05 13:06:23,197{GMT}	INFO	[jepsen worker 4] jepsen.util: 4	:ok	:write	[0 0]
2026-03-05 13:06:23,268{GMT}	INFO	[jepsen worker 5] jepsen.util: 5	:invoke	:write	[0 4]
2026-03-05 13:06:23,272{GMT}	INFO	[jepsen worker 5] jepsen.util: 5	:ok	:write	[0 4]
2026-03-05 13:06:23,296{GMT}	INFO	[jepsen worker 0] jepsen.util: 0	:invoke	:read	[0 nil]
2026-03-05 13:06:23,298{GMT}	INFO	[jepsen worker 0] jepsen.util: 0	:ok	:read	[0 4]
2026-03-05 13:06:23,486{GMT}	INFO	[jepsen worker 0] jepsen.util: 0	:invoke	:read	[0 nil]
2026-03-05 13:06:23,495{GMT}	INFO	[jepsen worker 0] jepsen.util: 0	:ok	:read	[0 4]
2026-03-05 13:06:23,544{GMT}	INFO	[jepsen worker 3] jepsen.util: 3	:invoke	:cas	[0 [2 0]]
2026-03-05 13:06:23,548{GMT}	INFO	[jepsen worker 2] jepsen.util: 2	:invoke	:read	[0 nil]
2026-03-05 13:06:23,555{GMT}	INFO	[jepsen worker 2] jepsen.util: 2	:ok	:read	[0 4]
2026-03-05 13:06:23,555{GMT}	INFO	[jepsen worker 3] jepsen.util: 3	:fail	:cas	[0 [2 0]]	[:precondition-failed "expected 2 but had 4"]
2026-03-05 13:06:23,586{GMT}	INFO	[jepsen worker 3] jepsen.util: 3	:invoke	:cas	[0 [3 1]]
2026-03-05 13:06:23,588{GMT}	INFO	[jepsen worker 3] jepsen.util: 3	:fail	:cas	[0 [3 1]]	[:precondition-failed "expected 3 but had 4"]
2026-03-05 13:06:23,746{GMT}	INFO	[jepsen worker 0] jepsen.util: 0	:invoke	:read	[0 nil]
2026-03-05 13:06:23,750{GMT}	INFO	[jepsen worker 0] jepsen.util: 0	:ok	:read	[0 4]
2026-03-05 13:06:23,802{GMT}	INFO	[jepsen worker 5] jepsen.util: 5	:invoke	:cas	[0 [0 1]]
2026-03-05 13:06:23,807{GMT}	INFO	[jepsen worker 5] jepsen.util: 5	:fail	:cas	[0 [0 1]]	[:precondition-failed "expected 0 but had 4"]
2026-03-05 13:06:23,934{GMT}	INFO	[jepsen worker 3] jepsen.util: 3	:invoke	:cas	[0 [3 1]]
2026-03-05 13:06:23,940{GMT}	INFO	[jepsen worker 3] jepsen.util: 3	:fail	:cas	[0 [3 1]]	[:precondition-failed "expected 3 but had 4"]
2026-03-05 13:06:24,018{GMT}	INFO	[jepsen worker 0] jepsen.util: 0	:invoke	:read	[0 nil]
2026-03-05 13:06:24,022{GMT}	INFO	[jepsen worker 0] jepsen.util: 0	:ok	:read	[0 4]
2026-03-05 13:06:24,086{GMT}	INFO	[jepsen worker 1] jepsen.util: 1	:invoke	:read	[0 nil]
2026-03-05 13:06:24,090{GMT}	INFO	[jepsen worker 1] jepsen.util: 1	:ok	:read	[0 4]
2026-03-05 13:06:24,245{GMT}	INFO	[jepsen worker 3] jepsen.util: 3	:invoke	:write	[0 0]
2026-03-05 13:06:24,249{GMT}	INFO	[jepsen worker 3] jepsen.util: 3	:ok	:write	[0 0]
2026-03-05 13:06:24,312{GMT}	INFO	[jepsen worker 0] jepsen.util: 0	:invoke	:read	[0 nil]
2026-03-05 13:06:24,318{GMT}	INFO	[jepsen worker 0] jepsen.util: 0	:ok	:read	[0 0]
2026-03-05 13:06:24,399{GMT}	INFO	[jepsen worker 4] jepsen.util: 4	:invoke	:write	[0 4]
2026-03-05 13:06:24,402{GMT}	INFO	[jepsen worker 4] jepsen.util: 4	:ok	:write	[0 4]
2026-03-05 13:06:24,584{GMT}	INFO	[jepsen worker 0] jepsen.util: 0	:invoke	:read	[0 nil]
2026-03-05 13:06:24,588{GMT}	INFO	[jepsen worker 0] jepsen.util: 0	:ok	:read	[0 4]
2026-03-05 13:06:24,654{GMT}	INFO	[jepsen worker 0] jepsen.util: 0	:invoke	:read	[0 nil]
2026-03-05 13:06:24,659{GMT}	INFO	[jepsen worker 0] jepsen.util: 0	:ok	:read	[0 4]
2026-03-05 13:06:24,812{GMT}	INFO	[jepsen worker 0] jepsen.util: 0	:invoke	:read	[0 nil]
2026-03-05 13:06:24,817{GMT}	INFO	[jepsen worker 0] jepsen.util: 0	:ok	:read	[0 4]
2026-03-05 13:06:24,959{GMT}	INFO	[jepsen worker 3] jepsen.util: 3	:invoke	:cas	[0 [4 4]]
2026-03-05 13:06:24,962{GMT}	INFO	[jepsen worker 4] jepsen.util: 4	:invoke	:cas	[0 [2 1]]
2026-03-05 13:06:24,964{GMT}	INFO	[jepsen worker 3] jepsen.util: 3	:ok	:cas	[0 [4 4]]
2026-03-05 13:06:24,965{GMT}	INFO	[jepsen worker 4] jepsen.util: 4	:fail	:cas	[0 [2 1]]	[:precondition-failed "expected 2 but had 4"]
2026-03-05 13:06:25,072{GMT}	INFO	[jepsen worker 3] jepsen.util: 3	:invoke	:write	[0 3]
2026-03-05 13:06:25,077{GMT}	INFO	[jepsen worker 3] jepsen.util: 3	:ok	:write	[0 3]
2026-03-05 13:06:25,204{GMT}	INFO	[jepsen worker 4] jepsen.util: 4	:invoke	:cas	[0 [2 3]]
2026-03-05 13:06:25,209{GMT}	INFO	[jepsen worker 4] jepsen.util: 4	:fail	:cas	[0 [2 3]]	[:precondition-failed "expected 2 but had 3"]
2026-03-05 13:06:25,262{GMT}	INFO	[jepsen worker 0] jepsen.util: 0	:invoke	:read	[0 nil]
2026-03-05 13:06:25,265{GMT}	INFO	[jepsen worker 0] jepsen.util: 0	:ok	:read	[0 3]
2026-03-05 13:06:25,367{GMT}	INFO	[jepsen worker 3] jepsen.util: 3	:invoke	:cas	[0 [2 4]]
2026-03-05 13:06:25,371{GMT}	INFO	[jepsen worker 3] jepsen.util: 3	:fail	:cas	[0 [2 4]]	[:precondition-failed "expected 2 but had 3"]
2026-03-05 13:06:25,418{GMT}	INFO	[jepsen worker 0] jepsen.util: 0	:invoke	:read	[0 nil]
2026-03-05 13:06:25,420{GMT}	INFO	[jepsen worker 0] jepsen.util: 0	:ok	:read	[0 3]
2026-03-05 13:06:25,501{GMT}	INFO	[jepsen worker 3] jepsen.util: 3	:invoke	:write	[0 0]
2026-03-05 13:06:25,506{GMT}	INFO	[jepsen worker 3] jepsen.util: 3	:ok	:write	[0 0]
2026-03-05 13:06:25,664{GMT}	INFO	[jepsen worker 3] jepsen.util: 3	:invoke	:cas	[0 [2 4]]
2026-03-05 13:06:25,670{GMT}	INFO	[jepsen worker 3] jepsen.util: 3	:fail	:cas	[0 [2 4]]	[:precondition-failed "expected 2 but had 0"]
2026-03-05 13:06:25,680{GMT}	INFO	[jepsen worker 0] jepsen.util: 0	:invoke	:read	[0 nil]
2026-03-05 13:06:25,684{GMT}	INFO	[jepsen worker 0] jepsen.util: 0	:ok	:read	[0 0]
2026-03-05 13:06:25,734{GMT}	INFO	[jepsen worker 4] jepsen.util: 4	:invoke	:write	[0 1]
2026-03-05 13:06:25,739{GMT}	INFO	[jepsen worker 4] jepsen.util: 4	:ok	:write	[0 1]
2026-03-05 13:06:25,747{GMT}	INFO	[jepsen worker 0] jepsen.util: 0	:invoke	:read	[0 nil]
2026-03-05 13:06:25,753{GMT}	INFO	[jepsen worker 0] jepsen.util: 0	:ok	:read	[0 1]
2026-03-05 13:06:25,854{GMT}	INFO	[jepsen worker 3] jepsen.util: 3	:invoke	:cas	[0 [4 4]]
2026-03-05 13:06:25,858{GMT}	INFO	[jepsen worker 3] jepsen.util: 3	:fail	:cas	[0 [4 4]]	[:precondition-failed "expected 4 but had 1"]
2026-03-05 13:06:25,936{GMT}	INFO	[jepsen worker 0] jepsen.util: 0	:invoke	:read	[0 nil]
2026-03-05 13:06:25,939{GMT}	INFO	[jepsen worker 0] jepsen.util: 0	:ok	:read	[0 1]
2026-03-05 13:06:26,025{GMT}	INFO	[jepsen worker 3] jepsen.util: 3	:invoke	:cas	[0 [3 0]]
2026-03-05 13:06:26,029{GMT}	INFO	[jepsen worker 3] jepsen.util: 3	:fail	:cas	[0 [3 0]]	[:precondition-failed "expected 3 but had 1"]
2026-03-05 13:06:26,068{GMT}	INFO	[jepsen worker 3] jepsen.util: 3	:invoke	:cas	[0 [2 0]]
2026-03-05 13:06:26,070{GMT}	INFO	[jepsen worker 3] jepsen.util: 3	:fail	:cas	[0 [2 0]]	[:precondition-failed "expected 2 but had 1"]
2026-03-05 13:06:26,126{GMT}	INFO	[jepsen worker 0] jepsen.util: 0	:invoke	:read	[0 nil]
2026-03-05 13:06:26,129{GMT}	INFO	[jepsen worker 0] jepsen.util: 0	:ok	:read	[0 1]
2026-03-05 13:06:26,243{GMT}	INFO	[jepsen worker 4] jepsen.util: 4	:invoke	:write	[0 0]
2026-03-05 13:06:26,248{GMT}	INFO	[jepsen worker 4] jepsen.util: 4	:ok	:write	[0 0]
2026-03-05 13:06:26,316{GMT}	INFO	[jepsen worker 0] jepsen.util: 0	:invoke	:read	[0 nil]
2026-03-05 13:06:26,321{GMT}	INFO	[jepsen worker 0] jepsen.util: 0	:ok	:read	[0 0]
2026-03-05 13:06:26,425{GMT}	INFO	[jepsen worker 0] jepsen.util: 0	:invoke	:read	[0 nil]
2026-03-05 13:06:26,426{GMT}	INFO	[jepsen worker 1] jepsen.util: 1	:invoke	:read	[0 nil]
2026-03-05 13:06:26,429{GMT}	INFO	[jepsen worker 0] jepsen.util: 0	:ok	:read	[0 0]
2026-03-05 13:06:26,429{GMT}	INFO	[jepsen worker 1] jepsen.util: 1	:ok	:read	[0 0]
2026-03-05 13:06:26,541{GMT}	INFO	[jepsen worker 3] jepsen.util: 3	:invoke	:cas	[0 [2 4]]
2026-03-05 13:06:26,545{GMT}	INFO	[jepsen worker 3] jepsen.util: 3	:fail	:cas	[0 [2 4]]	[:precondition-failed "expected 2 but had 0"]
2026-03-05 13:06:26,715{GMT}	INFO	[jepsen worker 3] jepsen.util: 3	:invoke	:cas	[0 [1 0]]
2026-03-05 13:06:26,722{GMT}	INFO	[jepsen worker 3] jepsen.util: 3	:fail	:cas	[0 [1 0]]	[:precondition-failed "expected 1 but had 0"]
2026-03-05 13:06:26,790{GMT}	INFO	[jepsen worker 3] jepsen.util: 3	:invoke	:cas	[0 [2 4]]
2026-03-05 13:06:26,798{GMT}	INFO	[jepsen worker 3] jepsen.util: 3	:fail	:cas	[0 [2 4]]	[:precondition-failed "expected 2 but had 0"]
2026-03-05 13:06:26,847{GMT}	INFO	[jepsen worker 0] jepsen.util: 0	:invoke	:read	[0 nil]
2026-03-05 13:06:26,850{GMT}	INFO	[jepsen worker 0] jepsen.util: 0	:ok	:read	[0 0]
2026-03-05 13:06:26,987{GMT}	INFO	[jepsen worker 5] jepsen.util: 5	:invoke	:write	[0 4]
2026-03-05 13:06:26,991{GMT}	INFO	[jepsen worker 5] jepsen.util: 5	:ok	:write	[0 4]
2026-03-05 13:06:27,093{GMT}	INFO	[jepsen worker 0] jepsen.util: 0	:invoke	:read	[0 nil]
2026-03-05 13:06:27,097{GMT}	INFO	[jepsen worker 0] jepsen.util: 0	:ok	:read	[0 4]
2026-03-05 13:06:27,223{GMT}	INFO	[jepsen worker 3] jepsen.util: 3	:invoke	:cas	[0 [4 2]]
2026-03-05 13:06:27,230{GMT}	INFO	[jepsen worker 3] jepsen.util: 3	:ok	:cas	[0 [4 2]]
2026-03-05 13:06:27,425{GMT}	INFO	[jepsen worker 1] jepsen.util: 1	:invoke	:read	[0 nil]
2026-03-05 13:06:27,429{GMT}	INFO	[jepsen worker 1] jepsen.util: 1	:ok	:read	[0 2]
2026-03-05 13:06:27,455{GMT}	INFO	[jepsen worker 3] jepsen.util: 3	:invoke	:write	[0 4]
2026-03-05 13:06:27,458{GMT}	INFO	[jepsen worker 3] jepsen.util: 3	:ok	:write	[0 4]
2026-03-05 13:06:27,634{GMT}	INFO	[jepsen worker 3] jepsen.util: 3	:invoke	:cas	[0 [2 1]]
2026-03-05 13:06:27,641{GMT}	INFO	[jepsen worker 3] jepsen.util: 3	:fail	:cas	[0 [2 1]]	[:precondition-failed "expected 2 but had 4"]
2026-03-05 13:06:27,693{GMT}	INFO	[jepsen worker 4] jepsen.util: 4	:invoke	:write	[0 0]
2026-03-05 13:06:27,740{GMT}	INFO	[jepsen worker 4] jepsen.util: 4	:ok	:write	[0 0]
2026-03-05 13:06:27,765{GMT}	INFO	[jepsen worker 5] jepsen.util: 5	:invoke	:cas	[0 [1 4]]
2026-03-05 13:06:27,777{GMT}	INFO	[jepsen worker 5] jepsen.util: 5	:fail	:cas	[0 [1 4]]	[:precondition-failed "expected 1 but had 0"]
2026-03-05 13:06:27,814{GMT}	INFO	[jepsen worker 3] jepsen.util: 3	:invoke	:cas	[0 [0 1]]
2026-03-05 13:06:27,819{GMT}	INFO	[jepsen worker 3] jepsen.util: 3	:ok	:cas	[0 [0 1]]
2026-03-05 13:06:27,835{GMT}	INFO	[jepsen worker 0] jepsen.util: 0	:invoke	:read	[0 nil]
2026-03-05 13:06:27,841{GMT}	INFO	[jepsen worker 0] jepsen.util: 0	:ok	:read	[0 1]
2026-03-05 13:06:27,929{GMT}	INFO	[jepsen worker 3] jepsen.util: 3	:invoke	:write	[0 3]
2026-03-05 13:06:27,932{GMT}	INFO	[jepsen worker 3] jepsen.util: 3	:ok	:write	[0 3]
2026-03-05 13:06:28,036{GMT}	INFO	[jepsen worker 2] jepsen.util: 2	:invoke	:read	[0 nil]
2026-03-05 13:06:28,040{GMT}	INFO	[jepsen worker 2] jepsen.util: 2	:ok	:read	[0 3]
2026-03-05 13:06:28,129{GMT}	INFO	[jepsen worker 0] jepsen.util: 0	:invoke	:read	[0 nil]
2026-03-05 13:06:28,132{GMT}	INFO	[jepsen worker 0] jepsen.util: 0	:ok	:read	[0 3]
2026-03-05 13:06:28,304{GMT}	INFO	[jepsen worker 4] jepsen.util: 4	:invoke	:write	[0 4]
2026-03-05 13:06:28,312{GMT}	INFO	[jepsen worker 4] jepsen.util: 4	:ok	:write	[0 4]
2026-03-05 13:06:28,447{GMT}	INFO	[jepsen worker 0] jepsen.util: 0	:invoke	:read	[0 nil]
2026-03-05 13:06:28,450{GMT}	INFO	[jepsen worker 0] jepsen.util: 0	:ok	:read	[0 4]
2026-03-05 13:06:28,490{GMT}	INFO	[jepsen worker 3] jepsen.util: 3	:invoke	:write	[0 3]
2026-03-05 13:06:28,492{GMT}	INFO	[jepsen worker 3] jepsen.util: 3	:ok	:write	[0 3]
2026-03-05 13:06:28,690{GMT}	INFO	[jepsen worker 3] jepsen.util: 3	:invoke	:write	[0 1]
2026-03-05 13:06:28,696{GMT}	INFO	[jepsen worker 3] jepsen.util: 3	:ok	:write	[0 1]
2026-03-05 13:06:28,700{GMT}	INFO	[jepsen worker 1] jepsen.util: 1	:invoke	:read	[0 nil]
2026-03-05 13:06:28,705{GMT}	INFO	[jepsen worker 1] jepsen.util: 1	:ok	:read	[0 1]
2026-03-05 13:06:28,705{GMT}	INFO	[jepsen worker 3] jepsen.util: 3	:invoke	:cas	[0 [1 4]]
2026-03-05 13:06:28,710{GMT}	INFO	[jepsen worker 3] jepsen.util: 3	:ok	:cas	[0 [1 4]]
2026-03-05 13:06:28,889{GMT}	INFO	[jepsen worker 3] jepsen.util: 3	:invoke	:cas	[0 [3 4]]
2026-03-05 13:06:28,896{GMT}	INFO	[jepsen worker 3] jepsen.util: 3	:fail	:cas	[0 [3 4]]	[:precondition-failed "expected 3 but had 4"]
2026-03-05 13:06:28,948{GMT}	INFO	[jepsen worker 4] jepsen.util: 4	:invoke	:cas	[0 [4 3]]
2026-03-05 13:06:28,957{GMT}	INFO	[jepsen worker 4] jepsen.util: 4	:ok	:cas	[0 [4 3]]
2026-03-05 13:06:29,136{GMT}	INFO	[jepsen worker 5] jepsen.util: 5	:invoke	:cas	[0 [3 0]]
2026-03-05 13:06:29,143{GMT}	INFO	[jepsen worker 5] jepsen.util: 5	:ok	:cas	[0 [3 0]]
2026-03-05 13:06:29,242{GMT}	INFO	[jepsen worker 0] jepsen.util: 0	:invoke	:read	[0 nil]
2026-03-05 13:06:29,246{GMT}	INFO	[jepsen worker 0] jepsen.util: 0	:ok	:read	[0 0]
2026-03-05 13:06:29,446{GMT}	INFO	[jepsen worker 0] jepsen.util: 0	:invoke	:read	[0 nil]
2026-03-05 13:06:29,451{GMT}	INFO	[jepsen worker 0] jepsen.util: 0	:ok	:read	[0 0]
2026-03-05 13:06:29,555{GMT}	INFO	[jepsen worker 1] jepsen.util: 1	:invoke	:read	[0 nil]
2026-03-05 13:06:29,559{GMT}	INFO	[jepsen worker 1] jepsen.util: 1	:ok	:read	[0 0]
2026-03-05 13:06:29,733{GMT}	INFO	[jepsen worker 2] jepsen.util: 2	:invoke	:read	[0 nil]
2026-03-05 13:06:29,739{GMT}	INFO	[jepsen worker 2] jepsen.util: 2	:ok	:read	[0 0]
2026-03-05 13:06:29,818{GMT}	INFO	[jepsen worker 0] jepsen.util: 0	:invoke	:read	[0 nil]
2026-03-05 13:06:29,821{GMT}	INFO	[jepsen worker 0] jepsen.util: 0	:ok	:read	[0 0]
2026-03-05 13:06:29,858{GMT}	INFO	[jepsen worker 4] jepsen.util: 4	:invoke	:write	[0 4]
2026-03-05 13:06:29,861{GMT}	INFO	[jepsen worker 4] jepsen.util: 4	:ok	:write	[0 4]
2026-03-05 13:06:30,017{GMT}	INFO	[jepsen worker 5] jepsen.util: 5	:invoke	:cas	[0 [1 3]]
2026-03-05 13:06:30,022{GMT}	INFO	[jepsen worker 5] jepsen.util: 5	:fail	:cas	[0 [1 3]]	[:precondition-failed "expected 1 but had 4"]
2026-03-05 13:06:30,156{GMT}	INFO	[jepsen worker 0] jepsen.util: 0	:invoke	:read	[0 nil]
2026-03-05 13:06:30,159{GMT}	INFO	[jepsen worker 0] jepsen.util: 0	:ok	:read	[0 4]
2026-03-05 13:06:30,336{GMT}	INFO	[jepsen worker 0] jepsen.util: 0	:invoke	:read	[0 nil]
2026-03-05 13:06:30,340{GMT}	INFO	[jepsen worker 0] jepsen.util: 0	:ok	:read	[0 4]
2026-03-05 13:06:30,534{GMT}	INFO	[jepsen worker 1] jepsen.util: 1	:invoke	:read	[0 nil]
2026-03-05 13:06:30,538{GMT}	INFO	[jepsen worker 1] jepsen.util: 1	:ok	:read	[0 4]
2026-03-05 13:06:30,653{GMT}	INFO	[jepsen worker 2] jepsen.util: 2	:invoke	:read	[0 nil]
2026-03-05 13:06:30,657{GMT}	INFO	[jepsen worker 2] jepsen.util: 2	:ok	:read	[0 4]
2026-03-05 13:06:30,753{GMT}	INFO	[jepsen worker 0] jepsen.util: 0	:invoke	:read	[0 nil]
2026-03-05 13:06:30,757{GMT}	INFO	[jepsen worker 0] jepsen.util: 0	:ok	:read	[0 4]
2026-03-05 13:06:30,774{GMT}	INFO	[jepsen worker 4] jepsen.util: 4	:invoke	:write	[0 4]
2026-03-05 13:06:30,777{GMT}	INFO	[jepsen worker 4] jepsen.util: 4	:ok	:write	[0 4]
2026-03-05 13:06:30,890{GMT}	INFO	[jepsen worker 0] jepsen.util: 0	:invoke	:read	[0 nil]
2026-03-05 13:06:30,893{GMT}	INFO	[jepsen worker 0] jepsen.util: 0	:ok	:read	[0 4]
2026-03-05 13:06:30,897{GMT}	INFO	[jepsen worker 0] jepsen.util: 0	:invoke	:read	[0 nil]
2026-03-05 13:06:30,910{GMT}	INFO	[jepsen worker 0] jepsen.util: 0	:ok	:read	[0 4]
2026-03-05 13:06:31,003{GMT}	INFO	[jepsen worker 0] jepsen.util: 0	:invoke	:read	[0 nil]
2026-03-05 13:06:31,008{GMT}	INFO	[jepsen worker 0] jepsen.util: 0	:ok	:read	[0 4]
2026-03-05 13:06:31,028{GMT}	INFO	[jepsen worker 1] jepsen.util: 1	:invoke	:read	[0 nil]
2026-03-05 13:06:31,128{GMT}	INFO	[jepsen worker 1] jepsen.util: 1	:ok	:read	[0 4]
2026-03-05 13:06:31,168{GMT}	INFO	[jepsen worker 3] jepsen.util: 3	:invoke	:write	[0 1]
2026-03-05 13:06:31,328{GMT}	INFO	[jepsen worker 3] jepsen.util: 3	:ok	:write	[0 1]
2026-03-05 13:06:31,339{GMT}	INFO	[jepsen worker 0] jepsen.util: 0	:invoke	:read	[0 nil]
2026-03-05 13:06:31,370{GMT}	INFO	[jepsen worker 0] jepsen.util: 0	:ok	:read	[0 1]
2026-03-05 13:06:31,433{GMT}	INFO	[jepsen worker 0] jepsen.util: 0	:invoke	:read	[0 nil]
2026-03-05 13:06:31,438{GMT}	INFO	[jepsen worker 0] jepsen.util: 0	:ok	:read	[0 1]
2026-03-05 13:06:31,539{GMT}	INFO	[jepsen worker 0] jepsen.util: 0	:invoke	:read	[0 nil]
2026-03-05 13:06:31,545{GMT}	INFO	[jepsen worker 0] jepsen.util: 0	:ok	:read	[0 1]
2026-03-05 13:06:31,585{GMT}	INFO	[jepsen worker 0] jepsen.util: 0	:invoke	:read	[0 nil]
2026-03-05 13:06:31,590{GMT}	INFO	[jepsen worker 0] jepsen.util: 0	:ok	:read	[0 1]
2026-03-05 13:06:31,683{GMT}	INFO	[jepsen worker 3] jepsen.util: 3	:invoke	:write	[0 0]
2026-03-05 13:06:31,687{GMT}	INFO	[jepsen worker 3] jepsen.util: 3	:ok	:write	[0 0]
2026-03-05 13:06:31,900{GMT}	INFO	[jepsen worker 3] jepsen.util: 3	:invoke	:write	[0 4]
2026-03-05 13:06:32,103{GMT}	INFO	[jepsen worker 4] jepsen.util: 4	:invoke	:cas	[0 [3 4]]
2026-03-05 13:06:32,139{GMT}	INFO	[jepsen worker 3] jepsen.util: 3	:ok	:write	[0 4]
2026-03-05 13:06:32,140{GMT}	INFO	[jepsen worker 3] jepsen.util: 3	:invoke	:write	[0 3]
2026-03-05 13:06:32,178{GMT}	INFO	[jepsen worker 3] jepsen.util: 3	:ok	:write	[0 3]
2026-03-05 13:06:32,205{GMT}	INFO	[jepsen worker 4] jepsen.util: 4	:ok	:cas	[0 [3 4]]
2026-03-05 13:06:32,424{GMT}	INFO	[jepsen worker 0] jepsen.util: 0	:invoke	:read	[0 nil]
2026-03-05 13:06:32,520{GMT}	INFO	[jepsen worker 5] jepsen.util: 5	:invoke	:cas	[0 [4 2]]
2026-03-05 13:06:32,520{GMT}	INFO	[jepsen worker 0] jepsen.util: 0	:ok	:read	[0 4]
2026-03-05 13:06:32,584{GMT}	INFO	[jepsen worker 0] jepsen.util: 0	:invoke	:read	[0 nil]
2026-03-05 13:06:32,587{GMT}	INFO	[jepsen worker 5] jepsen.util: 5	:ok	:cas	[0 [4 2]]
2026-03-05 13:06:32,622{GMT}	INFO	[jepsen worker 0] jepsen.util: 0	:ok	:read	[0 2]
2026-03-05 13:06:32,725{GMT}	INFO	[jepsen worker 0] jepsen.util: 0	:invoke	:read	[0 nil]
2026-03-05 13:06:32,727{GMT}	INFO	[jepsen worker 0] jepsen.util: 0	:ok	:read	[0 2]
2026-03-05 13:06:32,813{GMT}	INFO	[jepsen worker 1] jepsen.util: 1	:invoke	:read	[0 nil]
2026-03-05 13:06:32,817{GMT}	INFO	[jepsen worker 1] jepsen.util: 1	:ok	:read	[0 2]
2026-03-05 13:06:33,016{GMT}	INFO	[jepsen worker 3] jepsen.util: 3	:invoke	:cas	[0 [2 3]]
2026-03-05 13:06:33,023{GMT}	INFO	[jepsen worker 3] jepsen.util: 3	:ok	:cas	[0 [2 3]]
2026-03-05 13:06:33,028{GMT}	INFO	[jepsen worker 3] jepsen.util: 3	:invoke	:cas	[0 [2 2]]
2026-03-05 13:06:33,039{GMT}	INFO	[jepsen worker 3] jepsen.util: 3	:fail	:cas	[0 [2 2]]	[:precondition-failed "expected 2 but had 3"]
2026-03-05 13:06:33,092{GMT}	INFO	[jepsen worker 4] jepsen.util: 4	:invoke	:write	[0 4]
2026-03-05 13:06:33,094{GMT}	INFO	[jepsen worker 4] jepsen.util: 4	:ok	:write	[0 4]
2026-03-05 13:06:33,241{GMT}	INFO	[jepsen worker 0] jepsen.util: 0	:invoke	:read	[0 nil]
2026-03-05 13:06:33,244{GMT}	INFO	[jepsen worker 0] jepsen.util: 0	:ok	:read	[0 4]
2026-03-05 13:06:33,383{GMT}	INFO	[jepsen worker 3] jepsen.util: 3	:invoke	:cas	[0 [4 1]]
2026-03-05 13:06:33,388{GMT}	INFO	[jepsen worker 3] jepsen.util: 3	:ok	:cas	[0 [4 1]]
2026-03-05 13:06:33,584{GMT}	INFO	[jepsen worker 3] jepsen.util: 3	:invoke	:write	[0 0]
2026-03-05 13:06:33,588{GMT}	INFO	[jepsen worker 3] jepsen.util: 3	:ok	:write	[0 0]
2026-03-05 13:06:33,632{GMT}	INFO	[jepsen worker 1] jepsen.util: 1	:invoke	:read	[0 nil]
2026-03-05 13:06:33,635{GMT}	INFO	[jepsen worker 1] jepsen.util: 1	:ok	:read	[0 0]
2026-03-05 13:06:33,814{GMT}	INFO	[jepsen worker 3] jepsen.util: 3	:invoke	:cas	[0 [1 3]]
2026-03-05 13:06:33,817{GMT}	INFO	[jepsen worker 3] jepsen.util: 3	:fail	:cas	[0 [1 3]]	[:precondition-failed "expected 1 but had 0"]
2026-03-05 13:06:34,011{GMT}	INFO	[jepsen worker 0] jepsen.util: 0	:invoke	:read	[0 nil]
2026-03-05 13:06:34,014{GMT}	INFO	[jepsen worker 0] jepsen.util: 0	:ok	:read	[0 0]
2026-03-05 13:06:34,216{GMT}	INFO	[jepsen worker 4] jepsen.util: 4	:invoke	:cas	[0 [4 2]]
2026-03-05 13:06:34,220{GMT}	INFO	[jepsen worker 4] jepsen.util: 4	:fail	:cas	[0 [4 2]]	[:precondition-failed "expected 4 but had 0"]
2026-03-05 13:06:34,244{GMT}	INFO	[jepsen worker 0] jepsen.util: 0	:invoke	:read	[0 nil]
2026-03-05 13:06:34,247{GMT}	INFO	[jepsen worker 0] jepsen.util: 0	:ok	:read	[0 0]
2026-03-05 13:06:34,317{GMT}	INFO	[jepsen worker 0] jepsen.util: 0	:invoke	:read	[0 nil]
2026-03-05 13:06:34,321{GMT}	INFO	[jepsen worker 0] jepsen.util: 0	:ok	:read	[0 0]
2026-03-05 13:06:34,339{GMT}	INFO	[jepsen worker 3] jepsen.util: 3	:invoke	:cas	[0 [3 4]]
2026-03-05 13:06:34,341{GMT}	INFO	[jepsen worker 3] jepsen.util: 3	:fail	:cas	[0 [3 4]]	[:precondition-failed "expected 3 but had 0"]
2026-03-05 13:06:34,409{GMT}	INFO	[jepsen worker 3] jepsen.util: 3	:invoke	:cas	[0 [2 4]]
2026-03-05 13:06:34,412{GMT}	INFO	[jepsen worker 3] jepsen.util: 3	:fail	:cas	[0 [2 4]]	[:precondition-failed "expected 2 but had 0"]
2026-03-05 13:06:34,474{GMT}	INFO	[jepsen worker 2] jepsen.util: 2	:invoke	:read	[0 nil]
2026-03-05 13:06:34,478{GMT}	INFO	[jepsen worker 2] jepsen.util: 2	:ok	:read	[0 0]
2026-03-05 13:06:34,584{GMT}	INFO	[jepsen worker 0] jepsen.util: 0	:invoke	:read	[0 nil]
2026-03-05 13:06:34,587{GMT}	INFO	[jepsen worker 0] jepsen.util: 0	:ok	:read	[0 0]
2026-03-05 13:06:34,670{GMT}	INFO	[jepsen worker 0] jepsen.util: 0	:invoke	:read	[0 nil]
2026-03-05 13:06:34,672{GMT}	INFO	[jepsen worker 0] jepsen.util: 0	:ok	:read	[0 0]
2026-03-05 13:06:34,851{GMT}	INFO	[jepsen worker 5] jepsen.util: 5	:invoke	:write	[0 2]
2026-03-05 13:06:34,856{GMT}	INFO	[jepsen worker 5] jepsen.util: 5	:ok	:write	[0 2]
2026-03-05 13:06:34,895{GMT}	INFO	[jepsen worker 0] jepsen.util: 0	:invoke	:read	[0 nil]
2026-03-05 13:06:34,899{GMT}	INFO	[jepsen worker 0] jepsen.util: 0	:ok	:read	[0 2]
2026-03-05 13:06:35,067{GMT}	INFO	[jepsen worker 0] jepsen.util: 0	:invoke	:read	[0 nil]
2026-03-05 13:06:35,070{GMT}	INFO	[jepsen worker 0] jepsen.util: 0	:ok	:read	[0 2]
2026-03-05 13:06:35,080{GMT}	INFO	[jepsen worker 3] jepsen.util: 3	:invoke	:cas	[0 [4 3]]
2026-03-05 13:06:35,085{GMT}	INFO	[jepsen worker 3] jepsen.util: 3	:fail	:cas	[0 [4 3]]	[:precondition-failed "expected 4 but had 2"]
2026-03-05 13:06:35,134{GMT}	INFO	[jepsen worker 2] jepsen.util: 2	:invoke	:read	[0 nil]
2026-03-05 13:06:35,138{GMT}	INFO	[jepsen worker 2] jepsen.util: 2	:ok	:read	[0 2]
2026-03-05 13:06:35,139{GMT}	INFO	[jepsen worker 3] jepsen.util: 3	:invoke	:cas	[0 [1 1]]
2026-03-05 13:06:35,143{GMT}	INFO	[jepsen worker 3] jepsen.util: 3	:fail	:cas	[0 [1 1]]	[:precondition-failed "expected 1 but had 2"]
2026-03-05 13:06:35,230{GMT}	INFO	[jepsen worker 4] jepsen.util: 4	:invoke	:cas	[0 [4 3]]
2026-03-05 13:06:35,234{GMT}	INFO	[jepsen worker 4] jepsen.util: 4	:fail	:cas	[0 [4 3]]	[:precondition-failed "expected 4 but had 2"]
2026-03-05 13:06:35,247{GMT}	INFO	[jepsen worker 5] jepsen.util: 5	:invoke	:write	[0 1]
2026-03-05 13:06:35,250{GMT}	INFO	[jepsen worker 5] jepsen.util: 5	:ok	:write	[0 1]
2026-03-05 13:06:35,291{GMT}	INFO	[jepsen worker 3] jepsen.util: 3	:invoke	:cas	[0 [1 0]]
2026-03-05 13:06:35,295{GMT}	INFO	[jepsen worker 3] jepsen.util: 3	:ok	:cas	[0 [1 0]]
2026-03-05 13:06:35,451{GMT}	INFO	[jepsen worker 0] jepsen.util: 0	:invoke	:read	[0 nil]
2026-03-05 13:06:35,455{GMT}	INFO	[jepsen worker 0] jepsen.util: 0	:ok	:read	[0 0]
2026-03-05 13:06:35,501{GMT}	INFO	[jepsen worker 3] jepsen.util: 3	:invoke	:cas	[0 [1 0]]
2026-03-05 13:06:35,506{GMT}	INFO	[jepsen worker 3] jepsen.util: 3	:fail	:cas	[0 [1 0]]	[:precondition-failed "expected 1 but had 0"]
2026-03-05 13:06:35,552{GMT}	INFO	[jepsen worker 3] jepsen.util: 3	:invoke	:cas	[0 [2 3]]
2026-03-05 13:06:35,552{GMT}	INFO	[jepsen worker 4] jepsen.util: 4	:invoke	:cas	[0 [0 3]]
2026-03-05 13:06:35,555{GMT}	INFO	[jepsen worker 3] jepsen.util: 3	:fail	:cas	[0 [2 3]]	[:precondition-failed "expected 2 but had 0"]
2026-03-05 13:06:35,556{GMT}	INFO	[jepsen worker 4] jepsen.util: 4	:ok	:cas	[0 [0 3]]
2026-03-05 13:06:35,704{GMT}	INFO	[jepsen worker 0] jepsen.util: 0	:invoke	:read	[0 nil]
2026-03-05 13:06:35,706{GMT}	INFO	[jepsen worker 0] jepsen.util: 0	:ok	:read	[0 3]
2026-03-05 13:06:35,902{GMT}	INFO	[jepsen worker 0] jepsen.util: 0	:invoke	:read	[0 nil]
2026-03-05 13:06:35,907{GMT}	INFO	[jepsen worker 0] jepsen.util: 0	:ok	:read	[0 3]
2026-03-05 13:06:36,067{GMT}	INFO	[jepsen worker 3] jepsen.util: 3	:invoke	:cas	[0 [0 1]]
2026-03-05 13:06:36,071{GMT}	INFO	[jepsen worker 3] jepsen.util: 3	:fail	:cas	[0 [0 1]]	[:precondition-failed "expected 0 but had 3"]
2026-03-05 13:06:36,266{GMT}	INFO	[jepsen worker 3] jepsen.util: 3	:invoke	:cas	[0 [3 2]]
2026-03-05 13:06:36,271{GMT}	INFO	[jepsen worker 3] jepsen.util: 3	:ok	:cas	[0 [3 2]]
2026-03-05 13:06:36,397{GMT}	INFO	[jepsen worker 3] jepsen.util: 3	:invoke	:cas	[0 [4 1]]
2026-03-05 13:06:36,401{GMT}	INFO	[jepsen worker 3] jepsen.util: 3	:fail	:cas	[0 [4 1]]	[:precondition-failed "expected 4 but had 2"]
2026-03-05 13:06:36,441{GMT}	INFO	[jepsen worker 2] jepsen.util: 2	:invoke	:read	[0 nil]
2026-03-05 13:06:36,445{GMT}	INFO	[jepsen worker 2] jepsen.util: 2	:ok	:read	[0 2]
2026-03-05 13:06:36,517{GMT}	INFO	[jepsen worker 0] jepsen.util: 0	:invoke	:read	[0 nil]
2026-03-05 13:06:36,521{GMT}	INFO	[jepsen worker 0] jepsen.util: 0	:ok	:read	[0 2]
2026-03-05 13:06:36,707{GMT}	INFO	[jepsen worker 4] jepsen.util: 4	:invoke	:cas	[0 [3 4]]
2026-03-05 13:06:36,710{GMT}	INFO	[jepsen worker 4] jepsen.util: 4	:fail	:cas	[0 [3 4]]	[:precondition-failed "expected 3 but had 2"]
2026-03-05 13:06:36,751{GMT}	INFO	[jepsen worker 5] jepsen.util: 5	:invoke	:cas	[0 [4 1]]
2026-03-05 13:06:36,754{GMT}	INFO	[jepsen worker 5] jepsen.util: 5	:fail	:cas	[0 [4 1]]	[:precondition-failed "expected 4 but had 2"]
2026-03-05 13:06:36,791{GMT}	INFO	[jepsen worker 0] jepsen.util: 0	:invoke	:read	[0 nil]
2026-03-05 13:06:36,795{GMT}	INFO	[jepsen worker 0] jepsen.util: 0	:ok	:read	[0 2]
2026-03-05 13:06:36,804{GMT}	INFO	[jepsen worker 3] jepsen.util: 3	:invoke	:cas	[0 [3 0]]
2026-03-05 13:06:36,806{GMT}	INFO	[jepsen worker 3] jepsen.util: 3	:fail	:cas	[0 [3 0]]	[:precondition-failed "expected 3 but had 2"]
2026-03-05 13:06:36,929{GMT}	INFO	[jepsen worker 1] jepsen.util: 1	:invoke	:read	[0 nil]
2026-03-05 13:06:36,933{GMT}	INFO	[jepsen worker 1] jepsen.util: 1	:ok	:read	[0 2]
2026-03-05 13:06:37,118{GMT}	INFO	[jepsen worker 3] jepsen.util: 3	:invoke	:cas	[0 [2 3]]
2026-03-05 13:06:37,120{GMT}	INFO	[jepsen worker 0] jepsen.util: 0	:invoke	:read	[0 nil]
2026-03-05 13:06:37,127{GMT}	INFO	[jepsen worker 3] jepsen.util: 3	:ok	:cas	[0 [2 3]]
2026-03-05 13:06:37,130{GMT}	INFO	[jepsen worker 0] jepsen.util: 0	:ok	:read	[0 3]
2026-03-05 13:06:37,229{GMT}	INFO	[jepsen worker 4] jepsen.util: 4	:invoke	:cas	[0 [3 0]]
2026-03-05 13:06:37,233{GMT}	INFO	[jepsen worker 4] jepsen.util: 4	:ok	:cas	[0 [3 0]]
2026-03-05 13:06:37,360{GMT}	INFO	[jepsen worker 5] jepsen.util: 5	:invoke	:cas	[0 [4 4]]
2026-03-05 13:06:37,363{GMT}	INFO	[jepsen worker 5] jepsen.util: 5	:fail	:cas	[0 [4 4]]	[:precondition-failed "expected 4 but had 0"]
2026-03-05 13:06:37,551{GMT}	INFO	[jepsen worker 3] jepsen.util: 3	:invoke	:write	[0 4]
2026-03-05 13:06:37,556{GMT}	INFO	[jepsen worker 3] jepsen.util: 3	:ok	:write	[0 4]
2026-03-05 13:06:37,729{GMT}	INFO	[jepsen worker 0] jepsen.util: 0	:invoke	:read	[0 nil]
2026-03-05 13:06:37,732{GMT}	INFO	[jepsen worker 0] jepsen.util: 0	:ok	:read	[0 4]
2026-03-05 13:06:37,901{GMT}	INFO	[jepsen worker 1] jepsen.util: 1	:invoke	:read	[0 nil]
2026-03-05 13:06:37,906{GMT}	INFO	[jepsen worker 1] jepsen.util: 1	:ok	:read	[0 4]
2026-03-05 13:06:37,999{GMT}	INFO	[jepsen worker 2] jepsen.util: 2	:invoke	:read	[0 nil]
2026-03-05 13:06:38,005{GMT}	INFO	[jepsen worker 2] jepsen.util: 2	:ok	:read	[0 4]
2026-03-05 13:06:38,045{GMT}	INFO	[jepsen worker 3] jepsen.util: 3	:invoke	:write	[0 1]
2026-03-05 13:06:38,049{GMT}	INFO	[jepsen worker 3] jepsen.util: 3	:ok	:write	[0 1]
2026-03-05 13:06:38,242{GMT}	INFO	[jepsen worker 4] jepsen.util: 4	:invoke	:write	[0 3]
2026-03-05 13:06:38,246{GMT}	INFO	[jepsen worker 4] jepsen.util: 4	:ok	:write	[0 3]
2026-03-05 13:06:38,363{GMT}	INFO	[jepsen worker 0] jepsen.util: 0	:invoke	:read	[0 nil]
2026-03-05 13:06:38,367{GMT}	INFO	[jepsen worker 0] jepsen.util: 0	:ok	:read	[0 3]
2026-03-05 13:06:38,451{GMT}	INFO	[jepsen worker 3] jepsen.util: 3	:invoke	:cas	[0 [1 2]]
2026-03-05 13:06:38,453{GMT}	INFO	[jepsen worker 3] jepsen.util: 3	:fail	:cas	[0 [1 2]]	[:precondition-failed "expected 1 but had 3"]
2026-03-05 13:06:38,509{GMT}	INFO	[jepsen worker 3] jepsen.util: 3	:invoke	:write	[0 3]
2026-03-05 13:06:38,512{GMT}	INFO	[jepsen worker 3] jepsen.util: 3	:ok	:write	[0 3]
2026-03-05 13:06:38,547{GMT}	INFO	[jepsen worker 3] jepsen.util: 3	:invoke	:write	[0 3]
2026-03-05 13:06:38,549{GMT}	INFO	[jepsen worker 3] jepsen.util: 3	:ok	:write	[0 3]
2026-03-05 13:06:38,616{GMT}	INFO	[jepsen worker 3] jepsen.util: 3	:invoke	:cas	[0 [4 4]]
2026-03-05 13:06:38,622{GMT}	INFO	[jepsen worker 3] jepsen.util: 3	:fail	:cas	[0 [4 4]]	[:precondition-failed "expected 4 but had 3"]
2026-03-05 13:06:38,675{GMT}	INFO	[jepsen worker 3] jepsen.util: 3	:invoke	:cas	[0 [3 0]]
2026-03-05 13:06:38,678{GMT}	INFO	[jepsen worker 3] jepsen.util: 3	:ok	:cas	[0 [3 0]]
2026-03-05 13:06:38,701{GMT}	INFO	[jepsen worker 0] jepsen.util: 0	:invoke	:read	[0 nil]
2026-03-05 13:06:38,705{GMT}	INFO	[jepsen worker 0] jepsen.util: 0	:ok	:read	[0 0]
2026-03-05 13:06:38,879{GMT}	INFO	[jepsen worker 5] jepsen.util: 5	:invoke	:write	[0 1]
2026-03-05 13:06:38,881{GMT}	INFO	[jepsen worker 5] jepsen.util: 5	:ok	:write	[0 1]
2026-03-05 13:06:39,002{GMT}	INFO	[jepsen worker 0] jepsen.util: 0	:invoke	:read	[0 nil]
2026-03-05 13:06:39,005{GMT}	INFO	[jepsen worker 0] jepsen.util: 0	:ok	:read	[0 1]
2026-03-05 13:06:39,176{GMT}	INFO	[jepsen worker 3] jepsen.util: 3	:invoke	:write	[0 3]
2026-03-05 13:06:39,179{GMT}	INFO	[jepsen worker 3] jepsen.util: 3	:ok	:write	[0 3]
2026-03-05 13:06:39,264{GMT}	INFO	[jepsen worker 1] jepsen.util: 1	:invoke	:read	[0 nil]
2026-03-05 13:06:39,269{GMT}	INFO	[jepsen worker 1] jepsen.util: 1	:ok	:read	[0 3]
2026-03-05 13:06:39,391{GMT}	INFO	[jepsen worker 2] jepsen.util: 2	:invoke	:read	[0 nil]
2026-03-05 13:06:39,394{GMT}	INFO	[jepsen worker 2] jepsen.util: 2	:ok	:read	[0 3]
2026-03-05 13:06:39,487{GMT}	INFO	[jepsen worker 0] jepsen.util: 0	:invoke	:read	[0 nil]
2026-03-05 13:06:39,491{GMT}	INFO	[jepsen worker 0] jepsen.util: 0	:ok	:read	[0 3]
2026-03-05 13:06:39,578{GMT}	INFO	[jepsen worker 0] jepsen.util: 0	:invoke	:read	[0 nil]
2026-03-05 13:06:39,582{GMT}	INFO	[jepsen worker 0] jepsen.util: 0	:ok	:read	[0 3]
2026-03-05 13:06:39,667{GMT}	INFO	[jepsen worker 5] jepsen.util: 5	:invoke	:cas	[0 [1 3]]
2026-03-05 13:06:39,672{GMT}	INFO	[jepsen worker 5] jepsen.util: 5	:fail	:cas	[0 [1 3]]	[:precondition-failed "expected 1 but had 3"]
2026-03-05 13:06:39,709{GMT}	INFO	[jepsen worker 3] jepsen.util: 3	:invoke	:cas	[0 [1 3]]
2026-03-05 13:06:39,713{GMT}	INFO	[jepsen worker 3] jepsen.util: 3	:fail	:cas	[0 [1 3]]	[:precondition-failed "expected 1 but had 3"]
2026-03-05 13:06:39,717{GMT}	INFO	[jepsen worker 0] jepsen.util: 0	:invoke	:read	[0 nil]
2026-03-05 13:06:39,722{GMT}	INFO	[jepsen worker 0] jepsen.util: 0	:ok	:read	[0 3]
2026-03-05 13:06:39,879{GMT}	INFO	[jepsen worker 3] jepsen.util: 3	:invoke	:cas	[0 [3 1]]
2026-03-05 13:06:39,886{GMT}	INFO	[jepsen worker 3] jepsen.util: 3	:ok	:cas	[0 [3 1]]
2026-03-05 13:06:40,028{GMT}	INFO	[jepsen worker 2] jepsen.util: 2	:invoke	:read	[0 nil]
2026-03-05 13:06:40,032{GMT}	INFO	[jepsen worker 2] jepsen.util: 2	:ok	:read	[0 1]
2026-03-05 13:06:40,198{GMT}	INFO	[jepsen worker 0] jepsen.util: 0	:invoke	:read	[0 nil]
2026-03-05 13:06:40,202{GMT}	INFO	[jepsen worker 0] jepsen.util: 0	:ok	:read	[0 1]
2026-03-05 13:06:40,378{GMT}	INFO	[jepsen worker 4] jepsen.util: 4	:invoke	:cas	[0 [2 1]]
2026-03-05 13:06:40,383{GMT}	INFO	[jepsen worker 4] jepsen.util: 4	:fail	:cas	[0 [2 1]]	[:precondition-failed "expected 2 but had 1"]
2026-03-05 13:06:40,565{GMT}	INFO	[jepsen worker 5] jepsen.util: 5	:invoke	:write	[0 4]
2026-03-05 13:06:40,570{GMT}	INFO	[jepsen worker 5] jepsen.util: 5	:ok	:write	[0 4]
2026-03-05 13:06:40,592{GMT}	INFO	[jepsen worker 3] jepsen.util: 3	:invoke	:write	[0 4]
2026-03-05 13:06:40,596{GMT}	INFO	[jepsen worker 3] jepsen.util: 3	:ok	:write	[0 4]
2026-03-05 13:06:40,766{GMT}	INFO	[jepsen worker 3] jepsen.util: 3	:invoke	:cas	[0 [4 1]]
2026-03-05 13:06:40,774{GMT}	INFO	[jepsen worker 3] jepsen.util: 3	:ok	:cas	[0 [4 1]]
2026-03-05 13:06:40,845{GMT}	INFO	[jepsen worker 3] jepsen.util: 3	:invoke	:cas	[0 [1 3]]
2026-03-05 13:06:40,851{GMT}	INFO	[jepsen worker 3] jepsen.util: 3	:ok	:cas	[0 [1 3]]
2026-03-05 13:06:40,936{GMT}	INFO	[jepsen worker 2] jepsen.util: 2	:invoke	:read	[0 nil]
2026-03-05 13:06:40,941{GMT}	INFO	[jepsen worker 2] jepsen.util: 2	:ok	:read	[0 3]
2026-03-05 13:06:41,106{GMT}	INFO	[jepsen worker 3] jepsen.util: 3	:invoke	:cas	[0 [0 4]]
2026-03-05 13:06:41,106{GMT}	INFO	[jepsen worker 0] jepsen.util: 0	:invoke	:read	[0 nil]
2026-03-05 13:06:41,111{GMT}	INFO	[jepsen worker 3] jepsen.util: 3	:fail	:cas	[0 [0 4]]	[:precondition-failed "expected 0 but had 3"]
2026-03-05 13:06:41,113{GMT}	INFO	[jepsen worker 0] jepsen.util: 0	:ok	:read	[0 3]
2026-03-05 13:06:41,300{GMT}	INFO	[jepsen worker 0] jepsen.util: 0	:invoke	:read	[0 nil]
2026-03-05 13:06:41,307{GMT}	INFO	[jepsen worker 0] jepsen.util: 0	:ok	:read	[0 3]
2026-03-05 13:06:41,435{GMT}	INFO	[jepsen worker 0] jepsen.util: 0	:invoke	:read	[0 nil]
2026-03-05 13:06:41,442{GMT}	INFO	[jepsen worker 0] jepsen.util: 0	:ok	:read	[0 3]
2026-03-05 13:06:41,541{GMT}	INFO	[jepsen worker 3] jepsen.util: 3	:invoke	:write	[0 0]
2026-03-05 13:06:41,544{GMT}	INFO	[jepsen worker 3] jepsen.util: 3	:ok	:write	[0 0]
2026-03-05 13:06:41,617{GMT}	INFO	[jepsen worker 1] jepsen.util: 1	:invoke	:read	[0 nil]
2026-03-05 13:06:41,624{GMT}	INFO	[jepsen worker 1] jepsen.util: 1	:ok	:read	[0 0]
2026-03-05 13:06:41,669{GMT}	INFO	[jepsen worker 3] jepsen.util: 3	:invoke	:cas	[0 [0 1]]
2026-03-05 13:06:41,675{GMT}	INFO	[jepsen worker 3] jepsen.util: 3	:ok	:cas	[0 [0 1]]
2026-03-05 13:06:41,812{GMT}	INFO	[jepsen worker 0] jepsen.util: 0	:invoke	:read	[0 nil]
2026-03-05 13:06:41,816{GMT}	INFO	[jepsen worker 0] jepsen.util: 0	:ok	:read	[0 1]
2026-03-05 13:06:41,983{GMT}	INFO	[jepsen worker 4] jepsen.util: 4	:invoke	:cas	[0 [1 0]]
2026-03-05 13:06:41,989{GMT}	INFO	[jepsen worker 4] jepsen.util: 4	:ok	:cas	[0 [1 0]]
2026-03-05 13:06:42,017{GMT}	INFO	[jepsen worker 5] jepsen.util: 5	:invoke	:write	[0 4]
2026-03-05 13:06:42,021{GMT}	INFO	[jepsen worker 5] jepsen.util: 5	:ok	:write	[0 4]
2026-03-05 13:06:42,195{GMT}	INFO	[jepsen worker 0] jepsen.util: 0	:invoke	:read	[0 nil]
2026-03-05 13:06:42,199{GMT}	INFO	[jepsen worker 0] jepsen.util: 0	:ok	:read	[0 4]
2026-03-05 13:06:42,204{GMT}	INFO	[jepsen worker 0] jepsen.util: 0	:invoke	:read	[0 nil]
2026-03-05 13:06:42,208{GMT}	INFO	[jepsen worker 0] jepsen.util: 0	:ok	:read	[0 4]
2026-03-05 13:06:42,271{GMT}	INFO	[jepsen worker 1] jepsen.util: 1	:invoke	:read	[0 nil]
2026-03-05 13:06:42,274{GMT}	INFO	[jepsen worker 1] jepsen.util: 1	:ok	:read	[0 4]
2026-03-05 13:06:42,439{GMT}	INFO	[jepsen worker 3] jepsen.util: 3	:invoke	:cas	[0 [2 3]]
2026-03-05 13:06:42,444{GMT}	INFO	[jepsen worker 3] jepsen.util: 3	:fail	:cas	[0 [2 3]]	[:precondition-failed "expected 2 but had 4"]
2026-03-05 13:06:42,528{GMT}	INFO	[jepsen worker 3] jepsen.util: 3	:invoke	:write	[0 0]
2026-03-05 13:06:42,530{GMT}	INFO	[jepsen worker 3] jepsen.util: 3	:ok	:write	[0 0]
2026-03-05 13:06:42,592{GMT}	INFO	[jepsen worker 4] jepsen.util: 4	:invoke	:write	[0 2]
2026-03-05 13:06:42,594{GMT}	INFO	[jepsen worker 4] jepsen.util: 4	:ok	:write	[0 2]
2026-03-05 13:06:42,690{GMT}	INFO	[jepsen worker 0] jepsen.util: 0	:invoke	:read	[0 nil]
2026-03-05 13:06:42,693{GMT}	INFO	[jepsen worker 0] jepsen.util: 0	:ok	:read	[0 2]
2026-03-05 13:06:42,783{GMT}	INFO	[jepsen worker 3] jepsen.util: 3	:invoke	:write	[0 0]
2026-03-05 13:06:42,787{GMT}	INFO	[jepsen worker 3] jepsen.util: 3	:ok	:write	[0 0]
2026-03-05 13:06:42,952{GMT}	INFO	[jepsen worker 3] jepsen.util: 3	:invoke	:cas	[0 [0 1]]
2026-03-05 13:06:42,959{GMT}	INFO	[jepsen worker 3] jepsen.util: 3	:ok	:cas	[0 [0 1]]
2026-03-05 13:06:43,125{GMT}	INFO	[jepsen worker 1] jepsen.util: 1	:invoke	:read	[0 nil]
2026-03-05 13:06:43,129{GMT}	INFO	[jepsen worker 1] jepsen.util: 1	:ok	:read	[0 1]
2026-03-05 13:06:43,189{GMT}	INFO	[jepsen worker 2] jepsen.util: 2	:invoke	:read	[0 nil]
2026-03-05 13:06:43,193{GMT}	INFO	[jepsen worker 2] jepsen.util: 2	:ok	:read	[0 1]
2026-03-05 13:06:43,213{GMT}	INFO	[jepsen worker 3] jepsen.util: 3	:invoke	:write	[0 2]
2026-03-05 13:06:43,215{GMT}	INFO	[jepsen worker 3] jepsen.util: 3	:ok	:write	[0 2]
2026-03-05 13:06:43,351{GMT}	INFO	[jepsen worker 0] jepsen.util: 0	:invoke	:read	[0 nil]
2026-03-05 13:06:43,353{GMT}	INFO	[jepsen worker 0] jepsen.util: 0	:ok	:read	[0 2]
2026-03-05 13:06:43,353{GMT}	INFO	[jepsen worker 5] jepsen.util: 5	:invoke	:cas	[0 [0 1]]
2026-03-05 13:06:43,355{GMT}	INFO	[jepsen worker 5] jepsen.util: 5	:fail	:cas	[0 [0 1]]	[:precondition-failed "expected 0 but had 2"]
2026-03-05 13:06:43,396{GMT}	INFO	[jepsen worker 0] jepsen.util: 0	:invoke	:read	[0 nil]
2026-03-05 13:06:43,398{GMT}	INFO	[jepsen worker 0] jepsen.util: 0	:ok	:read	[0 2]
2026-03-05 13:06:43,462{GMT}	INFO	[jepsen worker 3] jepsen.util: 3	:invoke	:cas	[0 [2 2]]
2026-03-05 13:06:43,468{GMT}	INFO	[jepsen worker 3] jepsen.util: 3	:ok	:cas	[0 [2 2]]
2026-03-05 13:06:43,534{GMT}	INFO	[jepsen worker 1] jepsen.util: 1	:invoke	:read	[0 nil]
2026-03-05 13:06:43,539{GMT}	INFO	[jepsen worker 1] jepsen.util: 1	:ok	:read	[0 2]
2026-03-05 13:06:43,647{GMT}	INFO	[jepsen worker 2] jepsen.util: 2	:invoke	:read	[0 nil]
2026-03-05 13:06:43,651{GMT}	INFO	[jepsen worker 2] jepsen.util: 2	:ok	:read	[0 2]
2026-03-05 13:06:43,677{GMT}	INFO	[jepsen worker 0] jepsen.util: 0	:invoke	:read	[0 nil]
2026-03-05 13:06:43,680{GMT}	INFO	[jepsen worker 0] jepsen.util: 0	:ok	:read	[0 2]
2026-03-05 13:06:43,846{GMT}	INFO	[jepsen worker 4] jepsen.util: 4	:invoke	:cas	[0 [3 1]]
2026-03-05 13:06:43,858{GMT}	INFO	[jepsen worker 4] jepsen.util: 4	:fail	:cas	[0 [3 1]]	[:precondition-failed "expected 3 but had 2"]
2026-03-05 13:06:43,907{GMT}	INFO	[jepsen worker 0] jepsen.util: 0	:invoke	:read	[0 nil]
2026-03-05 13:06:43,911{GMT}	INFO	[jepsen worker 0] jepsen.util: 0	:ok	:read	[0 2]
2026-03-05 13:06:43,956{GMT}	INFO	[jepsen worker 0] jepsen.util: 0	:invoke	:read	[0 nil]
2026-03-05 13:06:43,959{GMT}	INFO	[jepsen worker 0] jepsen.util: 0	:ok	:read	[0 2]
2026-03-05 13:06:44,084{GMT}	INFO	[jepsen worker 3] jepsen.util: 3	:invoke	:cas	[0 [4 0]]
2026-03-05 13:06:44,087{GMT}	INFO	[jepsen worker 3] jepsen.util: 3	:fail	:cas	[0 [4 0]]	[:precondition-failed "expected 4 but had 2"]
2026-03-05 13:06:44,278{GMT}	INFO	[jepsen worker 1] jepsen.util: 1	:invoke	:read	[0 nil]
2026-03-05 13:06:44,282{GMT}	INFO	[jepsen worker 1] jepsen.util: 1	:ok	:read	[0 2]
2026-03-05 13:06:44,352{GMT}	INFO	[jepsen worker 3] jepsen.util: 3	:invoke	:write	[0 4]
2026-03-05 13:06:44,356{GMT}	INFO	[jepsen worker 3] jepsen.util: 3	:ok	:write	[0 4]
2026-03-05 13:06:44,459{GMT}	INFO	[jepsen worker 0] jepsen.util: 0	:invoke	:read	[0 nil]
2026-03-05 13:06:44,463{GMT}	INFO	[jepsen worker 0] jepsen.util: 0	:ok	:read	[0 4]
2026-03-05 13:06:44,662{GMT}	INFO	[jepsen worker 0] jepsen.util: 0	:invoke	:read	[0 nil]
2026-03-05 13:06:44,664{GMT}	INFO	[jepsen worker 0] jepsen.util: 0	:ok	:read	[0 4]
2026-03-05 13:06:44,851{GMT}	INFO	[jepsen worker 0] jepsen.util: 0	:invoke	:read	[0 nil]
2026-03-05 13:06:44,855{GMT}	INFO	[jepsen worker 0] jepsen.util: 0	:ok	:read	[0 4]
2026-03-05 13:06:45,031{GMT}	INFO	[jepsen worker 0] jepsen.util: 0	:invoke	:read	[0 nil]
2026-03-05 13:06:45,039{GMT}	INFO	[jepsen worker 0] jepsen.util: 0	:ok	:read	[0 4]
2026-03-05 13:06:45,110{GMT}	INFO	[jepsen worker 3] jepsen.util: 3	:invoke	:write	[0 2]
2026-03-05 13:06:45,114{GMT}	INFO	[jepsen worker 3] jepsen.util: 3	:ok	:write	[0 2]
2026-03-05 13:06:45,252{GMT}	INFO	[jepsen worker 3] jepsen.util: 3	:invoke	:cas	[0 [2 3]]
2026-03-05 13:06:45,264{GMT}	INFO	[jepsen worker 3] jepsen.util: 3	:ok	:cas	[0 [2 3]]
2026-03-05 13:06:45,292{GMT}	INFO	[jepsen worker 2] jepsen.util: 2	:invoke	:read	[0 nil]
2026-03-05 13:06:45,299{GMT}	INFO	[jepsen worker 2] jepsen.util: 2	:ok	:read	[0 3]
2026-03-05 13:06:45,484{GMT}	INFO	[jepsen worker 0] jepsen.util: 0	:invoke	:read	[0 nil]
2026-03-05 13:06:45,488{GMT}	INFO	[jepsen worker 0] jepsen.util: 0	:ok	:read	[0 3]
2026-03-05 13:06:45,609{GMT}	INFO	[jepsen worker 4] jepsen.util: 4	:invoke	:cas	[0 [3 2]]
2026-03-05 13:06:45,617{GMT}	INFO	[jepsen worker 4] jepsen.util: 4	:ok	:cas	[0 [3 2]]
2026-03-05 13:06:45,670{GMT}	INFO	[jepsen worker 5] jepsen.util: 5	:invoke	:cas	[0 [0 1]]
2026-03-05 13:06:45,678{GMT}	INFO	[jepsen worker 5] jepsen.util: 5	:fail	:cas	[0 [0 1]]	[:precondition-failed "expected 0 but had 2"]
2026-03-05 13:06:45,745{GMT}	INFO	[jepsen worker 3] jepsen.util: 3	:invoke	:cas	[0 [4 2]]
2026-03-05 13:06:45,748{GMT}	INFO	[jepsen worker 3] jepsen.util: 3	:fail	:cas	[0 [4 2]]	[:precondition-failed "expected 4 but had 2"]
2026-03-05 13:06:45,861{GMT}	INFO	[jepsen worker 0] jepsen.util: 0	:invoke	:read	[0 nil]
2026-03-05 13:06:45,863{GMT}	INFO	[jepsen worker 0] jepsen.util: 0	:ok	:read	[0 2]
2026-03-05 13:06:45,912{GMT}	INFO	[jepsen worker 1] jepsen.util: 1	:invoke	:read	[0 nil]
2026-03-05 13:06:45,914{GMT}	INFO	[jepsen worker 1] jepsen.util: 1	:ok	:read	[0 2]
2026-03-05 13:06:46,003{GMT}	INFO	[jepsen worker 3] jepsen.util: 3	:invoke	:write	[0 3]
2026-03-05 13:06:46,006{GMT}	INFO	[jepsen worker 3] jepsen.util: 3	:ok	:write	[0 3]
2026-03-05 13:06:46,016{GMT}	INFO	[jepsen worker 3] jepsen.util: 3	:invoke	:cas	[0 [1 1]]
2026-03-05 13:06:46,021{GMT}	INFO	[jepsen worker 3] jepsen.util: 3	:fail	:cas	[0 [1 1]]	[:precondition-failed "expected 1 but had 3"]
2026-03-05 13:06:46,052{GMT}	INFO	[jepsen worker 4] jepsen.util: 4	:invoke	:cas	[0 [2 0]]
2026-03-05 13:06:46,056{GMT}	INFO	[jepsen worker 4] jepsen.util: 4	:fail	:cas	[0 [2 0]]	[:precondition-failed "expected 2 but had 3"]
2026-03-05 13:06:46,077{GMT}	INFO	[jepsen worker 0] jepsen.util: 0	:invoke	:read	[0 nil]
2026-03-05 13:06:46,080{GMT}	INFO	[jepsen worker 0] jepsen.util: 0	:ok	:read	[0 3]
2026-03-05 13:06:46,228{GMT}	INFO	[jepsen worker 3] jepsen.util: 3	:invoke	:cas	[0 [3 0]]
2026-03-05 13:06:46,239{GMT}	INFO	[jepsen worker 3] jepsen.util: 3	:ok	:cas	[0 [3 0]]
2026-03-05 13:06:46,421{GMT}	INFO	[jepsen worker 3] jepsen.util: 3	:invoke	:cas	[0 [2 1]]
2026-03-05 13:06:46,426{GMT}	INFO	[jepsen worker 3] jepsen.util: 3	:fail	:cas	[0 [2 1]]	[:precondition-failed "expected 2 but had 0"]
2026-03-05 13:06:46,605{GMT}	INFO	[jepsen worker 1] jepsen.util: 1	:invoke	:read	[0 nil]
2026-03-05 13:06:46,609{GMT}	INFO	[jepsen worker 1] jepsen.util: 1	:ok	:read	[0 0]
2026-03-05 13:06:46,672{GMT}	INFO	[jepsen worker 3] jepsen.util: 3	:invoke	:write	[0 2]
2026-03-05 13:06:46,676{GMT}	INFO	[jepsen worker 3] jepsen.util: 3	:ok	:write	[0 2]
2026-03-05 13:06:46,695{GMT}	INFO	[jepsen worker 3] jepsen.util: 3	:invoke	:write	[0 0]
2026-03-05 13:06:46,698{GMT}	INFO	[jepsen worker 3] jepsen.util: 3	:ok	:write	[0 0]
2026-03-05 13:06:46,744{GMT}	INFO	[jepsen worker 0] jepsen.util: 0	:invoke	:read	[0 nil]
2026-03-05 13:06:46,746{GMT}	INFO	[jepsen worker 0] jepsen.util: 0	:ok	:read	[0 0]
2026-03-05 13:06:46,770{GMT}	INFO	[jepsen worker 0] jepsen.util: 0	:invoke	:read	[0 nil]
2026-03-05 13:06:46,773{GMT}	INFO	[jepsen worker 0] jepsen.util: 0	:ok	:read	[0 0]
2026-03-05 13:06:46,840{GMT}	INFO	[jepsen worker 0] jepsen.util: 0	:invoke	:read	[0 nil]
2026-03-05 13:06:46,846{GMT}	INFO	[jepsen worker 0] jepsen.util: 0	:ok	:read	[0 0]
2026-03-05 13:06:46,927{GMT}	INFO	[jepsen worker 3] jepsen.util: 3	:invoke	:cas	[0 [4 0]]
2026-03-05 13:06:46,930{GMT}	INFO	[jepsen worker 3] jepsen.util: 3	:fail	:cas	[0 [4 0]]	[:precondition-failed "expected 4 but had 0"]
2026-03-05 13:06:47,052{GMT}	INFO	[jepsen worker 3] jepsen.util: 3	:invoke	:cas	[0 [1 0]]
2026-03-05 13:06:47,055{GMT}	INFO	[jepsen worker 3] jepsen.util: 3	:fail	:cas	[0 [1 0]]	[:precondition-failed "expected 1 but had 0"]
2026-03-05 13:06:47,134{GMT}	INFO	[jepsen worker 2] jepsen.util: 2	:invoke	:read	[0 nil]
2026-03-05 13:06:47,138{GMT}	INFO	[jepsen worker 2] jepsen.util: 2	:ok	:read	[0 0]
2026-03-05 13:06:47,202{GMT}	INFO	[jepsen worker 0] jepsen.util: 0	:invoke	:read	[0 nil]
2026-03-05 13:06:47,205{GMT}	INFO	[jepsen worker 0] jepsen.util: 0	:ok	:read	[0 0]
2026-03-05 13:06:47,271{GMT}	INFO	[jepsen worker 4] jepsen.util: 4	:invoke	:cas	[0 [0 0]]
2026-03-05 13:06:47,278{GMT}	INFO	[jepsen worker 4] jepsen.util: 4	:ok	:cas	[0 [0 0]]
2026-03-05 13:06:47,462{GMT}	INFO	[jepsen worker 5] jepsen.util: 5	:invoke	:cas	[0 [2 3]]
2026-03-05 13:06:47,469{GMT}	INFO	[jepsen worker 5] jepsen.util: 5	:fail	:cas	[0 [2 3]]	[:precondition-failed "expected 2 but had 0"]
2026-03-05 13:06:47,584{GMT}	INFO	[jepsen worker 3] jepsen.util: 3	:invoke	:write	[0 3]
2026-03-05 13:06:47,587{GMT}	INFO	[jepsen worker 3] jepsen.util: 3	:ok	:write	[0 3]
2026-03-05 13:06:47,622{GMT}	INFO	[jepsen worker 3] jepsen.util: 3	:invoke	:cas	[0 [0 4]]
2026-03-05 13:06:47,625{GMT}	INFO	[jepsen worker 3] jepsen.util: 3	:fail	:cas	[0 [0 4]]	[:precondition-failed "expected 0 but had 3"]
2026-03-05 13:06:47,743{GMT}	INFO	[jepsen worker 1] jepsen.util: 1	:invoke	:read	[0 nil]
2026-03-05 13:06:47,746{GMT}	INFO	[jepsen worker 1] jepsen.util: 1	:ok	:read	[0 3]
2026-03-05 13:06:47,772{GMT}	INFO	[jepsen worker 2] jepsen.util: 2	:invoke	:read	[0 nil]
2026-03-05 13:06:47,775{GMT}	INFO	[jepsen worker 2] jepsen.util: 2	:ok	:read	[0 3]
2026-03-05 13:06:47,802{GMT}	INFO	[jepsen worker 0] jepsen.util: 0	:invoke	:read	[0 nil]
2026-03-05 13:06:47,805{GMT}	INFO	[jepsen worker 0] jepsen.util: 0	:ok	:read	[0 3]
2026-03-05 13:06:47,939{GMT}	INFO	[jepsen worker 0] jepsen.util: 0	:invoke	:read	[0 nil]
2026-03-05 13:06:47,947{GMT}	INFO	[jepsen worker 0] jepsen.util: 0	:ok	:read	[0 3]
2026-03-05 13:06:48,077{GMT}	INFO	[jepsen worker 5] jepsen.util: 5	:invoke	:write	[0 3]
2026-03-05 13:06:48,082{GMT}	INFO	[jepsen worker 5] jepsen.util: 5	:ok	:write	[0 3]
2026-03-05 13:06:48,215{GMT}	INFO	[jepsen worker 3] jepsen.util: 3	:invoke	:cas	[0 [3 2]]
2026-03-05 13:06:48,219{GMT}	INFO	[jepsen worker 3] jepsen.util: 3	:ok	:cas	[0 [3 2]]
2026-03-05 13:06:48,388{GMT}	INFO	[jepsen worker 3] jepsen.util: 3	:invoke	:cas	[0 [1 3]]
2026-03-05 13:06:48,397{GMT}	INFO	[jepsen worker 3] jepsen.util: 3	:fail	:cas	[0 [1 3]]	[:precondition-failed "expected 1 but had 2"]
2026-03-05 13:06:48,405{GMT}	INFO	[jepsen worker 3] jepsen.util: 3	:invoke	:cas	[0 [2 1]]
2026-03-05 13:06:48,409{GMT}	INFO	[jepsen worker 3] jepsen.util: 3	:ok	:cas	[0 [2 1]]
2026-03-05 13:06:48,578{GMT}	INFO	[jepsen worker 2] jepsen.util: 2	:invoke	:read	[0 nil]
2026-03-05 13:06:48,588{GMT}	INFO	[jepsen worker 2] jepsen.util: 2	:ok	:read	[0 1]
2026-03-05 13:06:48,690{GMT}	INFO	[jepsen worker 3] jepsen.util: 3	:invoke	:cas	[0 [2 2]]
2026-03-05 13:06:48,695{GMT}	INFO	[jepsen worker 3] jepsen.util: 3	:fail	:cas	[0 [2 2]]	[:precondition-failed "expected 2 but had 1"]
2026-03-05 13:06:48,787{GMT}	INFO	[jepsen worker 0] jepsen.util: 0	:invoke	:read	[0 nil]
2026-03-05 13:06:48,791{GMT}	INFO	[jepsen worker 0] jepsen.util: 0	:ok	:read	[0 1]
2026-03-05 13:06:48,965{GMT}	INFO	[jepsen worker 0] jepsen.util: 0	:invoke	:read	[0 nil]
2026-03-05 13:06:49,065{GMT}	INFO	[jepsen worker 3] jepsen.util: 3	:invoke	:cas	[0 [0 3]]
2026-03-05 13:06:49,113{GMT}	INFO	[jepsen worker 0] jepsen.util: 0	:ok	:read	[0 1]
2026-03-05 13:06:49,122{GMT}	INFO	[jepsen worker 3] jepsen.util: 3	:fail	:cas	[0 [0 3]]	[:precondition-failed "expected 0 but had 1"]
2026-03-05 13:06:49,278{GMT}	INFO	[jepsen worker 3] jepsen.util: 3	:invoke	:cas	[0 [4 1]]
2026-03-05 13:06:49,323{GMT}	INFO	[jepsen worker 3] jepsen.util: 3	:fail	:cas	[0 [4 1]]	[:precondition-failed "expected 4 but had 1"]
2026-03-05 13:06:49,371{GMT}	INFO	[jepsen worker 1] jepsen.util: 1	:invoke	:read	[0 nil]
2026-03-05 13:06:49,404{GMT}	INFO	[jepsen worker 1] jepsen.util: 1	:ok	:read	[0 1]
2026-03-05 13:06:49,478{GMT}	INFO	[jepsen worker 2] jepsen.util: 2	:invoke	:read	[0 nil]
2026-03-05 13:06:49,516{GMT}	INFO	[jepsen worker 2] jepsen.util: 2	:ok	:read	[0 1]
2026-03-05 13:06:49,666{GMT}	INFO	[jepsen worker 3] jepsen.util: 3	:invoke	:cas	[0 [1 0]]
2026-03-05 13:06:49,670{GMT}	INFO	[jepsen worker 3] jepsen.util: 3	:ok	:cas	[0 [1 0]]
2026-03-05 13:06:49,781{GMT}	INFO	[jepsen worker 4] jepsen.util: 4	:invoke	:write	[0 0]
2026-03-05 13:06:49,789{GMT}	INFO	[jepsen worker 4] jepsen.util: 4	:ok	:write	[0 0]
2026-03-05 13:06:49,935{GMT}	INFO	[jepsen worker 5] jepsen.util: 5	:invoke	:write	[0 4]
2026-03-05 13:06:49,938{GMT}	INFO	[jepsen worker 5] jepsen.util: 5	:ok	:write	[0 4]
2026-03-05 13:06:50,135{GMT}	INFO	[jepsen worker 0] jepsen.util: 0	:invoke	:read	[0 nil]
2026-03-05 13:06:50,138{GMT}	INFO	[jepsen worker 0] jepsen.util: 0	:ok	:read	[0 4]
2026-03-05 13:06:50,201{GMT}	INFO	[jepsen worker 0] jepsen.util: 0	:invoke	:read	[0 nil]
2026-03-05 13:06:50,204{GMT}	INFO	[jepsen worker 0] jepsen.util: 0	:ok	:read	[0 4]
2026-03-05 13:06:50,271{GMT}	INFO	[jepsen worker 1] jepsen.util: 1	:invoke	:read	[0 nil]
2026-03-05 13:06:50,285{GMT}	INFO	[jepsen worker 1] jepsen.util: 1	:ok	:read	[0 4]
2026-03-05 13:06:50,376{GMT}	INFO	[jepsen worker 2] jepsen.util: 2	:invoke	:read	[0 nil]
2026-03-05 13:06:50,380{GMT}	INFO	[jepsen worker 2] jepsen.util: 2	:ok	:read	[0 4]
2026-03-05 13:06:50,470{GMT}	INFO	[jepsen worker 0] jepsen.util: 0	:invoke	:read	[0 nil]
2026-03-05 13:06:50,475{GMT}	INFO	[jepsen worker 0] jepsen.util: 0	:ok	:read	[0 4]
2026-03-05 13:06:50,522{GMT}	INFO	[jepsen worker 0] jepsen.util: 0	:invoke	:read	[0 nil]
2026-03-05 13:06:50,524{GMT}	INFO	[jepsen worker 0] jepsen.util: 0	:ok	:read	[0 4]
2026-03-05 13:06:50,633{GMT}	INFO	[jepsen worker 0] jepsen.util: 0	:invoke	:read	[0 nil]
2026-03-05 13:06:50,638{GMT}	INFO	[jepsen worker 0] jepsen.util: 0	:ok	:read	[0 4]
2026-03-05 13:06:50,773{GMT}	INFO	[jepsen worker 0] jepsen.util: 0	:invoke	:read	[0 nil]
2026-03-05 13:06:50,777{GMT}	INFO	[jepsen worker 0] jepsen.util: 0	:ok	:read	[0 4]
2026-03-05 13:06:50,855{GMT}	INFO	[jepsen worker 3] jepsen.util: 3	:invoke	:cas	[0 [2 1]]
2026-03-05 13:06:50,861{GMT}	INFO	[jepsen worker 3] jepsen.util: 3	:fail	:cas	[0 [2 1]]	[:precondition-failed "expected 2 but had 4"]
2026-03-05 13:06:51,041{GMT}	INFO	[jepsen worker 1] jepsen.util: 1	:invoke	:read	[0 nil]
2026-03-05 13:06:51,046{GMT}	INFO	[jepsen worker 1] jepsen.util: 1	:ok	:read	[0 4]
2026-03-05 13:06:51,131{GMT}	INFO	[jepsen worker 2] jepsen.util: 2	:invoke	:read	[0 nil]
2026-03-05 13:06:51,135{GMT}	INFO	[jepsen worker 2] jepsen.util: 2	:ok	:read	[0 4]
2026-03-05 13:06:51,202{GMT}	INFO	[jepsen worker 3] jepsen.util: 3	:invoke	:cas	[0 [1 1]]
2026-03-05 13:06:51,206{GMT}	INFO	[jepsen worker 3] jepsen.util: 3	:fail	:cas	[0 [1 1]]	[:precondition-failed "expected 1 but had 4"]
2026-03-05 13:06:51,297{GMT}	INFO	[jepsen worker 0] jepsen.util: 0	:invoke	:read	[0 nil]
2026-03-05 13:06:51,301{GMT}	INFO	[jepsen worker 0] jepsen.util: 0	:ok	:read	[0 4]
2026-03-05 13:06:51,306{GMT}	INFO	[jepsen worker 0] jepsen.util: 0	:invoke	:read	[0 nil]
2026-03-05 13:06:51,313{GMT}	INFO	[jepsen worker 0] jepsen.util: 0	:ok	:read	[0 4]
2026-03-05 13:06:51,316{GMT}	INFO	[jepsen worker 0] jepsen.util: 0	:invoke	:read	[0 nil]
2026-03-05 13:06:51,319{GMT}	INFO	[jepsen worker 0] jepsen.util: 0	:ok	:read	[0 4]
2026-03-05 13:06:51,407{GMT}	INFO	[jepsen worker 3] jepsen.util: 3	:invoke	:write	[0 3]
2026-03-05 13:06:51,411{GMT}	INFO	[jepsen worker 3] jepsen.util: 3	:ok	:write	[0 3]
2026-03-05 13:06:51,468{GMT}	INFO	[jepsen worker 1] jepsen.util: 1	:invoke	:read	[0 nil]
2026-03-05 13:06:51,473{GMT}	INFO	[jepsen worker 1] jepsen.util: 1	:ok	:read	[0 3]
2026-03-05 13:06:51,536{GMT}	INFO	[jepsen worker 2] jepsen.util: 2	:invoke	:read	[0 nil]
2026-03-05 13:06:51,541{GMT}	INFO	[jepsen worker 2] jepsen.util: 2	:ok	:read	[0 3]
2026-03-05 13:06:51,714{GMT}	INFO	[jepsen worker 0] jepsen.util: 0	:invoke	:read	[0 nil]
2026-03-05 13:06:51,720{GMT}	INFO	[jepsen worker 0] jepsen.util: 0	:ok	:read	[0 3]
2026-03-05 13:06:51,773{GMT}	INFO	[jepsen worker 4] jepsen.util: 4	:invoke	:cas	[0 [4 1]]
2026-03-05 13:06:51,777{GMT}	INFO	[jepsen worker 4] jepsen.util: 4	:fail	:cas	[0 [4 1]]	[:precondition-failed "expected 4 but had 3"]
2026-03-05 13:06:51,872{GMT}	INFO	[jepsen worker 5] jepsen.util: 5	:invoke	:write	[0 3]
2026-03-05 13:06:51,877{GMT}	INFO	[jepsen worker 5] jepsen.util: 5	:ok	:write	[0 3]
2026-03-05 13:06:51,923{GMT}	INFO	[jepsen worker 0] jepsen.util: 0	:invoke	:read	[0 nil]
2026-03-05 13:06:51,926{GMT}	INFO	[jepsen worker 0] jepsen.util: 0	:ok	:read	[0 3]
2026-03-05 13:06:52,051{GMT}	INFO	[jepsen worker 0] jepsen.util: 0	:invoke	:read	[0 nil]
2026-03-05 13:06:52,053{GMT}	INFO	[jepsen worker 0] jepsen.util: 0	:ok	:read	[0 3]
2026-03-05 13:06:52,225{GMT}	INFO	[jepsen worker 1] jepsen.util: 1	:invoke	:read	[0 nil]
2026-03-05 13:06:52,293{GMT}	INFO	[jepsen worker 3] jepsen.util: 3	:invoke	:cas	[0 [2 2]]
2026-03-05 13:06:52,325{GMT}	INFO	[jepsen worker 1] jepsen.util: 1	:ok	:read	[0 3]
2026-03-05 13:06:52,368{GMT}	INFO	[jepsen worker 3] jepsen.util: 3	:fail	:cas	[0 [2 2]]	[:precondition-failed "expected 2 but had 3"]
2026-03-05 13:06:52,465{GMT}	INFO	[jepsen worker 4] jepsen.util: 4	:invoke	:cas	[0 [2 3]]
2026-03-05 13:06:52,465{GMT}	INFO	[jepsen worker 3] jepsen.util: 3	:invoke	:cas	[0 [0 0]]
2026-03-05 13:06:52,474{GMT}	INFO	[jepsen worker 4] jepsen.util: 4	:fail	:cas	[0 [2 3]]	[:precondition-failed "expected 2 but had 3"]
2026-03-05 13:06:52,474{GMT}	INFO	[jepsen worker 3] jepsen.util: 3	:fail	:cas	[0 [0 0]]	[:precondition-failed "expected 0 but had 3"]
2026-03-05 13:06:52,573{GMT}	INFO	[jepsen worker 0] jepsen.util: 0	:invoke	:read	[0 nil]
2026-03-05 13:06:52,588{GMT}	INFO	[jepsen worker 0] jepsen.util: 0	:ok	:read	[0 3]
2026-03-05 13:06:52,741{GMT}	INFO	[jepsen worker 3] jepsen.util: 3	:invoke	:cas	[0 [0 3]]
2026-03-05 13:06:52,753{GMT}	INFO	[jepsen worker 3] jepsen.util: 3	:fail	:cas	[0 [0 3]]	[:precondition-failed "expected 0 but had 3"]
2026-03-05 13:06:52,820{GMT}	INFO	[jepsen worker 0] jepsen.util: 0	:invoke	:read	[0 nil]
2026-03-05 13:06:52,830{GMT}	INFO	[jepsen worker 0] jepsen.util: 0	:ok	:read	[0 3]
2026-03-05 13:06:52,862{GMT}	INFO	[jepsen worker 1] jepsen.util: 1	:invoke	:read	[0 nil]
2026-03-05 13:06:52,865{GMT}	INFO	[jepsen worker 1] jepsen.util: 1	:ok	:read	[0 3]
2026-03-05 13:06:52,905{GMT}	INFO	[jepsen worker 2] jepsen.util: 2	:invoke	:read	[0 nil]
2026-03-05 13:06:52,910{GMT}	INFO	[jepsen worker 2] jepsen.util: 2	:ok	:read	[0 3]
2026-03-05 13:06:52,930{GMT}	INFO	[jepsen worker 0] jepsen.util: 0	:invoke	:read	[0 nil]
2026-03-05 13:06:52,951{GMT}	INFO	[jepsen worker 0] jepsen.util: 0	:ok	:read	[0 3]
2026-03-05 13:06:52,995{GMT}	INFO	[jepsen worker 4] jepsen.util: 4	:invoke	:cas	[0 [3 0]]
2026-03-05 13:06:53,006{GMT}	INFO	[jepsen worker 4] jepsen.util: 4	:ok	:cas	[0 [3 0]]
2026-03-05 13:06:53,035{GMT}	INFO	[jepsen worker 0] jepsen.util: 0	:invoke	:read	[0 nil]
2026-03-05 13:06:53,039{GMT}	INFO	[jepsen worker 0] jepsen.util: 0	:ok	:read	[0 0]
2026-03-05 13:06:53,129{GMT}	INFO	[jepsen worker 0] jepsen.util: 0	:invoke	:read	[0 nil]
2026-03-05 13:06:53,139{GMT}	INFO	[jepsen worker 0] jepsen.util: 0	:ok	:read	[0 0]
2026-03-05 13:06:53,288{GMT}	INFO	[jepsen worker 0] jepsen.util: 0	:invoke	:read	[0 nil]
2026-03-05 13:06:53,303{GMT}	INFO	[jepsen worker 0] jepsen.util: 0	:ok	:read	[0 0]
2026-03-05 13:06:53,488{GMT}	INFO	[jepsen worker 3] jepsen.util: 3	:invoke	:cas	[0 [4 1]]
2026-03-05 13:06:53,509{GMT}	INFO	[jepsen worker 3] jepsen.util: 3	:fail	:cas	[0 [4 1]]	[:precondition-failed "expected 4 but had 0"]
2026-03-05 13:06:53,540{GMT}	INFO	[jepsen worker 3] jepsen.util: 3	:invoke	:cas	[0 [2 2]]
2026-03-05 13:06:53,558{GMT}	INFO	[jepsen worker 3] jepsen.util: 3	:fail	:cas	[0 [2 2]]	[:precondition-failed "expected 2 but had 0"]
2026-03-05 13:06:53,696{GMT}	INFO	[jepsen worker 0] jepsen.util: 0	:invoke	:read	[0 nil]
2026-03-05 13:06:53,708{GMT}	INFO	[jepsen worker 4] jepsen.util: 4	:invoke	:cas	[0 [2 2]]
2026-03-05 13:06:53,720{GMT}	INFO	[jepsen worker 0] jepsen.util: 0	:ok	:read	[0 0]
2026-03-05 13:06:53,739{GMT}	INFO	[jepsen worker 4] jepsen.util: 4	:fail	:cas	[0 [2 2]]	[:precondition-failed "expected 2 but had 0"]
2026-03-05 13:06:53,869{GMT}	INFO	[jepsen worker 0] jepsen.util: 0	:invoke	:read	[0 nil]
2026-03-05 13:06:53,888{GMT}	INFO	[jepsen worker 0] jepsen.util: 0	:ok	:read	[0 0]
2026-03-05 13:06:54,027{GMT}	INFO	[jepsen worker 3] jepsen.util: 3	:invoke	:cas	[0 [3 4]]
2026-03-05 13:06:54,036{GMT}	INFO	[jepsen worker 3] jepsen.util: 3	:fail	:cas	[0 [3 4]]	[:precondition-failed "expected 3 but had 0"]
2026-03-05 13:06:54,085{GMT}	INFO	[jepsen worker 0] jepsen.util: 0	:invoke	:read	[0 nil]
2026-03-05 13:06:54,088{GMT}	INFO	[jepsen worker 0] jepsen.util: 0	:ok	:read	[0 0]
2026-03-05 13:06:54,184{GMT}	INFO	[jepsen worker 3] jepsen.util: 3	:invoke	:cas	[0 [1 1]]
2026-03-05 13:06:54,188{GMT}	INFO	[jepsen worker 3] jepsen.util: 3	:fail	:cas	[0 [1 1]]	[:precondition-failed "expected 1 but had 0"]
2026-03-05 13:06:54,276{GMT}	INFO	[jepsen worker 3] jepsen.util: 3	:invoke	:cas	[0 [2 2]]
2026-03-05 13:06:54,279{GMT}	INFO	[jepsen worker 3] jepsen.util: 3	:fail	:cas	[0 [2 2]]	[:precondition-failed "expected 2 but had 0"]
2026-03-05 13:06:54,333{GMT}	INFO	[jepsen worker 3] jepsen.util: 3	:invoke	:cas	[0 [2 4]]
2026-03-05 13:06:54,336{GMT}	INFO	[jepsen worker 3] jepsen.util: 3	:fail	:cas	[0 [2 4]]	[:precondition-failed "expected 2 but had 0"]
2026-03-05 13:06:54,442{GMT}	INFO	[jepsen worker 0] jepsen.util: 0	:invoke	:read	[0 nil]
2026-03-05 13:06:54,446{GMT}	INFO	[jepsen worker 0] jepsen.util: 0	:ok	:read	[0 0]
2026-03-05 13:06:54,626{GMT}	INFO	[jepsen worker 5] jepsen.util: 5	:invoke	:write	[0 4]
2026-03-05 13:06:54,632{GMT}	INFO	[jepsen worker 5] jepsen.util: 5	:ok	:write	[0 4]
2026-03-05 13:06:54,810{GMT}	INFO	[jepsen worker 0] jepsen.util: 0	:invoke	:read	[0 nil]
2026-03-05 13:06:54,815{GMT}	INFO	[jepsen worker 0] jepsen.util: 0	:ok	:read	[0 4]
2026-03-05 13:06:54,953{GMT}	INFO	[jepsen worker 0] jepsen.util: 0	:invoke	:read	[0 nil]
2026-03-05 13:06:54,962{GMT}	INFO	[jepsen worker 0] jepsen.util: 0	:ok	:read	[0 4]
2026-03-05 13:06:55,016{GMT}	INFO	[jepsen test runner] jepsen.core: Run complete, writing
2026-03-05 13:06:55,161{GMT}	INFO	[jepsen node n1] maelstrom.db: Tearing down n1
2026-03-05 13:06:55,161{GMT}	INFO	[jepsen node n0] maelstrom.db: Tearing down n0
2026-03-05 13:06:55,161{GMT}	INFO	[jepsen node n2] maelstrom.db: Tearing down n2
2026-03-05 13:06:56,856{GMT}	INFO	[jepsen node n0] maelstrom.net: Shutting down Maelstrom network
2026-03-05 13:06:56,861{GMT}	INFO	[jepsen test runner] jepsen.core: Analyzing...
2026-03-05 13:06:57,144{GMT}	INFO	[clojure-agent-send-pool-0] jepsen.independent: Wrote /Users/ahsankarim/study/studey/advanced distributed/final project/Omnipaxos-Project/store/lin-kv/20260305T130553.228+0100/independent/0/results.edn
2026-03-05 13:06:57,192{GMT}	INFO	[clojure-agent-send-pool-0] jepsen.independent: Wrote /Users/ahsankarim/study/studey/advanced distributed/final project/Omnipaxos-Project/store/lin-kv/20260305T130553.228+0100/independent/0/history.edn
2026-03-05 13:06:59,597{GMT}	INFO	[jepsen test runner] jepsen.core: Analysis complete
2026-03-05 13:06:59,623{GMT}	INFO	[jepsen results] jepsen.store: Wrote /Users/ahsankarim/study/studey/advanced distributed/final project/Omnipaxos-Project/store/lin-kv/20260305T130553.228+0100/results.edn
2026-03-05 13:06:59,653{GMT}	INFO	[jepsen test runner] jepsen.core: {:perf {:latency-graph {:valid? true},
        :rate-graph {:valid? true},
        :valid? true},
 :timeline {:valid? true},
 :exceptions {:valid? true},
 :stats {:valid? true,
         :count 575,
         :ok-count 437,
         :fail-count 138,
         :info-count 0,
         :by-f {:cas {:valid? true,
                      :count 182,
                      :ok-count 45,
                      :fail-count 137,
                      :info-count 0},
                :read {:valid? true,
                       :count 299,
                       :ok-count 298,
                       :fail-count 1,
                       :info-count 0},
                :write {:valid? true,
                        :count 94,
                        :ok-count 94,
                        :fail-count 0,
                        :info-count 0}}},
 :availability {:valid? true, :ok-fraction 0.76},
 :net {:all {:send-count 1156,
             :recv-count 1156,
             :msg-count 1156,
             :msgs-per-op 2.0104349},
       :clients {:send-count 1156, :recv-count 1156, :msg-count 1156},
       :servers {:send-count 0,
                 :recv-count 0,
                 :msg-count 0,
                 :msgs-per-op 0.0},
       :valid? true},
 :workload {:valid? true,
            :results {0 {:linearizable {:valid? true,
                                        :configs ({:model #knossos.model.CASRegister{:value 4},
                                                   :last-op {:process 0,
                                                             :type :ok,
                                                             :f :read,
                                                             :value 4,
                                                             :index 1149,
                                                             :time 59970330667},
                                                   :pending []}),
                                        :final-paths ()},
                         :timeline {:valid? true},
                         :valid? true}},
            :failures []},
 :valid? true}


Everything looks good! ヽ(‘ー`)ノ
