2026-03-09 22:58:17,993{GMT}	INFO	[jepsen test runner] jepsen.core: Test version c6f93e91a319d9d3f3adbe62cadb64f7b53b436f (plus uncommitted changes)
2026-03-09 22:58:17,994{GMT}	INFO	[jepsen test runner] jepsen.core: Command line:
lein run test -w lin-kv --bin ./target/debug/maelstrom --node-count 3 --time-limit 60 --rate 10 --concurrency 2n
2026-03-09 22:58:18,037{GMT}	INFO	[jepsen test runner] jepsen.core: Running test:
{:args []
 :remote
 #jepsen.control.retry.Remote{:remote #jepsen.control.scp.Remote{:cmd-remote #jepsen.control.sshj.SSHJRemote{:concurrency-limit 6,
                                                                                                             :conn-spec nil,
                                                                                                             :client nil,
                                                                                                             :semaphore nil},
                                                                 :conn-spec nil},
                              :conn nil}
 :log-net-send false
 :node-count 3
 :availability nil
 :max-txn-length 4
 :concurrency 6
 :db
 #object[maelstrom.db$db$reify__16612
         "0x1f9b8c23"
         "maelstrom.db$db$reify__16612@1f9b8c23"]
 :max-writes-per-key 16
 :leave-db-running? false
 :name "lin-kv"
 :logging-json? false
 :start-time
 #object[org.joda.time.DateTime "0x26e74d50" "2026-03-09T22:58:17.929+01:00"]
 :nemesis-interval 10
 :net
 #object[maelstrom.net$jepsen_net$reify__15721
         "0x6bdc984"
         "maelstrom.net$jepsen_net$reify__15721@6bdc984"]
 :client
 #object[maelstrom.workload.lin_kv$client$reify__20973
         "0x1f299fc3"
         "maelstrom.workload.lin_kv$client$reify__20973@1f299fc3"]
 :barrier
 #object[java.util.concurrent.CyclicBarrier
         "0xb997735"
         "java.util.concurrent.CyclicBarrier@b997735"]
 :log-stderr false
 :pure-generators true
 :ssh {:dummy? true}
 :rate 10.0
 :checker
 #object[jepsen.checker$compose$reify__11089
         "0x178826db"
         "jepsen.checker$compose$reify__11089@178826db"]
 :argv
 ("test"
  "-w"
  "lin-kv"
  "--bin"
  "./target/debug/maelstrom"
  "--node-count"
  "3"
  "--time-limit"
  "60"
  "--rate"
  "10"
  "--concurrency"
  "2n")
 :nemesis
 (jepsen.nemesis.ReflCompose
  {:fm {:start-partition 0,
        :stop-partition 0,
        :kill 1,
        :start 1,
        :pause 1,
        :resume 1},
   :nemeses [#unprintable "jepsen.nemesis.combined$partition_nemesis$reify__16905@7f913c47"
             #unprintable "jepsen.nemesis.combined$db_nemesis$reify__16886@2c9573f1"]})
 :nodes ["n0" "n1" "n2"]
 :test-count 1
 :latency {:mean 0, :dist :constant}
 :bin "./target/debug/maelstrom"
 :generator
 #object[jepsen.util.Forgettable
         "0x37a5ac85"
         (jepsen.generator.TimeLimit
          {:limit 60000000000,
           :cutoff nil,
           :gen (jepsen.generator.Any
                 {:gens [(jepsen.generator.OnThreads
                          {:f #{:nemesis},
                           :context-filter #object[jepsen.generator.context$make_thread_filter$lazy_filter__12077
                                                   "0x239fdf8f"
                                                   "jepsen.generator.context$make_thread_filter$lazy_filter__12077@239fdf8f"],
                           :gen nil})
                         (jepsen.generator.OnThreads
                          {:f #jepsen.generator.context.AllBut{:element :nemesis},
                           :context-filter #object[jepsen.generator.context$make_thread_filter$lazy_filter__12077
                                                   "0x1acd660d"
                                                   "jepsen.generator.context$make_thread_filter$lazy_filter__12077@1acd660d"],
                           :gen (jepsen.generator.Stagger
                                 {:dt 200000000,
                                  :next-time nil,
                                  :gen (jepsen.generator.OnThreads
                                        {:f #jepsen.generator.context.AllBut{:element :nemesis},
                                         :context-filter #object[jepsen.generator.context$make_thread_filter$lazy_filter__12077
                                                                 "0x22f3b213"
                                                                 "jepsen.generator.context$make_thread_filter$lazy_filter__12077@22f3b213"],
                                         :gen (jepsen.independent.ConcurrentGenerator
                                               {:n 6,
                                                :fgen #object[jepsen.tests.linearizable_register$test$fn__17385
                                                              "0xe18848d"
                                                              "jepsen.tests.linearizable_register$test$fn__17385@e18848d"],
                                                :group->threads nil,
                                                :thread->group nil,
                                                :group->context-filter nil,
                                                :keys (0 1 2 3 4 5 6 7 ...),
                                                :gens nil})})})})]})})]
 :log-net-recv false
 :os
 #object[maelstrom.net$jepsen_os$reify__15724
         "0x22aaa811"
         "maelstrom.net$jepsen_os$reify__15724@22aaa811"]
 :time-limit 60
 :workload :lin-kv
 :consistency-models [:strict-serializable]
 :topology :grid}

2026-03-09 22:58:19,432{GMT}	INFO	[jepsen node n0] maelstrom.net: Starting Maelstrom network
2026-03-09 22:58:19,433{GMT}	INFO	[jepsen test runner] jepsen.db: Tearing down DB
2026-03-09 22:58:19,435{GMT}	INFO	[jepsen test runner] jepsen.db: Setting up DB
2026-03-09 22:58:19,435{GMT}	INFO	[jepsen node n2] maelstrom.db: Setting up n2
2026-03-09 22:58:19,435{GMT}	INFO	[jepsen node n1] maelstrom.db: Setting up n1
2026-03-09 22:58:19,435{GMT}	INFO	[jepsen node n2] maelstrom.process: launching ./target/debug/maelstrom []
2026-03-09 22:58:19,435{GMT}	INFO	[jepsen node n1] maelstrom.process: launching ./target/debug/maelstrom []
2026-03-09 22:58:19,437{GMT}	INFO	[jepsen node n0] maelstrom.service: Starting services: (lin-kv lin-tso lww-kv seq-kv)
2026-03-09 22:58:19,437{GMT}	INFO	[jepsen node n0] maelstrom.db: Setting up n0
2026-03-09 22:58:19,438{GMT}	INFO	[jepsen node n0] maelstrom.process: launching ./target/debug/maelstrom []
2026-03-09 22:58:19,489{GMT}	INFO	[jepsen test runner] jepsen.core: Relative time begins now
2026-03-09 22:58:19,504{GMT}	INFO	[jepsen worker 0] jepsen.util: 0	:invoke	:read	[0 nil]
2026-03-09 22:58:19,575{GMT}	INFO	[jepsen worker 3] jepsen.util: 3	:invoke	:cas	[0 [0 0]]
2026-03-09 22:58:19,746{GMT}	INFO	[jepsen worker 2] jepsen.util: 2	:invoke	:read	[0 nil]
2026-03-09 22:58:19,906{GMT}	INFO	[jepsen worker 1] jepsen.util: 1	:invoke	:read	[0 nil]
2026-03-09 22:58:19,923{GMT}	INFO	[jepsen worker 1] jepsen.util: 1	:fail	:read	[0 nil]	[:key-does-not-exist "not found"]
2026-03-09 22:58:20,059{GMT}	INFO	[jepsen worker 4] jepsen.util: 4	:invoke	:write	[0 4]
2026-03-09 22:58:20,077{GMT}	INFO	[jepsen worker 4] jepsen.util: 4	:fail	:write	[0 4]	[:abort "TCP sender unavailable"]
2026-03-09 22:58:20,241{GMT}	INFO	[jepsen worker 5] jepsen.util: 5	:invoke	:write	[0 2]
2026-03-09 22:58:20,397{GMT}	INFO	[jepsen worker 1] jepsen.util: 1	:invoke	:read	[0 nil]
2026-03-09 22:58:20,403{GMT}	INFO	[jepsen worker 1] jepsen.util: 1	:fail	:read	[0 nil]	[:key-does-not-exist "not found"]
2026-03-09 22:58:20,437{GMT}	INFO	[jepsen worker 4] jepsen.util: 4	:invoke	:cas	[0 [1 0]]
2026-03-09 22:58:20,443{GMT}	INFO	[jepsen worker 4] jepsen.util: 4	:fail	:cas	[0 [1 0]]	[:key-does-not-exist "key not found"]
2026-03-09 22:58:20,511{GMT}	INFO	[jepsen worker 0] jepsen.util: 0	:fail	:read	[0 nil]	:net-timeout
2026-03-09 22:58:20,532{GMT}	INFO	[jepsen worker 4] jepsen.util: 4	:invoke	:write	[0 3]
2026-03-09 22:58:20,538{GMT}	INFO	[jepsen worker 4] jepsen.util: 4	:fail	:write	[0 3]	[:abort "TCP sender unavailable"]
2026-03-09 22:58:20,581{GMT}	INFO	[jepsen worker 3] jepsen.util: 3	:info	:cas	[0 [0 0]]	:net-timeout
2026-03-09 22:58:20,598{GMT}	INFO	[jepsen worker 3] jepsen.util: 9	:invoke	:write	[0 3]
2026-03-09 22:58:20,754{GMT}	INFO	[jepsen worker 2] jepsen.util: 2	:fail	:read	[0 nil]	:net-timeout
2026-03-09 22:58:20,790{GMT}	INFO	[jepsen worker 0] jepsen.util: 0	:invoke	:read	[0 nil]
2026-03-09 22:58:20,946{GMT}	INFO	[jepsen worker 1] jepsen.util: 1	:invoke	:read	[0 nil]
2026-03-09 22:58:20,952{GMT}	INFO	[jepsen worker 1] jepsen.util: 1	:fail	:read	[0 nil]	[:key-does-not-exist "not found"]
2026-03-09 22:58:21,108{GMT}	INFO	[jepsen worker 1] jepsen.util: 1	:invoke	:read	[0 nil]
2026-03-09 22:58:21,114{GMT}	INFO	[jepsen worker 1] jepsen.util: 1	:fail	:read	[0 nil]	[:key-does-not-exist "not found"]
2026-03-09 22:58:21,210{GMT}	INFO	[jepsen worker 4] jepsen.util: 4	:invoke	:cas	[0 [2 0]]
2026-03-09 22:58:21,216{GMT}	INFO	[jepsen worker 4] jepsen.util: 4	:fail	:cas	[0 [2 0]]	[:key-does-not-exist "key not found"]
2026-03-09 22:58:21,241{GMT}	INFO	[jepsen worker 4] jepsen.util: 4	:invoke	:cas	[0 [0 4]]
2026-03-09 22:58:21,247{GMT}	INFO	[jepsen worker 5] jepsen.util: 5	:info	:write	[0 2]	:net-timeout
2026-03-09 22:58:21,247{GMT}	INFO	[jepsen worker 4] jepsen.util: 4	:fail	:cas	[0 [0 4]]	[:key-does-not-exist "key not found"]
2026-03-09 22:58:21,290{GMT}	INFO	[jepsen worker 1] jepsen.util: 1	:invoke	:read	[0 nil]
2026-03-09 22:58:21,294{GMT}	INFO	[jepsen worker 1] jepsen.util: 1	:fail	:read	[0 nil]	[:key-does-not-exist "not found"]
2026-03-09 22:58:21,367{GMT}	INFO	[jepsen worker 2] jepsen.util: 2	:invoke	:read	[0 nil]
2026-03-09 22:58:21,458{GMT}	INFO	[jepsen worker 1] jepsen.util: 1	:invoke	:read	[0 nil]
2026-03-09 22:58:21,463{GMT}	INFO	[jepsen worker 1] jepsen.util: 1	:fail	:read	[0 nil]	[:key-does-not-exist "not found"]
2026-03-09 22:58:21,600{GMT}	INFO	[jepsen worker 3] jepsen.util: 9	:info	:write	[0 3]	:net-timeout
2026-03-09 22:58:21,643{GMT}	INFO	[jepsen worker 1] jepsen.util: 1	:invoke	:read	[0 nil]
2026-03-09 22:58:21,648{GMT}	INFO	[jepsen worker 1] jepsen.util: 1	:fail	:read	[0 nil]	[:key-does-not-exist "not found"]
2026-03-09 22:58:21,793{GMT}	INFO	[jepsen worker 0] jepsen.util: 0	:fail	:read	[0 nil]	:net-timeout
2026-03-09 22:58:21,823{GMT}	INFO	[jepsen worker 5] jepsen.util: 11	:invoke	:cas	[0 [3 4]]
2026-03-09 22:58:21,958{GMT}	INFO	[jepsen worker 0] jepsen.util: 0	:invoke	:read	[0 nil]
2026-03-09 22:58:22,157{GMT}	INFO	[jepsen worker 3] jepsen.util: 15	:invoke	:cas	[0 [1 4]]
2026-03-09 22:58:22,296{GMT}	INFO	[jepsen worker 4] jepsen.util: 4	:invoke	:write	[0 4]
2026-03-09 22:58:22,300{GMT}	INFO	[jepsen worker 4] jepsen.util: 4	:fail	:write	[0 4]	[:abort "TCP sender unavailable"]
2026-03-09 22:58:22,372{GMT}	INFO	[jepsen worker 2] jepsen.util: 2	:fail	:read	[0 nil]	:net-timeout
2026-03-09 22:58:22,500{GMT}	INFO	[jepsen worker 2] jepsen.util: 2	:invoke	:read	[0 nil]
2026-03-09 22:58:22,554{GMT}	INFO	[jepsen worker 1] jepsen.util: 1	:invoke	:read	[0 nil]
2026-03-09 22:58:22,560{GMT}	INFO	[jepsen worker 1] jepsen.util: 1	:fail	:read	[0 nil]	[:key-does-not-exist "not found"]
2026-03-09 22:58:22,695{GMT}	INFO	[jepsen worker 4] jepsen.util: 4	:invoke	:cas	[0 [4 0]]
2026-03-09 22:58:22,701{GMT}	INFO	[jepsen worker 4] jepsen.util: 4	:fail	:cas	[0 [4 0]]	[:key-does-not-exist "key not found"]
2026-03-09 22:58:22,730{GMT}	INFO	[jepsen worker 4] jepsen.util: 4	:invoke	:cas	[0 [1 4]]
2026-03-09 22:58:22,733{GMT}	INFO	[jepsen worker 4] jepsen.util: 4	:fail	:cas	[0 [1 4]]	[:key-does-not-exist "key not found"]
2026-03-09 22:58:22,828{GMT}	INFO	[jepsen worker 5] jepsen.util: 11	:info	:cas	[0 [3 4]]	:net-timeout
2026-03-09 22:58:22,874{GMT}	INFO	[jepsen worker 4] jepsen.util: 4	:invoke	:cas	[0 [2 1]]
2026-03-09 22:58:22,876{GMT}	INFO	[jepsen worker 4] jepsen.util: 4	:fail	:cas	[0 [2 1]]	[:key-does-not-exist "key not found"]
2026-03-09 22:58:22,965{GMT}	INFO	[jepsen worker 0] jepsen.util: 0	:fail	:read	[0 nil]	:net-timeout
2026-03-09 22:58:23,052{GMT}	INFO	[jepsen worker 0] jepsen.util: 0	:invoke	:read	[0 nil]
2026-03-09 22:58:23,163{GMT}	INFO	[jepsen worker 3] jepsen.util: 15	:info	:cas	[0 [1 4]]	:net-timeout
2026-03-09 22:58:23,221{GMT}	INFO	[jepsen worker 3] jepsen.util: 21	:invoke	:cas	[0 [2 4]]
2026-03-09 22:58:23,320{GMT}	INFO	[jepsen worker 1] jepsen.util: 1	:invoke	:read	[0 nil]
2026-03-09 22:58:23,326{GMT}	INFO	[jepsen worker 1] jepsen.util: 1	:fail	:read	[0 nil]	[:key-does-not-exist "not found"]
2026-03-09 22:58:23,485{GMT}	INFO	[jepsen worker 4] jepsen.util: 4	:invoke	:cas	[0 [2 4]]
2026-03-09 22:58:23,491{GMT}	INFO	[jepsen worker 4] jepsen.util: 4	:fail	:cas	[0 [2 4]]	[:key-does-not-exist "key not found"]
2026-03-09 22:58:23,506{GMT}	INFO	[jepsen worker 2] jepsen.util: 2	:fail	:read	[0 nil]	:net-timeout
2026-03-09 22:58:23,687{GMT}	INFO	[jepsen worker 4] jepsen.util: 4	:invoke	:cas	[0 [2 1]]
2026-03-09 22:58:23,693{GMT}	INFO	[jepsen worker 4] jepsen.util: 4	:fail	:cas	[0 [2 1]]	[:key-does-not-exist "key not found"]
2026-03-09 22:58:23,858{GMT}	INFO	[jepsen worker 5] jepsen.util: 17	:invoke	:cas	[0 [3 3]]
2026-03-09 22:58:23,976{GMT}	INFO	[jepsen worker 4] jepsen.util: 4	:invoke	:cas	[0 [3 2]]
2026-03-09 22:58:23,982{GMT}	INFO	[jepsen worker 4] jepsen.util: 4	:fail	:cas	[0 [3 2]]	[:key-does-not-exist "key not found"]
2026-03-09 22:58:24,056{GMT}	INFO	[jepsen worker 0] jepsen.util: 0	:fail	:read	[0 nil]	:net-timeout
2026-03-09 22:58:24,064{GMT}	INFO	[jepsen worker 4] jepsen.util: 4	:invoke	:cas	[0 [4 1]]
2026-03-09 22:58:24,068{GMT}	INFO	[jepsen worker 4] jepsen.util: 4	:fail	:cas	[0 [4 1]]	[:key-does-not-exist "key not found"]
2026-03-09 22:58:24,179{GMT}	INFO	[jepsen worker 4] jepsen.util: 4	:invoke	:cas	[0 [0 1]]
2026-03-09 22:58:24,181{GMT}	INFO	[jepsen worker 4] jepsen.util: 4	:fail	:cas	[0 [0 1]]	[:key-does-not-exist "key not found"]
2026-03-09 22:58:24,223{GMT}	INFO	[jepsen worker 3] jepsen.util: 21	:info	:cas	[0 [2 4]]	:net-timeout
2026-03-09 22:58:24,257{GMT}	INFO	[jepsen worker 2] jepsen.util: 2	:invoke	:read	[0 nil]
2026-03-09 22:58:24,436{GMT}	INFO	[jepsen worker 3] jepsen.util: 27	:invoke	:cas	[0 [3 2]]
2026-03-09 22:58:24,509{GMT}	INFO	[jepsen worker 0] jepsen.util: 0	:invoke	:read	[0 nil]
2026-03-09 22:58:24,522{GMT}	INFO	[jepsen worker 3] jepsen.util: 27	:fail	:cas	[0 [3 2]]	[:key-does-not-exist "key not found"]
2026-03-09 22:58:24,522{GMT}	INFO	[jepsen worker 0] jepsen.util: 0	:fail	:read	[0 nil]	[:key-does-not-exist "not found"]
2026-03-09 22:58:24,540{GMT}	INFO	[jepsen worker 3] jepsen.util: 27	:invoke	:cas	[0 [1 2]]
2026-03-09 22:58:24,542{GMT}	INFO	[jepsen worker 3] jepsen.util: 27	:fail	:cas	[0 [1 2]]	[:key-does-not-exist "key not found"]
2026-03-09 22:58:24,570{GMT}	INFO	[jepsen worker 3] jepsen.util: 27	:invoke	:cas	[0 [0 4]]
2026-03-09 22:58:24,571{GMT}	INFO	[jepsen worker 3] jepsen.util: 27	:fail	:cas	[0 [0 4]]	[:key-does-not-exist "key not found"]
2026-03-09 22:58:24,575{GMT}	INFO	[jepsen worker 3] jepsen.util: 27	:invoke	:cas	[0 [2 2]]
2026-03-09 22:58:24,576{GMT}	INFO	[jepsen worker 3] jepsen.util: 27	:fail	:cas	[0 [2 2]]	[:key-does-not-exist "key not found"]
2026-03-09 22:58:24,623{GMT}	INFO	[jepsen worker 1] jepsen.util: 1	:invoke	:read	[0 nil]
2026-03-09 22:58:24,625{GMT}	INFO	[jepsen worker 1] jepsen.util: 1	:fail	:read	[0 nil]	[:key-does-not-exist "not found"]
2026-03-09 22:58:24,756{GMT}	INFO	[jepsen worker 3] jepsen.util: 27	:invoke	:cas	[0 [2 2]]
2026-03-09 22:58:24,759{GMT}	INFO	[jepsen worker 5] jepsen.util: 17	:fail	:cas	[0 [3 3]]	[:key-does-not-exist "key not found"]
2026-03-09 22:58:24,759{GMT}	INFO	[jepsen worker 3] jepsen.util: 27	:fail	:cas	[0 [2 2]]	[:key-does-not-exist "key not found"]
2026-03-09 22:58:24,760{GMT}	INFO	[jepsen worker 2] jepsen.util: 2	:fail	:read	[0 nil]	[:key-does-not-exist "not found"]
2026-03-09 22:58:24,843{GMT}	INFO	[jepsen worker 3] jepsen.util: 27	:invoke	:cas	[0 [0 3]]
2026-03-09 22:58:24,852{GMT}	INFO	[jepsen worker 3] jepsen.util: 27	:fail	:cas	[0 [0 3]]	[:key-does-not-exist "key not found"]
2026-03-09 22:58:24,941{GMT}	INFO	[jepsen worker 4] jepsen.util: 4	:invoke	:write	[0 4]
2026-03-09 22:58:24,945{GMT}	INFO	[jepsen worker 4] jepsen.util: 4	:fail	:write	[0 4]	[:abort "TCP sender unavailable"]
2026-03-09 22:58:25,088{GMT}	INFO	[jepsen worker 0] jepsen.util: 0	:invoke	:read	[0 nil]
2026-03-09 22:58:25,093{GMT}	INFO	[jepsen worker 0] jepsen.util: 0	:fail	:read	[0 nil]	[:key-does-not-exist "not found"]
2026-03-09 22:58:25,182{GMT}	INFO	[jepsen worker 0] jepsen.util: 0	:invoke	:read	[0 nil]
2026-03-09 22:58:25,188{GMT}	INFO	[jepsen worker 0] jepsen.util: 0	:fail	:read	[0 nil]	[:key-does-not-exist "not found"]
2026-03-09 22:58:25,338{GMT}	INFO	[jepsen worker 0] jepsen.util: 0	:invoke	:read	[0 nil]
2026-03-09 22:58:25,344{GMT}	INFO	[jepsen worker 0] jepsen.util: 0	:fail	:read	[0 nil]	[:key-does-not-exist "not found"]
2026-03-09 22:58:25,419{GMT}	INFO	[jepsen worker 1] jepsen.util: 1	:invoke	:read	[0 nil]
2026-03-09 22:58:25,424{GMT}	INFO	[jepsen worker 1] jepsen.util: 1	:fail	:read	[0 nil]	[:key-does-not-exist "not found"]
2026-03-09 22:58:25,455{GMT}	INFO	[jepsen worker 3] jepsen.util: 27	:invoke	:write	[0 1]
2026-03-09 22:58:25,460{GMT}	INFO	[jepsen worker 3] jepsen.util: 27	:fail	:write	[0 1]	[:abort "TCP sender unavailable"]
2026-03-09 22:58:25,590{GMT}	INFO	[jepsen worker 0] jepsen.util: 0	:invoke	:read	[0 nil]
2026-03-09 22:58:25,595{GMT}	INFO	[jepsen worker 0] jepsen.util: 0	:fail	:read	[0 nil]	[:key-does-not-exist "not found"]
2026-03-09 22:58:25,699{GMT}	INFO	[jepsen worker 4] jepsen.util: 4	:invoke	:cas	[0 [4 3]]
2026-03-09 22:58:25,705{GMT}	INFO	[jepsen worker 4] jepsen.util: 4	:fail	:cas	[0 [4 3]]	[:key-does-not-exist "key not found"]
2026-03-09 22:58:25,854{GMT}	INFO	[jepsen worker 0] jepsen.util: 0	:invoke	:read	[0 nil]
2026-03-09 22:58:25,860{GMT}	INFO	[jepsen worker 0] jepsen.util: 0	:fail	:read	[0 nil]	[:key-does-not-exist "not found"]
2026-03-09 22:58:25,969{GMT}	INFO	[jepsen worker 0] jepsen.util: 0	:invoke	:read	[0 nil]
2026-03-09 22:58:25,972{GMT}	INFO	[jepsen worker 0] jepsen.util: 0	:fail	:read	[0 nil]	[:key-does-not-exist "not found"]
2026-03-09 22:58:26,045{GMT}	INFO	[jepsen worker 0] jepsen.util: 0	:invoke	:read	[0 nil]
2026-03-09 22:58:26,048{GMT}	INFO	[jepsen worker 0] jepsen.util: 0	:fail	:read	[0 nil]	[:key-does-not-exist "not found"]
2026-03-09 22:58:26,181{GMT}	INFO	[jepsen worker 3] jepsen.util: 27	:invoke	:write	[0 4]
2026-03-09 22:58:26,187{GMT}	INFO	[jepsen worker 3] jepsen.util: 27	:fail	:write	[0 4]	[:abort "TCP sender unavailable"]
2026-03-09 22:58:26,225{GMT}	INFO	[jepsen worker 2] jepsen.util: 2	:invoke	:read	[0 nil]
2026-03-09 22:58:26,230{GMT}	INFO	[jepsen worker 2] jepsen.util: 2	:fail	:read	[0 nil]	[:key-does-not-exist "not found"]
2026-03-09 22:58:26,284{GMT}	INFO	[jepsen worker 3] jepsen.util: 27	:invoke	:cas	[0 [4 3]]
2026-03-09 22:58:26,286{GMT}	INFO	[jepsen worker 3] jepsen.util: 27	:fail	:cas	[0 [4 3]]	[:key-does-not-exist "key not found"]
2026-03-09 22:58:26,437{GMT}	INFO	[jepsen worker 0] jepsen.util: 0	:invoke	:read	[0 nil]
2026-03-09 22:58:26,441{GMT}	INFO	[jepsen worker 0] jepsen.util: 0	:fail	:read	[0 nil]	[:key-does-not-exist "not found"]
2026-03-09 22:58:26,579{GMT}	INFO	[jepsen worker 5] jepsen.util: 17	:invoke	:cas	[0 [4 2]]
2026-03-09 22:58:26,585{GMT}	INFO	[jepsen worker 5] jepsen.util: 17	:fail	:cas	[0 [4 2]]	[:key-does-not-exist "key not found"]
2026-03-09 22:58:26,620{GMT}	INFO	[jepsen worker 0] jepsen.util: 0	:invoke	:read	[0 nil]
2026-03-09 22:58:26,625{GMT}	INFO	[jepsen worker 0] jepsen.util: 0	:fail	:read	[0 nil]	[:key-does-not-exist "not found"]
2026-03-09 22:58:26,663{GMT}	INFO	[jepsen worker 0] jepsen.util: 0	:invoke	:read	[0 nil]
2026-03-09 22:58:26,668{GMT}	INFO	[jepsen worker 0] jepsen.util: 0	:fail	:read	[0 nil]	[:key-does-not-exist "not found"]
2026-03-09 22:58:26,812{GMT}	INFO	[jepsen worker 3] jepsen.util: 27	:invoke	:cas	[0 [0 0]]
2026-03-09 22:58:26,815{GMT}	INFO	[jepsen worker 3] jepsen.util: 27	:fail	:cas	[0 [0 0]]	[:key-does-not-exist "key not found"]
2026-03-09 22:58:26,986{GMT}	INFO	[jepsen worker 2] jepsen.util: 2	:invoke	:read	[0 nil]
2026-03-09 22:58:26,991{GMT}	INFO	[jepsen worker 2] jepsen.util: 2	:fail	:read	[0 nil]	[:key-does-not-exist "not found"]
2026-03-09 22:58:27,149{GMT}	INFO	[jepsen worker 3] jepsen.util: 27	:invoke	:cas	[0 [1 0]]
2026-03-09 22:58:27,154{GMT}	INFO	[jepsen worker 3] jepsen.util: 27	:fail	:cas	[0 [1 0]]	[:key-does-not-exist "key not found"]
2026-03-09 22:58:27,230{GMT}	INFO	[jepsen worker 0] jepsen.util: 0	:invoke	:read	[0 nil]
2026-03-09 22:58:27,236{GMT}	INFO	[jepsen worker 0] jepsen.util: 0	:fail	:read	[0 nil]	[:key-does-not-exist "not found"]
2026-03-09 22:58:27,390{GMT}	INFO	[jepsen worker 0] jepsen.util: 0	:invoke	:read	[0 nil]
2026-03-09 22:58:27,392{GMT}	INFO	[jepsen worker 0] jepsen.util: 0	:fail	:read	[0 nil]	[:key-does-not-exist "not found"]
2026-03-09 22:58:27,557{GMT}	INFO	[jepsen worker 3] jepsen.util: 27	:invoke	:cas	[0 [3 2]]
2026-03-09 22:58:27,559{GMT}	INFO	[jepsen worker 3] jepsen.util: 27	:fail	:cas	[0 [3 2]]	[:key-does-not-exist "key not found"]
2026-03-09 22:58:27,666{GMT}	INFO	[jepsen worker 0] jepsen.util: 0	:invoke	:read	[0 nil]
2026-03-09 22:58:27,671{GMT}	INFO	[jepsen worker 0] jepsen.util: 0	:fail	:read	[0 nil]	[:key-does-not-exist "not found"]
2026-03-09 22:58:27,818{GMT}	INFO	[jepsen worker 1] jepsen.util: 1	:invoke	:read	[0 nil]
2026-03-09 22:58:27,823{GMT}	INFO	[jepsen worker 1] jepsen.util: 1	:fail	:read	[0 nil]	[:key-does-not-exist "not found"]
2026-03-09 22:58:27,829{GMT}	INFO	[jepsen worker 2] jepsen.util: 2	:invoke	:read	[0 nil]
2026-03-09 22:58:27,833{GMT}	INFO	[jepsen worker 2] jepsen.util: 2	:fail	:read	[0 nil]	[:key-does-not-exist "not found"]
2026-03-09 22:58:27,892{GMT}	INFO	[jepsen worker 0] jepsen.util: 0	:invoke	:read	[0 nil]
2026-03-09 22:58:27,896{GMT}	INFO	[jepsen worker 0] jepsen.util: 0	:fail	:read	[0 nil]	[:key-does-not-exist "not found"]
2026-03-09 22:58:27,990{GMT}	INFO	[jepsen worker 0] jepsen.util: 0	:invoke	:read	[0 nil]
2026-03-09 22:58:27,995{GMT}	INFO	[jepsen worker 0] jepsen.util: 0	:fail	:read	[0 nil]	[:key-does-not-exist "not found"]
2026-03-09 22:58:28,075{GMT}	INFO	[jepsen worker 5] jepsen.util: 17	:invoke	:cas	[0 [1 1]]
2026-03-09 22:58:28,080{GMT}	INFO	[jepsen worker 5] jepsen.util: 17	:fail	:cas	[0 [1 1]]	[:key-does-not-exist "key not found"]
2026-03-09 22:58:28,221{GMT}	INFO	[jepsen worker 3] jepsen.util: 27	:invoke	:cas	[0 [3 0]]
2026-03-09 22:58:28,226{GMT}	INFO	[jepsen worker 3] jepsen.util: 27	:fail	:cas	[0 [3 0]]	[:key-does-not-exist "key not found"]
2026-03-09 22:58:28,257{GMT}	INFO	[jepsen worker 3] jepsen.util: 27	:invoke	:write	[0 2]
2026-03-09 22:58:28,260{GMT}	INFO	[jepsen worker 3] jepsen.util: 27	:fail	:write	[0 2]	[:abort "TCP sender unavailable"]
2026-03-09 22:58:28,298{GMT}	INFO	[jepsen worker 3] jepsen.util: 27	:invoke	:cas	[0 [1 0]]
2026-03-09 22:58:28,303{GMT}	INFO	[jepsen worker 3] jepsen.util: 27	:fail	:cas	[0 [1 0]]	[:key-does-not-exist "key not found"]
2026-03-09 22:58:28,393{GMT}	INFO	[jepsen worker 3] jepsen.util: 27	:invoke	:cas	[0 [1 3]]
2026-03-09 22:58:28,398{GMT}	INFO	[jepsen worker 3] jepsen.util: 27	:fail	:cas	[0 [1 3]]	[:key-does-not-exist "key not found"]
2026-03-09 22:58:28,450{GMT}	INFO	[jepsen worker 0] jepsen.util: 0	:invoke	:read	[0 nil]
2026-03-09 22:58:28,456{GMT}	INFO	[jepsen worker 0] jepsen.util: 0	:fail	:read	[0 nil]	[:key-does-not-exist "not found"]
2026-03-09 22:58:28,508{GMT}	INFO	[jepsen worker 4] jepsen.util: 4	:invoke	:write	[0 1]
2026-03-09 22:58:28,513{GMT}	INFO	[jepsen worker 4] jepsen.util: 4	:fail	:write	[0 1]	[:abort "TCP sender unavailable"]
2026-03-09 22:58:28,679{GMT}	INFO	[jepsen worker 5] jepsen.util: 17	:invoke	:cas	[0 [4 1]]
2026-03-09 22:58:28,684{GMT}	INFO	[jepsen worker 5] jepsen.util: 17	:fail	:cas	[0 [4 1]]	[:key-does-not-exist "key not found"]
2026-03-09 22:58:28,783{GMT}	INFO	[jepsen worker 0] jepsen.util: 0	:invoke	:read	[0 nil]
2026-03-09 22:58:28,783{GMT}	INFO	[jepsen worker 3] jepsen.util: 27	:invoke	:cas	[0 [4 0]]
2026-03-09 22:58:28,788{GMT}	INFO	[jepsen worker 3] jepsen.util: 27	:fail	:cas	[0 [4 0]]	[:key-does-not-exist "key not found"]
2026-03-09 22:58:28,789{GMT}	INFO	[jepsen worker 0] jepsen.util: 0	:fail	:read	[0 nil]	[:key-does-not-exist "not found"]
2026-03-09 22:58:28,831{GMT}	INFO	[jepsen worker 1] jepsen.util: 1	:invoke	:read	[0 nil]
2026-03-09 22:58:28,836{GMT}	INFO	[jepsen worker 1] jepsen.util: 1	:fail	:read	[0 nil]	[:key-does-not-exist "not found"]
2026-03-09 22:58:28,991{GMT}	INFO	[jepsen worker 2] jepsen.util: 2	:invoke	:read	[0 nil]
2026-03-09 22:58:28,996{GMT}	INFO	[jepsen worker 2] jepsen.util: 2	:fail	:read	[0 nil]	[:key-does-not-exist "not found"]
2026-03-09 22:58:29,071{GMT}	INFO	[jepsen worker 0] jepsen.util: 0	:invoke	:read	[0 nil]
2026-03-09 22:58:29,076{GMT}	INFO	[jepsen worker 0] jepsen.util: 0	:fail	:read	[0 nil]	[:key-does-not-exist "not found"]
2026-03-09 22:58:29,244{GMT}	INFO	[jepsen worker 4] jepsen.util: 4	:invoke	:cas	[0 [1 2]]
2026-03-09 22:58:29,246{GMT}	INFO	[jepsen worker 4] jepsen.util: 4	:fail	:cas	[0 [1 2]]	[:key-does-not-exist "key not found"]
2026-03-09 22:58:29,415{GMT}	INFO	[jepsen worker 0] jepsen.util: 0	:invoke	:read	[0 nil]
2026-03-09 22:58:29,417{GMT}	INFO	[jepsen worker 0] jepsen.util: 0	:fail	:read	[0 nil]	[:key-does-not-exist "not found"]
2026-03-09 22:58:29,520{GMT}	INFO	[jepsen worker 3] jepsen.util: 27	:invoke	:write	[0 2]
2026-03-09 22:58:29,525{GMT}	INFO	[jepsen worker 3] jepsen.util: 27	:fail	:write	[0 2]	[:abort "TCP sender unavailable"]
2026-03-09 22:58:29,659{GMT}	INFO	[jepsen worker 3] jepsen.util: 27	:invoke	:cas	[0 [4 0]]
2026-03-09 22:58:29,662{GMT}	INFO	[jepsen worker 3] jepsen.util: 27	:fail	:cas	[0 [4 0]]	[:key-does-not-exist "key not found"]
2026-03-09 22:58:29,845{GMT}	INFO	[jepsen worker 3] jepsen.util: 27	:invoke	:cas	[0 [4 0]]
2026-03-09 22:58:29,850{GMT}	INFO	[jepsen worker 3] jepsen.util: 27	:fail	:cas	[0 [4 0]]	[:key-does-not-exist "key not found"]
2026-03-09 22:58:29,880{GMT}	INFO	[jepsen worker 3] jepsen.util: 27	:invoke	:cas	[0 [0 4]]
2026-03-09 22:58:29,884{GMT}	INFO	[jepsen worker 3] jepsen.util: 27	:fail	:cas	[0 [0 4]]	[:key-does-not-exist "key not found"]
2026-03-09 22:58:29,894{GMT}	INFO	[jepsen worker 3] jepsen.util: 27	:invoke	:write	[0 1]
2026-03-09 22:58:29,897{GMT}	INFO	[jepsen worker 3] jepsen.util: 27	:fail	:write	[0 1]	[:abort "TCP sender unavailable"]
2026-03-09 22:58:29,899{GMT}	INFO	[jepsen worker 4] jepsen.util: 4	:invoke	:cas	[0 [2 3]]
2026-03-09 22:58:29,901{GMT}	INFO	[jepsen worker 4] jepsen.util: 4	:fail	:cas	[0 [2 3]]	[:key-does-not-exist "key not found"]
2026-03-09 22:58:30,029{GMT}	INFO	[jepsen worker 0] jepsen.util: 0	:invoke	:read	[0 nil]
2026-03-09 22:58:30,029{GMT}	INFO	[jepsen worker 3] jepsen.util: 27	:invoke	:cas	[0 [1 1]]
2026-03-09 22:58:30,033{GMT}	INFO	[jepsen worker 0] jepsen.util: 0	:fail	:read	[0 nil]	[:key-does-not-exist "not found"]
2026-03-09 22:58:30,036{GMT}	INFO	[jepsen worker 3] jepsen.util: 27	:fail	:cas	[0 [1 1]]	[:key-does-not-exist "key not found"]
2026-03-09 22:58:30,130{GMT}	INFO	[jepsen worker 0] jepsen.util: 0	:invoke	:read	[0 nil]
2026-03-09 22:58:30,141{GMT}	INFO	[jepsen worker 0] jepsen.util: 0	:fail	:read	[0 nil]	[:key-does-not-exist "not found"]
2026-03-09 22:58:30,181{GMT}	INFO	[jepsen worker 3] jepsen.util: 27	:invoke	:cas	[0 [3 0]]
2026-03-09 22:58:30,183{GMT}	INFO	[jepsen worker 3] jepsen.util: 27	:fail	:cas	[0 [3 0]]	[:key-does-not-exist "key not found"]
2026-03-09 22:58:30,203{GMT}	INFO	[jepsen worker 2] jepsen.util: 2	:invoke	:read	[0 nil]
2026-03-09 22:58:30,205{GMT}	INFO	[jepsen worker 2] jepsen.util: 2	:fail	:read	[0 nil]	[:key-does-not-exist "not found"]
2026-03-09 22:58:30,294{GMT}	INFO	[jepsen worker 0] jepsen.util: 0	:invoke	:read	[0 nil]
2026-03-09 22:58:30,297{GMT}	INFO	[jepsen worker 0] jepsen.util: 0	:fail	:read	[0 nil]	[:key-does-not-exist "not found"]
2026-03-09 22:58:30,452{GMT}	INFO	[jepsen worker 0] jepsen.util: 0	:invoke	:read	[0 nil]
2026-03-09 22:58:30,463{GMT}	INFO	[jepsen worker 5] jepsen.util: 17	:invoke	:cas	[0 [2 3]]
2026-03-09 22:58:30,465{GMT}	INFO	[jepsen worker 0] jepsen.util: 0	:fail	:read	[0 nil]	[:key-does-not-exist "not found"]
2026-03-09 22:58:30,467{GMT}	INFO	[jepsen worker 5] jepsen.util: 17	:fail	:cas	[0 [2 3]]	[:key-does-not-exist "key not found"]
2026-03-09 22:58:30,506{GMT}	INFO	[jepsen worker 3] jepsen.util: 27	:invoke	:cas	[0 [2 2]]
2026-03-09 22:58:30,508{GMT}	INFO	[jepsen worker 3] jepsen.util: 27	:fail	:cas	[0 [2 2]]	[:key-does-not-exist "key not found"]
2026-03-09 22:58:30,598{GMT}	INFO	[jepsen worker 3] jepsen.util: 27	:invoke	:cas	[0 [3 2]]
2026-03-09 22:58:30,600{GMT}	INFO	[jepsen worker 3] jepsen.util: 27	:fail	:cas	[0 [3 2]]	[:key-does-not-exist "key not found"]
2026-03-09 22:58:30,790{GMT}	INFO	[jepsen worker 3] jepsen.util: 27	:invoke	:write	[0 4]
2026-03-09 22:58:30,793{GMT}	INFO	[jepsen worker 3] jepsen.util: 27	:fail	:write	[0 4]	[:abort "TCP sender unavailable"]
2026-03-09 22:58:30,897{GMT}	INFO	[jepsen worker 3] jepsen.util: 27	:invoke	:cas	[0 [4 0]]
2026-03-09 22:58:30,899{GMT}	INFO	[jepsen worker 3] jepsen.util: 27	:fail	:cas	[0 [4 0]]	[:key-does-not-exist "key not found"]
2026-03-09 22:58:31,015{GMT}	INFO	[jepsen worker 3] jepsen.util: 27	:invoke	:cas	[0 [3 4]]
2026-03-09 22:58:31,017{GMT}	INFO	[jepsen worker 3] jepsen.util: 27	:fail	:cas	[0 [3 4]]	[:key-does-not-exist "key not found"]
2026-03-09 22:58:31,144{GMT}	INFO	[jepsen worker 0] jepsen.util: 0	:invoke	:read	[0 nil]
2026-03-09 22:58:31,147{GMT}	INFO	[jepsen worker 0] jepsen.util: 0	:fail	:read	[0 nil]	[:key-does-not-exist "not found"]
2026-03-09 22:58:31,190{GMT}	INFO	[jepsen worker 5] jepsen.util: 17	:invoke	:cas	[0 [1 1]]
2026-03-09 22:58:31,193{GMT}	INFO	[jepsen worker 5] jepsen.util: 17	:fail	:cas	[0 [1 1]]	[:key-does-not-exist "key not found"]
2026-03-09 22:58:31,391{GMT}	INFO	[jepsen worker 3] jepsen.util: 27	:invoke	:cas	[0 [4 2]]
2026-03-09 22:58:31,395{GMT}	INFO	[jepsen worker 3] jepsen.util: 27	:fail	:cas	[0 [4 2]]	[:key-does-not-exist "key not found"]
2026-03-09 22:58:31,426{GMT}	INFO	[jepsen worker 0] jepsen.util: 0	:invoke	:read	[0 nil]
2026-03-09 22:58:31,430{GMT}	INFO	[jepsen worker 1] jepsen.util: 1	:invoke	:read	[0 nil]
2026-03-09 22:58:31,430{GMT}	INFO	[jepsen worker 0] jepsen.util: 0	:fail	:read	[0 nil]	[:key-does-not-exist "not found"]
2026-03-09 22:58:31,433{GMT}	INFO	[jepsen worker 1] jepsen.util: 1	:fail	:read	[0 nil]	[:key-does-not-exist "not found"]
2026-03-09 22:58:31,465{GMT}	INFO	[jepsen worker 2] jepsen.util: 2	:invoke	:read	[0 nil]
2026-03-09 22:58:31,469{GMT}	INFO	[jepsen worker 2] jepsen.util: 2	:fail	:read	[0 nil]	[:key-does-not-exist "not found"]
2026-03-09 22:58:31,584{GMT}	INFO	[jepsen worker 0] jepsen.util: 0	:invoke	:read	[0 nil]
2026-03-09 22:58:31,591{GMT}	INFO	[jepsen worker 0] jepsen.util: 0	:fail	:read	[0 nil]	[:key-does-not-exist "not found"]
2026-03-09 22:58:31,608{GMT}	INFO	[jepsen worker 4] jepsen.util: 4	:invoke	:cas	[0 [3 4]]
2026-03-09 22:58:31,613{GMT}	INFO	[jepsen worker 4] jepsen.util: 4	:fail	:cas	[0 [3 4]]	[:key-does-not-exist "key not found"]
2026-03-09 22:58:31,655{GMT}	INFO	[jepsen worker 0] jepsen.util: 0	:invoke	:read	[0 nil]
2026-03-09 22:58:31,659{GMT}	INFO	[jepsen worker 0] jepsen.util: 0	:fail	:read	[0 nil]	[:key-does-not-exist "not found"]
2026-03-09 22:58:31,707{GMT}	INFO	[jepsen worker 3] jepsen.util: 27	:invoke	:cas	[0 [4 1]]
2026-03-09 22:58:31,709{GMT}	INFO	[jepsen worker 3] jepsen.util: 27	:fail	:cas	[0 [4 1]]	[:key-does-not-exist "key not found"]
2026-03-09 22:58:31,795{GMT}	INFO	[jepsen worker 3] jepsen.util: 27	:invoke	:cas	[0 [3 3]]
2026-03-09 22:58:31,797{GMT}	INFO	[jepsen worker 3] jepsen.util: 27	:fail	:cas	[0 [3 3]]	[:key-does-not-exist "key not found"]
2026-03-09 22:58:31,801{GMT}	INFO	[jepsen worker 1] jepsen.util: 1	:invoke	:read	[0 nil]
2026-03-09 22:58:31,803{GMT}	INFO	[jepsen worker 1] jepsen.util: 1	:fail	:read	[0 nil]	[:key-does-not-exist "not found"]
2026-03-09 22:58:31,854{GMT}	INFO	[jepsen worker 2] jepsen.util: 2	:invoke	:read	[0 nil]
2026-03-09 22:58:31,855{GMT}	INFO	[jepsen worker 2] jepsen.util: 2	:fail	:read	[0 nil]	[:key-does-not-exist "not found"]
2026-03-09 22:58:31,894{GMT}	INFO	[jepsen worker 0] jepsen.util: 0	:invoke	:read	[0 nil]
2026-03-09 22:58:31,896{GMT}	INFO	[jepsen worker 0] jepsen.util: 0	:fail	:read	[0 nil]	[:key-does-not-exist "not found"]
2026-03-09 22:58:32,089{GMT}	INFO	[jepsen worker 0] jepsen.util: 0	:invoke	:read	[0 nil]
2026-03-09 22:58:32,096{GMT}	INFO	[jepsen worker 1] jepsen.util: 1	:invoke	:read	[0 nil]
2026-03-09 22:58:32,099{GMT}	INFO	[jepsen worker 0] jepsen.util: 0	:fail	:read	[0 nil]	[:key-does-not-exist "not found"]
2026-03-09 22:58:32,104{GMT}	INFO	[jepsen worker 1] jepsen.util: 1	:fail	:read	[0 nil]	[:key-does-not-exist "not found"]
2026-03-09 22:58:32,182{GMT}	INFO	[jepsen worker 3] jepsen.util: 27	:invoke	:write	[0 4]
2026-03-09 22:58:32,186{GMT}	INFO	[jepsen worker 3] jepsen.util: 27	:fail	:write	[0 4]	[:abort "TCP sender unavailable"]
2026-03-09 22:58:32,337{GMT}	INFO	[jepsen worker 0] jepsen.util: 0	:invoke	:read	[0 nil]
2026-03-09 22:58:32,341{GMT}	INFO	[jepsen worker 0] jepsen.util: 0	:fail	:read	[0 nil]	[:key-does-not-exist "not found"]
2026-03-09 22:58:32,458{GMT}	INFO	[jepsen worker 3] jepsen.util: 27	:invoke	:cas	[0 [2 1]]
2026-03-09 22:58:32,460{GMT}	INFO	[jepsen worker 3] jepsen.util: 27	:fail	:cas	[0 [2 1]]	[:key-does-not-exist "key not found"]
2026-03-09 22:58:32,550{GMT}	INFO	[jepsen worker 3] jepsen.util: 27	:invoke	:write	[0 3]
2026-03-09 22:58:32,555{GMT}	INFO	[jepsen worker 3] jepsen.util: 27	:fail	:write	[0 3]	[:abort "TCP sender unavailable"]
2026-03-09 22:58:32,674{GMT}	INFO	[jepsen worker 0] jepsen.util: 0	:invoke	:read	[0 nil]
2026-03-09 22:58:32,677{GMT}	INFO	[jepsen worker 0] jepsen.util: 0	:fail	:read	[0 nil]	[:key-does-not-exist "not found"]
2026-03-09 22:58:32,682{GMT}	INFO	[jepsen worker 0] jepsen.util: 0	:invoke	:read	[0 nil]
2026-03-09 22:58:32,687{GMT}	INFO	[jepsen worker 0] jepsen.util: 0	:fail	:read	[0 nil]	[:key-does-not-exist "not found"]
2026-03-09 22:58:32,720{GMT}	INFO	[jepsen worker 0] jepsen.util: 0	:invoke	:read	[0 nil]
2026-03-09 22:58:32,722{GMT}	INFO	[jepsen worker 0] jepsen.util: 0	:fail	:read	[0 nil]	[:key-does-not-exist "not found"]
2026-03-09 22:58:32,850{GMT}	INFO	[jepsen worker 3] jepsen.util: 27	:invoke	:cas	[0 [2 4]]
2026-03-09 22:58:32,854{GMT}	INFO	[jepsen worker 3] jepsen.util: 27	:fail	:cas	[0 [2 4]]	[:key-does-not-exist "key not found"]
2026-03-09 22:58:32,946{GMT}	INFO	[jepsen worker 0] jepsen.util: 0	:invoke	:read	[0 nil]
2026-03-09 22:58:32,950{GMT}	INFO	[jepsen worker 0] jepsen.util: 0	:fail	:read	[0 nil]	[:key-does-not-exist "not found"]
2026-03-09 22:58:33,054{GMT}	INFO	[jepsen worker 1] jepsen.util: 1	:invoke	:read	[0 nil]
2026-03-09 22:58:33,059{GMT}	INFO	[jepsen worker 1] jepsen.util: 1	:fail	:read	[0 nil]	[:key-does-not-exist "not found"]
2026-03-09 22:58:33,067{GMT}	INFO	[jepsen worker 3] jepsen.util: 27	:invoke	:cas	[0 [2 3]]
2026-03-09 22:58:33,070{GMT}	INFO	[jepsen worker 3] jepsen.util: 27	:fail	:cas	[0 [2 3]]	[:key-does-not-exist "key not found"]
2026-03-09 22:58:33,157{GMT}	INFO	[jepsen worker 3] jepsen.util: 27	:invoke	:cas	[0 [3 2]]
2026-03-09 22:58:33,161{GMT}	INFO	[jepsen worker 3] jepsen.util: 27	:fail	:cas	[0 [3 2]]	[:key-does-not-exist "key not found"]
2026-03-09 22:58:33,285{GMT}	INFO	[jepsen worker 4] jepsen.util: 4	:invoke	:cas	[0 [3 0]]
2026-03-09 22:58:33,289{GMT}	INFO	[jepsen worker 4] jepsen.util: 4	:fail	:cas	[0 [3 0]]	[:key-does-not-exist "key not found"]
2026-03-09 22:58:33,380{GMT}	INFO	[jepsen worker 0] jepsen.util: 0	:invoke	:read	[0 nil]
2026-03-09 22:58:33,385{GMT}	INFO	[jepsen worker 0] jepsen.util: 0	:fail	:read	[0 nil]	[:key-does-not-exist "not found"]
2026-03-09 22:58:33,490{GMT}	INFO	[jepsen worker 0] jepsen.util: 0	:invoke	:read	[0 nil]
2026-03-09 22:58:33,492{GMT}	INFO	[jepsen worker 0] jepsen.util: 0	:fail	:read	[0 nil]	[:key-does-not-exist "not found"]
2026-03-09 22:58:33,597{GMT}	INFO	[jepsen worker 3] jepsen.util: 27	:invoke	:cas	[0 [4 4]]
2026-03-09 22:58:33,602{GMT}	INFO	[jepsen worker 3] jepsen.util: 27	:fail	:cas	[0 [4 4]]	[:key-does-not-exist "key not found"]
2026-03-09 22:58:33,767{GMT}	INFO	[jepsen worker 1] jepsen.util: 1	:invoke	:read	[0 nil]
2026-03-09 22:58:33,773{GMT}	INFO	[jepsen worker 1] jepsen.util: 1	:fail	:read	[0 nil]	[:key-does-not-exist "not found"]
2026-03-09 22:58:33,852{GMT}	INFO	[jepsen worker 2] jepsen.util: 2	:invoke	:read	[0 nil]
2026-03-09 22:58:33,857{GMT}	INFO	[jepsen worker 2] jepsen.util: 2	:fail	:read	[0 nil]	[:key-does-not-exist "not found"]
2026-03-09 22:58:33,977{GMT}	INFO	[jepsen worker 3] jepsen.util: 27	:invoke	:write	[0 4]
2026-03-09 22:58:33,982{GMT}	INFO	[jepsen worker 3] jepsen.util: 27	:fail	:write	[0 4]	[:abort "TCP sender unavailable"]
2026-03-09 22:58:34,073{GMT}	INFO	[jepsen worker 0] jepsen.util: 0	:invoke	:read	[0 nil]
2026-03-09 22:58:34,079{GMT}	INFO	[jepsen worker 0] jepsen.util: 0	:fail	:read	[0 nil]	[:key-does-not-exist "not found"]
2026-03-09 22:58:34,083{GMT}	INFO	[jepsen worker 0] jepsen.util: 0	:invoke	:read	[0 nil]
2026-03-09 22:58:34,088{GMT}	INFO	[jepsen worker 0] jepsen.util: 0	:fail	:read	[0 nil]	[:key-does-not-exist "not found"]
2026-03-09 22:58:34,115{GMT}	INFO	[jepsen worker 0] jepsen.util: 0	:invoke	:read	[0 nil]
2026-03-09 22:58:34,117{GMT}	INFO	[jepsen worker 0] jepsen.util: 0	:fail	:read	[0 nil]	[:key-does-not-exist "not found"]
2026-03-09 22:58:34,179{GMT}	INFO	[jepsen worker 3] jepsen.util: 27	:invoke	:cas	[0 [4 0]]
2026-03-09 22:58:34,181{GMT}	INFO	[jepsen worker 3] jepsen.util: 27	:fail	:cas	[0 [4 0]]	[:key-does-not-exist "key not found"]
2026-03-09 22:58:34,363{GMT}	INFO	[jepsen worker 1] jepsen.util: 1	:invoke	:read	[0 nil]
2026-03-09 22:58:34,365{GMT}	INFO	[jepsen worker 1] jepsen.util: 1	:fail	:read	[0 nil]	[:key-does-not-exist "not found"]
2026-03-09 22:58:34,399{GMT}	INFO	[jepsen worker 2] jepsen.util: 2	:invoke	:read	[0 nil]
2026-03-09 22:58:34,400{GMT}	INFO	[jepsen worker 2] jepsen.util: 2	:fail	:read	[0 nil]	[:key-does-not-exist "not found"]
2026-03-09 22:58:34,466{GMT}	INFO	[jepsen worker 3] jepsen.util: 27	:invoke	:cas	[0 [2 3]]
2026-03-09 22:58:34,468{GMT}	INFO	[jepsen worker 3] jepsen.util: 27	:fail	:cas	[0 [2 3]]	[:key-does-not-exist "key not found"]
2026-03-09 22:58:34,545{GMT}	INFO	[jepsen worker 4] jepsen.util: 4	:invoke	:cas	[0 [3 3]]
2026-03-09 22:58:34,547{GMT}	INFO	[jepsen worker 4] jepsen.util: 4	:fail	:cas	[0 [3 3]]	[:key-does-not-exist "key not found"]
2026-03-09 22:58:34,680{GMT}	INFO	[jepsen worker 5] jepsen.util: 17	:invoke	:cas	[0 [1 1]]
2026-03-09 22:58:34,682{GMT}	INFO	[jepsen worker 5] jepsen.util: 17	:fail	:cas	[0 [1 1]]	[:key-does-not-exist "key not found"]
2026-03-09 22:58:34,878{GMT}	INFO	[jepsen worker 0] jepsen.util: 0	:invoke	:read	[0 nil]
2026-03-09 22:58:34,883{GMT}	INFO	[jepsen worker 0] jepsen.util: 0	:fail	:read	[0 nil]	[:key-does-not-exist "not found"]
2026-03-09 22:58:34,931{GMT}	INFO	[jepsen worker 3] jepsen.util: 27	:invoke	:cas	[0 [3 1]]
2026-03-09 22:58:34,936{GMT}	INFO	[jepsen worker 3] jepsen.util: 27	:fail	:cas	[0 [3 1]]	[:key-does-not-exist "key not found"]
2026-03-09 22:58:35,068{GMT}	INFO	[jepsen worker 3] jepsen.util: 27	:invoke	:write	[0 0]
2026-03-09 22:58:35,073{GMT}	INFO	[jepsen worker 3] jepsen.util: 27	:fail	:write	[0 0]	[:abort "TCP sender unavailable"]
2026-03-09 22:58:35,128{GMT}	INFO	[jepsen worker 2] jepsen.util: 2	:invoke	:read	[0 nil]
2026-03-09 22:58:35,131{GMT}	INFO	[jepsen worker 2] jepsen.util: 2	:fail	:read	[0 nil]	[:key-does-not-exist "not found"]
2026-03-09 22:58:35,185{GMT}	INFO	[jepsen worker 0] jepsen.util: 0	:invoke	:read	[0 nil]
2026-03-09 22:58:35,187{GMT}	INFO	[jepsen worker 0] jepsen.util: 0	:fail	:read	[0 nil]	[:key-does-not-exist "not found"]
2026-03-09 22:58:35,241{GMT}	INFO	[jepsen worker 4] jepsen.util: 4	:invoke	:cas	[0 [4 0]]
2026-03-09 22:58:35,286{GMT}	INFO	[jepsen worker 4] jepsen.util: 4	:fail	:cas	[0 [4 0]]	[:key-does-not-exist "key not found"]
2026-03-09 22:58:35,303{GMT}	INFO	[jepsen worker 5] jepsen.util: 17	:invoke	:cas	[0 [1 4]]
2026-03-09 22:58:35,305{GMT}	INFO	[jepsen worker 5] jepsen.util: 17	:fail	:cas	[0 [1 4]]	[:key-does-not-exist "key not found"]
2026-03-09 22:58:35,306{GMT}	INFO	[jepsen worker 3] jepsen.util: 27	:invoke	:cas	[0 [3 2]]
2026-03-09 22:58:35,308{GMT}	INFO	[jepsen worker 3] jepsen.util: 27	:fail	:cas	[0 [3 2]]	[:key-does-not-exist "key not found"]
2026-03-09 22:58:35,390{GMT}	INFO	[jepsen worker 0] jepsen.util: 0	:invoke	:read	[0 nil]
2026-03-09 22:58:35,391{GMT}	INFO	[jepsen worker 0] jepsen.util: 0	:fail	:read	[0 nil]	[:key-does-not-exist "not found"]
2026-03-09 22:58:35,456{GMT}	INFO	[jepsen worker 1] jepsen.util: 1	:invoke	:read	[0 nil]
2026-03-09 22:58:35,458{GMT}	INFO	[jepsen worker 1] jepsen.util: 1	:fail	:read	[0 nil]	[:key-does-not-exist "not found"]
2026-03-09 22:58:35,628{GMT}	INFO	[jepsen worker 2] jepsen.util: 2	:invoke	:read	[0 nil]
2026-03-09 22:58:35,631{GMT}	INFO	[jepsen worker 2] jepsen.util: 2	:fail	:read	[0 nil]	[:key-does-not-exist "not found"]
2026-03-09 22:58:35,821{GMT}	INFO	[jepsen worker 0] jepsen.util: 0	:invoke	:read	[0 nil]
2026-03-09 22:58:35,827{GMT}	INFO	[jepsen worker 0] jepsen.util: 0	:fail	:read	[0 nil]	[:key-does-not-exist "not found"]
2026-03-09 22:58:36,009{GMT}	INFO	[jepsen worker 4] jepsen.util: 4	:invoke	:cas	[0 [1 4]]
2026-03-09 22:58:36,014{GMT}	INFO	[jepsen worker 4] jepsen.util: 4	:fail	:cas	[0 [1 4]]	[:key-does-not-exist "key not found"]
2026-03-09 22:58:36,071{GMT}	INFO	[jepsen worker 0] jepsen.util: 0	:invoke	:read	[0 nil]
2026-03-09 22:58:36,077{GMT}	INFO	[jepsen worker 0] jepsen.util: 0	:fail	:read	[0 nil]	[:key-does-not-exist "not found"]
2026-03-09 22:58:36,188{GMT}	INFO	[jepsen worker 0] jepsen.util: 0	:invoke	:read	[0 nil]
2026-03-09 22:58:36,193{GMT}	INFO	[jepsen worker 0] jepsen.util: 0	:fail	:read	[0 nil]	[:key-does-not-exist "not found"]
2026-03-09 22:58:36,248{GMT}	INFO	[jepsen worker 0] jepsen.util: 0	:invoke	:read	[0 nil]
2026-03-09 22:58:36,253{GMT}	INFO	[jepsen worker 0] jepsen.util: 0	:fail	:read	[0 nil]	[:key-does-not-exist "not found"]
2026-03-09 22:58:36,274{GMT}	INFO	[jepsen worker 1] jepsen.util: 1	:invoke	:read	[0 nil]
2026-03-09 22:58:36,279{GMT}	INFO	[jepsen worker 1] jepsen.util: 1	:fail	:read	[0 nil]	[:key-does-not-exist "not found"]
2026-03-09 22:58:36,309{GMT}	INFO	[jepsen worker 3] jepsen.util: 27	:invoke	:cas	[0 [4 0]]
2026-03-09 22:58:36,314{GMT}	INFO	[jepsen worker 3] jepsen.util: 27	:fail	:cas	[0 [4 0]]	[:key-does-not-exist "key not found"]
2026-03-09 22:58:36,329{GMT}	INFO	[jepsen worker 3] jepsen.util: 27	:invoke	:write	[0 1]
2026-03-09 22:58:36,334{GMT}	INFO	[jepsen worker 3] jepsen.util: 27	:fail	:write	[0 1]	[:abort "TCP sender unavailable"]
2026-03-09 22:58:36,448{GMT}	INFO	[jepsen worker 0] jepsen.util: 0	:invoke	:read	[0 nil]
2026-03-09 22:58:36,453{GMT}	INFO	[jepsen worker 0] jepsen.util: 0	:fail	:read	[0 nil]	[:key-does-not-exist "not found"]
2026-03-09 22:58:36,619{GMT}	INFO	[jepsen worker 5] jepsen.util: 17	:invoke	:cas	[0 [0 2]]
2026-03-09 22:58:36,624{GMT}	INFO	[jepsen worker 5] jepsen.util: 17	:fail	:cas	[0 [0 2]]	[:key-does-not-exist "key not found"]
2026-03-09 22:58:36,734{GMT}	INFO	[jepsen worker 0] jepsen.util: 0	:invoke	:read	[0 nil]
2026-03-09 22:58:36,736{GMT}	INFO	[jepsen worker 0] jepsen.util: 0	:fail	:read	[0 nil]	[:key-does-not-exist "not found"]
2026-03-09 22:58:36,921{GMT}	INFO	[jepsen worker 0] jepsen.util: 0	:invoke	:read	[0 nil]
2026-03-09 22:58:36,926{GMT}	INFO	[jepsen worker 0] jepsen.util: 0	:fail	:read	[0 nil]	[:key-does-not-exist "not found"]
2026-03-09 22:58:37,063{GMT}	INFO	[jepsen worker 1] jepsen.util: 1	:invoke	:read	[0 nil]
2026-03-09 22:58:37,067{GMT}	INFO	[jepsen worker 1] jepsen.util: 1	:fail	:read	[0 nil]	[:key-does-not-exist "not found"]
2026-03-09 22:58:37,123{GMT}	INFO	[jepsen worker 2] jepsen.util: 2	:invoke	:read	[0 nil]
2026-03-09 22:58:37,128{GMT}	INFO	[jepsen worker 2] jepsen.util: 2	:fail	:read	[0 nil]	[:key-does-not-exist "not found"]
2026-03-09 22:58:37,277{GMT}	INFO	[jepsen worker 3] jepsen.util: 27	:invoke	:cas	[0 [1 0]]
2026-03-09 22:58:37,281{GMT}	INFO	[jepsen worker 3] jepsen.util: 27	:fail	:cas	[0 [1 0]]	[:key-does-not-exist "key not found"]
2026-03-09 22:58:37,340{GMT}	INFO	[jepsen worker 0] jepsen.util: 0	:invoke	:read	[0 nil]
2026-03-09 22:58:37,342{GMT}	INFO	[jepsen worker 0] jepsen.util: 0	:fail	:read	[0 nil]	[:key-does-not-exist "not found"]
2026-03-09 22:58:37,395{GMT}	INFO	[jepsen worker 5] jepsen.util: 17	:invoke	:cas	[0 [1 2]]
2026-03-09 22:58:37,396{GMT}	INFO	[jepsen worker 5] jepsen.util: 17	:fail	:cas	[0 [1 2]]	[:key-does-not-exist "key not found"]
2026-03-09 22:58:37,565{GMT}	INFO	[jepsen worker 0] jepsen.util: 0	:invoke	:read	[0 nil]
2026-03-09 22:58:37,570{GMT}	INFO	[jepsen worker 0] jepsen.util: 0	:fail	:read	[0 nil]	[:key-does-not-exist "not found"]
2026-03-09 22:58:37,590{GMT}	INFO	[jepsen worker 0] jepsen.util: 0	:invoke	:read	[0 nil]
2026-03-09 22:58:37,594{GMT}	INFO	[jepsen worker 0] jepsen.util: 0	:fail	:read	[0 nil]	[:key-does-not-exist "not found"]
2026-03-09 22:58:37,714{GMT}	INFO	[jepsen worker 3] jepsen.util: 27	:invoke	:cas	[0 [1 0]]
2026-03-09 22:58:37,718{GMT}	INFO	[jepsen worker 3] jepsen.util: 27	:fail	:cas	[0 [1 0]]	[:key-does-not-exist "key not found"]
2026-03-09 22:58:37,781{GMT}	INFO	[jepsen worker 2] jepsen.util: 2	:invoke	:read	[0 nil]
2026-03-09 22:58:37,785{GMT}	INFO	[jepsen worker 2] jepsen.util: 2	:fail	:read	[0 nil]	[:key-does-not-exist "not found"]
2026-03-09 22:58:37,905{GMT}	INFO	[jepsen worker 3] jepsen.util: 27	:invoke	:cas	[0 [1 1]]
2026-03-09 22:58:37,909{GMT}	INFO	[jepsen worker 3] jepsen.util: 27	:fail	:cas	[0 [1 1]]	[:key-does-not-exist "key not found"]
2026-03-09 22:58:37,910{GMT}	INFO	[jepsen worker 4] jepsen.util: 4	:invoke	:cas	[0 [0 3]]
2026-03-09 22:58:37,913{GMT}	INFO	[jepsen worker 4] jepsen.util: 4	:fail	:cas	[0 [0 3]]	[:key-does-not-exist "key not found"]
2026-03-09 22:58:38,043{GMT}	INFO	[jepsen worker 5] jepsen.util: 17	:invoke	:write	[0 4]
2026-03-09 22:58:38,048{GMT}	INFO	[jepsen worker 5] jepsen.util: 17	:fail	:write	[0 4]	[:abort "TCP sender unavailable"]
2026-03-09 22:58:38,125{GMT}	INFO	[jepsen worker 0] jepsen.util: 0	:invoke	:read	[0 nil]
2026-03-09 22:58:38,129{GMT}	INFO	[jepsen worker 0] jepsen.util: 0	:fail	:read	[0 nil]	[:key-does-not-exist "not found"]
2026-03-09 22:58:38,322{GMT}	INFO	[jepsen worker 3] jepsen.util: 27	:invoke	:cas	[0 [2 1]]
2026-03-09 22:58:38,328{GMT}	INFO	[jepsen worker 3] jepsen.util: 27	:fail	:cas	[0 [2 1]]	[:key-does-not-exist "key not found"]
2026-03-09 22:58:38,407{GMT}	INFO	[jepsen worker 1] jepsen.util: 1	:invoke	:read	[0 nil]
2026-03-09 22:58:38,411{GMT}	INFO	[jepsen worker 1] jepsen.util: 1	:fail	:read	[0 nil]	[:key-does-not-exist "not found"]
2026-03-09 22:58:38,566{GMT}	INFO	[jepsen worker 2] jepsen.util: 2	:invoke	:read	[0 nil]
2026-03-09 22:58:38,572{GMT}	INFO	[jepsen worker 2] jepsen.util: 2	:fail	:read	[0 nil]	[:key-does-not-exist "not found"]
2026-03-09 22:58:38,718{GMT}	INFO	[jepsen worker 0] jepsen.util: 0	:invoke	:read	[0 nil]
2026-03-09 22:58:38,723{GMT}	INFO	[jepsen worker 0] jepsen.util: 0	:fail	:read	[0 nil]	[:key-does-not-exist "not found"]
2026-03-09 22:58:38,759{GMT}	INFO	[jepsen worker 4] jepsen.util: 4	:invoke	:cas	[0 [3 3]]
2026-03-09 22:58:38,764{GMT}	INFO	[jepsen worker 4] jepsen.util: 4	:fail	:cas	[0 [3 3]]	[:key-does-not-exist "key not found"]
2026-03-09 22:58:38,764{GMT}	INFO	[jepsen worker 0] jepsen.util: 0	:invoke	:read	[0 nil]
2026-03-09 22:58:38,769{GMT}	INFO	[jepsen worker 0] jepsen.util: 0	:fail	:read	[0 nil]	[:key-does-not-exist "not found"]
2026-03-09 22:58:38,776{GMT}	INFO	[jepsen worker 0] jepsen.util: 0	:invoke	:read	[0 nil]
2026-03-09 22:58:38,779{GMT}	INFO	[jepsen worker 0] jepsen.util: 0	:fail	:read	[0 nil]	[:key-does-not-exist "not found"]
2026-03-09 22:58:38,866{GMT}	INFO	[jepsen worker 0] jepsen.util: 0	:invoke	:read	[0 nil]
2026-03-09 22:58:38,871{GMT}	INFO	[jepsen worker 0] jepsen.util: 0	:fail	:read	[0 nil]	[:key-does-not-exist "not found"]
2026-03-09 22:58:38,906{GMT}	INFO	[jepsen worker 1] jepsen.util: 1	:invoke	:read	[0 nil]
2026-03-09 22:58:38,912{GMT}	INFO	[jepsen worker 1] jepsen.util: 1	:fail	:read	[0 nil]	[:key-does-not-exist "not found"]
2026-03-09 22:58:39,033{GMT}	INFO	[jepsen worker 3] jepsen.util: 27	:invoke	:cas	[0 [1 2]]
2026-03-09 22:58:39,038{GMT}	INFO	[jepsen worker 3] jepsen.util: 27	:fail	:cas	[0 [1 2]]	[:key-does-not-exist "key not found"]
2026-03-09 22:58:39,081{GMT}	INFO	[jepsen worker 0] jepsen.util: 0	:invoke	:read	[0 nil]
2026-03-09 22:58:39,087{GMT}	INFO	[jepsen worker 0] jepsen.util: 0	:fail	:read	[0 nil]	[:key-does-not-exist "not found"]
2026-03-09 22:58:39,273{GMT}	INFO	[jepsen worker 4] jepsen.util: 4	:invoke	:cas	[0 [1 4]]
2026-03-09 22:58:39,274{GMT}	INFO	[jepsen worker 5] jepsen.util: 17	:invoke	:cas	[0 [3 1]]
2026-03-09 22:58:39,278{GMT}	INFO	[jepsen worker 5] jepsen.util: 17	:fail	:cas	[0 [3 1]]	[:key-does-not-exist "key not found"]
2026-03-09 22:58:39,278{GMT}	INFO	[jepsen worker 4] jepsen.util: 4	:fail	:cas	[0 [1 4]]	[:key-does-not-exist "key not found"]
2026-03-09 22:58:39,305{GMT}	INFO	[jepsen worker 0] jepsen.util: 0	:invoke	:read	[0 nil]
2026-03-09 22:58:39,308{GMT}	INFO	[jepsen worker 0] jepsen.util: 0	:fail	:read	[0 nil]	[:key-does-not-exist "not found"]
2026-03-09 22:58:39,337{GMT}	INFO	[jepsen worker 3] jepsen.util: 27	:invoke	:cas	[0 [3 4]]
2026-03-09 22:58:39,341{GMT}	INFO	[jepsen worker 3] jepsen.util: 27	:fail	:cas	[0 [3 4]]	[:key-does-not-exist "key not found"]
2026-03-09 22:58:39,473{GMT}	INFO	[jepsen worker 1] jepsen.util: 1	:invoke	:read	[0 nil]
2026-03-09 22:58:39,475{GMT}	INFO	[jepsen worker 1] jepsen.util: 1	:fail	:read	[0 nil]	[:key-does-not-exist "not found"]
2026-03-09 22:58:39,594{GMT}	INFO	[jepsen worker 3] jepsen.util: 27	:invoke	:cas	[0 [0 0]]
2026-03-09 22:58:39,595{GMT}	INFO	[jepsen worker 3] jepsen.util: 27	:fail	:cas	[0 [0 0]]	[:key-does-not-exist "key not found"]
2026-03-09 22:58:39,645{GMT}	INFO	[jepsen worker 3] jepsen.util: 27	:invoke	:cas	[0 [0 4]]
2026-03-09 22:58:39,647{GMT}	INFO	[jepsen worker 3] jepsen.util: 27	:fail	:cas	[0 [0 4]]	[:key-does-not-exist "key not found"]
2026-03-09 22:58:39,794{GMT}	INFO	[jepsen worker 4] jepsen.util: 4	:invoke	:cas	[0 [0 2]]
2026-03-09 22:58:39,796{GMT}	INFO	[jepsen worker 4] jepsen.util: 4	:fail	:cas	[0 [0 2]]	[:key-does-not-exist "key not found"]
2026-03-09 22:58:39,947{GMT}	INFO	[jepsen worker 5] jepsen.util: 17	:invoke	:write	[0 0]
2026-03-09 22:58:39,949{GMT}	INFO	[jepsen worker 5] jepsen.util: 17	:fail	:write	[0 0]	[:abort "TCP sender unavailable"]
2026-03-09 22:58:40,026{GMT}	INFO	[jepsen worker 3] jepsen.util: 27	:invoke	:cas	[0 [4 4]]
2026-03-09 22:58:40,031{GMT}	INFO	[jepsen worker 3] jepsen.util: 27	:fail	:cas	[0 [4 4]]	[:key-does-not-exist "key not found"]
2026-03-09 22:58:40,058{GMT}	INFO	[jepsen worker 3] jepsen.util: 27	:invoke	:cas	[0 [2 1]]
2026-03-09 22:58:40,062{GMT}	INFO	[jepsen worker 3] jepsen.util: 27	:fail	:cas	[0 [2 1]]	[:key-does-not-exist "key not found"]
2026-03-09 22:58:40,156{GMT}	INFO	[jepsen worker 1] jepsen.util: 1	:invoke	:read	[0 nil]
2026-03-09 22:58:40,160{GMT}	INFO	[jepsen worker 1] jepsen.util: 1	:fail	:read	[0 nil]	[:key-does-not-exist "not found"]
2026-03-09 22:58:40,190{GMT}	INFO	[jepsen worker 3] jepsen.util: 27	:invoke	:cas	[0 [2 4]]
2026-03-09 22:58:40,192{GMT}	INFO	[jepsen worker 3] jepsen.util: 27	:fail	:cas	[0 [2 4]]	[:key-does-not-exist "key not found"]
2026-03-09 22:58:40,200{GMT}	INFO	[jepsen worker 3] jepsen.util: 27	:invoke	:cas	[0 [0 4]]
2026-03-09 22:58:40,202{GMT}	INFO	[jepsen worker 3] jepsen.util: 27	:fail	:cas	[0 [0 4]]	[:key-does-not-exist "key not found"]
2026-03-09 22:58:40,267{GMT}	INFO	[jepsen worker 0] jepsen.util: 0	:invoke	:read	[0 nil]
2026-03-09 22:58:40,271{GMT}	INFO	[jepsen worker 0] jepsen.util: 0	:fail	:read	[0 nil]	[:key-does-not-exist "not found"]
2026-03-09 22:58:40,406{GMT}	INFO	[jepsen worker 0] jepsen.util: 0	:invoke	:read	[0 nil]
2026-03-09 22:58:40,408{GMT}	INFO	[jepsen worker 0] jepsen.util: 0	:fail	:read	[0 nil]	[:key-does-not-exist "not found"]
2026-03-09 22:58:40,574{GMT}	INFO	[jepsen worker 3] jepsen.util: 27	:invoke	:cas	[0 [4 1]]
2026-03-09 22:58:40,580{GMT}	INFO	[jepsen worker 3] jepsen.util: 27	:fail	:cas	[0 [4 1]]	[:key-does-not-exist "key not found"]
2026-03-09 22:58:40,739{GMT}	INFO	[jepsen worker 0] jepsen.util: 0	:invoke	:read	[0 nil]
2026-03-09 22:58:40,760{GMT}	INFO	[jepsen worker 0] jepsen.util: 0	:fail	:read	[0 nil]	[:key-does-not-exist "not found"]
2026-03-09 22:58:40,819{GMT}	INFO	[jepsen worker 3] jepsen.util: 27	:invoke	:write	[0 4]
2026-03-09 22:58:40,835{GMT}	INFO	[jepsen worker 3] jepsen.util: 27	:fail	:write	[0 4]	[:abort "TCP sender unavailable"]
2026-03-09 22:58:41,018{GMT}	INFO	[jepsen worker 3] jepsen.util: 27	:invoke	:cas	[0 [1 0]]
2026-03-09 22:58:41,020{GMT}	INFO	[jepsen worker 3] jepsen.util: 27	:fail	:cas	[0 [1 0]]	[:key-does-not-exist "key not found"]
2026-03-09 22:58:41,192{GMT}	INFO	[jepsen worker 3] jepsen.util: 27	:invoke	:cas	[0 [4 3]]
2026-03-09 22:58:41,196{GMT}	INFO	[jepsen worker 3] jepsen.util: 27	:fail	:cas	[0 [4 3]]	[:key-does-not-exist "key not found"]
2026-03-09 22:58:41,341{GMT}	INFO	[jepsen worker 0] jepsen.util: 0	:invoke	:read	[0 nil]
2026-03-09 22:58:41,347{GMT}	INFO	[jepsen worker 0] jepsen.util: 0	:fail	:read	[0 nil]	[:key-does-not-exist "not found"]
2026-03-09 22:58:41,482{GMT}	INFO	[jepsen worker 5] jepsen.util: 17	:invoke	:cas	[0 [2 1]]
2026-03-09 22:58:41,488{GMT}	INFO	[jepsen worker 5] jepsen.util: 17	:fail	:cas	[0 [2 1]]	[:key-does-not-exist "key not found"]
2026-03-09 22:58:41,610{GMT}	INFO	[jepsen worker 0] jepsen.util: 0	:invoke	:read	[0 nil]
2026-03-09 22:58:41,613{GMT}	INFO	[jepsen worker 0] jepsen.util: 0	:fail	:read	[0 nil]	[:key-does-not-exist "not found"]
2026-03-09 22:58:41,650{GMT}	INFO	[jepsen worker 0] jepsen.util: 0	:invoke	:read	[0 nil]
2026-03-09 22:58:41,654{GMT}	INFO	[jepsen worker 0] jepsen.util: 0	:fail	:read	[0 nil]	[:key-does-not-exist "not found"]
2026-03-09 22:58:41,799{GMT}	INFO	[jepsen worker 1] jepsen.util: 1	:invoke	:read	[0 nil]
2026-03-09 22:58:41,802{GMT}	INFO	[jepsen worker 1] jepsen.util: 1	:fail	:read	[0 nil]	[:key-does-not-exist "not found"]
2026-03-09 22:58:41,945{GMT}	INFO	[jepsen worker 3] jepsen.util: 27	:invoke	:write	[0 1]
2026-03-09 22:58:41,950{GMT}	INFO	[jepsen worker 3] jepsen.util: 27	:fail	:write	[0 1]	[:abort "TCP sender unavailable"]
2026-03-09 22:58:42,033{GMT}	INFO	[jepsen worker 0] jepsen.util: 0	:invoke	:read	[0 nil]
2026-03-09 22:58:42,036{GMT}	INFO	[jepsen worker 0] jepsen.util: 0	:fail	:read	[0 nil]	[:key-does-not-exist "not found"]
2026-03-09 22:58:42,178{GMT}	INFO	[jepsen worker 0] jepsen.util: 0	:invoke	:read	[0 nil]
2026-03-09 22:58:42,185{GMT}	INFO	[jepsen worker 0] jepsen.util: 0	:fail	:read	[0 nil]	[:key-does-not-exist "not found"]
2026-03-09 22:58:42,315{GMT}	INFO	[jepsen worker 5] jepsen.util: 17	:invoke	:write	[0 4]
2026-03-09 22:58:42,318{GMT}	INFO	[jepsen worker 5] jepsen.util: 17	:fail	:write	[0 4]	[:abort "TCP sender unavailable"]
2026-03-09 22:58:42,389{GMT}	INFO	[jepsen worker 0] jepsen.util: 0	:invoke	:read	[0 nil]
2026-03-09 22:58:42,390{GMT}	INFO	[jepsen worker 0] jepsen.util: 0	:fail	:read	[0 nil]	[:key-does-not-exist "not found"]
2026-03-09 22:58:42,427{GMT}	INFO	[jepsen worker 3] jepsen.util: 27	:invoke	:cas	[0 [1 1]]
2026-03-09 22:58:42,428{GMT}	INFO	[jepsen worker 3] jepsen.util: 27	:fail	:cas	[0 [1 1]]	[:key-does-not-exist "key not found"]
2026-03-09 22:58:42,554{GMT}	INFO	[jepsen worker 1] jepsen.util: 1	:invoke	:read	[0 nil]
2026-03-09 22:58:42,559{GMT}	INFO	[jepsen worker 1] jepsen.util: 1	:fail	:read	[0 nil]	[:key-does-not-exist "not found"]
2026-03-09 22:58:42,609{GMT}	INFO	[jepsen worker 3] jepsen.util: 27	:invoke	:cas	[0 [1 0]]
2026-03-09 22:58:42,613{GMT}	INFO	[jepsen worker 3] jepsen.util: 27	:fail	:cas	[0 [1 0]]	[:key-does-not-exist "key not found"]
2026-03-09 22:58:42,627{GMT}	INFO	[jepsen worker 0] jepsen.util: 0	:invoke	:read	[0 nil]
2026-03-09 22:58:42,630{GMT}	INFO	[jepsen worker 0] jepsen.util: 0	:fail	:read	[0 nil]	[:key-does-not-exist "not found"]
2026-03-09 22:58:42,657{GMT}	INFO	[jepsen worker 0] jepsen.util: 0	:invoke	:read	[0 nil]
2026-03-09 22:58:42,661{GMT}	INFO	[jepsen worker 0] jepsen.util: 0	:fail	:read	[0 nil]	[:key-does-not-exist "not found"]
2026-03-09 22:58:42,735{GMT}	INFO	[jepsen worker 0] jepsen.util: 0	:invoke	:read	[0 nil]
2026-03-09 22:58:42,740{GMT}	INFO	[jepsen worker 0] jepsen.util: 0	:fail	:read	[0 nil]	[:key-does-not-exist "not found"]
2026-03-09 22:58:42,749{GMT}	INFO	[jepsen worker 3] jepsen.util: 27	:invoke	:cas	[0 [1 4]]
2026-03-09 22:58:42,750{GMT}	INFO	[jepsen worker 3] jepsen.util: 27	:fail	:cas	[0 [1 4]]	[:key-does-not-exist "key not found"]
2026-03-09 22:58:42,941{GMT}	INFO	[jepsen worker 3] jepsen.util: 27	:invoke	:cas	[0 [0 1]]
2026-03-09 22:58:42,945{GMT}	INFO	[jepsen worker 3] jepsen.util: 27	:fail	:cas	[0 [0 1]]	[:key-does-not-exist "key not found"]
2026-03-09 22:58:43,033{GMT}	INFO	[jepsen worker 3] jepsen.util: 27	:invoke	:write	[0 3]
2026-03-09 22:58:43,035{GMT}	INFO	[jepsen worker 3] jepsen.util: 27	:fail	:write	[0 3]	[:abort "TCP sender unavailable"]
2026-03-09 22:58:43,185{GMT}	INFO	[jepsen worker 3] jepsen.util: 27	:invoke	:write	[0 4]
2026-03-09 22:58:43,191{GMT}	INFO	[jepsen worker 3] jepsen.util: 27	:fail	:write	[0 4]	[:abort "TCP sender unavailable"]
2026-03-09 22:58:43,360{GMT}	INFO	[jepsen worker 0] jepsen.util: 0	:invoke	:read	[0 nil]
2026-03-09 22:58:43,365{GMT}	INFO	[jepsen worker 0] jepsen.util: 0	:fail	:read	[0 nil]	[:key-does-not-exist "not found"]
2026-03-09 22:58:43,504{GMT}	INFO	[jepsen worker 0] jepsen.util: 0	:invoke	:read	[0 nil]
2026-03-09 22:58:43,512{GMT}	INFO	[jepsen worker 0] jepsen.util: 0	:fail	:read	[0 nil]	[:key-does-not-exist "not found"]
2026-03-09 22:58:43,688{GMT}	INFO	[jepsen worker 0] jepsen.util: 0	:invoke	:read	[0 nil]
2026-03-09 22:58:43,690{GMT}	INFO	[jepsen worker 0] jepsen.util: 0	:fail	:read	[0 nil]	[:key-does-not-exist "not found"]
2026-03-09 22:58:43,758{GMT}	INFO	[jepsen worker 0] jepsen.util: 0	:invoke	:read	[0 nil]
2026-03-09 22:58:43,760{GMT}	INFO	[jepsen worker 0] jepsen.util: 0	:fail	:read	[0 nil]	[:key-does-not-exist "not found"]
2026-03-09 22:58:43,803{GMT}	INFO	[jepsen worker 0] jepsen.util: 0	:invoke	:read	[0 nil]
2026-03-09 22:58:43,806{GMT}	INFO	[jepsen worker 0] jepsen.util: 0	:fail	:read	[0 nil]	[:key-does-not-exist "not found"]
2026-03-09 22:58:43,923{GMT}	INFO	[jepsen worker 1] jepsen.util: 1	:invoke	:read	[0 nil]
2026-03-09 22:58:43,924{GMT}	INFO	[jepsen worker 1] jepsen.util: 1	:fail	:read	[0 nil]	[:key-does-not-exist "not found"]
2026-03-09 22:58:44,098{GMT}	INFO	[jepsen worker 3] jepsen.util: 27	:invoke	:write	[0 3]
2026-03-09 22:58:44,099{GMT}	INFO	[jepsen worker 3] jepsen.util: 27	:fail	:write	[0 3]	[:abort "TCP sender unavailable"]
2026-03-09 22:58:44,161{GMT}	INFO	[jepsen worker 3] jepsen.util: 27	:invoke	:cas	[0 [1 0]]
2026-03-09 22:58:44,163{GMT}	INFO	[jepsen worker 3] jepsen.util: 27	:fail	:cas	[0 [1 0]]	[:key-does-not-exist "key not found"]
2026-03-09 22:58:44,210{GMT}	INFO	[jepsen worker 4] jepsen.util: 4	:invoke	:write	[0 3]
2026-03-09 22:58:44,212{GMT}	INFO	[jepsen worker 4] jepsen.util: 4	:fail	:write	[0 3]	[:abort "TCP sender unavailable"]
2026-03-09 22:58:44,314{GMT}	INFO	[jepsen worker 5] jepsen.util: 17	:invoke	:cas	[0 [3 3]]
2026-03-09 22:58:44,316{GMT}	INFO	[jepsen worker 5] jepsen.util: 17	:fail	:cas	[0 [3 3]]	[:key-does-not-exist "key not found"]
2026-03-09 22:58:44,419{GMT}	INFO	[jepsen worker 0] jepsen.util: 0	:invoke	:read	[0 nil]
2026-03-09 22:58:44,422{GMT}	INFO	[jepsen worker 0] jepsen.util: 0	:fail	:read	[0 nil]	[:key-does-not-exist "not found"]
2026-03-09 22:58:44,517{GMT}	INFO	[jepsen worker 3] jepsen.util: 27	:invoke	:cas	[0 [0 0]]
2026-03-09 22:58:44,518{GMT}	INFO	[jepsen worker 3] jepsen.util: 27	:fail	:cas	[0 [0 0]]	[:key-does-not-exist "key not found"]
2026-03-09 22:58:44,528{GMT}	INFO	[jepsen worker 1] jepsen.util: 1	:invoke	:read	[0 nil]
2026-03-09 22:58:44,530{GMT}	INFO	[jepsen worker 1] jepsen.util: 1	:fail	:read	[0 nil]	[:key-does-not-exist "not found"]
2026-03-09 22:58:44,700{GMT}	INFO	[jepsen worker 2] jepsen.util: 2	:invoke	:read	[0 nil]
2026-03-09 22:58:44,705{GMT}	INFO	[jepsen worker 2] jepsen.util: 2	:fail	:read	[0 nil]	[:key-does-not-exist "not found"]
2026-03-09 22:58:44,758{GMT}	INFO	[jepsen worker 3] jepsen.util: 27	:invoke	:write	[0 3]
2026-03-09 22:58:44,759{GMT}	INFO	[jepsen worker 3] jepsen.util: 27	:fail	:write	[0 3]	[:abort "TCP sender unavailable"]
2026-03-09 22:58:44,970{GMT}	INFO	[jepsen worker 0] jepsen.util: 0	:invoke	:read	[0 nil]
2026-03-09 22:58:44,977{GMT}	INFO	[jepsen worker 0] jepsen.util: 0	:fail	:read	[0 nil]	[:key-does-not-exist "not found"]
2026-03-09 22:58:45,118{GMT}	INFO	[jepsen worker 0] jepsen.util: 0	:invoke	:read	[0 nil]
2026-03-09 22:58:45,121{GMT}	INFO	[jepsen worker 0] jepsen.util: 0	:fail	:read	[0 nil]	[:key-does-not-exist "not found"]
2026-03-09 22:58:45,196{GMT}	INFO	[jepsen worker 0] jepsen.util: 0	:invoke	:read	[0 nil]
2026-03-09 22:58:45,201{GMT}	INFO	[jepsen worker 0] jepsen.util: 0	:fail	:read	[0 nil]	[:key-does-not-exist "not found"]
2026-03-09 22:58:45,255{GMT}	INFO	[jepsen worker 0] jepsen.util: 0	:invoke	:read	[0 nil]
2026-03-09 22:58:45,260{GMT}	INFO	[jepsen worker 0] jepsen.util: 0	:fail	:read	[0 nil]	[:key-does-not-exist "not found"]
2026-03-09 22:58:45,284{GMT}	INFO	[jepsen worker 3] jepsen.util: 27	:invoke	:cas	[0 [2 1]]
2026-03-09 22:58:45,289{GMT}	INFO	[jepsen worker 3] jepsen.util: 27	:fail	:cas	[0 [2 1]]	[:key-does-not-exist "key not found"]
2026-03-09 22:58:45,439{GMT}	INFO	[jepsen worker 2] jepsen.util: 2	:invoke	:read	[0 nil]
2026-03-09 22:58:45,444{GMT}	INFO	[jepsen worker 2] jepsen.util: 2	:fail	:read	[0 nil]	[:key-does-not-exist "not found"]
2026-03-09 22:58:45,566{GMT}	INFO	[jepsen worker 3] jepsen.util: 27	:invoke	:cas	[0 [4 3]]
2026-03-09 22:58:45,572{GMT}	INFO	[jepsen worker 3] jepsen.util: 27	:fail	:cas	[0 [4 3]]	[:key-does-not-exist "key not found"]
2026-03-09 22:58:45,692{GMT}	INFO	[jepsen worker 4] jepsen.util: 4	:invoke	:write	[0 1]
2026-03-09 22:58:45,697{GMT}	INFO	[jepsen worker 4] jepsen.util: 4	:fail	:write	[0 1]	[:abort "TCP sender unavailable"]
2026-03-09 22:58:45,831{GMT}	INFO	[jepsen worker 0] jepsen.util: 0	:invoke	:read	[0 nil]
2026-03-09 22:58:45,833{GMT}	INFO	[jepsen worker 0] jepsen.util: 0	:fail	:read	[0 nil]	[:key-does-not-exist "not found"]
2026-03-09 22:58:45,976{GMT}	INFO	[jepsen worker 3] jepsen.util: 27	:invoke	:write	[0 2]
2026-03-09 22:58:45,980{GMT}	INFO	[jepsen worker 3] jepsen.util: 27	:fail	:write	[0 2]	[:abort "TCP sender unavailable"]
2026-03-09 22:58:46,061{GMT}	INFO	[jepsen worker 0] jepsen.util: 0	:invoke	:read	[0 nil]
2026-03-09 22:58:46,066{GMT}	INFO	[jepsen worker 0] jepsen.util: 0	:fail	:read	[0 nil]	[:key-does-not-exist "not found"]
2026-03-09 22:58:46,189{GMT}	INFO	[jepsen worker 3] jepsen.util: 27	:invoke	:cas	[0 [2 1]]
2026-03-09 22:58:46,193{GMT}	INFO	[jepsen worker 3] jepsen.util: 27	:fail	:cas	[0 [2 1]]	[:key-does-not-exist "key not found"]
2026-03-09 22:58:46,240{GMT}	INFO	[jepsen worker 2] jepsen.util: 2	:invoke	:read	[0 nil]
2026-03-09 22:58:46,242{GMT}	INFO	[jepsen worker 2] jepsen.util: 2	:fail	:read	[0 nil]	[:key-does-not-exist "not found"]
2026-03-09 22:58:46,311{GMT}	INFO	[jepsen worker 0] jepsen.util: 0	:invoke	:read	[0 nil]
2026-03-09 22:58:46,314{GMT}	INFO	[jepsen worker 0] jepsen.util: 0	:fail	:read	[0 nil]	[:key-does-not-exist "not found"]
2026-03-09 22:58:46,394{GMT}	INFO	[jepsen worker 4] jepsen.util: 4	:invoke	:write	[0 1]
2026-03-09 22:58:46,399{GMT}	INFO	[jepsen worker 4] jepsen.util: 4	:fail	:write	[0 1]	[:abort "TCP sender unavailable"]
2026-03-09 22:58:46,468{GMT}	INFO	[jepsen worker 0] jepsen.util: 0	:invoke	:read	[0 nil]
2026-03-09 22:58:46,472{GMT}	INFO	[jepsen worker 0] jepsen.util: 0	:fail	:read	[0 nil]	[:key-does-not-exist "not found"]
2026-03-09 22:58:46,630{GMT}	INFO	[jepsen worker 3] jepsen.util: 27	:invoke	:write	[0 3]
2026-03-09 22:58:46,635{GMT}	INFO	[jepsen worker 3] jepsen.util: 27	:fail	:write	[0 3]	[:abort "TCP sender unavailable"]
2026-03-09 22:58:46,732{GMT}	INFO	[jepsen worker 3] jepsen.util: 27	:invoke	:write	[0 4]
2026-03-09 22:58:46,734{GMT}	INFO	[jepsen worker 3] jepsen.util: 27	:fail	:write	[0 4]	[:abort "TCP sender unavailable"]
2026-03-09 22:58:46,812{GMT}	INFO	[jepsen worker 3] jepsen.util: 27	:invoke	:cas	[0 [2 1]]
2026-03-09 22:58:46,813{GMT}	INFO	[jepsen worker 3] jepsen.util: 27	:fail	:cas	[0 [2 1]]	[:key-does-not-exist "key not found"]
2026-03-09 22:58:46,862{GMT}	INFO	[jepsen worker 3] jepsen.util: 27	:invoke	:write	[0 3]
2026-03-09 22:58:46,865{GMT}	INFO	[jepsen worker 3] jepsen.util: 27	:fail	:write	[0 3]	[:abort "TCP sender unavailable"]
2026-03-09 22:58:46,887{GMT}	INFO	[jepsen worker 3] jepsen.util: 27	:invoke	:cas	[0 [0 2]]
2026-03-09 22:58:46,889{GMT}	INFO	[jepsen worker 3] jepsen.util: 27	:fail	:cas	[0 [0 2]]	[:key-does-not-exist "key not found"]
2026-03-09 22:58:46,984{GMT}	INFO	[jepsen worker 4] jepsen.util: 4	:invoke	:cas	[0 [4 2]]
2026-03-09 22:58:46,988{GMT}	INFO	[jepsen worker 4] jepsen.util: 4	:fail	:cas	[0 [4 2]]	[:key-does-not-exist "key not found"]
2026-03-09 22:58:46,991{GMT}	INFO	[jepsen worker 0] jepsen.util: 0	:invoke	:read	[0 nil]
2026-03-09 22:58:46,994{GMT}	INFO	[jepsen worker 0] jepsen.util: 0	:fail	:read	[0 nil]	[:key-does-not-exist "not found"]
2026-03-09 22:58:47,179{GMT}	INFO	[jepsen worker 3] jepsen.util: 27	:invoke	:cas	[0 [0 1]]
2026-03-09 22:58:47,183{GMT}	INFO	[jepsen worker 3] jepsen.util: 27	:fail	:cas	[0 [0 1]]	[:key-does-not-exist "key not found"]
2026-03-09 22:58:47,318{GMT}	INFO	[jepsen worker 0] jepsen.util: 0	:invoke	:read	[0 nil]
2026-03-09 22:58:47,320{GMT}	INFO	[jepsen worker 0] jepsen.util: 0	:fail	:read	[0 nil]	[:key-does-not-exist "not found"]
2026-03-09 22:58:47,376{GMT}	INFO	[jepsen worker 1] jepsen.util: 1	:invoke	:read	[0 nil]
2026-03-09 22:58:47,377{GMT}	INFO	[jepsen worker 1] jepsen.util: 1	:fail	:read	[0 nil]	[:key-does-not-exist "not found"]
2026-03-09 22:58:47,472{GMT}	INFO	[jepsen worker 3] jepsen.util: 27	:invoke	:cas	[0 [3 2]]
2026-03-09 22:58:47,475{GMT}	INFO	[jepsen worker 3] jepsen.util: 27	:fail	:cas	[0 [3 2]]	[:key-does-not-exist "key not found"]
2026-03-09 22:58:47,546{GMT}	INFO	[jepsen worker 0] jepsen.util: 0	:invoke	:read	[0 nil]
2026-03-09 22:58:47,548{GMT}	INFO	[jepsen worker 0] jepsen.util: 0	:fail	:read	[0 nil]	[:key-does-not-exist "not found"]
2026-03-09 22:58:47,589{GMT}	INFO	[jepsen worker 0] jepsen.util: 0	:invoke	:read	[0 nil]
2026-03-09 22:58:47,591{GMT}	INFO	[jepsen worker 0] jepsen.util: 0	:fail	:read	[0 nil]	[:key-does-not-exist "not found"]
2026-03-09 22:58:47,695{GMT}	INFO	[jepsen worker 0] jepsen.util: 0	:invoke	:read	[0 nil]
2026-03-09 22:58:47,697{GMT}	INFO	[jepsen worker 0] jepsen.util: 0	:fail	:read	[0 nil]	[:key-does-not-exist "not found"]
2026-03-09 22:58:47,739{GMT}	INFO	[jepsen worker 3] jepsen.util: 27	:invoke	:write	[0 3]
2026-03-09 22:58:47,741{GMT}	INFO	[jepsen worker 3] jepsen.util: 27	:fail	:write	[0 3]	[:abort "TCP sender unavailable"]
2026-03-09 22:58:47,853{GMT}	INFO	[jepsen worker 3] jepsen.util: 27	:invoke	:cas	[0 [1 0]]
2026-03-09 22:58:47,854{GMT}	INFO	[jepsen worker 3] jepsen.util: 27	:fail	:cas	[0 [1 0]]	[:key-does-not-exist "key not found"]
2026-03-09 22:58:48,021{GMT}	INFO	[jepsen worker 1] jepsen.util: 1	:invoke	:read	[0 nil]
2026-03-09 22:58:48,024{GMT}	INFO	[jepsen worker 1] jepsen.util: 1	:fail	:read	[0 nil]	[:key-does-not-exist "not found"]
2026-03-09 22:58:48,073{GMT}	INFO	[jepsen worker 2] jepsen.util: 2	:invoke	:read	[0 nil]
2026-03-09 22:58:48,076{GMT}	INFO	[jepsen worker 2] jepsen.util: 2	:fail	:read	[0 nil]	[:key-does-not-exist "not found"]
2026-03-09 22:58:48,237{GMT}	INFO	[jepsen worker 3] jepsen.util: 27	:invoke	:cas	[0 [2 3]]
2026-03-09 22:58:48,251{GMT}	INFO	[jepsen worker 3] jepsen.util: 27	:fail	:cas	[0 [2 3]]	[:key-does-not-exist "key not found"]
2026-03-09 22:58:48,442{GMT}	INFO	[jepsen worker 0] jepsen.util: 0	:invoke	:read	[0 nil]
2026-03-09 22:58:48,444{GMT}	INFO	[jepsen worker 0] jepsen.util: 0	:fail	:read	[0 nil]	[:key-does-not-exist "not found"]
2026-03-09 22:58:48,534{GMT}	INFO	[jepsen worker 5] jepsen.util: 17	:invoke	:cas	[0 [1 0]]
2026-03-09 22:58:48,539{GMT}	INFO	[jepsen worker 5] jepsen.util: 17	:fail	:cas	[0 [1 0]]	[:key-does-not-exist "key not found"]
2026-03-09 22:58:48,620{GMT}	INFO	[jepsen worker 3] jepsen.util: 27	:invoke	:cas	[0 [0 3]]
2026-03-09 22:58:48,623{GMT}	INFO	[jepsen worker 3] jepsen.util: 27	:fail	:cas	[0 [0 3]]	[:key-does-not-exist "key not found"]
2026-03-09 22:58:48,701{GMT}	INFO	[jepsen worker 3] jepsen.util: 27	:invoke	:cas	[0 [1 0]]
2026-03-09 22:58:48,707{GMT}	INFO	[jepsen worker 3] jepsen.util: 27	:fail	:cas	[0 [1 0]]	[:key-does-not-exist "key not found"]
2026-03-09 22:58:48,724{GMT}	INFO	[jepsen worker 1] jepsen.util: 1	:invoke	:read	[0 nil]
2026-03-09 22:58:48,728{GMT}	INFO	[jepsen worker 1] jepsen.util: 1	:fail	:read	[0 nil]	[:key-does-not-exist "not found"]
2026-03-09 22:58:48,753{GMT}	INFO	[jepsen worker 3] jepsen.util: 27	:invoke	:cas	[0 [1 0]]
2026-03-09 22:58:48,755{GMT}	INFO	[jepsen worker 3] jepsen.util: 27	:fail	:cas	[0 [1 0]]	[:key-does-not-exist "key not found"]
2026-03-09 22:58:48,772{GMT}	INFO	[jepsen worker 3] jepsen.util: 27	:invoke	:cas	[0 [4 4]]
2026-03-09 22:58:48,774{GMT}	INFO	[jepsen worker 3] jepsen.util: 27	:fail	:cas	[0 [4 4]]	[:key-does-not-exist "key not found"]
2026-03-09 22:58:48,953{GMT}	INFO	[jepsen worker 4] jepsen.util: 4	:invoke	:cas	[0 [3 3]]
2026-03-09 22:58:48,957{GMT}	INFO	[jepsen worker 4] jepsen.util: 4	:fail	:cas	[0 [3 3]]	[:key-does-not-exist "key not found"]
2026-03-09 22:58:49,109{GMT}	INFO	[jepsen worker 5] jepsen.util: 17	:invoke	:cas	[0 [2 2]]
2026-03-09 22:58:49,113{GMT}	INFO	[jepsen worker 5] jepsen.util: 17	:fail	:cas	[0 [2 2]]	[:key-does-not-exist "key not found"]
2026-03-09 22:58:49,274{GMT}	INFO	[jepsen worker 3] jepsen.util: 27	:invoke	:cas	[0 [1 3]]
2026-03-09 22:58:49,279{GMT}	INFO	[jepsen worker 3] jepsen.util: 27	:fail	:cas	[0 [1 3]]	[:key-does-not-exist "key not found"]
2026-03-09 22:58:49,437{GMT}	INFO	[jepsen worker 0] jepsen.util: 0	:invoke	:read	[0 nil]
2026-03-09 22:58:49,441{GMT}	INFO	[jepsen worker 0] jepsen.util: 0	:fail	:read	[0 nil]	[:key-does-not-exist "not found"]
2026-03-09 22:58:49,541{GMT}	INFO	[jepsen worker 3] jepsen.util: 27	:invoke	:write	[0 0]
2026-03-09 22:58:49,546{GMT}	INFO	[jepsen worker 3] jepsen.util: 27	:fail	:write	[0 0]	[:abort "TCP sender unavailable"]
2026-03-09 22:58:49,553{GMT}	INFO	[jepsen worker 3] jepsen.util: 27	:invoke	:cas	[0 [1 0]]
2026-03-09 22:58:49,556{GMT}	INFO	[jepsen worker 3] jepsen.util: 27	:fail	:cas	[0 [1 0]]	[:key-does-not-exist "key not found"]
2026-03-09 22:58:49,732{GMT}	INFO	[jepsen worker 3] jepsen.util: 27	:invoke	:write	[0 3]
2026-03-09 22:58:49,734{GMT}	INFO	[jepsen worker 3] jepsen.util: 27	:fail	:write	[0 3]	[:abort "TCP sender unavailable"]
2026-03-09 22:58:49,808{GMT}	INFO	[jepsen worker 4] jepsen.util: 4	:invoke	:write	[0 2]
2026-03-09 22:58:49,810{GMT}	INFO	[jepsen worker 4] jepsen.util: 4	:fail	:write	[0 2]	[:abort "TCP sender unavailable"]
2026-03-09 22:58:49,842{GMT}	INFO	[jepsen worker 0] jepsen.util: 0	:invoke	:read	[0 nil]
2026-03-09 22:58:49,845{GMT}	INFO	[jepsen worker 0] jepsen.util: 0	:fail	:read	[0 nil]	[:key-does-not-exist "not found"]
2026-03-09 22:58:49,859{GMT}	INFO	[jepsen worker 3] jepsen.util: 27	:invoke	:write	[0 1]
2026-03-09 22:58:49,862{GMT}	INFO	[jepsen worker 3] jepsen.util: 27	:fail	:write	[0 1]	[:abort "TCP sender unavailable"]
2026-03-09 22:58:49,906{GMT}	INFO	[jepsen worker 3] jepsen.util: 27	:invoke	:cas	[0 [0 0]]
2026-03-09 22:58:49,909{GMT}	INFO	[jepsen worker 3] jepsen.util: 27	:fail	:cas	[0 [0 0]]	[:key-does-not-exist "key not found"]
2026-03-09 22:58:50,056{GMT}	INFO	[jepsen worker 1] jepsen.util: 1	:invoke	:read	[0 nil]
2026-03-09 22:58:50,060{GMT}	INFO	[jepsen worker 1] jepsen.util: 1	:fail	:read	[0 nil]	[:key-does-not-exist "not found"]
2026-03-09 22:58:50,193{GMT}	INFO	[jepsen worker 2] jepsen.util: 2	:invoke	:read	[0 nil]
2026-03-09 22:58:50,195{GMT}	INFO	[jepsen worker 2] jepsen.util: 2	:fail	:read	[0 nil]	[:key-does-not-exist "not found"]
2026-03-09 22:58:50,206{GMT}	INFO	[jepsen worker 3] jepsen.util: 27	:invoke	:write	[0 3]
2026-03-09 22:58:50,208{GMT}	INFO	[jepsen worker 3] jepsen.util: 27	:fail	:write	[0 3]	[:abort "TCP sender unavailable"]
2026-03-09 22:58:50,266{GMT}	INFO	[jepsen worker 4] jepsen.util: 4	:invoke	:cas	[0 [0 0]]
2026-03-09 22:58:50,271{GMT}	INFO	[jepsen worker 4] jepsen.util: 4	:fail	:cas	[0 [0 0]]	[:key-does-not-exist "key not found"]
2026-03-09 22:58:50,418{GMT}	INFO	[jepsen worker 5] jepsen.util: 17	:invoke	:cas	[0 [1 1]]
2026-03-09 22:58:50,420{GMT}	INFO	[jepsen worker 5] jepsen.util: 17	:fail	:cas	[0 [1 1]]	[:key-does-not-exist "key not found"]
2026-03-09 22:58:50,455{GMT}	INFO	[jepsen worker 3] jepsen.util: 27	:invoke	:write	[0 1]
2026-03-09 22:58:50,458{GMT}	INFO	[jepsen worker 3] jepsen.util: 27	:fail	:write	[0 1]	[:abort "TCP sender unavailable"]
2026-03-09 22:58:50,645{GMT}	INFO	[jepsen worker 3] jepsen.util: 27	:invoke	:write	[0 3]
2026-03-09 22:58:50,647{GMT}	INFO	[jepsen worker 3] jepsen.util: 27	:fail	:write	[0 3]	[:abort "TCP sender unavailable"]
2026-03-09 22:58:50,653{GMT}	INFO	[jepsen worker 1] jepsen.util: 1	:invoke	:read	[0 nil]
2026-03-09 22:58:50,655{GMT}	INFO	[jepsen worker 1] jepsen.util: 1	:fail	:read	[0 nil]	[:key-does-not-exist "not found"]
2026-03-09 22:58:50,835{GMT}	INFO	[jepsen worker 2] jepsen.util: 2	:invoke	:read	[0 nil]
2026-03-09 22:58:50,839{GMT}	INFO	[jepsen worker 2] jepsen.util: 2	:fail	:read	[0 nil]	[:key-does-not-exist "not found"]
2026-03-09 22:58:50,939{GMT}	INFO	[jepsen worker 0] jepsen.util: 0	:invoke	:read	[0 nil]
2026-03-09 22:58:50,963{GMT}	INFO	[jepsen worker 0] jepsen.util: 0	:fail	:read	[0 nil]	[:key-does-not-exist "not found"]
2026-03-09 22:58:51,079{GMT}	INFO	[jepsen worker 4] jepsen.util: 4	:invoke	:cas	[0 [0 1]]
2026-03-09 22:58:51,081{GMT}	INFO	[jepsen worker 4] jepsen.util: 4	:fail	:cas	[0 [0 1]]	[:key-does-not-exist "key not found"]
2026-03-09 22:58:51,086{GMT}	INFO	[jepsen worker 0] jepsen.util: 0	:invoke	:read	[0 nil]
2026-03-09 22:58:51,087{GMT}	INFO	[jepsen worker 0] jepsen.util: 0	:fail	:read	[0 nil]	[:key-does-not-exist "not found"]
2026-03-09 22:58:51,162{GMT}	INFO	[jepsen worker 3] jepsen.util: 27	:invoke	:cas	[0 [0 2]]
2026-03-09 22:58:51,164{GMT}	INFO	[jepsen worker 3] jepsen.util: 27	:fail	:cas	[0 [0 2]]	[:key-does-not-exist "key not found"]
2026-03-09 22:58:51,183{GMT}	INFO	[jepsen worker 0] jepsen.util: 0	:invoke	:read	[0 nil]
2026-03-09 22:58:51,184{GMT}	INFO	[jepsen worker 0] jepsen.util: 0	:fail	:read	[0 nil]	[:key-does-not-exist "not found"]
2026-03-09 22:58:51,334{GMT}	INFO	[jepsen worker 3] jepsen.util: 27	:invoke	:write	[0 1]
2026-03-09 22:58:51,336{GMT}	INFO	[jepsen worker 3] jepsen.util: 27	:fail	:write	[0 1]	[:abort "TCP sender unavailable"]
2026-03-09 22:58:51,471{GMT}	INFO	[jepsen worker 2] jepsen.util: 2	:invoke	:read	[0 nil]
2026-03-09 22:58:51,476{GMT}	INFO	[jepsen worker 2] jepsen.util: 2	:fail	:read	[0 nil]	[:key-does-not-exist "not found"]
2026-03-09 22:58:51,516{GMT}	INFO	[jepsen worker 3] jepsen.util: 27	:invoke	:cas	[0 [1 0]]
2026-03-09 22:58:51,519{GMT}	INFO	[jepsen worker 3] jepsen.util: 27	:fail	:cas	[0 [1 0]]	[:key-does-not-exist "key not found"]
2026-03-09 22:58:51,661{GMT}	INFO	[jepsen worker 0] jepsen.util: 0	:invoke	:read	[0 nil]
2026-03-09 22:58:51,663{GMT}	INFO	[jepsen worker 0] jepsen.util: 0	:fail	:read	[0 nil]	[:key-does-not-exist "not found"]
2026-03-09 22:58:51,854{GMT}	INFO	[jepsen worker 5] jepsen.util: 17	:invoke	:write	[0 4]
2026-03-09 22:58:51,856{GMT}	INFO	[jepsen worker 5] jepsen.util: 17	:fail	:write	[0 4]	[:abort "TCP sender unavailable"]
2026-03-09 22:58:51,929{GMT}	INFO	[jepsen worker 3] jepsen.util: 27	:invoke	:cas	[0 [1 0]]
2026-03-09 22:58:51,931{GMT}	INFO	[jepsen worker 3] jepsen.util: 27	:fail	:cas	[0 [1 0]]	[:key-does-not-exist "key not found"]
2026-03-09 22:58:51,982{GMT}	INFO	[jepsen worker 3] jepsen.util: 27	:invoke	:cas	[0 [0 2]]
2026-03-09 22:58:51,985{GMT}	INFO	[jepsen worker 3] jepsen.util: 27	:fail	:cas	[0 [0 2]]	[:key-does-not-exist "key not found"]
2026-03-09 22:58:52,177{GMT}	INFO	[jepsen worker 1] jepsen.util: 1	:invoke	:read	[0 nil]
2026-03-09 22:58:52,181{GMT}	INFO	[jepsen worker 1] jepsen.util: 1	:fail	:read	[0 nil]	[:key-does-not-exist "not found"]
2026-03-09 22:58:52,265{GMT}	INFO	[jepsen worker 3] jepsen.util: 27	:invoke	:cas	[0 [0 0]]
2026-03-09 22:58:52,269{GMT}	INFO	[jepsen worker 3] jepsen.util: 27	:fail	:cas	[0 [0 0]]	[:key-does-not-exist "key not found"]
2026-03-09 22:58:52,355{GMT}	INFO	[jepsen worker 3] jepsen.util: 27	:invoke	:cas	[0 [4 2]]
2026-03-09 22:58:52,356{GMT}	INFO	[jepsen worker 3] jepsen.util: 27	:fail	:cas	[0 [4 2]]	[:key-does-not-exist "key not found"]
2026-03-09 22:58:52,391{GMT}	INFO	[jepsen worker 4] jepsen.util: 4	:invoke	:cas	[0 [0 3]]
2026-03-09 22:58:52,393{GMT}	INFO	[jepsen worker 4] jepsen.util: 4	:fail	:cas	[0 [0 3]]	[:key-does-not-exist "key not found"]
2026-03-09 22:58:52,538{GMT}	INFO	[jepsen worker 5] jepsen.util: 17	:invoke	:cas	[0 [4 0]]
2026-03-09 22:58:52,539{GMT}	INFO	[jepsen worker 5] jepsen.util: 17	:fail	:cas	[0 [4 0]]	[:key-does-not-exist "key not found"]
2026-03-09 22:58:52,637{GMT}	INFO	[jepsen worker 0] jepsen.util: 0	:invoke	:read	[0 nil]
2026-03-09 22:58:52,639{GMT}	INFO	[jepsen worker 0] jepsen.util: 0	:fail	:read	[0 nil]	[:key-does-not-exist "not found"]
2026-03-09 22:58:52,660{GMT}	INFO	[jepsen worker 3] jepsen.util: 27	:invoke	:cas	[0 [4 2]]
2026-03-09 22:58:52,662{GMT}	INFO	[jepsen worker 3] jepsen.util: 27	:fail	:cas	[0 [4 2]]	[:key-does-not-exist "key not found"]
2026-03-09 22:58:52,725{GMT}	INFO	[jepsen worker 1] jepsen.util: 1	:invoke	:read	[0 nil]
2026-03-09 22:58:52,728{GMT}	INFO	[jepsen worker 1] jepsen.util: 1	:fail	:read	[0 nil]	[:key-does-not-exist "not found"]
2026-03-09 22:58:52,897{GMT}	INFO	[jepsen worker 2] jepsen.util: 2	:invoke	:read	[0 nil]
2026-03-09 22:58:52,903{GMT}	INFO	[jepsen worker 2] jepsen.util: 2	:fail	:read	[0 nil]	[:key-does-not-exist "not found"]
2026-03-09 22:58:52,948{GMT}	INFO	[jepsen worker 3] jepsen.util: 27	:invoke	:write	[0 1]
2026-03-09 22:58:52,953{GMT}	INFO	[jepsen worker 3] jepsen.util: 27	:fail	:write	[0 1]	[:abort "TCP sender unavailable"]
2026-03-09 22:58:53,090{GMT}	INFO	[jepsen worker 4] jepsen.util: 4	:invoke	:write	[0 1]
2026-03-09 22:58:53,095{GMT}	INFO	[jepsen worker 4] jepsen.util: 4	:fail	:write	[0 1]	[:abort "TCP sender unavailable"]
2026-03-09 22:58:53,134{GMT}	INFO	[jepsen worker 0] jepsen.util: 0	:invoke	:read	[0 nil]
2026-03-09 22:58:53,140{GMT}	INFO	[jepsen worker 0] jepsen.util: 0	:fail	:read	[0 nil]	[:key-does-not-exist "not found"]
2026-03-09 22:58:53,245{GMT}	INFO	[jepsen worker 3] jepsen.util: 27	:invoke	:cas	[0 [3 1]]
2026-03-09 22:58:53,250{GMT}	INFO	[jepsen worker 3] jepsen.util: 27	:fail	:cas	[0 [3 1]]	[:key-does-not-exist "key not found"]
2026-03-09 22:58:53,424{GMT}	INFO	[jepsen worker 3] jepsen.util: 27	:invoke	:cas	[0 [3 3]]
2026-03-09 22:58:53,428{GMT}	INFO	[jepsen worker 3] jepsen.util: 27	:fail	:cas	[0 [3 3]]	[:key-does-not-exist "key not found"]
2026-03-09 22:58:53,549{GMT}	INFO	[jepsen worker 3] jepsen.util: 27	:invoke	:write	[0 1]
2026-03-09 22:58:53,554{GMT}	INFO	[jepsen worker 3] jepsen.util: 27	:fail	:write	[0 1]	[:abort "TCP sender unavailable"]
2026-03-09 22:58:53,573{GMT}	INFO	[jepsen worker 2] jepsen.util: 2	:invoke	:read	[0 nil]
2026-03-09 22:58:53,577{GMT}	INFO	[jepsen worker 2] jepsen.util: 2	:fail	:read	[0 nil]	[:key-does-not-exist "not found"]
2026-03-09 22:58:53,755{GMT}	INFO	[jepsen worker 0] jepsen.util: 0	:invoke	:read	[0 nil]
2026-03-09 22:58:53,758{GMT}	INFO	[jepsen worker 0] jepsen.util: 0	:fail	:read	[0 nil]	[:key-does-not-exist "not found"]
2026-03-09 22:58:53,960{GMT}	INFO	[jepsen worker 0] jepsen.util: 0	:invoke	:read	[0 nil]
2026-03-09 22:58:53,965{GMT}	INFO	[jepsen worker 0] jepsen.util: 0	:fail	:read	[0 nil]	[:key-does-not-exist "not found"]
2026-03-09 22:58:54,053{GMT}	INFO	[jepsen worker 0] jepsen.util: 0	:invoke	:read	[0 nil]
2026-03-09 22:58:54,058{GMT}	INFO	[jepsen worker 0] jepsen.util: 0	:fail	:read	[0 nil]	[:key-does-not-exist "not found"]
2026-03-09 22:58:54,246{GMT}	INFO	[jepsen worker 0] jepsen.util: 0	:invoke	:read	[0 nil]
2026-03-09 22:58:54,247{GMT}	INFO	[jepsen worker 0] jepsen.util: 0	:fail	:read	[0 nil]	[:temporarily-unavailable "error sending request for url (http://127.0.0.1:8080/kv/get/0)"]
2026-03-09 22:58:54,410{GMT}	INFO	[jepsen worker 0] jepsen.util: 0	:invoke	:read	[0 nil]
2026-03-09 22:58:54,411{GMT}	INFO	[jepsen worker 0] jepsen.util: 0	:fail	:read	[0 nil]	[:temporarily-unavailable "error sending request for url (http://127.0.0.1:8080/kv/get/0)"]
2026-03-09 22:58:54,496{GMT}	INFO	[jepsen worker 1] jepsen.util: 1	:invoke	:read	[0 nil]
2026-03-09 22:58:54,499{GMT}	INFO	[jepsen worker 1] jepsen.util: 1	:fail	:read	[0 nil]	[:temporarily-unavailable "error sending request for url (http://127.0.0.1:8080/kv/get/0)"]
2026-03-09 22:58:54,652{GMT}	INFO	[jepsen worker 3] jepsen.util: 27	:invoke	:write	[0 2]
2026-03-09 22:58:54,654{GMT}	INFO	[jepsen worker 3] jepsen.util: 27	:fail	:write	[0 2]	[:temporarily-unavailable "error sending request for url (http://127.0.0.1:8080/kv/put)"]
2026-03-09 22:58:54,795{GMT}	INFO	[jepsen worker 0] jepsen.util: 0	:invoke	:read	[0 nil]
2026-03-09 22:58:54,797{GMT}	INFO	[jepsen worker 0] jepsen.util: 0	:fail	:read	[0 nil]	[:temporarily-unavailable "error sending request for url (http://127.0.0.1:8080/kv/get/0)"]
2026-03-09 22:58:54,997{GMT}	INFO	[jepsen worker 0] jepsen.util: 0	:invoke	:read	[0 nil]
2026-03-09 22:58:54,999{GMT}	INFO	[jepsen worker 0] jepsen.util: 0	:fail	:read	[0 nil]	[:temporarily-unavailable "error sending request for url (http://127.0.0.1:8080/kv/get/0)"]
2026-03-09 22:58:55,100{GMT}	INFO	[jepsen worker 5] jepsen.util: 17	:invoke	:cas	[0 [3 1]]
2026-03-09 22:58:55,103{GMT}	INFO	[jepsen worker 5] jepsen.util: 17	:fail	:cas	[0 [3 1]]	[:temporarily-unavailable "error sending request for url (http://127.0.0.1:8080/kv/get/0)"]
2026-03-09 22:58:55,211{GMT}	INFO	[jepsen worker 3] jepsen.util: 27	:invoke	:cas	[0 [3 0]]
2026-03-09 22:58:55,213{GMT}	INFO	[jepsen worker 3] jepsen.util: 27	:fail	:cas	[0 [3 0]]	[:temporarily-unavailable "error sending request for url (http://127.0.0.1:8080/kv/get/0)"]
2026-03-09 22:58:55,317{GMT}	INFO	[jepsen worker 3] jepsen.util: 27	:invoke	:cas	[0 [3 1]]
2026-03-09 22:58:55,319{GMT}	INFO	[jepsen worker 3] jepsen.util: 27	:fail	:cas	[0 [3 1]]	[:temporarily-unavailable "error sending request for url (http://127.0.0.1:8080/kv/get/0)"]
2026-03-09 22:58:55,456{GMT}	INFO	[jepsen worker 1] jepsen.util: 1	:invoke	:read	[0 nil]
2026-03-09 22:58:55,458{GMT}	INFO	[jepsen worker 1] jepsen.util: 1	:fail	:read	[0 nil]	[:temporarily-unavailable "error sending request for url (http://127.0.0.1:8080/kv/get/0)"]
2026-03-09 22:58:55,626{GMT}	INFO	[jepsen worker 2] jepsen.util: 2	:invoke	:read	[0 nil]
2026-03-09 22:58:55,627{GMT}	INFO	[jepsen worker 0] jepsen.util: 0	:invoke	:read	[0 nil]
2026-03-09 22:58:55,630{GMT}	INFO	[jepsen worker 0] jepsen.util: 0	:fail	:read	[0 nil]	[:temporarily-unavailable "error sending request for url (http://127.0.0.1:8080/kv/get/0)"]
2026-03-09 22:58:55,630{GMT}	INFO	[jepsen worker 2] jepsen.util: 2	:fail	:read	[0 nil]	[:temporarily-unavailable "error sending request for url (http://127.0.0.1:8080/kv/get/0)"]
2026-03-09 22:58:55,675{GMT}	INFO	[jepsen worker 0] jepsen.util: 0	:invoke	:read	[0 nil]
2026-03-09 22:58:55,677{GMT}	INFO	[jepsen worker 0] jepsen.util: 0	:fail	:read	[0 nil]	[:temporarily-unavailable "error sending request for url (http://127.0.0.1:8080/kv/get/0)"]
2026-03-09 22:58:55,813{GMT}	INFO	[jepsen worker 5] jepsen.util: 17	:invoke	:cas	[0 [2 0]]
2026-03-09 22:58:55,816{GMT}	INFO	[jepsen worker 5] jepsen.util: 17	:fail	:cas	[0 [2 0]]	[:temporarily-unavailable "error sending request for url (http://127.0.0.1:8080/kv/get/0)"]
2026-03-09 22:58:56,007{GMT}	INFO	[jepsen worker 0] jepsen.util: 0	:invoke	:read	[0 nil]
2026-03-09 22:58:56,015{GMT}	INFO	[jepsen worker 0] jepsen.util: 0	:fail	:read	[0 nil]	[:temporarily-unavailable "error sending request for url (http://127.0.0.1:8080/kv/get/0)"]
2026-03-09 22:58:56,097{GMT}	INFO	[jepsen worker 3] jepsen.util: 27	:invoke	:cas	[0 [0 2]]
2026-03-09 22:58:56,099{GMT}	INFO	[jepsen worker 3] jepsen.util: 27	:fail	:cas	[0 [0 2]]	[:temporarily-unavailable "error sending request for url (http://127.0.0.1:8080/kv/get/0)"]
2026-03-09 22:58:56,235{GMT}	INFO	[jepsen worker 3] jepsen.util: 27	:invoke	:cas	[0 [1 3]]
2026-03-09 22:58:56,239{GMT}	INFO	[jepsen worker 3] jepsen.util: 27	:fail	:cas	[0 [1 3]]	[:temporarily-unavailable "error sending request for url (http://127.0.0.1:8080/kv/get/0)"]
2026-03-09 22:58:56,417{GMT}	INFO	[jepsen worker 3] jepsen.util: 27	:invoke	:cas	[0 [0 4]]
2026-03-09 22:58:56,419{GMT}	INFO	[jepsen worker 3] jepsen.util: 27	:fail	:cas	[0 [0 4]]	[:temporarily-unavailable "error sending request for url (http://127.0.0.1:8080/kv/get/0)"]
2026-03-09 22:58:56,584{GMT}	INFO	[jepsen worker 3] jepsen.util: 27	:invoke	:cas	[0 [2 1]]
2026-03-09 22:58:56,588{GMT}	INFO	[jepsen worker 3] jepsen.util: 27	:fail	:cas	[0 [2 1]]	[:temporarily-unavailable "error sending request for url (http://127.0.0.1:8080/kv/get/0)"]
2026-03-09 22:58:56,686{GMT}	INFO	[jepsen worker 4] jepsen.util: 4	:invoke	:cas	[0 [0 3]]
2026-03-09 22:58:56,690{GMT}	INFO	[jepsen worker 4] jepsen.util: 4	:fail	:cas	[0 [0 3]]	[:temporarily-unavailable "error sending request for url (http://127.0.0.1:8080/kv/get/0)"]
2026-03-09 22:58:56,773{GMT}	INFO	[jepsen worker 5] jepsen.util: 17	:invoke	:cas	[0 [3 2]]
2026-03-09 22:58:56,774{GMT}	INFO	[jepsen worker 5] jepsen.util: 17	:fail	:cas	[0 [3 2]]	[:temporarily-unavailable "error sending request for url (http://127.0.0.1:8080/kv/get/0)"]
2026-03-09 22:58:56,923{GMT}	INFO	[jepsen worker 0] jepsen.util: 0	:invoke	:read	[0 nil]
2026-03-09 22:58:56,925{GMT}	INFO	[jepsen worker 0] jepsen.util: 0	:fail	:read	[0 nil]	[:temporarily-unavailable "error sending request for url (http://127.0.0.1:8080/kv/get/0)"]
2026-03-09 22:58:56,959{GMT}	INFO	[jepsen worker 0] jepsen.util: 0	:invoke	:read	[0 nil]
2026-03-09 22:58:56,960{GMT}	INFO	[jepsen worker 0] jepsen.util: 0	:fail	:read	[0 nil]	[:temporarily-unavailable "error sending request for url (http://127.0.0.1:8080/kv/get/0)"]
2026-03-09 22:58:57,136{GMT}	INFO	[jepsen worker 3] jepsen.util: 27	:invoke	:cas	[0 [2 4]]
2026-03-09 22:58:57,140{GMT}	INFO	[jepsen worker 3] jepsen.util: 27	:fail	:cas	[0 [2 4]]	[:temporarily-unavailable "error sending request for url (http://127.0.0.1:8080/kv/get/0)"]
2026-03-09 22:58:57,169{GMT}	INFO	[jepsen worker 2] jepsen.util: 2	:invoke	:read	[0 nil]
2026-03-09 22:58:57,170{GMT}	INFO	[jepsen worker 2] jepsen.util: 2	:fail	:read	[0 nil]	[:temporarily-unavailable "error sending request for url (http://127.0.0.1:8080/kv/get/0)"]
2026-03-09 22:58:57,359{GMT}	INFO	[jepsen worker 0] jepsen.util: 0	:invoke	:read	[0 nil]
2026-03-09 22:58:57,361{GMT}	INFO	[jepsen worker 0] jepsen.util: 0	:fail	:read	[0 nil]	[:temporarily-unavailable "error sending request for url (http://127.0.0.1:8080/kv/get/0)"]
2026-03-09 22:58:57,432{GMT}	INFO	[jepsen worker 0] jepsen.util: 0	:invoke	:read	[0 nil]
2026-03-09 22:58:57,433{GMT}	INFO	[jepsen worker 0] jepsen.util: 0	:fail	:read	[0 nil]	[:temporarily-unavailable "error sending request for url (http://127.0.0.1:8080/kv/get/0)"]
2026-03-09 22:58:57,572{GMT}	INFO	[jepsen worker 5] jepsen.util: 17	:invoke	:cas	[0 [3 0]]
2026-03-09 22:58:57,582{GMT}	INFO	[jepsen worker 5] jepsen.util: 17	:fail	:cas	[0 [3 0]]	[:temporarily-unavailable "error sending request for url (http://127.0.0.1:8080/kv/get/0)"]
2026-03-09 22:58:57,670{GMT}	INFO	[jepsen worker 3] jepsen.util: 27	:invoke	:write	[0 4]
2026-03-09 22:58:57,672{GMT}	INFO	[jepsen worker 3] jepsen.util: 27	:fail	:write	[0 4]	[:temporarily-unavailable "error sending request for url (http://127.0.0.1:8080/kv/put)"]
2026-03-09 22:58:57,707{GMT}	INFO	[jepsen worker 3] jepsen.util: 27	:invoke	:cas	[0 [4 1]]
2026-03-09 22:58:57,709{GMT}	INFO	[jepsen worker 3] jepsen.util: 27	:fail	:cas	[0 [4 1]]	[:temporarily-unavailable "error sending request for url (http://127.0.0.1:8080/kv/get/0)"]
2026-03-09 22:58:57,805{GMT}	INFO	[jepsen worker 3] jepsen.util: 27	:invoke	:write	[0 2]
2026-03-09 22:58:57,807{GMT}	INFO	[jepsen worker 3] jepsen.util: 27	:fail	:write	[0 2]	[:temporarily-unavailable "error sending request for url (http://127.0.0.1:8080/kv/put)"]
2026-03-09 22:58:57,931{GMT}	INFO	[jepsen worker 3] jepsen.util: 27	:invoke	:cas	[0 [3 0]]
2026-03-09 22:58:57,933{GMT}	INFO	[jepsen worker 3] jepsen.util: 27	:fail	:cas	[0 [3 0]]	[:temporarily-unavailable "error sending request for url (http://127.0.0.1:8080/kv/get/0)"]
2026-03-09 22:58:58,104{GMT}	INFO	[jepsen worker 0] jepsen.util: 0	:invoke	:read	[0 nil]
2026-03-09 22:58:58,109{GMT}	INFO	[jepsen worker 0] jepsen.util: 0	:fail	:read	[0 nil]	[:temporarily-unavailable "error sending request for url (http://127.0.0.1:8080/kv/get/0)"]
2026-03-09 22:58:58,232{GMT}	INFO	[jepsen worker 0] jepsen.util: 0	:invoke	:read	[0 nil]
2026-03-09 22:58:58,237{GMT}	INFO	[jepsen worker 0] jepsen.util: 0	:fail	:read	[0 nil]	[:temporarily-unavailable "error sending request for url (http://127.0.0.1:8080/kv/get/0)"]
2026-03-09 22:58:58,287{GMT}	INFO	[jepsen worker 5] jepsen.util: 17	:invoke	:cas	[0 [0 0]]
2026-03-09 22:58:58,292{GMT}	INFO	[jepsen worker 5] jepsen.util: 17	:fail	:cas	[0 [0 0]]	[:temporarily-unavailable "error sending request for url (http://127.0.0.1:8080/kv/get/0)"]
2026-03-09 22:58:58,333{GMT}	INFO	[jepsen worker 0] jepsen.util: 0	:invoke	:read	[0 nil]
2026-03-09 22:58:58,335{GMT}	INFO	[jepsen worker 0] jepsen.util: 0	:fail	:read	[0 nil]	[:temporarily-unavailable "error sending request for url (http://127.0.0.1:8080/kv/get/0)"]
2026-03-09 22:58:58,436{GMT}	INFO	[jepsen worker 3] jepsen.util: 27	:invoke	:cas	[0 [1 1]]
2026-03-09 22:58:58,441{GMT}	INFO	[jepsen worker 3] jepsen.util: 27	:fail	:cas	[0 [1 1]]	[:temporarily-unavailable "error sending request for url (http://127.0.0.1:8080/kv/get/0)"]
2026-03-09 22:58:58,616{GMT}	INFO	[jepsen worker 1] jepsen.util: 1	:invoke	:read	[0 nil]
2026-03-09 22:58:58,620{GMT}	INFO	[jepsen worker 1] jepsen.util: 1	:fail	:read	[0 nil]	[:temporarily-unavailable "error sending request for url (http://127.0.0.1:8080/kv/get/0)"]
2026-03-09 22:58:58,727{GMT}	INFO	[jepsen worker 2] jepsen.util: 2	:invoke	:read	[0 nil]
2026-03-09 22:58:58,730{GMT}	INFO	[jepsen worker 2] jepsen.util: 2	:fail	:read	[0 nil]	[:temporarily-unavailable "error sending request for url (http://127.0.0.1:8080/kv/get/0)"]
2026-03-09 22:58:58,870{GMT}	INFO	[jepsen worker 0] jepsen.util: 0	:invoke	:read	[0 nil]
2026-03-09 22:58:58,874{GMT}	INFO	[jepsen worker 0] jepsen.util: 0	:fail	:read	[0 nil]	[:temporarily-unavailable "error sending request for url (http://127.0.0.1:8080/kv/get/0)"]
2026-03-09 22:58:59,004{GMT}	INFO	[jepsen worker 4] jepsen.util: 4	:invoke	:cas	[0 [4 3]]
2026-03-09 22:58:59,008{GMT}	INFO	[jepsen worker 4] jepsen.util: 4	:fail	:cas	[0 [4 3]]	[:temporarily-unavailable "error sending request for url (http://127.0.0.1:8080/kv/get/0)"]
2026-03-09 22:58:59,017{GMT}	INFO	[jepsen worker 5] jepsen.util: 17	:invoke	:write	[0 2]
2026-03-09 22:58:59,019{GMT}	INFO	[jepsen worker 5] jepsen.util: 17	:fail	:write	[0 2]	[:temporarily-unavailable "error sending request for url (http://127.0.0.1:8080/kv/put)"]
2026-03-09 22:58:59,210{GMT}	INFO	[jepsen worker 0] jepsen.util: 0	:invoke	:read	[0 nil]
2026-03-09 22:58:59,211{GMT}	INFO	[jepsen worker 0] jepsen.util: 0	:fail	:read	[0 nil]	[:temporarily-unavailable "error sending request for url (http://127.0.0.1:8080/kv/get/0)"]
2026-03-09 22:58:59,375{GMT}	INFO	[jepsen worker 0] jepsen.util: 0	:invoke	:read	[0 nil]
2026-03-09 22:58:59,378{GMT}	INFO	[jepsen worker 0] jepsen.util: 0	:fail	:read	[0 nil]	[:temporarily-unavailable "error sending request for url (http://127.0.0.1:8080/kv/get/0)"]
2026-03-09 22:58:59,491{GMT}	INFO	[jepsen worker 3] jepsen.util: 27	:invoke	:write	[0 0]
2026-03-09 22:58:59,499{GMT}	INFO	[jepsen worker 3] jepsen.util: 27	:fail	:write	[0 0]	[:temporarily-unavailable "error sending request for url (http://127.0.0.1:8080/kv/put)"]
2026-03-09 22:58:59,669{GMT}	INFO	[jepsen worker 2] jepsen.util: 2	:invoke	:read	[0 nil]
2026-03-09 22:58:59,670{GMT}	INFO	[jepsen worker 2] jepsen.util: 2	:fail	:read	[0 nil]	[:temporarily-unavailable "error sending request for url (http://127.0.0.1:8080/kv/get/0)"]
2026-03-09 22:58:59,691{GMT}	INFO	[jepsen worker 3] jepsen.util: 27	:invoke	:write	[0 2]
2026-03-09 22:58:59,692{GMT}	INFO	[jepsen worker 3] jepsen.util: 27	:fail	:write	[0 2]	[:temporarily-unavailable "error sending request for url (http://127.0.0.1:8080/kv/put)"]
2026-03-09 22:58:59,748{GMT}	INFO	[jepsen worker 4] jepsen.util: 4	:invoke	:cas	[0 [4 3]]
2026-03-09 22:58:59,749{GMT}	INFO	[jepsen worker 4] jepsen.util: 4	:fail	:cas	[0 [4 3]]	[:temporarily-unavailable "error sending request for url (http://127.0.0.1:8080/kv/get/0)"]
2026-03-09 22:58:59,834{GMT}	INFO	[jepsen worker 0] jepsen.util: 0	:invoke	:read	[0 nil]
2026-03-09 22:58:59,835{GMT}	INFO	[jepsen worker 0] jepsen.util: 0	:fail	:read	[0 nil]	[:temporarily-unavailable "error sending request for url (http://127.0.0.1:8080/kv/get/0)"]
2026-03-09 22:58:59,925{GMT}	INFO	[jepsen worker 3] jepsen.util: 27	:invoke	:cas	[0 [4 1]]
2026-03-09 22:58:59,927{GMT}	INFO	[jepsen worker 3] jepsen.util: 27	:fail	:cas	[0 [4 1]]	[:temporarily-unavailable "error sending request for url (http://127.0.0.1:8080/kv/get/0)"]
2026-03-09 22:59:00,098{GMT}	INFO	[jepsen worker 0] jepsen.util: 0	:invoke	:read	[0 nil]
2026-03-09 22:59:00,100{GMT}	INFO	[jepsen worker 0] jepsen.util: 0	:fail	:read	[0 nil]	[:temporarily-unavailable "error sending request for url (http://127.0.0.1:8080/kv/get/0)"]
2026-03-09 22:59:00,147{GMT}	INFO	[jepsen worker 1] jepsen.util: 1	:invoke	:read	[0 nil]
2026-03-09 22:59:00,148{GMT}	INFO	[jepsen worker 1] jepsen.util: 1	:fail	:read	[0 nil]	[:temporarily-unavailable "error sending request for url (http://127.0.0.1:8080/kv/get/0)"]
2026-03-09 22:59:00,304{GMT}	INFO	[jepsen worker 3] jepsen.util: 27	:invoke	:cas	[0 [4 1]]
2026-03-09 22:59:00,306{GMT}	INFO	[jepsen worker 3] jepsen.util: 27	:fail	:cas	[0 [4 1]]	[:temporarily-unavailable "error sending request for url (http://127.0.0.1:8080/kv/get/0)"]
2026-03-09 22:59:00,473{GMT}	INFO	[jepsen worker 3] jepsen.util: 27	:invoke	:write	[0 3]
2026-03-09 22:59:00,477{GMT}	INFO	[jepsen worker 3] jepsen.util: 27	:fail	:write	[0 3]	[:temporarily-unavailable "error sending request for url (http://127.0.0.1:8080/kv/put)"]
2026-03-09 22:59:00,506{GMT}	INFO	[jepsen worker 4] jepsen.util: 4	:invoke	:cas	[0 [1 1]]
2026-03-09 22:59:00,510{GMT}	INFO	[jepsen worker 4] jepsen.util: 4	:fail	:cas	[0 [1 1]]	[:temporarily-unavailable "error sending request for url (http://127.0.0.1:8080/kv/get/0)"]
2026-03-09 22:59:00,590{GMT}	INFO	[jepsen worker 5] jepsen.util: 17	:invoke	:cas	[0 [0 1]]
2026-03-09 22:59:00,592{GMT}	INFO	[jepsen worker 5] jepsen.util: 17	:fail	:cas	[0 [0 1]]	[:temporarily-unavailable "error sending request for url (http://127.0.0.1:8080/kv/get/0)"]
2026-03-09 22:59:00,686{GMT}	INFO	[jepsen worker 3] jepsen.util: 27	:invoke	:cas	[0 [2 2]]
2026-03-09 22:59:00,688{GMT}	INFO	[jepsen worker 3] jepsen.util: 27	:fail	:cas	[0 [2 2]]	[:temporarily-unavailable "error sending request for url (http://127.0.0.1:8080/kv/get/0)"]
2026-03-09 22:59:00,739{GMT}	INFO	[jepsen worker 3] jepsen.util: 27	:invoke	:write	[0 2]
2026-03-09 22:59:00,740{GMT}	INFO	[jepsen worker 3] jepsen.util: 27	:fail	:write	[0 2]	[:temporarily-unavailable "error sending request for url (http://127.0.0.1:8080/kv/put)"]
2026-03-09 22:59:00,769{GMT}	INFO	[jepsen worker 1] jepsen.util: 1	:invoke	:read	[0 nil]
2026-03-09 22:59:00,770{GMT}	INFO	[jepsen worker 1] jepsen.util: 1	:fail	:read	[0 nil]	[:temporarily-unavailable "error sending request for url (http://127.0.0.1:8080/kv/get/0)"]
2026-03-09 22:59:00,914{GMT}	INFO	[jepsen worker 3] jepsen.util: 27	:invoke	:cas	[0 [1 3]]
2026-03-09 22:59:00,916{GMT}	INFO	[jepsen worker 3] jepsen.util: 27	:fail	:cas	[0 [1 3]]	[:temporarily-unavailable "error sending request for url (http://127.0.0.1:8080/kv/get/0)"]
2026-03-09 22:59:01,028{GMT}	INFO	[jepsen worker 0] jepsen.util: 0	:invoke	:read	[0 nil]
2026-03-09 22:59:01,030{GMT}	INFO	[jepsen worker 0] jepsen.util: 0	:fail	:read	[0 nil]	[:temporarily-unavailable "error sending request for url (http://127.0.0.1:8080/kv/get/0)"]
2026-03-09 22:59:01,150{GMT}	INFO	[jepsen worker 4] jepsen.util: 4	:invoke	:cas	[0 [4 1]]
2026-03-09 22:59:01,152{GMT}	INFO	[jepsen worker 4] jepsen.util: 4	:fail	:cas	[0 [4 1]]	[:temporarily-unavailable "error sending request for url (http://127.0.0.1:8080/kv/get/0)"]
2026-03-09 22:59:01,233{GMT}	INFO	[jepsen worker 5] jepsen.util: 17	:invoke	:cas	[0 [0 1]]
2026-03-09 22:59:01,235{GMT}	INFO	[jepsen worker 5] jepsen.util: 17	:fail	:cas	[0 [0 1]]	[:temporarily-unavailable "error sending request for url (http://127.0.0.1:8080/kv/get/0)"]
2026-03-09 22:59:01,274{GMT}	INFO	[jepsen worker 0] jepsen.util: 0	:invoke	:read	[0 nil]
2026-03-09 22:59:01,275{GMT}	INFO	[jepsen worker 0] jepsen.util: 0	:fail	:read	[0 nil]	[:temporarily-unavailable "error sending request for url (http://127.0.0.1:8080/kv/get/0)"]
2026-03-09 22:59:01,434{GMT}	INFO	[jepsen worker 0] jepsen.util: 0	:invoke	:read	[0 nil]
2026-03-09 22:59:01,437{GMT}	INFO	[jepsen worker 0] jepsen.util: 0	:fail	:read	[0 nil]	[:temporarily-unavailable "error sending request for url (http://127.0.0.1:8080/kv/get/0)"]
2026-03-09 22:59:01,534{GMT}	INFO	[jepsen worker 1] jepsen.util: 1	:invoke	:read	[0 nil]
2026-03-09 22:59:01,535{GMT}	INFO	[jepsen worker 1] jepsen.util: 1	:fail	:read	[0 nil]	[:temporarily-unavailable "error sending request for url (http://127.0.0.1:8080/kv/get/0)"]
2026-03-09 22:59:01,735{GMT}	INFO	[jepsen worker 2] jepsen.util: 2	:invoke	:read	[0 nil]
2026-03-09 22:59:01,737{GMT}	INFO	[jepsen worker 2] jepsen.util: 2	:fail	:read	[0 nil]	[:temporarily-unavailable "error sending request for url (http://127.0.0.1:8080/kv/get/0)"]
2026-03-09 22:59:01,828{GMT}	INFO	[jepsen worker 0] jepsen.util: 0	:invoke	:read	[0 nil]
2026-03-09 22:59:01,830{GMT}	INFO	[jepsen worker 0] jepsen.util: 0	:fail	:read	[0 nil]	[:temporarily-unavailable "error sending request for url (http://127.0.0.1:8080/kv/get/0)"]
2026-03-09 22:59:01,911{GMT}	INFO	[jepsen worker 0] jepsen.util: 0	:invoke	:read	[0 nil]
2026-03-09 22:59:01,915{GMT}	INFO	[jepsen worker 0] jepsen.util: 0	:fail	:read	[0 nil]	[:temporarily-unavailable "error sending request for url (http://127.0.0.1:8080/kv/get/0)"]
2026-03-09 22:59:02,050{GMT}	INFO	[jepsen worker 5] jepsen.util: 17	:invoke	:cas	[0 [0 1]]
2026-03-09 22:59:02,053{GMT}	INFO	[jepsen worker 5] jepsen.util: 17	:fail	:cas	[0 [0 1]]	[:temporarily-unavailable "error sending request for url (http://127.0.0.1:8080/kv/get/0)"]
2026-03-09 22:59:02,107{GMT}	INFO	[jepsen worker 3] jepsen.util: 27	:invoke	:cas	[0 [3 0]]
2026-03-09 22:59:02,124{GMT}	INFO	[jepsen worker 3] jepsen.util: 27	:fail	:cas	[0 [3 0]]	[:temporarily-unavailable "error sending request for url (http://127.0.0.1:8080/kv/get/0)"]
2026-03-09 22:59:02,156{GMT}	INFO	[jepsen worker 3] jepsen.util: 27	:invoke	:cas	[0 [4 1]]
2026-03-09 22:59:02,159{GMT}	INFO	[jepsen worker 3] jepsen.util: 27	:fail	:cas	[0 [4 1]]	[:temporarily-unavailable "error sending request for url (http://127.0.0.1:8080/kv/get/0)"]
2026-03-09 22:59:02,312{GMT}	INFO	[jepsen worker 3] jepsen.util: 27	:invoke	:cas	[0 [2 3]]
2026-03-09 22:59:02,314{GMT}	INFO	[jepsen worker 3] jepsen.util: 27	:fail	:cas	[0 [2 3]]	[:temporarily-unavailable "error sending request for url (http://127.0.0.1:8080/kv/get/0)"]
2026-03-09 22:59:02,472{GMT}	INFO	[jepsen worker 3] jepsen.util: 27	:invoke	:write	[0 1]
2026-03-09 22:59:02,474{GMT}	INFO	[jepsen worker 3] jepsen.util: 27	:fail	:write	[0 1]	[:temporarily-unavailable "error sending request for url (http://127.0.0.1:8080/kv/put)"]
2026-03-09 22:59:02,647{GMT}	INFO	[jepsen worker 0] jepsen.util: 0	:invoke	:read	[0 nil]
2026-03-09 22:59:02,649{GMT}	INFO	[jepsen worker 0] jepsen.util: 0	:fail	:read	[0 nil]	[:temporarily-unavailable "error sending request for url (http://127.0.0.1:8080/kv/get/0)"]
2026-03-09 22:59:02,844{GMT}	INFO	[jepsen worker 0] jepsen.util: 0	:invoke	:read	[0 nil]
2026-03-09 22:59:02,847{GMT}	INFO	[jepsen worker 0] jepsen.util: 0	:fail	:read	[0 nil]	[:temporarily-unavailable "error sending request for url (http://127.0.0.1:8080/kv/get/0)"]
2026-03-09 22:59:03,048{GMT}	INFO	[jepsen worker 0] jepsen.util: 0	:invoke	:read	[0 nil]
2026-03-09 22:59:03,052{GMT}	INFO	[jepsen worker 0] jepsen.util: 0	:fail	:read	[0 nil]	[:temporarily-unavailable "error sending request for url (http://127.0.0.1:8080/kv/get/0)"]
2026-03-09 22:59:03,235{GMT}	INFO	[jepsen worker 3] jepsen.util: 27	:invoke	:cas	[0 [2 3]]
2026-03-09 22:59:03,240{GMT}	INFO	[jepsen worker 3] jepsen.util: 27	:fail	:cas	[0 [2 3]]	[:temporarily-unavailable "error sending request for url (http://127.0.0.1:8080/kv/get/0)"]
2026-03-09 22:59:03,407{GMT}	INFO	[jepsen worker 3] jepsen.util: 27	:invoke	:cas	[0 [4 1]]
2026-03-09 22:59:03,411{GMT}	INFO	[jepsen worker 3] jepsen.util: 27	:fail	:cas	[0 [4 1]]	[:temporarily-unavailable "error sending request for url (http://127.0.0.1:8080/kv/get/0)"]
2026-03-09 22:59:03,503{GMT}	INFO	[jepsen worker 1] jepsen.util: 1	:invoke	:read	[0 nil]
2026-03-09 22:59:03,507{GMT}	INFO	[jepsen worker 1] jepsen.util: 1	:fail	:read	[0 nil]	[:temporarily-unavailable "error sending request for url (http://127.0.0.1:8080/kv/get/0)"]
2026-03-09 22:59:03,626{GMT}	INFO	[jepsen worker 2] jepsen.util: 2	:invoke	:read	[0 nil]
2026-03-09 22:59:03,629{GMT}	INFO	[jepsen worker 2] jepsen.util: 2	:fail	:read	[0 nil]	[:temporarily-unavailable "error sending request for url (http://127.0.0.1:8080/kv/get/0)"]
2026-03-09 22:59:03,723{GMT}	INFO	[jepsen worker 3] jepsen.util: 27	:invoke	:cas	[0 [0 0]]
2026-03-09 22:59:03,725{GMT}	INFO	[jepsen worker 3] jepsen.util: 27	:fail	:cas	[0 [0 0]]	[:temporarily-unavailable "error sending request for url (http://127.0.0.1:8080/kv/get/0)"]
2026-03-09 22:59:03,923{GMT}	INFO	[jepsen worker 4] jepsen.util: 4	:invoke	:write	[0 4]
2026-03-09 22:59:03,926{GMT}	INFO	[jepsen worker 4] jepsen.util: 4	:fail	:write	[0 4]	[:temporarily-unavailable "error sending request for url (http://127.0.0.1:8080/kv/put)"]
2026-03-09 22:59:04,064{GMT}	INFO	[jepsen worker 5] jepsen.util: 17	:invoke	:cas	[0 [3 3]]
2026-03-09 22:59:04,066{GMT}	INFO	[jepsen worker 5] jepsen.util: 17	:fail	:cas	[0 [3 3]]	[:temporarily-unavailable "error sending request for url (http://127.0.0.1:8080/kv/get/0)"]
2026-03-09 22:59:04,206{GMT}	INFO	[jepsen worker 3] jepsen.util: 27	:invoke	:write	[0 4]
2026-03-09 22:59:04,210{GMT}	INFO	[jepsen worker 3] jepsen.util: 27	:fail	:write	[0 4]	[:temporarily-unavailable "error sending request for url (http://127.0.0.1:8080/kv/put)"]
2026-03-09 22:59:04,325{GMT}	INFO	[jepsen worker 0] jepsen.util: 0	:invoke	:read	[0 nil]
2026-03-09 22:59:04,326{GMT}	INFO	[jepsen worker 0] jepsen.util: 0	:fail	:read	[0 nil]	[:temporarily-unavailable "error sending request for url (http://127.0.0.1:8080/kv/get/0)"]
2026-03-09 22:59:04,375{GMT}	INFO	[jepsen worker 1] jepsen.util: 1	:invoke	:read	[0 nil]
2026-03-09 22:59:04,376{GMT}	INFO	[jepsen worker 1] jepsen.util: 1	:fail	:read	[0 nil]	[:temporarily-unavailable "error sending request for url (http://127.0.0.1:8080/kv/get/0)"]
2026-03-09 22:59:04,451{GMT}	INFO	[jepsen worker 2] jepsen.util: 2	:invoke	:read	[0 nil]
2026-03-09 22:59:04,453{GMT}	INFO	[jepsen worker 2] jepsen.util: 2	:fail	:read	[0 nil]	[:temporarily-unavailable "error sending request for url (http://127.0.0.1:8080/kv/get/0)"]
2026-03-09 22:59:04,537{GMT}	INFO	[jepsen worker 0] jepsen.util: 0	:invoke	:read	[0 nil]
2026-03-09 22:59:04,540{GMT}	INFO	[jepsen worker 0] jepsen.util: 0	:fail	:read	[0 nil]	[:temporarily-unavailable "error sending request for url (http://127.0.0.1:8080/kv/get/0)"]
2026-03-09 22:59:04,585{GMT}	INFO	[jepsen worker 4] jepsen.util: 4	:invoke	:write	[0 4]
2026-03-09 22:59:04,586{GMT}	INFO	[jepsen worker 4] jepsen.util: 4	:fail	:write	[0 4]	[:temporarily-unavailable "error sending request for url (http://127.0.0.1:8080/kv/put)"]
2026-03-09 22:59:04,610{GMT}	INFO	[jepsen worker 0] jepsen.util: 0	:invoke	:read	[0 nil]
2026-03-09 22:59:04,611{GMT}	INFO	[jepsen worker 0] jepsen.util: 0	:fail	:read	[0 nil]	[:temporarily-unavailable "error sending request for url (http://127.0.0.1:8080/kv/get/0)"]
2026-03-09 22:59:04,679{GMT}	INFO	[jepsen worker 0] jepsen.util: 0	:invoke	:read	[0 nil]
2026-03-09 22:59:04,681{GMT}	INFO	[jepsen worker 0] jepsen.util: 0	:fail	:read	[0 nil]	[:temporarily-unavailable "error sending request for url (http://127.0.0.1:8080/kv/get/0)"]
2026-03-09 22:59:04,784{GMT}	INFO	[jepsen worker 3] jepsen.util: 27	:invoke	:cas	[0 [0 2]]
2026-03-09 22:59:04,787{GMT}	INFO	[jepsen worker 3] jepsen.util: 27	:fail	:cas	[0 [0 2]]	[:temporarily-unavailable "error sending request for url (http://127.0.0.1:8080/kv/get/0)"]
2026-03-09 22:59:04,932{GMT}	INFO	[jepsen worker 1] jepsen.util: 1	:invoke	:read	[0 nil]
2026-03-09 22:59:04,934{GMT}	INFO	[jepsen worker 1] jepsen.util: 1	:fail	:read	[0 nil]	[:temporarily-unavailable "error sending request for url (http://127.0.0.1:8080/kv/get/0)"]
2026-03-09 22:59:04,985{GMT}	INFO	[jepsen worker 3] jepsen.util: 27	:invoke	:cas	[0 [0 4]]
2026-03-09 22:59:04,987{GMT}	INFO	[jepsen worker 3] jepsen.util: 27	:fail	:cas	[0 [0 4]]	[:temporarily-unavailable "error sending request for url (http://127.0.0.1:8080/kv/get/0)"]
2026-03-09 22:59:05,133{GMT}	INFO	[jepsen worker 0] jepsen.util: 0	:invoke	:read	[0 nil]
2026-03-09 22:59:05,135{GMT}	INFO	[jepsen worker 0] jepsen.util: 0	:fail	:read	[0 nil]	[:temporarily-unavailable "error sending request for url (http://127.0.0.1:8080/kv/get/0)"]
2026-03-09 22:59:05,270{GMT}	INFO	[jepsen worker 0] jepsen.util: 0	:invoke	:read	[0 nil]
2026-03-09 22:59:05,271{GMT}	INFO	[jepsen worker 0] jepsen.util: 0	:fail	:read	[0 nil]	[:temporarily-unavailable "error sending request for url (http://127.0.0.1:8080/kv/get/0)"]
2026-03-09 22:59:05,420{GMT}	INFO	[jepsen worker 0] jepsen.util: 0	:invoke	:read	[0 nil]
2026-03-09 22:59:05,421{GMT}	INFO	[jepsen worker 0] jepsen.util: 0	:fail	:read	[0 nil]	[:temporarily-unavailable "error sending request for url (http://127.0.0.1:8080/kv/get/0)"]
2026-03-09 22:59:05,612{GMT}	INFO	[jepsen worker 3] jepsen.util: 27	:invoke	:cas	[0 [0 1]]
2026-03-09 22:59:05,614{GMT}	INFO	[jepsen worker 3] jepsen.util: 27	:fail	:cas	[0 [0 1]]	[:temporarily-unavailable "error sending request for url (http://127.0.0.1:8080/kv/get/0)"]
2026-03-09 22:59:05,806{GMT}	INFO	[jepsen worker 0] jepsen.util: 0	:invoke	:read	[0 nil]
2026-03-09 22:59:05,809{GMT}	INFO	[jepsen worker 0] jepsen.util: 0	:fail	:read	[0 nil]	[:temporarily-unavailable "error sending request for url (http://127.0.0.1:8080/kv/get/0)"]
2026-03-09 22:59:05,863{GMT}	INFO	[jepsen worker 1] jepsen.util: 1	:invoke	:read	[0 nil]
2026-03-09 22:59:05,871{GMT}	INFO	[jepsen worker 1] jepsen.util: 1	:fail	:read	[0 nil]	[:temporarily-unavailable "error sending request for url (http://127.0.0.1:8080/kv/get/0)"]
2026-03-09 22:59:05,935{GMT}	INFO	[jepsen worker 3] jepsen.util: 27	:invoke	:cas	[0 [4 0]]
2026-03-09 22:59:05,937{GMT}	INFO	[jepsen worker 3] jepsen.util: 27	:fail	:cas	[0 [4 0]]	[:temporarily-unavailable "error sending request for url (http://127.0.0.1:8080/kv/get/0)"]
2026-03-09 22:59:06,006{GMT}	INFO	[jepsen worker 3] jepsen.util: 27	:invoke	:cas	[0 [1 4]]
2026-03-09 22:59:06,008{GMT}	INFO	[jepsen worker 3] jepsen.util: 27	:fail	:cas	[0 [1 4]]	[:temporarily-unavailable "error sending request for url (http://127.0.0.1:8080/kv/get/0)"]
2026-03-09 22:59:06,181{GMT}	INFO	[jepsen worker 4] jepsen.util: 4	:invoke	:write	[0 0]
2026-03-09 22:59:06,182{GMT}	INFO	[jepsen worker 4] jepsen.util: 4	:fail	:write	[0 0]	[:temporarily-unavailable "error sending request for url (http://127.0.0.1:8080/kv/put)"]
2026-03-09 22:59:06,319{GMT}	INFO	[jepsen worker 5] jepsen.util: 17	:invoke	:cas	[0 [0 1]]
2026-03-09 22:59:06,321{GMT}	INFO	[jepsen worker 5] jepsen.util: 17	:fail	:cas	[0 [0 1]]	[:temporarily-unavailable "error sending request for url (http://127.0.0.1:8080/kv/get/0)"]
2026-03-09 22:59:06,362{GMT}	INFO	[jepsen worker 3] jepsen.util: 27	:invoke	:cas	[0 [1 0]]
2026-03-09 22:59:06,363{GMT}	INFO	[jepsen worker 3] jepsen.util: 27	:fail	:cas	[0 [1 0]]	[:temporarily-unavailable "error sending request for url (http://127.0.0.1:8080/kv/get/0)"]
2026-03-09 22:59:06,501{GMT}	INFO	[jepsen worker 0] jepsen.util: 0	:invoke	:read	[0 nil]
2026-03-09 22:59:06,502{GMT}	INFO	[jepsen worker 0] jepsen.util: 0	:fail	:read	[0 nil]	[:temporarily-unavailable "error sending request for url (http://127.0.0.1:8080/kv/get/0)"]
2026-03-09 22:59:06,608{GMT}	INFO	[jepsen worker 1] jepsen.util: 1	:invoke	:read	[0 nil]
2026-03-09 22:59:06,610{GMT}	INFO	[jepsen worker 1] jepsen.util: 1	:fail	:read	[0 nil]	[:temporarily-unavailable "error sending request for url (http://127.0.0.1:8080/kv/get/0)"]
2026-03-09 22:59:06,772{GMT}	INFO	[jepsen worker 2] jepsen.util: 2	:invoke	:read	[0 nil]
2026-03-09 22:59:06,773{GMT}	INFO	[jepsen worker 2] jepsen.util: 2	:fail	:read	[0 nil]	[:temporarily-unavailable "error sending request for url (http://127.0.0.1:8080/kv/get/0)"]
2026-03-09 22:59:06,912{GMT}	INFO	[jepsen worker 0] jepsen.util: 0	:invoke	:read	[0 nil]
2026-03-09 22:59:06,913{GMT}	INFO	[jepsen worker 0] jepsen.util: 0	:fail	:read	[0 nil]	[:temporarily-unavailable "error sending request for url (http://127.0.0.1:8080/kv/get/0)"]
2026-03-09 22:59:07,001{GMT}	INFO	[jepsen worker 0] jepsen.util: 0	:invoke	:read	[0 nil]
2026-03-09 22:59:07,002{GMT}	INFO	[jepsen worker 0] jepsen.util: 0	:fail	:read	[0 nil]	[:temporarily-unavailable "error sending request for url (http://127.0.0.1:8080/kv/get/0)"]
2026-03-09 22:59:07,176{GMT}	INFO	[jepsen worker 5] jepsen.util: 17	:invoke	:cas	[0 [1 2]]
2026-03-09 22:59:07,177{GMT}	INFO	[jepsen worker 5] jepsen.util: 17	:fail	:cas	[0 [1 2]]	[:temporarily-unavailable "error sending request for url (http://127.0.0.1:8080/kv/get/0)"]
2026-03-09 22:59:07,285{GMT}	INFO	[jepsen worker 0] jepsen.util: 0	:invoke	:read	[0 nil]
2026-03-09 22:59:07,286{GMT}	INFO	[jepsen worker 0] jepsen.util: 0	:fail	:read	[0 nil]	[:temporarily-unavailable "error sending request for url (http://127.0.0.1:8080/kv/get/0)"]
2026-03-09 22:59:07,312{GMT}	INFO	[jepsen worker 3] jepsen.util: 27	:invoke	:cas	[0 [1 3]]
2026-03-09 22:59:07,313{GMT}	INFO	[jepsen worker 3] jepsen.util: 27	:fail	:cas	[0 [1 3]]	[:temporarily-unavailable "error sending request for url (http://127.0.0.1:8080/kv/get/0)"]
2026-03-09 22:59:07,376{GMT}	INFO	[jepsen worker 3] jepsen.util: 27	:invoke	:cas	[0 [1 4]]
2026-03-09 22:59:07,377{GMT}	INFO	[jepsen worker 3] jepsen.util: 27	:fail	:cas	[0 [1 4]]	[:temporarily-unavailable "error sending request for url (http://127.0.0.1:8080/kv/get/0)"]
2026-03-09 22:59:07,478{GMT}	INFO	[jepsen worker 2] jepsen.util: 2	:invoke	:read	[0 nil]
2026-03-09 22:59:07,480{GMT}	INFO	[jepsen worker 2] jepsen.util: 2	:fail	:read	[0 nil]	[:temporarily-unavailable "error sending request for url (http://127.0.0.1:8080/kv/get/0)"]
2026-03-09 22:59:07,536{GMT}	INFO	[jepsen worker 0] jepsen.util: 0	:invoke	:read	[0 nil]
2026-03-09 22:59:07,537{GMT}	INFO	[jepsen worker 0] jepsen.util: 0	:fail	:read	[0 nil]	[:temporarily-unavailable "error sending request for url (http://127.0.0.1:8080/kv/get/0)"]
2026-03-09 22:59:07,685{GMT}	INFO	[jepsen worker 4] jepsen.util: 4	:invoke	:write	[0 3]
2026-03-09 22:59:07,689{GMT}	INFO	[jepsen worker 4] jepsen.util: 4	:fail	:write	[0 3]	[:temporarily-unavailable "error sending request for url (http://127.0.0.1:8080/kv/put)"]
2026-03-09 22:59:07,857{GMT}	INFO	[jepsen worker 0] jepsen.util: 0	:invoke	:read	[0 nil]
2026-03-09 22:59:07,860{GMT}	INFO	[jepsen worker 0] jepsen.util: 0	:fail	:read	[0 nil]	[:temporarily-unavailable "error sending request for url (http://127.0.0.1:8080/kv/get/0)"]
2026-03-09 22:59:08,029{GMT}	INFO	[jepsen worker 0] jepsen.util: 0	:invoke	:read	[0 nil]
2026-03-09 22:59:08,031{GMT}	INFO	[jepsen worker 0] jepsen.util: 0	:fail	:read	[0 nil]	[:temporarily-unavailable "error sending request for url (http://127.0.0.1:8080/kv/get/0)"]
2026-03-09 22:59:08,187{GMT}	INFO	[jepsen worker 3] jepsen.util: 27	:invoke	:cas	[0 [2 4]]
2026-03-09 22:59:08,188{GMT}	INFO	[jepsen worker 3] jepsen.util: 27	:fail	:cas	[0 [2 4]]	[:temporarily-unavailable "error sending request for url (http://127.0.0.1:8080/kv/get/0)"]
2026-03-09 22:59:08,383{GMT}	INFO	[jepsen worker 3] jepsen.util: 27	:invoke	:cas	[0 [4 0]]
2026-03-09 22:59:08,387{GMT}	INFO	[jepsen worker 3] jepsen.util: 27	:fail	:cas	[0 [4 0]]	[:temporarily-unavailable "error sending request for url (http://127.0.0.1:8080/kv/get/0)"]
2026-03-09 22:59:08,562{GMT}	INFO	[jepsen worker 2] jepsen.util: 2	:invoke	:read	[0 nil]
2026-03-09 22:59:08,564{GMT}	INFO	[jepsen worker 2] jepsen.util: 2	:fail	:read	[0 nil]	[:temporarily-unavailable "error sending request for url (http://127.0.0.1:8080/kv/get/0)"]
2026-03-09 22:59:08,617{GMT}	INFO	[jepsen worker 0] jepsen.util: 0	:invoke	:read	[0 nil]
2026-03-09 22:59:08,619{GMT}	INFO	[jepsen worker 0] jepsen.util: 0	:fail	:read	[0 nil]	[:temporarily-unavailable "error sending request for url (http://127.0.0.1:8080/kv/get/0)"]
2026-03-09 22:59:08,763{GMT}	INFO	[jepsen worker 0] jepsen.util: 0	:invoke	:read	[0 nil]
2026-03-09 22:59:08,767{GMT}	INFO	[jepsen worker 0] jepsen.util: 0	:fail	:read	[0 nil]	[:temporarily-unavailable "error sending request for url (http://127.0.0.1:8080/kv/get/0)"]
2026-03-09 22:59:08,889{GMT}	INFO	[jepsen worker 0] jepsen.util: 0	:invoke	:read	[0 nil]
2026-03-09 22:59:08,890{GMT}	INFO	[jepsen worker 0] jepsen.util: 0	:fail	:read	[0 nil]	[:temporarily-unavailable "error sending request for url (http://127.0.0.1:8080/kv/get/0)"]
2026-03-09 22:59:08,946{GMT}	INFO	[jepsen worker 0] jepsen.util: 0	:invoke	:read	[0 nil]
2026-03-09 22:59:08,947{GMT}	INFO	[jepsen worker 0] jepsen.util: 0	:fail	:read	[0 nil]	[:temporarily-unavailable "error sending request for url (http://127.0.0.1:8080/kv/get/0)"]
2026-03-09 22:59:09,120{GMT}	INFO	[jepsen worker 3] jepsen.util: 27	:invoke	:write	[0 0]
2026-03-09 22:59:09,122{GMT}	INFO	[jepsen worker 3] jepsen.util: 27	:fail	:write	[0 0]	[:temporarily-unavailable "error sending request for url (http://127.0.0.1:8080/kv/put)"]
2026-03-09 22:59:09,196{GMT}	INFO	[jepsen worker 3] jepsen.util: 27	:invoke	:cas	[0 [3 3]]
2026-03-09 22:59:09,213{GMT}	INFO	[jepsen worker 3] jepsen.util: 27	:fail	:cas	[0 [3 3]]	[:temporarily-unavailable "error sending request for url (http://127.0.0.1:8080/kv/get/0)"]
2026-03-09 22:59:09,273{GMT}	INFO	[jepsen worker 3] jepsen.util: 27	:invoke	:cas	[0 [0 2]]
2026-03-09 22:59:09,277{GMT}	INFO	[jepsen worker 0] jepsen.util: 0	:invoke	:read	[0 nil]
2026-03-09 22:59:09,277{GMT}	INFO	[jepsen worker 3] jepsen.util: 27	:fail	:cas	[0 [0 2]]	[:temporarily-unavailable "error sending request for url (http://127.0.0.1:8080/kv/get/0)"]
2026-03-09 22:59:09,279{GMT}	INFO	[jepsen worker 0] jepsen.util: 0	:fail	:read	[0 nil]	[:temporarily-unavailable "error sending request for url (http://127.0.0.1:8080/kv/get/0)"]
2026-03-09 22:59:09,303{GMT}	INFO	[jepsen worker 4] jepsen.util: 4	:invoke	:write	[0 3]
2026-03-09 22:59:09,308{GMT}	INFO	[jepsen worker 4] jepsen.util: 4	:fail	:write	[0 3]	[:temporarily-unavailable "error sending request for url (http://127.0.0.1:8080/kv/put)"]
2026-03-09 22:59:09,354{GMT}	INFO	[jepsen worker 0] jepsen.util: 0	:invoke	:read	[0 nil]
2026-03-09 22:59:09,360{GMT}	INFO	[jepsen worker 0] jepsen.util: 0	:fail	:read	[0 nil]	[:temporarily-unavailable "error sending request for url (http://127.0.0.1:8080/kv/get/0)"]
2026-03-09 22:59:09,452{GMT}	INFO	[jepsen worker 0] jepsen.util: 0	:invoke	:read	[0 nil]
2026-03-09 22:59:09,455{GMT}	INFO	[jepsen worker 0] jepsen.util: 0	:fail	:read	[0 nil]	[:temporarily-unavailable "error sending request for url (http://127.0.0.1:8080/kv/get/0)"]
2026-03-09 22:59:09,466{GMT}	INFO	[jepsen worker 0] jepsen.util: 0	:invoke	:read	[0 nil]
2026-03-09 22:59:09,468{GMT}	INFO	[jepsen worker 0] jepsen.util: 0	:fail	:read	[0 nil]	[:temporarily-unavailable "error sending request for url (http://127.0.0.1:8080/kv/get/0)"]
2026-03-09 22:59:09,614{GMT}	INFO	[jepsen worker 3] jepsen.util: 27	:invoke	:write	[0 2]
2026-03-09 22:59:09,617{GMT}	INFO	[jepsen worker 3] jepsen.util: 27	:fail	:write	[0 2]	[:temporarily-unavailable "error sending request for url (http://127.0.0.1:8080/kv/put)"]
2026-03-09 22:59:09,747{GMT}	INFO	[jepsen worker 2] jepsen.util: 2	:invoke	:read	[0 nil]
2026-03-09 22:59:09,748{GMT}	INFO	[jepsen worker 2] jepsen.util: 2	:fail	:read	[0 nil]	[:temporarily-unavailable "error sending request for url (http://127.0.0.1:8080/kv/get/0)"]
2026-03-09 22:59:09,899{GMT}	INFO	[jepsen worker 0] jepsen.util: 0	:invoke	:read	[0 nil]
2026-03-09 22:59:09,903{GMT}	INFO	[jepsen worker 0] jepsen.util: 0	:fail	:read	[0 nil]	[:temporarily-unavailable "error sending request for url (http://127.0.0.1:8080/kv/get/0)"]
2026-03-09 22:59:09,908{GMT}	INFO	[jepsen worker 4] jepsen.util: 4	:invoke	:cas	[0 [4 0]]
2026-03-09 22:59:09,911{GMT}	INFO	[jepsen worker 4] jepsen.util: 4	:fail	:cas	[0 [4 0]]	[:temporarily-unavailable "error sending request for url (http://127.0.0.1:8080/kv/get/0)"]
2026-03-09 22:59:10,033{GMT}	INFO	[jepsen worker 5] jepsen.util: 17	:invoke	:write	[0 4]
2026-03-09 22:59:10,036{GMT}	INFO	[jepsen worker 5] jepsen.util: 17	:fail	:write	[0 4]	[:temporarily-unavailable "error sending request for url (http://127.0.0.1:8080/kv/put)"]
2026-03-09 22:59:10,093{GMT}	INFO	[jepsen worker 3] jepsen.util: 27	:invoke	:write	[0 0]
2026-03-09 22:59:10,095{GMT}	INFO	[jepsen worker 3] jepsen.util: 27	:fail	:write	[0 0]	[:temporarily-unavailable "error sending request for url (http://127.0.0.1:8080/kv/put)"]
2026-03-09 22:59:10,248{GMT}	INFO	[jepsen worker 3] jepsen.util: 27	:invoke	:cas	[0 [1 1]]
2026-03-09 22:59:10,251{GMT}	INFO	[jepsen worker 3] jepsen.util: 27	:fail	:cas	[0 [1 1]]	[:temporarily-unavailable "error sending request for url (http://127.0.0.1:8080/kv/get/0)"]
2026-03-09 22:59:10,294{GMT}	INFO	[jepsen worker 1] jepsen.util: 1	:invoke	:read	[0 nil]
2026-03-09 22:59:10,296{GMT}	INFO	[jepsen worker 1] jepsen.util: 1	:fail	:read	[0 nil]	[:temporarily-unavailable "error sending request for url (http://127.0.0.1:8080/kv/get/0)"]
2026-03-09 22:59:10,339{GMT}	INFO	[jepsen worker 3] jepsen.util: 27	:invoke	:write	[0 4]
2026-03-09 22:59:10,340{GMT}	INFO	[jepsen worker 3] jepsen.util: 27	:fail	:write	[0 4]	[:temporarily-unavailable "error sending request for url (http://127.0.0.1:8080/kv/put)"]
2026-03-09 22:59:10,412{GMT}	INFO	[jepsen worker 3] jepsen.util: 27	:invoke	:cas	[0 [2 4]]
2026-03-09 22:59:10,413{GMT}	INFO	[jepsen worker 3] jepsen.util: 27	:fail	:cas	[0 [2 4]]	[:temporarily-unavailable "error sending request for url (http://127.0.0.1:8080/kv/get/0)"]
2026-03-09 22:59:10,585{GMT}	INFO	[jepsen worker 4] jepsen.util: 4	:invoke	:write	[0 3]
2026-03-09 22:59:10,587{GMT}	INFO	[jepsen worker 4] jepsen.util: 4	:fail	:write	[0 3]	[:temporarily-unavailable "error sending request for url (http://127.0.0.1:8080/kv/put)"]
2026-03-09 22:59:10,778{GMT}	INFO	[jepsen worker 5] jepsen.util: 17	:invoke	:cas	[0 [0 0]]
2026-03-09 22:59:10,780{GMT}	INFO	[jepsen worker 5] jepsen.util: 17	:fail	:cas	[0 [0 0]]	[:temporarily-unavailable "error sending request for url (http://127.0.0.1:8080/kv/get/0)"]
2026-03-09 22:59:10,794{GMT}	INFO	[jepsen worker 3] jepsen.util: 27	:invoke	:write	[0 1]
2026-03-09 22:59:10,795{GMT}	INFO	[jepsen worker 3] jepsen.util: 27	:fail	:write	[0 1]	[:temporarily-unavailable "error sending request for url (http://127.0.0.1:8080/kv/put)"]
2026-03-09 22:59:10,922{GMT}	INFO	[jepsen worker 0] jepsen.util: 0	:invoke	:read	[0 nil]
2026-03-09 22:59:10,924{GMT}	INFO	[jepsen worker 0] jepsen.util: 0	:fail	:read	[0 nil]	[:temporarily-unavailable "error sending request for url (http://127.0.0.1:8080/kv/get/0)"]
2026-03-09 22:59:11,036{GMT}	INFO	[jepsen worker 3] jepsen.util: 27	:invoke	:cas	[0 [0 1]]
2026-03-09 22:59:11,037{GMT}	INFO	[jepsen worker 3] jepsen.util: 27	:fail	:cas	[0 [0 1]]	[:temporarily-unavailable "error sending request for url (http://127.0.0.1:8080/kv/get/0)"]
2026-03-09 22:59:11,067{GMT}	INFO	[jepsen worker 3] jepsen.util: 27	:invoke	:cas	[0 [2 1]]
2026-03-09 22:59:11,069{GMT}	INFO	[jepsen worker 3] jepsen.util: 27	:fail	:cas	[0 [2 1]]	[:temporarily-unavailable "error sending request for url (http://127.0.0.1:8080/kv/get/0)"]
2026-03-09 22:59:11,117{GMT}	INFO	[jepsen worker 3] jepsen.util: 27	:invoke	:cas	[0 [2 3]]
2026-03-09 22:59:11,118{GMT}	INFO	[jepsen worker 3] jepsen.util: 27	:fail	:cas	[0 [2 3]]	[:temporarily-unavailable "error sending request for url (http://127.0.0.1:8080/kv/get/0)"]
2026-03-09 22:59:11,305{GMT}	INFO	[jepsen worker 4] jepsen.util: 4	:invoke	:cas	[0 [2 4]]
2026-03-09 22:59:11,306{GMT}	INFO	[jepsen worker 4] jepsen.util: 4	:fail	:cas	[0 [2 4]]	[:temporarily-unavailable "error sending request for url (http://127.0.0.1:8080/kv/get/0)"]
2026-03-09 22:59:11,448{GMT}	INFO	[jepsen worker 5] jepsen.util: 17	:invoke	:cas	[0 [0 2]]
2026-03-09 22:59:11,449{GMT}	INFO	[jepsen worker 5] jepsen.util: 17	:fail	:cas	[0 [0 2]]	[:temporarily-unavailable "error sending request for url (http://127.0.0.1:8080/kv/get/0)"]
2026-03-09 22:59:11,510{GMT}	INFO	[jepsen worker 0] jepsen.util: 0	:invoke	:read	[0 nil]
2026-03-09 22:59:11,511{GMT}	INFO	[jepsen worker 0] jepsen.util: 0	:fail	:read	[0 nil]	[:temporarily-unavailable "error sending request for url (http://127.0.0.1:8080/kv/get/0)"]
2026-03-09 22:59:11,521{GMT}	INFO	[jepsen worker 0] jepsen.util: 0	:invoke	:read	[0 nil]
2026-03-09 22:59:11,522{GMT}	INFO	[jepsen worker 0] jepsen.util: 0	:fail	:read	[0 nil]	[:temporarily-unavailable "error sending request for url (http://127.0.0.1:8080/kv/get/0)"]
2026-03-09 22:59:11,712{GMT}	INFO	[jepsen worker 1] jepsen.util: 1	:invoke	:read	[0 nil]
2026-03-09 22:59:11,713{GMT}	INFO	[jepsen worker 1] jepsen.util: 1	:fail	:read	[0 nil]	[:temporarily-unavailable "error sending request for url (http://127.0.0.1:8080/kv/get/0)"]
2026-03-09 22:59:11,757{GMT}	INFO	[jepsen worker 2] jepsen.util: 2	:invoke	:read	[0 nil]
2026-03-09 22:59:11,758{GMT}	INFO	[jepsen worker 2] jepsen.util: 2	:fail	:read	[0 nil]	[:temporarily-unavailable "error sending request for url (http://127.0.0.1:8080/kv/get/0)"]
2026-03-09 22:59:11,952{GMT}	INFO	[jepsen worker 0] jepsen.util: 0	:invoke	:read	[0 nil]
2026-03-09 22:59:11,956{GMT}	INFO	[jepsen worker 0] jepsen.util: 0	:fail	:read	[0 nil]	[:temporarily-unavailable "error sending request for url (http://127.0.0.1:8080/kv/get/0)"]
2026-03-09 22:59:12,145{GMT}	INFO	[jepsen worker 0] jepsen.util: 0	:invoke	:read	[0 nil]
2026-03-09 22:59:12,147{GMT}	INFO	[jepsen worker 0] jepsen.util: 0	:fail	:read	[0 nil]	[:temporarily-unavailable "error sending request for url (http://127.0.0.1:8080/kv/get/0)"]
2026-03-09 22:59:12,200{GMT}	INFO	[jepsen worker 5] jepsen.util: 17	:invoke	:cas	[0 [2 3]]
2026-03-09 22:59:12,201{GMT}	INFO	[jepsen worker 5] jepsen.util: 17	:fail	:cas	[0 [2 3]]	[:temporarily-unavailable "error sending request for url (http://127.0.0.1:8080/kv/get/0)"]
2026-03-09 22:59:12,304{GMT}	INFO	[jepsen worker 0] jepsen.util: 0	:invoke	:read	[0 nil]
2026-03-09 22:59:12,305{GMT}	INFO	[jepsen worker 0] jepsen.util: 0	:fail	:read	[0 nil]	[:temporarily-unavailable "error sending request for url (http://127.0.0.1:8080/kv/get/0)"]
2026-03-09 22:59:12,473{GMT}	INFO	[jepsen worker 0] jepsen.util: 0	:invoke	:read	[0 nil]
2026-03-09 22:59:12,476{GMT}	INFO	[jepsen worker 0] jepsen.util: 0	:fail	:read	[0 nil]	[:temporarily-unavailable "error sending request for url (http://127.0.0.1:8080/kv/get/0)"]
2026-03-09 22:59:12,657{GMT}	INFO	[jepsen worker 1] jepsen.util: 1	:invoke	:read	[0 nil]
2026-03-09 22:59:12,661{GMT}	INFO	[jepsen worker 1] jepsen.util: 1	:fail	:read	[0 nil]	[:temporarily-unavailable "error sending request for url (http://127.0.0.1:8080/kv/get/0)"]
2026-03-09 22:59:12,841{GMT}	INFO	[jepsen worker 2] jepsen.util: 2	:invoke	:read	[0 nil]
2026-03-09 22:59:12,845{GMT}	INFO	[jepsen worker 2] jepsen.util: 2	:fail	:read	[0 nil]	[:temporarily-unavailable "error sending request for url (http://127.0.0.1:8080/kv/get/0)"]
2026-03-09 22:59:12,962{GMT}	INFO	[jepsen worker 0] jepsen.util: 0	:invoke	:read	[0 nil]
2026-03-09 22:59:12,966{GMT}	INFO	[jepsen worker 0] jepsen.util: 0	:fail	:read	[0 nil]	[:temporarily-unavailable "error sending request for url (http://127.0.0.1:8080/kv/get/0)"]
2026-03-09 22:59:13,030{GMT}	INFO	[jepsen worker 4] jepsen.util: 4	:invoke	:write	[0 4]
2026-03-09 22:59:13,034{GMT}	INFO	[jepsen worker 4] jepsen.util: 4	:fail	:write	[0 4]	[:temporarily-unavailable "error sending request for url (http://127.0.0.1:8080/kv/put)"]
2026-03-09 22:59:13,082{GMT}	INFO	[jepsen worker 5] jepsen.util: 17	:invoke	:write	[0 0]
2026-03-09 22:59:13,086{GMT}	INFO	[jepsen worker 5] jepsen.util: 17	:fail	:write	[0 0]	[:temporarily-unavailable "error sending request for url (http://127.0.0.1:8080/kv/put)"]
2026-03-09 22:59:13,170{GMT}	INFO	[jepsen worker 0] jepsen.util: 0	:invoke	:read	[0 nil]
2026-03-09 22:59:13,174{GMT}	INFO	[jepsen worker 0] jepsen.util: 0	:fail	:read	[0 nil]	[:temporarily-unavailable "error sending request for url (http://127.0.0.1:8080/kv/get/0)"]
2026-03-09 22:59:13,328{GMT}	INFO	[jepsen worker 3] jepsen.util: 27	:invoke	:write	[0 4]
2026-03-09 22:59:13,329{GMT}	INFO	[jepsen worker 3] jepsen.util: 27	:fail	:write	[0 4]	[:temporarily-unavailable "error sending request for url (http://127.0.0.1:8080/kv/put)"]
2026-03-09 22:59:13,426{GMT}	INFO	[jepsen worker 3] jepsen.util: 27	:invoke	:write	[0 2]
2026-03-09 22:59:13,427{GMT}	INFO	[jepsen worker 3] jepsen.util: 27	:fail	:write	[0 2]	[:temporarily-unavailable "error sending request for url (http://127.0.0.1:8080/kv/put)"]
2026-03-09 22:59:13,573{GMT}	INFO	[jepsen worker 3] jepsen.util: 27	:invoke	:write	[0 1]
2026-03-09 22:59:13,576{GMT}	INFO	[jepsen worker 3] jepsen.util: 27	:fail	:write	[0 1]	[:temporarily-unavailable "error sending request for url (http://127.0.0.1:8080/kv/put)"]
2026-03-09 22:59:13,640{GMT}	INFO	[jepsen worker 0] jepsen.util: 0	:invoke	:read	[0 nil]
2026-03-09 22:59:13,643{GMT}	INFO	[jepsen worker 0] jepsen.util: 0	:fail	:read	[0 nil]	[:temporarily-unavailable "error sending request for url (http://127.0.0.1:8080/kv/get/0)"]
2026-03-09 22:59:13,797{GMT}	INFO	[jepsen worker 4] jepsen.util: 4	:invoke	:cas	[0 [3 4]]
2026-03-09 22:59:13,800{GMT}	INFO	[jepsen worker 4] jepsen.util: 4	:fail	:cas	[0 [3 4]]	[:temporarily-unavailable "error sending request for url (http://127.0.0.1:8080/kv/get/0)"]
2026-03-09 22:59:13,803{GMT}	INFO	[jepsen worker 0] jepsen.util: 0	:invoke	:read	[0 nil]
2026-03-09 22:59:13,806{GMT}	INFO	[jepsen worker 0] jepsen.util: 0	:fail	:read	[0 nil]	[:temporarily-unavailable "error sending request for url (http://127.0.0.1:8080/kv/get/0)"]
2026-03-09 22:59:13,980{GMT}	INFO	[jepsen worker 3] jepsen.util: 27	:invoke	:cas	[0 [4 1]]
2026-03-09 22:59:13,983{GMT}	INFO	[jepsen worker 3] jepsen.util: 27	:fail	:cas	[0 [4 1]]	[:temporarily-unavailable "error sending request for url (http://127.0.0.1:8080/kv/get/0)"]
2026-03-09 22:59:14,021{GMT}	INFO	[jepsen worker 3] jepsen.util: 27	:invoke	:write	[0 2]
2026-03-09 22:59:14,025{GMT}	INFO	[jepsen worker 3] jepsen.util: 27	:fail	:write	[0 2]	[:temporarily-unavailable "error sending request for url (http://127.0.0.1:8080/kv/put)"]
2026-03-09 22:59:14,057{GMT}	INFO	[jepsen worker 3] jepsen.util: 27	:invoke	:cas	[0 [1 0]]
2026-03-09 22:59:14,059{GMT}	INFO	[jepsen worker 3] jepsen.util: 27	:fail	:cas	[0 [1 0]]	[:temporarily-unavailable "error sending request for url (http://127.0.0.1:8080/kv/get/0)"]
2026-03-09 22:59:14,131{GMT}	INFO	[jepsen worker 2] jepsen.util: 2	:invoke	:read	[0 nil]
2026-03-09 22:59:14,134{GMT}	INFO	[jepsen worker 2] jepsen.util: 2	:fail	:read	[0 nil]	[:temporarily-unavailable "error sending request for url (http://127.0.0.1:8080/kv/get/0)"]
2026-03-09 22:59:14,243{GMT}	INFO	[jepsen worker 3] jepsen.util: 27	:invoke	:cas	[0 [1 3]]
2026-03-09 22:59:14,247{GMT}	INFO	[jepsen worker 3] jepsen.util: 27	:fail	:cas	[0 [1 3]]	[:temporarily-unavailable "error sending request for url (http://127.0.0.1:8080/kv/get/0)"]
2026-03-09 22:59:14,275{GMT}	INFO	[jepsen worker 4] jepsen.util: 4	:invoke	:cas	[0 [0 0]]
2026-03-09 22:59:14,279{GMT}	INFO	[jepsen worker 4] jepsen.util: 4	:fail	:cas	[0 [0 0]]	[:temporarily-unavailable "error sending request for url (http://127.0.0.1:8080/kv/get/0)"]
2026-03-09 22:59:14,307{GMT}	INFO	[jepsen worker 0] jepsen.util: 0	:invoke	:read	[0 nil]
2026-03-09 22:59:14,312{GMT}	INFO	[jepsen worker 0] jepsen.util: 0	:fail	:read	[0 nil]	[:temporarily-unavailable "error sending request for url (http://127.0.0.1:8080/kv/get/0)"]
2026-03-09 22:59:14,352{GMT}	INFO	[jepsen worker 3] jepsen.util: 27	:invoke	:write	[0 0]
2026-03-09 22:59:14,355{GMT}	INFO	[jepsen worker 3] jepsen.util: 27	:fail	:write	[0 0]	[:temporarily-unavailable "error sending request for url (http://127.0.0.1:8080/kv/put)"]
2026-03-09 22:59:14,383{GMT}	INFO	[jepsen worker 0] jepsen.util: 0	:invoke	:read	[0 nil]
2026-03-09 22:59:14,384{GMT}	INFO	[jepsen worker 0] jepsen.util: 0	:fail	:read	[0 nil]	[:temporarily-unavailable "error sending request for url (http://127.0.0.1:8080/kv/get/0)"]
2026-03-09 22:59:14,523{GMT}	INFO	[jepsen worker 3] jepsen.util: 27	:invoke	:cas	[0 [3 0]]
2026-03-09 22:59:14,527{GMT}	INFO	[jepsen worker 3] jepsen.util: 27	:fail	:cas	[0 [3 0]]	[:temporarily-unavailable "error sending request for url (http://127.0.0.1:8080/kv/get/0)"]
2026-03-09 22:59:14,562{GMT}	INFO	[jepsen worker 3] jepsen.util: 27	:invoke	:write	[0 2]
2026-03-09 22:59:14,564{GMT}	INFO	[jepsen worker 3] jepsen.util: 27	:fail	:write	[0 2]	[:temporarily-unavailable "error sending request for url (http://127.0.0.1:8080/kv/put)"]
2026-03-09 22:59:14,683{GMT}	INFO	[jepsen worker 0] jepsen.util: 0	:invoke	:read	[0 nil]
2026-03-09 22:59:14,687{GMT}	INFO	[jepsen worker 0] jepsen.util: 0	:fail	:read	[0 nil]	[:temporarily-unavailable "error sending request for url (http://127.0.0.1:8080/kv/get/0)"]
2026-03-09 22:59:14,714{GMT}	INFO	[jepsen worker 0] jepsen.util: 0	:invoke	:read	[0 nil]
2026-03-09 22:59:14,717{GMT}	INFO	[jepsen worker 0] jepsen.util: 0	:fail	:read	[0 nil]	[:temporarily-unavailable "error sending request for url (http://127.0.0.1:8080/kv/get/0)"]
2026-03-09 22:59:14,850{GMT}	INFO	[jepsen worker 0] jepsen.util: 0	:invoke	:read	[0 nil]
2026-03-09 22:59:14,853{GMT}	INFO	[jepsen worker 0] jepsen.util: 0	:fail	:read	[0 nil]	[:temporarily-unavailable "error sending request for url (http://127.0.0.1:8080/kv/get/0)"]
2026-03-09 22:59:15,007{GMT}	INFO	[jepsen worker 3] jepsen.util: 27	:invoke	:cas	[0 [3 0]]
2026-03-09 22:59:15,010{GMT}	INFO	[jepsen worker 3] jepsen.util: 27	:fail	:cas	[0 [3 0]]	[:temporarily-unavailable "error sending request for url (http://127.0.0.1:8080/kv/get/0)"]
2026-03-09 22:59:15,206{GMT}	INFO	[jepsen worker 3] jepsen.util: 27	:invoke	:cas	[0 [3 0]]
2026-03-09 22:59:15,209{GMT}	INFO	[jepsen worker 3] jepsen.util: 27	:fail	:cas	[0 [3 0]]	[:temporarily-unavailable "error sending request for url (http://127.0.0.1:8080/kv/get/0)"]
2026-03-09 22:59:15,352{GMT}	INFO	[jepsen worker 3] jepsen.util: 27	:invoke	:cas	[0 [0 3]]
2026-03-09 22:59:15,356{GMT}	INFO	[jepsen worker 3] jepsen.util: 27	:fail	:cas	[0 [0 3]]	[:temporarily-unavailable "error sending request for url (http://127.0.0.1:8080/kv/get/0)"]
2026-03-09 22:59:15,424{GMT}	INFO	[jepsen worker 3] jepsen.util: 27	:invoke	:write	[0 2]
2026-03-09 22:59:15,429{GMT}	INFO	[jepsen worker 3] jepsen.util: 27	:fail	:write	[0 2]	[:temporarily-unavailable "error sending request for url (http://127.0.0.1:8080/kv/put)"]
2026-03-09 22:59:15,515{GMT}	INFO	[jepsen worker 3] jepsen.util: 27	:invoke	:cas	[0 [4 0]]
2026-03-09 22:59:15,516{GMT}	INFO	[jepsen worker 3] jepsen.util: 27	:fail	:cas	[0 [4 0]]	[:temporarily-unavailable "error sending request for url (http://127.0.0.1:8080/kv/get/0)"]
2026-03-09 22:59:15,588{GMT}	INFO	[jepsen worker 0] jepsen.util: 0	:invoke	:read	[0 nil]
2026-03-09 22:59:15,589{GMT}	INFO	[jepsen worker 0] jepsen.util: 0	:fail	:read	[0 nil]	[:temporarily-unavailable "error sending request for url (http://127.0.0.1:8080/kv/get/0)"]
2026-03-09 22:59:15,604{GMT}	INFO	[jepsen worker 0] jepsen.util: 0	:invoke	:read	[0 nil]
2026-03-09 22:59:15,605{GMT}	INFO	[jepsen worker 0] jepsen.util: 0	:fail	:read	[0 nil]	[:temporarily-unavailable "error sending request for url (http://127.0.0.1:8080/kv/get/0)"]
2026-03-09 22:59:15,607{GMT}	INFO	[jepsen worker 0] jepsen.util: 0	:invoke	:read	[0 nil]
2026-03-09 22:59:15,608{GMT}	INFO	[jepsen worker 0] jepsen.util: 0	:fail	:read	[0 nil]	[:temporarily-unavailable "error sending request for url (http://127.0.0.1:8080/kv/get/0)"]
2026-03-09 22:59:15,640{GMT}	INFO	[jepsen worker 3] jepsen.util: 27	:invoke	:write	[0 4]
2026-03-09 22:59:15,641{GMT}	INFO	[jepsen worker 3] jepsen.util: 27	:fail	:write	[0 4]	[:temporarily-unavailable "error sending request for url (http://127.0.0.1:8080/kv/put)"]
2026-03-09 22:59:15,812{GMT}	INFO	[jepsen worker 1] jepsen.util: 1	:invoke	:read	[0 nil]
2026-03-09 22:59:15,813{GMT}	INFO	[jepsen worker 1] jepsen.util: 1	:fail	:read	[0 nil]	[:temporarily-unavailable "error sending request for url (http://127.0.0.1:8080/kv/get/0)"]
2026-03-09 22:59:15,947{GMT}	INFO	[jepsen worker 3] jepsen.util: 27	:invoke	:cas	[0 [2 3]]
2026-03-09 22:59:15,949{GMT}	INFO	[jepsen worker 3] jepsen.util: 27	:fail	:cas	[0 [2 3]]	[:temporarily-unavailable "error sending request for url (http://127.0.0.1:8080/kv/get/0)"]
2026-03-09 22:59:16,022{GMT}	INFO	[jepsen worker 3] jepsen.util: 27	:invoke	:cas	[0 [4 0]]
2026-03-09 22:59:16,023{GMT}	INFO	[jepsen worker 3] jepsen.util: 27	:fail	:cas	[0 [4 0]]	[:temporarily-unavailable "error sending request for url (http://127.0.0.1:8080/kv/get/0)"]
2026-03-09 22:59:16,053{GMT}	INFO	[jepsen worker 0] jepsen.util: 0	:invoke	:read	[0 nil]
2026-03-09 22:59:16,053{GMT}	INFO	[jepsen worker 1] jepsen.util: 1	:invoke	:read	[0 nil]
2026-03-09 22:59:16,054{GMT}	INFO	[jepsen worker 0] jepsen.util: 0	:fail	:read	[0 nil]	[:temporarily-unavailable "error sending request for url (http://127.0.0.1:8080/kv/get/0)"]
2026-03-09 22:59:16,054{GMT}	INFO	[jepsen worker 1] jepsen.util: 1	:fail	:read	[0 nil]	[:temporarily-unavailable "error sending request for url (http://127.0.0.1:8080/kv/get/0)"]
2026-03-09 22:59:16,075{GMT}	INFO	[jepsen worker 0] jepsen.util: 0	:invoke	:read	[0 nil]
2026-03-09 22:59:16,076{GMT}	INFO	[jepsen worker 0] jepsen.util: 0	:fail	:read	[0 nil]	[:temporarily-unavailable "error sending request for url (http://127.0.0.1:8080/kv/get/0)"]
2026-03-09 22:59:16,236{GMT}	INFO	[jepsen worker 0] jepsen.util: 0	:invoke	:read	[0 nil]
2026-03-09 22:59:16,237{GMT}	INFO	[jepsen worker 0] jepsen.util: 0	:fail	:read	[0 nil]	[:temporarily-unavailable "error sending request for url (http://127.0.0.1:8080/kv/get/0)"]
2026-03-09 22:59:16,409{GMT}	INFO	[jepsen worker 3] jepsen.util: 27	:invoke	:cas	[0 [4 0]]
2026-03-09 22:59:16,410{GMT}	INFO	[jepsen worker 3] jepsen.util: 27	:fail	:cas	[0 [4 0]]	[:temporarily-unavailable "error sending request for url (http://127.0.0.1:8080/kv/get/0)"]
2026-03-09 22:59:16,462{GMT}	INFO	[jepsen worker 3] jepsen.util: 27	:invoke	:cas	[0 [1 1]]
2026-03-09 22:59:16,463{GMT}	INFO	[jepsen worker 3] jepsen.util: 27	:fail	:cas	[0 [1 1]]	[:temporarily-unavailable "error sending request for url (http://127.0.0.1:8080/kv/get/0)"]
2026-03-09 22:59:16,528{GMT}	INFO	[jepsen worker 0] jepsen.util: 0	:invoke	:read	[0 nil]
2026-03-09 22:59:16,529{GMT}	INFO	[jepsen worker 0] jepsen.util: 0	:fail	:read	[0 nil]	[:temporarily-unavailable "error sending request for url (http://127.0.0.1:8080/kv/get/0)"]
2026-03-09 22:59:16,647{GMT}	INFO	[jepsen worker 0] jepsen.util: 0	:invoke	:read	[0 nil]
2026-03-09 22:59:16,650{GMT}	INFO	[jepsen worker 0] jepsen.util: 0	:fail	:read	[0 nil]	[:temporarily-unavailable "error sending request for url (http://127.0.0.1:8080/kv/get/0)"]
2026-03-09 22:59:16,837{GMT}	INFO	[jepsen worker 5] jepsen.util: 17	:invoke	:write	[0 2]
2026-03-09 22:59:16,860{GMT}	INFO	[jepsen worker 5] jepsen.util: 17	:fail	:write	[0 2]	[:temporarily-unavailable "error sending request for url (http://127.0.0.1:8080/kv/put)"]
2026-03-09 22:59:16,945{GMT}	INFO	[jepsen worker 3] jepsen.util: 27	:invoke	:cas	[0 [2 1]]
2026-03-09 22:59:16,946{GMT}	INFO	[jepsen worker 3] jepsen.util: 27	:fail	:cas	[0 [2 1]]	[:temporarily-unavailable "error sending request for url (http://127.0.0.1:8080/kv/get/0)"]
2026-03-09 22:59:17,073{GMT}	INFO	[jepsen worker 3] jepsen.util: 27	:invoke	:cas	[0 [4 3]]
2026-03-09 22:59:17,074{GMT}	INFO	[jepsen worker 3] jepsen.util: 27	:fail	:cas	[0 [4 3]]	[:temporarily-unavailable "error sending request for url (http://127.0.0.1:8080/kv/get/0)"]
2026-03-09 22:59:17,181{GMT}	INFO	[jepsen worker 3] jepsen.util: 27	:invoke	:cas	[0 [2 0]]
2026-03-09 22:59:17,182{GMT}	INFO	[jepsen worker 3] jepsen.util: 27	:fail	:cas	[0 [2 0]]	[:temporarily-unavailable "error sending request for url (http://127.0.0.1:8080/kv/get/0)"]
2026-03-09 22:59:17,261{GMT}	INFO	[jepsen worker 2] jepsen.util: 2	:invoke	:read	[0 nil]
2026-03-09 22:59:17,262{GMT}	INFO	[jepsen worker 2] jepsen.util: 2	:fail	:read	[0 nil]	[:temporarily-unavailable "error sending request for url (http://127.0.0.1:8080/kv/get/0)"]
2026-03-09 22:59:17,370{GMT}	INFO	[jepsen worker 0] jepsen.util: 0	:invoke	:read	[0 nil]
2026-03-09 22:59:17,373{GMT}	INFO	[jepsen worker 0] jepsen.util: 0	:fail	:read	[0 nil]	[:temporarily-unavailable "error sending request for url (http://127.0.0.1:8080/kv/get/0)"]
2026-03-09 22:59:17,564{GMT}	INFO	[jepsen worker 0] jepsen.util: 0	:invoke	:read	[0 nil]
2026-03-09 22:59:17,566{GMT}	INFO	[jepsen worker 0] jepsen.util: 0	:fail	:read	[0 nil]	[:temporarily-unavailable "error sending request for url (http://127.0.0.1:8080/kv/get/0)"]
2026-03-09 22:59:17,618{GMT}	INFO	[jepsen worker 5] jepsen.util: 17	:invoke	:write	[0 1]
2026-03-09 22:59:17,619{GMT}	INFO	[jepsen worker 5] jepsen.util: 17	:fail	:write	[0 1]	[:temporarily-unavailable "error sending request for url (http://127.0.0.1:8080/kv/put)"]
2026-03-09 22:59:17,689{GMT}	INFO	[jepsen worker 3] jepsen.util: 27	:invoke	:cas	[0 [1 0]]
2026-03-09 22:59:17,691{GMT}	INFO	[jepsen worker 3] jepsen.util: 27	:fail	:cas	[0 [1 0]]	[:temporarily-unavailable "error sending request for url (http://127.0.0.1:8080/kv/get/0)"]
2026-03-09 22:59:17,778{GMT}	INFO	[jepsen worker 3] jepsen.util: 27	:invoke	:write	[0 2]
2026-03-09 22:59:17,779{GMT}	INFO	[jepsen worker 3] jepsen.util: 27	:fail	:write	[0 2]	[:temporarily-unavailable "error sending request for url (http://127.0.0.1:8080/kv/put)"]
2026-03-09 22:59:17,813{GMT}	INFO	[jepsen worker 1] jepsen.util: 1	:invoke	:read	[0 nil]
2026-03-09 22:59:17,814{GMT}	INFO	[jepsen worker 1] jepsen.util: 1	:fail	:read	[0 nil]	[:temporarily-unavailable "error sending request for url (http://127.0.0.1:8080/kv/get/0)"]
2026-03-09 22:59:17,927{GMT}	INFO	[jepsen worker 3] jepsen.util: 27	:invoke	:cas	[0 [3 2]]
2026-03-09 22:59:17,930{GMT}	INFO	[jepsen worker 3] jepsen.util: 27	:fail	:cas	[0 [3 2]]	[:temporarily-unavailable "error sending request for url (http://127.0.0.1:8080/kv/get/0)"]
2026-03-09 22:59:17,985{GMT}	INFO	[jepsen worker 3] jepsen.util: 27	:invoke	:cas	[0 [0 1]]
2026-03-09 22:59:17,988{GMT}	INFO	[jepsen worker 3] jepsen.util: 27	:fail	:cas	[0 [0 1]]	[:temporarily-unavailable "error sending request for url (http://127.0.0.1:8080/kv/get/0)"]
2026-03-09 22:59:18,019{GMT}	INFO	[jepsen worker 4] jepsen.util: 4	:invoke	:write	[0 1]
2026-03-09 22:59:18,020{GMT}	INFO	[jepsen worker 4] jepsen.util: 4	:fail	:write	[0 1]	[:temporarily-unavailable "error sending request for url (http://127.0.0.1:8080/kv/put)"]
2026-03-09 22:59:18,208{GMT}	INFO	[jepsen worker 5] jepsen.util: 17	:invoke	:cas	[0 [4 1]]
2026-03-09 22:59:18,209{GMT}	INFO	[jepsen worker 5] jepsen.util: 17	:fail	:cas	[0 [4 1]]	[:temporarily-unavailable "error sending request for url (http://127.0.0.1:8080/kv/get/0)"]
2026-03-09 22:59:18,262{GMT}	INFO	[jepsen worker 0] jepsen.util: 0	:invoke	:read	[0 nil]
2026-03-09 22:59:18,263{GMT}	INFO	[jepsen worker 0] jepsen.util: 0	:fail	:read	[0 nil]	[:temporarily-unavailable "error sending request for url (http://127.0.0.1:8080/kv/get/0)"]
2026-03-09 22:59:18,273{GMT}	INFO	[jepsen worker 0] jepsen.util: 0	:invoke	:read	[0 nil]
2026-03-09 22:59:18,274{GMT}	INFO	[jepsen worker 0] jepsen.util: 0	:fail	:read	[0 nil]	[:temporarily-unavailable "error sending request for url (http://127.0.0.1:8080/kv/get/0)"]
2026-03-09 22:59:18,402{GMT}	INFO	[jepsen worker 1] jepsen.util: 1	:invoke	:read	[0 nil]
2026-03-09 22:59:18,404{GMT}	INFO	[jepsen worker 1] jepsen.util: 1	:fail	:read	[0 nil]	[:temporarily-unavailable "error sending request for url (http://127.0.0.1:8080/kv/get/0)"]
2026-03-09 22:59:18,477{GMT}	INFO	[jepsen worker 3] jepsen.util: 27	:invoke	:cas	[0 [2 0]]
2026-03-09 22:59:18,478{GMT}	INFO	[jepsen worker 3] jepsen.util: 27	:fail	:cas	[0 [2 0]]	[:temporarily-unavailable "error sending request for url (http://127.0.0.1:8080/kv/get/0)"]
2026-03-09 22:59:18,549{GMT}	INFO	[jepsen worker 3] jepsen.util: 27	:invoke	:write	[0 1]
2026-03-09 22:59:18,550{GMT}	INFO	[jepsen worker 3] jepsen.util: 27	:fail	:write	[0 1]	[:temporarily-unavailable "error sending request for url (http://127.0.0.1:8080/kv/put)"]
2026-03-09 22:59:18,721{GMT}	INFO	[jepsen worker 4] jepsen.util: 4	:invoke	:cas	[0 [4 2]]
2026-03-09 22:59:18,722{GMT}	INFO	[jepsen worker 4] jepsen.util: 4	:fail	:cas	[0 [4 2]]	[:temporarily-unavailable "error sending request for url (http://127.0.0.1:8080/kv/get/0)"]
2026-03-09 22:59:18,722{GMT}	INFO	[jepsen worker 0] jepsen.util: 0	:invoke	:read	[0 nil]
2026-03-09 22:59:18,723{GMT}	INFO	[jepsen worker 0] jepsen.util: 0	:fail	:read	[0 nil]	[:temporarily-unavailable "error sending request for url (http://127.0.0.1:8080/kv/get/0)"]
2026-03-09 22:59:18,754{GMT}	INFO	[jepsen worker 3] jepsen.util: 27	:invoke	:cas	[0 [0 1]]
2026-03-09 22:59:18,755{GMT}	INFO	[jepsen worker 3] jepsen.util: 27	:fail	:cas	[0 [0 1]]	[:temporarily-unavailable "error sending request for url (http://127.0.0.1:8080/kv/get/0)"]
2026-03-09 22:59:18,947{GMT}	INFO	[jepsen worker 0] jepsen.util: 0	:invoke	:read	[0 nil]
2026-03-09 22:59:18,951{GMT}	INFO	[jepsen worker 0] jepsen.util: 0	:fail	:read	[0 nil]	[:temporarily-unavailable "error sending request for url (http://127.0.0.1:8080/kv/get/0)"]
2026-03-09 22:59:19,101{GMT}	INFO	[jepsen worker 3] jepsen.util: 27	:invoke	:write	[0 0]
2026-03-09 22:59:19,102{GMT}	INFO	[jepsen worker 3] jepsen.util: 27	:fail	:write	[0 0]	[:temporarily-unavailable "error sending request for url (http://127.0.0.1:8080/kv/put)"]
2026-03-09 22:59:19,204{GMT}	INFO	[jepsen worker 2] jepsen.util: 2	:invoke	:read	[0 nil]
2026-03-09 22:59:19,206{GMT}	INFO	[jepsen worker 2] jepsen.util: 2	:fail	:read	[0 nil]	[:temporarily-unavailable "error sending request for url (http://127.0.0.1:8080/kv/get/0)"]
2026-03-09 22:59:19,340{GMT}	INFO	[jepsen worker 0] jepsen.util: 0	:invoke	:read	[0 nil]
2026-03-09 22:59:19,343{GMT}	INFO	[jepsen worker 0] jepsen.util: 0	:fail	:read	[0 nil]	[:temporarily-unavailable "error sending request for url (http://127.0.0.1:8080/kv/get/0)"]
2026-03-09 22:59:19,361{GMT}	INFO	[jepsen test runner] jepsen.core: Run complete, writing
2026-03-09 22:59:19,464{GMT}	INFO	[jepsen node n0] maelstrom.db: Tearing down n0
2026-03-09 22:59:19,464{GMT}	INFO	[jepsen node n1] maelstrom.db: Tearing down n1
2026-03-09 22:59:19,464{GMT}	INFO	[jepsen node n2] maelstrom.db: Tearing down n2
2026-03-09 22:59:20,661{GMT}	INFO	[jepsen node n0] maelstrom.net: Shutting down Maelstrom network
2026-03-09 22:59:20,664{GMT}	INFO	[jepsen test runner] jepsen.core: Analyzing...
2026-03-09 22:59:20,906{GMT}	INFO	[clojure-agent-send-pool-0] jepsen.independent: Wrote /Users/singv/Desktop/omnipaxos-kv/store/lin-kv/20260309T225817.929+0100/independent/0/results.edn
2026-03-09 22:59:20,935{GMT}	INFO	[clojure-agent-send-pool-0] jepsen.independent: Wrote /Users/singv/Desktop/omnipaxos-kv/store/lin-kv/20260309T225817.929+0100/independent/0/history.edn
2026-03-09 22:59:21,138{GMT}	INFO	[jepsen test runner] jepsen.core: Analysis complete
2026-03-09 22:59:21,155{GMT}	INFO	[jepsen results] jepsen.store: Wrote /Users/singv/Desktop/omnipaxos-kv/store/lin-kv/20260309T225817.929+0100/results.edn
2026-03-09 22:59:21,173{GMT}	INFO	[jepsen test runner] jepsen.core: {:perf {:latency-graph {:valid? true},
        :rate-graph {:valid? true},
        :valid? true},
 :timeline {:valid? true},
 :exceptions {:valid? true},
 :stats {:valid? false,
         :count 585,
         :ok-count 0,
         :fail-count 579,
         :info-count 6,
         :by-f {:cas {:valid? false,
                      :count 213,
                      :ok-count 0,
                      :fail-count 209,
                      :info-count 4},
                :read {:valid? false,
                       :count 287,
                       :ok-count 0,
                       :fail-count 287,
                       :info-count 0},
                :write {:valid? false,
                        :count 85,
                        :ok-count 0,
                        :fail-count 83,
                        :info-count 2}}},
 :availability {:valid? true, :ok-fraction 0.0},
 :net {:all {:send-count 1176,
             :recv-count 1176,
             :msg-count 1176,
             :msgs-per-op 2.0102565},
       :clients {:send-count 1176, :recv-count 1176, :msg-count 1176},
       :servers {:send-count 0,
                 :recv-count 0,
                 :msg-count 0,
                 :msgs-per-op 0.0},
       :valid? true},
 :workload {:valid? true,
            :results {0 {:linearizable {:valid? true,
                                        :configs ({:model #knossos.model.CASRegister{:value nil},
                                                   :last-op nil,
                                                   :pending [{:process 3,
                                                              :type :invoke,
                                                              :f :cas,
                                                              :value [0
                                                                      0],
                                                              :index 1,
                                                              :time 85106833}
                                                             {:process 5,
                                                              :type :invoke,
                                                              :f :write,
                                                              :value 2,
                                                              :index 7,
                                                              :time 751064083}
                                                             {:process 9,
                                                              :type :invoke,
                                                              :f :write,
                                                              :value 3,
                                                              :index 16,
                                                              :time 1108117667}
                                                             {:process 11,
                                                              :type :invoke,
                                                              :f :cas,
                                                              :value [3
                                                                      4],
                                                              :index 37,
                                                              :time 2333221750}
                                                             {:process 15,
                                                              :type :invoke,
                                                              :f :cas,
                                                              :value [1
                                                                      4],
                                                              :index 39,
                                                              :time 2666693750}
                                                             {:process 21,
                                                              :type :invoke,
                                                              :f :cas,
                                                              :value [2
                                                                      4],
                                                              :index 56,
                                                              :time 3730288417}]}),
                                        :final-paths ()},
                         :timeline {:valid? true},
                         :valid? true}},
            :failures []},
 :valid? false}


Analysis invalid! (ﾉಥ益ಥ）ﾉ ┻━┻
