2026-03-09 23:28:36,769{GMT}	INFO	[jepsen test runner] jepsen.core: Test version c6f93e91a319d9d3f3adbe62cadb64f7b53b436f (plus uncommitted changes)
2026-03-09 23:28:36,770{GMT}	INFO	[jepsen test runner] jepsen.core: Command line:
lein run test -w lin-kv --bin ./target/debug/maelstrom --node-count 3 --time-limit 60 --rate 10 --concurrency 2n
2026-03-09 23:28:37,011{GMT}	INFO	[jepsen test runner] jepsen.core: Running test:
{:args []
 :remote
 #jepsen.control.retry.Remote{:remote #jepsen.control.scp.Remote{:cmd-remote #jepsen.control.sshj.SSHJRemote{:concurrency-limit 6,
                                                                                                             :conn-spec nil,
                                                                                                             :client nil,
                                                                                                             :semaphore nil},
                                                                 :conn-spec nil},
                              :conn nil}
 :log-net-send false
 :node-count 3
 :availability nil
 :max-txn-length 4
 :concurrency 6
 :db
 #object[maelstrom.db$db$reify__16612
         "0x1f9b8c23"
         "maelstrom.db$db$reify__16612@1f9b8c23"]
 :max-writes-per-key 16
 :leave-db-running? false
 :name "lin-kv"
 :logging-json? false
 :start-time
 #object[org.joda.time.DateTime "0x26e74d50" "2026-03-09T23:28:36.639+01:00"]
 :nemesis-interval 10
 :net
 #object[maelstrom.net$jepsen_net$reify__15721
         "0x6bdc984"
         "maelstrom.net$jepsen_net$reify__15721@6bdc984"]
 :client
 #object[maelstrom.workload.lin_kv$client$reify__20973
         "0x1f299fc3"
         "maelstrom.workload.lin_kv$client$reify__20973@1f299fc3"]
 :barrier
 #object[java.util.concurrent.CyclicBarrier
         "0xb997735"
         "java.util.concurrent.CyclicBarrier@b997735"]
 :log-stderr false
 :pure-generators true
 :ssh {:dummy? true}
 :rate 10.0
 :checker
 #object[jepsen.checker$compose$reify__11089
         "0x178826db"
         "jepsen.checker$compose$reify__11089@178826db"]
 :argv
 ("test"
  "-w"
  "lin-kv"
  "--bin"
  "./target/debug/maelstrom"
  "--node-count"
  "3"
  "--time-limit"
  "60"
  "--rate"
  "10"
  "--concurrency"
  "2n")
 :nemesis
 (jepsen.nemesis.ReflCompose
  {:fm {:start-partition 0,
        :stop-partition 0,
        :kill 1,
        :start 1,
        :pause 1,
        :resume 1},
   :nemeses [#unprintable "jepsen.nemesis.combined$partition_nemesis$reify__16905@7f913c47"
             #unprintable "jepsen.nemesis.combined$db_nemesis$reify__16886@2c9573f1"]})
 :nodes ["n0" "n1" "n2"]
 :test-count 1
 :latency {:mean 0, :dist :constant}
 :bin "./target/debug/maelstrom"
 :generator
 #object[jepsen.util.Forgettable
         "0x37a5ac85"
         (jepsen.generator.TimeLimit
          {:limit 60000000000,
           :cutoff nil,
           :gen (jepsen.generator.Any
                 {:gens [(jepsen.generator.OnThreads
                          {:f #{:nemesis},
                           :context-filter #object[jepsen.generator.context$make_thread_filter$lazy_filter__12077
                                                   "0x239fdf8f"
                                                   "jepsen.generator.context$make_thread_filter$lazy_filter__12077@239fdf8f"],
                           :gen nil})
                         (jepsen.generator.OnThreads
                          {:f #jepsen.generator.context.AllBut{:element :nemesis},
                           :context-filter #object[jepsen.generator.context$make_thread_filter$lazy_filter__12077
                                                   "0x1acd660d"
                                                   "jepsen.generator.context$make_thread_filter$lazy_filter__12077@1acd660d"],
                           :gen (jepsen.generator.Stagger
                                 {:dt 200000000,
                                  :next-time nil,
                                  :gen (jepsen.generator.OnThreads
                                        {:f #jepsen.generator.context.AllBut{:element :nemesis},
                                         :context-filter #object[jepsen.generator.context$make_thread_filter$lazy_filter__12077
                                                                 "0x22f3b213"
                                                                 "jepsen.generator.context$make_thread_filter$lazy_filter__12077@22f3b213"],
                                         :gen (jepsen.independent.ConcurrentGenerator
                                               {:n 6,
                                                :fgen #object[jepsen.tests.linearizable_register$test$fn__17385
                                                              "0xe18848d"
                                                              "jepsen.tests.linearizable_register$test$fn__17385@e18848d"],
                                                :group->threads nil,
                                                :thread->group nil,
                                                :group->context-filter nil,
                                                :keys (0 1 2 3 4 5 6 7 ...),
                                                :gens nil})})})})]})})]
 :log-net-recv false
 :os
 #object[maelstrom.net$jepsen_os$reify__15724
         "0x22aaa811"
         "maelstrom.net$jepsen_os$reify__15724@22aaa811"]
 :time-limit 60
 :workload :lin-kv
 :consistency-models [:strict-serializable]
 :topology :grid}

2026-03-09 23:28:39,694{GMT}	INFO	[jepsen node n0] maelstrom.net: Starting Maelstrom network
2026-03-09 23:28:39,695{GMT}	INFO	[jepsen test runner] jepsen.db: Tearing down DB
2026-03-09 23:28:39,696{GMT}	INFO	[jepsen test runner] jepsen.db: Setting up DB
2026-03-09 23:28:39,697{GMT}	INFO	[jepsen node n2] maelstrom.db: Setting up n2
2026-03-09 23:28:39,697{GMT}	INFO	[jepsen node n1] maelstrom.db: Setting up n1
2026-03-09 23:28:39,697{GMT}	INFO	[jepsen node n1] maelstrom.process: launching ./target/debug/maelstrom []
2026-03-09 23:28:39,697{GMT}	INFO	[jepsen node n2] maelstrom.process: launching ./target/debug/maelstrom []
2026-03-09 23:28:39,699{GMT}	INFO	[jepsen node n0] maelstrom.service: Starting services: (lin-kv lin-tso lww-kv seq-kv)
2026-03-09 23:28:39,700{GMT}	INFO	[jepsen node n0] maelstrom.db: Setting up n0
2026-03-09 23:28:39,700{GMT}	INFO	[jepsen node n0] maelstrom.process: launching ./target/debug/maelstrom []
2026-03-09 23:28:39,741{GMT}	INFO	[jepsen test runner] jepsen.core: Relative time begins now
2026-03-09 23:28:39,755{GMT}	INFO	[jepsen worker 0] jepsen.util: 0	:invoke	:read	[0 nil]
2026-03-09 23:28:39,762{GMT}	INFO	[jepsen worker 3] jepsen.util: 3	:invoke	:cas	[0 [3 1]]
2026-03-09 23:28:39,782{GMT}	INFO	[jepsen worker 3] jepsen.util: 3	:fail	:cas	[0 [3 1]]	[:precondition-failed "expected 3 but had "]
2026-03-09 23:28:39,782{GMT}	INFO	[jepsen worker 0] jepsen.util: 0	:fail	:read	[0 nil]	[:key-does-not-exist "key not found"]
2026-03-09 23:28:39,840{GMT}	INFO	[jepsen worker 2] jepsen.util: 2	:invoke	:read	[0 nil]
2026-03-09 23:28:39,844{GMT}	INFO	[jepsen worker 2] jepsen.util: 2	:fail	:read	[0 nil]	[:key-does-not-exist "key not found"]
2026-03-09 23:28:40,040{GMT}	INFO	[jepsen worker 0] jepsen.util: 0	:invoke	:read	[0 nil]
2026-03-09 23:28:40,046{GMT}	INFO	[jepsen worker 0] jepsen.util: 0	:fail	:read	[0 nil]	[:key-does-not-exist "key not found"]
2026-03-09 23:28:40,172{GMT}	INFO	[jepsen worker 0] jepsen.util: 0	:invoke	:read	[0 nil]
2026-03-09 23:28:40,183{GMT}	INFO	[jepsen worker 0] jepsen.util: 0	:fail	:read	[0 nil]	[:key-does-not-exist "key not found"]
2026-03-09 23:28:40,346{GMT}	INFO	[jepsen worker 5] jepsen.util: 5	:invoke	:cas	[0 [2 3]]
2026-03-09 23:28:40,356{GMT}	INFO	[jepsen worker 5] jepsen.util: 5	:fail	:cas	[0 [2 3]]	[:precondition-failed "expected 2 but had "]
2026-03-09 23:28:40,456{GMT}	INFO	[jepsen worker 3] jepsen.util: 3	:invoke	:write	[0 1]
2026-03-09 23:28:40,463{GMT}	INFO	[jepsen worker 3] jepsen.util: 3	:ok	:write	[0 1]
2026-03-09 23:28:40,625{GMT}	INFO	[jepsen worker 3] jepsen.util: 3	:invoke	:cas	[0 [3 1]]
2026-03-09 23:28:40,634{GMT}	INFO	[jepsen worker 3] jepsen.util: 3	:fail	:cas	[0 [3 1]]	[:precondition-failed "expected 3 but had 1"]
2026-03-09 23:28:40,684{GMT}	INFO	[jepsen worker 1] jepsen.util: 1	:invoke	:read	[0 nil]
2026-03-09 23:28:40,692{GMT}	INFO	[jepsen worker 1] jepsen.util: 1	:ok	:read	[0 1]
2026-03-09 23:28:40,751{GMT}	INFO	[jepsen worker 2] jepsen.util: 2	:invoke	:read	[0 nil]
2026-03-09 23:28:40,757{GMT}	INFO	[jepsen worker 2] jepsen.util: 2	:ok	:read	[0 1]
2026-03-09 23:28:40,841{GMT}	INFO	[jepsen worker 0] jepsen.util: 0	:invoke	:read	[0 nil]
2026-03-09 23:28:40,845{GMT}	INFO	[jepsen worker 0] jepsen.util: 0	:ok	:read	[0 1]
2026-03-09 23:28:40,974{GMT}	INFO	[jepsen worker 4] jepsen.util: 4	:invoke	:write	[0 2]
2026-03-09 23:28:40,984{GMT}	INFO	[jepsen worker 4] jepsen.util: 4	:ok	:write	[0 2]
2026-03-09 23:28:41,177{GMT}	INFO	[jepsen worker 0] jepsen.util: 0	:invoke	:read	[0 nil]
2026-03-09 23:28:41,185{GMT}	INFO	[jepsen worker 0] jepsen.util: 0	:ok	:read	[0 2]
2026-03-09 23:28:41,275{GMT}	INFO	[jepsen worker 0] jepsen.util: 0	:invoke	:read	[0 nil]
2026-03-09 23:28:41,289{GMT}	INFO	[jepsen worker 0] jepsen.util: 0	:ok	:read	[0 2]
2026-03-09 23:28:41,429{GMT}	INFO	[jepsen worker 3] jepsen.util: 3	:invoke	:cas	[0 [2 0]]
2026-03-09 23:28:41,440{GMT}	INFO	[jepsen worker 3] jepsen.util: 3	:ok	:cas	[0 [2 0]]
2026-03-09 23:28:41,569{GMT}	INFO	[jepsen worker 1] jepsen.util: 1	:invoke	:read	[0 nil]
2026-03-09 23:28:41,573{GMT}	INFO	[jepsen worker 1] jepsen.util: 1	:ok	:read	[0 0]
2026-03-09 23:28:41,755{GMT}	INFO	[jepsen worker 3] jepsen.util: 3	:invoke	:cas	[0 [0 0]]
2026-03-09 23:28:41,767{GMT}	INFO	[jepsen worker 3] jepsen.util: 3	:ok	:cas	[0 [0 0]]
2026-03-09 23:28:41,941{GMT}	INFO	[jepsen worker 3] jepsen.util: 3	:invoke	:cas	[0 [4 2]]
2026-03-09 23:28:41,949{GMT}	INFO	[jepsen worker 3] jepsen.util: 3	:fail	:cas	[0 [4 2]]	[:precondition-failed "expected 4 but had 0"]
2026-03-09 23:28:42,120{GMT}	INFO	[jepsen worker 0] jepsen.util: 0	:invoke	:read	[0 nil]
2026-03-09 23:28:42,126{GMT}	INFO	[jepsen worker 0] jepsen.util: 0	:ok	:read	[0 0]
2026-03-09 23:28:42,304{GMT}	INFO	[jepsen worker 5] jepsen.util: 5	:invoke	:write	[0 4]
2026-03-09 23:28:42,316{GMT}	INFO	[jepsen worker 5] jepsen.util: 5	:ok	:write	[0 4]
2026-03-09 23:28:42,453{GMT}	INFO	[jepsen worker 0] jepsen.util: 0	:invoke	:read	[0 nil]
2026-03-09 23:28:42,459{GMT}	INFO	[jepsen worker 0] jepsen.util: 0	:ok	:read	[0 4]
2026-03-09 23:28:42,602{GMT}	INFO	[jepsen worker 0] jepsen.util: 0	:invoke	:read	[0 nil]
2026-03-09 23:28:42,609{GMT}	INFO	[jepsen worker 0] jepsen.util: 0	:ok	:read	[0 4]
2026-03-09 23:28:42,759{GMT}	INFO	[jepsen worker 1] jepsen.util: 1	:invoke	:read	[0 nil]
2026-03-09 23:28:42,765{GMT}	INFO	[jepsen worker 1] jepsen.util: 1	:ok	:read	[0 4]
2026-03-09 23:28:42,814{GMT}	INFO	[jepsen worker 2] jepsen.util: 2	:invoke	:read	[0 nil]
2026-03-09 23:28:42,819{GMT}	INFO	[jepsen worker 2] jepsen.util: 2	:ok	:read	[0 4]
2026-03-09 23:28:42,864{GMT}	INFO	[jepsen worker 0] jepsen.util: 0	:invoke	:read	[0 nil]
2026-03-09 23:28:42,870{GMT}	INFO	[jepsen worker 0] jepsen.util: 0	:ok	:read	[0 4]
2026-03-09 23:28:43,051{GMT}	INFO	[jepsen worker 0] jepsen.util: 0	:invoke	:read	[0 nil]
2026-03-09 23:28:43,058{GMT}	INFO	[jepsen worker 0] jepsen.util: 0	:ok	:read	[0 4]
2026-03-09 23:28:43,167{GMT}	INFO	[jepsen worker 0] jepsen.util: 0	:invoke	:read	[0 nil]
2026-03-09 23:28:43,175{GMT}	INFO	[jepsen worker 0] jepsen.util: 0	:ok	:read	[0 4]
2026-03-09 23:28:43,335{GMT}	INFO	[jepsen worker 0] jepsen.util: 0	:invoke	:read	[0 nil]
2026-03-09 23:28:43,353{GMT}	INFO	[jepsen worker 0] jepsen.util: 0	:ok	:read	[0 4]
2026-03-09 23:28:43,368{GMT}	INFO	[jepsen worker 0] jepsen.util: 0	:invoke	:read	[0 nil]
2026-03-09 23:28:43,372{GMT}	INFO	[jepsen worker 0] jepsen.util: 0	:ok	:read	[0 4]
2026-03-09 23:28:43,511{GMT}	INFO	[jepsen worker 3] jepsen.util: 3	:invoke	:cas	[0 [3 3]]
2026-03-09 23:28:43,513{GMT}	INFO	[jepsen worker 3] jepsen.util: 3	:fail	:cas	[0 [3 3]]	[:precondition-failed "expected 3 but had 4"]
2026-03-09 23:28:43,675{GMT}	INFO	[jepsen worker 2] jepsen.util: 2	:invoke	:read	[0 nil]
2026-03-09 23:28:43,693{GMT}	INFO	[jepsen worker 2] jepsen.util: 2	:ok	:read	[0 4]
2026-03-09 23:28:43,804{GMT}	INFO	[jepsen worker 0] jepsen.util: 0	:invoke	:read	[0 nil]
2026-03-09 23:28:43,807{GMT}	INFO	[jepsen worker 0] jepsen.util: 0	:ok	:read	[0 4]
2026-03-09 23:28:43,813{GMT}	INFO	[jepsen worker 0] jepsen.util: 0	:invoke	:read	[0 nil]
2026-03-09 23:28:43,815{GMT}	INFO	[jepsen worker 0] jepsen.util: 0	:ok	:read	[0 4]
2026-03-09 23:28:43,866{GMT}	INFO	[jepsen worker 5] jepsen.util: 5	:invoke	:cas	[0 [4 0]]
2026-03-09 23:28:43,870{GMT}	INFO	[jepsen worker 5] jepsen.util: 5	:ok	:cas	[0 [4 0]]
2026-03-09 23:28:43,947{GMT}	INFO	[jepsen worker 3] jepsen.util: 3	:invoke	:write	[0 0]
2026-03-09 23:28:43,951{GMT}	INFO	[jepsen worker 3] jepsen.util: 3	:ok	:write	[0 0]
2026-03-09 23:28:44,023{GMT}	INFO	[jepsen worker 0] jepsen.util: 0	:invoke	:read	[0 nil]
2026-03-09 23:28:44,027{GMT}	INFO	[jepsen worker 0] jepsen.util: 0	:ok	:read	[0 0]
2026-03-09 23:28:44,072{GMT}	INFO	[jepsen worker 3] jepsen.util: 3	:invoke	:cas	[0 [4 3]]
2026-03-09 23:28:44,076{GMT}	INFO	[jepsen worker 3] jepsen.util: 3	:fail	:cas	[0 [4 3]]	[:precondition-failed "expected 4 but had 0"]
2026-03-09 23:28:44,186{GMT}	INFO	[jepsen worker 2] jepsen.util: 2	:invoke	:read	[0 nil]
2026-03-09 23:28:44,194{GMT}	INFO	[jepsen worker 2] jepsen.util: 2	:ok	:read	[0 0]
2026-03-09 23:28:44,288{GMT}	INFO	[jepsen worker 3] jepsen.util: 3	:invoke	:cas	[0 [0 0]]
2026-03-09 23:28:44,306{GMT}	INFO	[jepsen worker 3] jepsen.util: 3	:ok	:cas	[0 [0 0]]
2026-03-09 23:28:44,380{GMT}	INFO	[jepsen worker 0] jepsen.util: 0	:invoke	:read	[0 nil]
2026-03-09 23:28:44,387{GMT}	INFO	[jepsen worker 0] jepsen.util: 0	:ok	:read	[0 0]
2026-03-09 23:28:44,471{GMT}	INFO	[jepsen worker 5] jepsen.util: 5	:invoke	:write	[0 2]
2026-03-09 23:28:44,479{GMT}	INFO	[jepsen worker 5] jepsen.util: 5	:ok	:write	[0 2]
2026-03-09 23:28:44,628{GMT}	INFO	[jepsen worker 3] jepsen.util: 3	:invoke	:cas	[0 [1 2]]
2026-03-09 23:28:44,635{GMT}	INFO	[jepsen worker 3] jepsen.util: 3	:fail	:cas	[0 [1 2]]	[:precondition-failed "expected 1 but had 2"]
2026-03-09 23:28:44,798{GMT}	INFO	[jepsen worker 3] jepsen.util: 3	:invoke	:cas	[0 [1 2]]
2026-03-09 23:28:44,803{GMT}	INFO	[jepsen worker 3] jepsen.util: 3	:fail	:cas	[0 [1 2]]	[:precondition-failed "expected 1 but had 2"]
2026-03-09 23:28:44,945{GMT}	INFO	[jepsen worker 1] jepsen.util: 1	:invoke	:read	[0 nil]
2026-03-09 23:28:44,954{GMT}	INFO	[jepsen worker 1] jepsen.util: 1	:ok	:read	[0 2]
2026-03-09 23:28:45,025{GMT}	INFO	[jepsen worker 2] jepsen.util: 2	:invoke	:read	[0 nil]
2026-03-09 23:28:45,032{GMT}	INFO	[jepsen worker 2] jepsen.util: 2	:ok	:read	[0 2]
2026-03-09 23:28:45,059{GMT}	INFO	[jepsen worker 0] jepsen.util: 0	:invoke	:read	[0 nil]
2026-03-09 23:28:45,063{GMT}	INFO	[jepsen worker 0] jepsen.util: 0	:ok	:read	[0 2]
2026-03-09 23:28:45,158{GMT}	INFO	[jepsen worker 0] jepsen.util: 0	:invoke	:read	[0 nil]
2026-03-09 23:28:45,166{GMT}	INFO	[jepsen worker 0] jepsen.util: 0	:ok	:read	[0 2]
2026-03-09 23:28:45,347{GMT}	INFO	[jepsen worker 0] jepsen.util: 0	:invoke	:read	[0 nil]
2026-03-09 23:28:45,354{GMT}	INFO	[jepsen worker 0] jepsen.util: 0	:ok	:read	[0 2]
2026-03-09 23:28:45,370{GMT}	INFO	[jepsen worker 3] jepsen.util: 3	:invoke	:write	[0 4]
2026-03-09 23:28:45,376{GMT}	INFO	[jepsen worker 3] jepsen.util: 3	:ok	:write	[0 4]
2026-03-09 23:28:45,453{GMT}	INFO	[jepsen worker 0] jepsen.util: 0	:invoke	:read	[0 nil]
2026-03-09 23:28:45,461{GMT}	INFO	[jepsen worker 0] jepsen.util: 0	:ok	:read	[0 4]
2026-03-09 23:28:45,581{GMT}	INFO	[jepsen worker 3] jepsen.util: 3	:invoke	:cas	[0 [2 0]]
2026-03-09 23:28:45,588{GMT}	INFO	[jepsen worker 3] jepsen.util: 3	:fail	:cas	[0 [2 0]]	[:precondition-failed "expected 2 but had 4"]
2026-03-09 23:28:45,617{GMT}	INFO	[jepsen worker 2] jepsen.util: 2	:invoke	:read	[0 nil]
2026-03-09 23:28:45,624{GMT}	INFO	[jepsen worker 2] jepsen.util: 2	:ok	:read	[0 4]
2026-03-09 23:28:45,779{GMT}	INFO	[jepsen worker 3] jepsen.util: 3	:invoke	:cas	[0 [0 4]]
2026-03-09 23:28:45,782{GMT}	INFO	[jepsen worker 3] jepsen.util: 3	:fail	:cas	[0 [0 4]]	[:precondition-failed "expected 0 but had 4"]
2026-03-09 23:28:45,792{GMT}	INFO	[jepsen worker 4] jepsen.util: 4	:invoke	:write	[0 0]
2026-03-09 23:28:45,796{GMT}	INFO	[jepsen worker 4] jepsen.util: 4	:ok	:write	[0 0]
2026-03-09 23:28:45,799{GMT}	INFO	[jepsen worker 5] jepsen.util: 5	:invoke	:cas	[0 [2 2]]
2026-03-09 23:28:45,807{GMT}	INFO	[jepsen worker 5] jepsen.util: 5	:fail	:cas	[0 [2 2]]	[:precondition-failed "expected 2 but had 0"]
2026-03-09 23:28:45,904{GMT}	INFO	[jepsen worker 0] jepsen.util: 0	:invoke	:read	[0 nil]
2026-03-09 23:28:45,912{GMT}	INFO	[jepsen worker 0] jepsen.util: 0	:ok	:read	[0 0]
2026-03-09 23:28:46,009{GMT}	INFO	[jepsen worker 0] jepsen.util: 0	:invoke	:read	[0 nil]
2026-03-09 23:28:46,019{GMT}	INFO	[jepsen worker 0] jepsen.util: 0	:ok	:read	[0 0]
2026-03-09 23:28:46,091{GMT}	INFO	[jepsen worker 3] jepsen.util: 3	:invoke	:cas	[0 [3 3]]
2026-03-09 23:28:46,100{GMT}	INFO	[jepsen worker 3] jepsen.util: 3	:fail	:cas	[0 [3 3]]	[:precondition-failed "expected 3 but had 0"]
2026-03-09 23:28:46,196{GMT}	INFO	[jepsen worker 3] jepsen.util: 3	:invoke	:write	[0 0]
2026-03-09 23:28:46,203{GMT}	INFO	[jepsen worker 3] jepsen.util: 3	:ok	:write	[0 0]
2026-03-09 23:28:46,310{GMT}	INFO	[jepsen worker 3] jepsen.util: 3	:invoke	:cas	[0 [0 1]]
2026-03-09 23:28:46,322{GMT}	INFO	[jepsen worker 3] jepsen.util: 3	:ok	:cas	[0 [0 1]]
2026-03-09 23:28:46,485{GMT}	INFO	[jepsen worker 0] jepsen.util: 0	:invoke	:read	[0 nil]
2026-03-09 23:28:46,493{GMT}	INFO	[jepsen worker 0] jepsen.util: 0	:ok	:read	[0 1]
2026-03-09 23:28:46,616{GMT}	INFO	[jepsen worker 0] jepsen.util: 0	:invoke	:read	[0 nil]
2026-03-09 23:28:46,626{GMT}	INFO	[jepsen worker 0] jepsen.util: 0	:ok	:read	[0 1]
2026-03-09 23:28:46,798{GMT}	INFO	[jepsen worker 0] jepsen.util: 0	:invoke	:read	[0 nil]
2026-03-09 23:28:46,806{GMT}	INFO	[jepsen worker 0] jepsen.util: 0	:ok	:read	[0 1]
2026-03-09 23:28:46,824{GMT}	INFO	[jepsen worker 3] jepsen.util: 3	:invoke	:cas	[0 [3 3]]
2026-03-09 23:28:46,827{GMT}	INFO	[jepsen worker 3] jepsen.util: 3	:fail	:cas	[0 [3 3]]	[:precondition-failed "expected 3 but had 1"]
2026-03-09 23:28:46,948{GMT}	INFO	[jepsen worker 3] jepsen.util: 3	:invoke	:write	[0 3]
2026-03-09 23:28:46,952{GMT}	INFO	[jepsen worker 3] jepsen.util: 3	:ok	:write	[0 3]
2026-03-09 23:28:47,017{GMT}	INFO	[jepsen worker 3] jepsen.util: 3	:invoke	:cas	[0 [2 4]]
2026-03-09 23:28:47,023{GMT}	INFO	[jepsen worker 3] jepsen.util: 3	:fail	:cas	[0 [2 4]]	[:precondition-failed "expected 2 but had 3"]
2026-03-09 23:28:47,201{GMT}	INFO	[jepsen worker 3] jepsen.util: 3	:invoke	:cas	[0 [4 4]]
2026-03-09 23:28:47,209{GMT}	INFO	[jepsen worker 3] jepsen.util: 3	:fail	:cas	[0 [4 4]]	[:precondition-failed "expected 4 but had 3"]
2026-03-09 23:28:47,303{GMT}	INFO	[jepsen worker 0] jepsen.util: 0	:invoke	:read	[0 nil]
2026-03-09 23:28:47,324{GMT}	INFO	[jepsen worker 0] jepsen.util: 0	:ok	:read	[0 3]
2026-03-09 23:28:47,470{GMT}	INFO	[jepsen worker 0] jepsen.util: 0	:invoke	:read	[0 nil]
2026-03-09 23:28:47,477{GMT}	INFO	[jepsen worker 0] jepsen.util: 0	:ok	:read	[0 3]
2026-03-09 23:28:47,671{GMT}	INFO	[jepsen worker 3] jepsen.util: 3	:invoke	:cas	[0 [1 1]]
2026-03-09 23:28:47,677{GMT}	INFO	[jepsen worker 3] jepsen.util: 3	:fail	:cas	[0 [1 1]]	[:precondition-failed "expected 1 but had 3"]
2026-03-09 23:28:47,842{GMT}	INFO	[jepsen worker 0] jepsen.util: 0	:invoke	:read	[0 nil]
2026-03-09 23:28:47,850{GMT}	INFO	[jepsen worker 0] jepsen.util: 0	:ok	:read	[0 3]
2026-03-09 23:28:48,040{GMT}	INFO	[jepsen worker 3] jepsen.util: 3	:invoke	:cas	[0 [3 4]]
2026-03-09 23:28:48,046{GMT}	INFO	[jepsen worker 3] jepsen.util: 3	:ok	:cas	[0 [3 4]]
2026-03-09 23:28:48,177{GMT}	INFO	[jepsen worker 3] jepsen.util: 3	:invoke	:cas	[0 [2 2]]
2026-03-09 23:28:48,185{GMT}	INFO	[jepsen worker 3] jepsen.util: 3	:fail	:cas	[0 [2 2]]	[:precondition-failed "expected 2 but had 4"]
2026-03-09 23:28:48,379{GMT}	INFO	[jepsen worker 3] jepsen.util: 3	:invoke	:cas	[0 [4 2]]
2026-03-09 23:28:48,386{GMT}	INFO	[jepsen worker 3] jepsen.util: 3	:ok	:cas	[0 [4 2]]
2026-03-09 23:28:48,483{GMT}	INFO	[jepsen worker 0] jepsen.util: 0	:invoke	:read	[0 nil]
2026-03-09 23:28:48,490{GMT}	INFO	[jepsen worker 0] jepsen.util: 0	:ok	:read	[0 2]
2026-03-09 23:28:48,544{GMT}	INFO	[jepsen worker 5] jepsen.util: 5	:invoke	:cas	[0 [3 3]]
2026-03-09 23:28:48,552{GMT}	INFO	[jepsen worker 5] jepsen.util: 5	:fail	:cas	[0 [3 3]]	[:precondition-failed "expected 3 but had 2"]
2026-03-09 23:28:48,666{GMT}	INFO	[jepsen worker 0] jepsen.util: 0	:invoke	:read	[0 nil]
2026-03-09 23:28:48,677{GMT}	INFO	[jepsen worker 0] jepsen.util: 0	:ok	:read	[0 2]
2026-03-09 23:28:48,848{GMT}	INFO	[jepsen worker 0] jepsen.util: 0	:invoke	:read	[0 nil]
2026-03-09 23:28:48,853{GMT}	INFO	[jepsen worker 0] jepsen.util: 0	:ok	:read	[0 2]
2026-03-09 23:28:48,893{GMT}	INFO	[jepsen worker 3] jepsen.util: 3	:invoke	:write	[0 1]
2026-03-09 23:28:48,898{GMT}	INFO	[jepsen worker 3] jepsen.util: 3	:ok	:write	[0 1]
2026-03-09 23:28:48,984{GMT}	INFO	[jepsen worker 3] jepsen.util: 3	:invoke	:write	[0 3]
2026-03-09 23:28:48,989{GMT}	INFO	[jepsen worker 3] jepsen.util: 3	:ok	:write	[0 3]
2026-03-09 23:28:49,065{GMT}	INFO	[jepsen worker 0] jepsen.util: 0	:invoke	:read	[0 nil]
2026-03-09 23:28:49,069{GMT}	INFO	[jepsen worker 0] jepsen.util: 0	:ok	:read	[0 3]
2026-03-09 23:28:49,250{GMT}	INFO	[jepsen worker 4] jepsen.util: 4	:invoke	:write	[0 1]
2026-03-09 23:28:49,256{GMT}	INFO	[jepsen worker 4] jepsen.util: 4	:ok	:write	[0 1]
2026-03-09 23:28:49,391{GMT}	INFO	[jepsen worker 5] jepsen.util: 5	:invoke	:write	[0 0]
2026-03-09 23:28:49,399{GMT}	INFO	[jepsen worker 5] jepsen.util: 5	:ok	:write	[0 0]
2026-03-09 23:28:49,400{GMT}	INFO	[jepsen worker 0] jepsen.util: 0	:invoke	:read	[0 nil]
2026-03-09 23:28:49,405{GMT}	INFO	[jepsen worker 0] jepsen.util: 0	:ok	:read	[0 0]
2026-03-09 23:28:49,587{GMT}	INFO	[jepsen worker 0] jepsen.util: 0	:invoke	:read	[0 nil]
2026-03-09 23:28:49,590{GMT}	INFO	[jepsen worker 0] jepsen.util: 0	:ok	:read	[0 0]
2026-03-09 23:28:49,609{GMT}	INFO	[jepsen worker 3] jepsen.util: 3	:invoke	:cas	[0 [2 4]]
2026-03-09 23:28:49,612{GMT}	INFO	[jepsen worker 3] jepsen.util: 3	:fail	:cas	[0 [2 4]]	[:precondition-failed "expected 2 but had 0"]
2026-03-09 23:28:49,670{GMT}	INFO	[jepsen worker 2] jepsen.util: 2	:invoke	:read	[0 nil]
2026-03-09 23:28:49,672{GMT}	INFO	[jepsen worker 2] jepsen.util: 2	:ok	:read	[0 0]
2026-03-09 23:28:49,751{GMT}	INFO	[jepsen worker 3] jepsen.util: 3	:invoke	:write	[0 2]
2026-03-09 23:28:49,754{GMT}	INFO	[jepsen worker 3] jepsen.util: 3	:ok	:write	[0 2]
2026-03-09 23:28:49,923{GMT}	INFO	[jepsen worker 4] jepsen.util: 4	:invoke	:write	[0 3]
2026-03-09 23:28:49,928{GMT}	INFO	[jepsen worker 4] jepsen.util: 4	:ok	:write	[0 3]
2026-03-09 23:28:50,114{GMT}	INFO	[jepsen worker 0] jepsen.util: 0	:invoke	:read	[0 nil]
2026-03-09 23:28:50,117{GMT}	INFO	[jepsen worker 0] jepsen.util: 0	:ok	:read	[0 3]
2026-03-09 23:28:50,163{GMT}	INFO	[jepsen worker 3] jepsen.util: 3	:invoke	:cas	[0 [3 0]]
2026-03-09 23:28:50,167{GMT}	INFO	[jepsen worker 3] jepsen.util: 3	:ok	:cas	[0 [3 0]]
2026-03-09 23:28:50,354{GMT}	INFO	[jepsen worker 0] jepsen.util: 0	:invoke	:read	[0 nil]
2026-03-09 23:28:50,360{GMT}	INFO	[jepsen worker 0] jepsen.util: 0	:ok	:read	[0 0]
2026-03-09 23:28:50,395{GMT}	INFO	[jepsen worker 1] jepsen.util: 1	:invoke	:read	[0 nil]
2026-03-09 23:28:50,401{GMT}	INFO	[jepsen worker 1] jepsen.util: 1	:ok	:read	[0 0]
2026-03-09 23:28:50,535{GMT}	INFO	[jepsen worker 3] jepsen.util: 3	:invoke	:write	[0 3]
2026-03-09 23:28:50,542{GMT}	INFO	[jepsen worker 3] jepsen.util: 3	:ok	:write	[0 3]
2026-03-09 23:28:50,697{GMT}	INFO	[jepsen worker 0] jepsen.util: 0	:invoke	:read	[0 nil]
2026-03-09 23:28:50,704{GMT}	INFO	[jepsen worker 0] jepsen.util: 0	:ok	:read	[0 3]
2026-03-09 23:28:50,748{GMT}	INFO	[jepsen worker 0] jepsen.util: 0	:invoke	:read	[0 nil]
2026-03-09 23:28:50,754{GMT}	INFO	[jepsen worker 0] jepsen.util: 0	:ok	:read	[0 3]
2026-03-09 23:28:50,907{GMT}	INFO	[jepsen worker 5] jepsen.util: 5	:invoke	:write	[0 4]
2026-03-09 23:28:50,912{GMT}	INFO	[jepsen worker 5] jepsen.util: 5	:ok	:write	[0 4]
2026-03-09 23:28:51,001{GMT}	INFO	[jepsen worker 0] jepsen.util: 0	:invoke	:read	[0 nil]
2026-03-09 23:28:51,009{GMT}	INFO	[jepsen worker 0] jepsen.util: 0	:ok	:read	[0 4]
2026-03-09 23:28:51,167{GMT}	INFO	[jepsen worker 0] jepsen.util: 0	:invoke	:read	[0 nil]
2026-03-09 23:28:51,174{GMT}	INFO	[jepsen worker 0] jepsen.util: 0	:ok	:read	[0 4]
2026-03-09 23:28:51,366{GMT}	INFO	[jepsen worker 1] jepsen.util: 1	:invoke	:read	[0 nil]
2026-03-09 23:28:51,371{GMT}	INFO	[jepsen worker 1] jepsen.util: 1	:ok	:read	[0 4]
2026-03-09 23:28:51,447{GMT}	INFO	[jepsen worker 3] jepsen.util: 3	:invoke	:cas	[0 [4 0]]
2026-03-09 23:28:51,458{GMT}	INFO	[jepsen worker 3] jepsen.util: 3	:ok	:cas	[0 [4 0]]
2026-03-09 23:28:51,470{GMT}	INFO	[jepsen worker 3] jepsen.util: 3	:invoke	:write	[0 3]
2026-03-09 23:28:51,474{GMT}	INFO	[jepsen worker 3] jepsen.util: 3	:ok	:write	[0 3]
2026-03-09 23:28:51,518{GMT}	INFO	[jepsen worker 4] jepsen.util: 4	:invoke	:cas	[0 [0 1]]
2026-03-09 23:28:51,524{GMT}	INFO	[jepsen worker 4] jepsen.util: 4	:fail	:cas	[0 [0 1]]	[:precondition-failed "expected 0 but had 3"]
2026-03-09 23:28:51,627{GMT}	INFO	[jepsen worker 0] jepsen.util: 0	:invoke	:read	[0 nil]
2026-03-09 23:28:51,631{GMT}	INFO	[jepsen worker 0] jepsen.util: 0	:ok	:read	[0 3]
2026-03-09 23:28:51,742{GMT}	INFO	[jepsen worker 3] jepsen.util: 3	:invoke	:cas	[0 [0 3]]
2026-03-09 23:28:51,744{GMT}	INFO	[jepsen worker 3] jepsen.util: 3	:fail	:cas	[0 [0 3]]	[:precondition-failed "expected 0 but had 3"]
2026-03-09 23:28:51,816{GMT}	INFO	[jepsen worker 3] jepsen.util: 3	:invoke	:write	[0 0]
2026-03-09 23:28:51,818{GMT}	INFO	[jepsen worker 3] jepsen.util: 3	:ok	:write	[0 0]
2026-03-09 23:28:51,854{GMT}	INFO	[jepsen worker 3] jepsen.util: 3	:invoke	:cas	[0 [2 4]]
2026-03-09 23:28:51,856{GMT}	INFO	[jepsen worker 3] jepsen.util: 3	:fail	:cas	[0 [2 4]]	[:precondition-failed "expected 2 but had 0"]
2026-03-09 23:28:51,979{GMT}	INFO	[jepsen worker 2] jepsen.util: 2	:invoke	:read	[0 nil]
2026-03-09 23:28:51,985{GMT}	INFO	[jepsen worker 2] jepsen.util: 2	:ok	:read	[0 0]
2026-03-09 23:28:52,148{GMT}	INFO	[jepsen worker 3] jepsen.util: 3	:invoke	:cas	[0 [3 3]]
2026-03-09 23:28:52,156{GMT}	INFO	[jepsen worker 3] jepsen.util: 3	:fail	:cas	[0 [3 3]]	[:precondition-failed "expected 3 but had 0"]
2026-03-09 23:28:52,201{GMT}	INFO	[jepsen worker 4] jepsen.util: 4	:invoke	:write	[0 1]
2026-03-09 23:28:52,207{GMT}	INFO	[jepsen worker 4] jepsen.util: 4	:ok	:write	[0 1]
2026-03-09 23:28:52,230{GMT}	INFO	[jepsen worker 5] jepsen.util: 5	:invoke	:write	[0 4]
2026-03-09 23:28:52,233{GMT}	INFO	[jepsen worker 5] jepsen.util: 5	:ok	:write	[0 4]
2026-03-09 23:28:52,246{GMT}	INFO	[jepsen worker 3] jepsen.util: 3	:invoke	:cas	[0 [4 3]]
2026-03-09 23:28:52,249{GMT}	INFO	[jepsen worker 3] jepsen.util: 3	:ok	:cas	[0 [4 3]]
2026-03-09 23:28:52,388{GMT}	INFO	[jepsen worker 3] jepsen.util: 3	:invoke	:cas	[0 [1 0]]
2026-03-09 23:28:52,394{GMT}	INFO	[jepsen worker 3] jepsen.util: 3	:fail	:cas	[0 [1 0]]	[:precondition-failed "expected 1 but had 3"]
2026-03-09 23:28:52,495{GMT}	INFO	[jepsen worker 3] jepsen.util: 3	:invoke	:write	[0 2]
2026-03-09 23:28:52,501{GMT}	INFO	[jepsen worker 3] jepsen.util: 3	:ok	:write	[0 2]
2026-03-09 23:28:52,671{GMT}	INFO	[jepsen worker 2] jepsen.util: 2	:invoke	:read	[0 nil]
2026-03-09 23:28:52,685{GMT}	INFO	[jepsen worker 2] jepsen.util: 2	:ok	:read	[0 2]
2026-03-09 23:28:52,756{GMT}	INFO	[jepsen worker 3] jepsen.util: 3	:invoke	:cas	[0 [3 2]]
2026-03-09 23:28:52,761{GMT}	INFO	[jepsen worker 3] jepsen.util: 3	:fail	:cas	[0 [3 2]]	[:precondition-failed "expected 3 but had 2"]
2026-03-09 23:28:52,856{GMT}	INFO	[jepsen worker 4] jepsen.util: 4	:invoke	:cas	[0 [2 4]]
2026-03-09 23:28:52,860{GMT}	INFO	[jepsen worker 4] jepsen.util: 4	:ok	:cas	[0 [2 4]]
2026-03-09 23:28:53,028{GMT}	INFO	[jepsen worker 0] jepsen.util: 0	:invoke	:read	[0 nil]
2026-03-09 23:28:53,034{GMT}	INFO	[jepsen worker 0] jepsen.util: 0	:ok	:read	[0 4]
2026-03-09 23:28:53,202{GMT}	INFO	[jepsen worker 3] jepsen.util: 3	:invoke	:cas	[0 [1 0]]
2026-03-09 23:28:53,217{GMT}	INFO	[jepsen worker 3] jepsen.util: 3	:fail	:cas	[0 [1 0]]	[:precondition-failed "expected 1 but had 4"]
2026-03-09 23:28:53,277{GMT}	INFO	[jepsen worker 3] jepsen.util: 3	:invoke	:cas	[0 [0 4]]
2026-03-09 23:28:53,292{GMT}	INFO	[jepsen worker 3] jepsen.util: 3	:fail	:cas	[0 [0 4]]	[:precondition-failed "expected 0 but had 4"]
2026-03-09 23:28:53,387{GMT}	INFO	[jepsen worker 3] jepsen.util: 3	:invoke	:write	[0 0]
2026-03-09 23:28:53,392{GMT}	INFO	[jepsen worker 3] jepsen.util: 3	:ok	:write	[0 0]
2026-03-09 23:28:53,466{GMT}	INFO	[jepsen worker 2] jepsen.util: 2	:invoke	:read	[0 nil]
2026-03-09 23:28:53,478{GMT}	INFO	[jepsen worker 2] jepsen.util: 2	:ok	:read	[0 0]
2026-03-09 23:28:53,575{GMT}	INFO	[jepsen worker 3] jepsen.util: 3	:invoke	:cas	[0 [2 3]]
2026-03-09 23:28:53,595{GMT}	INFO	[jepsen worker 4] jepsen.util: 4	:invoke	:write	[0 4]
2026-03-09 23:28:53,595{GMT}	INFO	[jepsen worker 5] jepsen.util: 5	:invoke	:cas	[0 [0 2]]
2026-03-09 23:28:53,606{GMT}	INFO	[jepsen worker 3] jepsen.util: 3	:fail	:cas	[0 [2 3]]	[:precondition-failed "expected 2 but had 0"]
2026-03-09 23:28:53,605{GMT}	INFO	[jepsen worker 4] jepsen.util: 4	:ok	:write	[0 4]
2026-03-09 23:28:53,610{GMT}	INFO	[jepsen worker 5] jepsen.util: 5	:ok	:cas	[0 [0 2]]
2026-03-09 23:28:53,694{GMT}	INFO	[jepsen worker 0] jepsen.util: 0	:invoke	:read	[0 nil]
2026-03-09 23:28:53,702{GMT}	INFO	[jepsen worker 0] jepsen.util: 0	:ok	:read	[0 2]
2026-03-09 23:28:53,829{GMT}	INFO	[jepsen worker 3] jepsen.util: 3	:invoke	:cas	[0 [1 3]]
2026-03-09 23:28:53,891{GMT}	INFO	[jepsen worker 1] jepsen.util: 1	:invoke	:read	[0 nil]
2026-03-09 23:28:53,968{GMT}	INFO	[jepsen worker 3] jepsen.util: 3	:fail	:cas	[0 [1 3]]	[:precondition-failed "expected 1 but had 2"]
2026-03-09 23:28:53,976{GMT}	INFO	[jepsen worker 1] jepsen.util: 1	:ok	:read	[0 2]
2026-03-09 23:28:53,978{GMT}	INFO	[jepsen worker 4] jepsen.util: 4	:invoke	:write	[0 2]
2026-03-09 23:28:54,029{GMT}	INFO	[jepsen worker 4] jepsen.util: 4	:ok	:write	[0 2]
2026-03-09 23:28:54,070{GMT}	INFO	[jepsen worker 3] jepsen.util: 3	:invoke	:cas	[0 [3 1]]
2026-03-09 23:28:54,070{GMT}	INFO	[jepsen worker 4] jepsen.util: 4	:invoke	:cas	[0 [0 1]]
2026-03-09 23:28:54,130{GMT}	INFO	[jepsen worker 3] jepsen.util: 3	:fail	:cas	[0 [3 1]]	[:precondition-failed "expected 3 but had 2"]
2026-03-09 23:28:54,144{GMT}	INFO	[jepsen worker 4] jepsen.util: 4	:fail	:cas	[0 [0 1]]	[:precondition-failed "expected 0 but had 2"]
2026-03-09 23:28:54,145{GMT}	INFO	[jepsen worker 5] jepsen.util: 5	:invoke	:cas	[0 [2 0]]
2026-03-09 23:28:54,153{GMT}	INFO	[jepsen worker 5] jepsen.util: 5	:ok	:cas	[0 [2 0]]
2026-03-09 23:28:54,187{GMT}	INFO	[jepsen worker 0] jepsen.util: 0	:invoke	:read	[0 nil]
2026-03-09 23:28:54,233{GMT}	INFO	[jepsen worker 0] jepsen.util: 0	:ok	:read	[0 0]
2026-03-09 23:28:54,362{GMT}	INFO	[jepsen worker 0] jepsen.util: 0	:invoke	:read	[0 nil]
2026-03-09 23:28:54,381{GMT}	INFO	[jepsen worker 0] jepsen.util: 0	:ok	:read	[0 0]
2026-03-09 23:28:54,434{GMT}	INFO	[jepsen worker 3] jepsen.util: 3	:invoke	:cas	[0 [1 3]]
2026-03-09 23:28:54,440{GMT}	INFO	[jepsen worker 3] jepsen.util: 3	:fail	:cas	[0 [1 3]]	[:precondition-failed "expected 1 but had 0"]
2026-03-09 23:28:54,504{GMT}	INFO	[jepsen worker 3] jepsen.util: 3	:invoke	:write	[0 0]
2026-03-09 23:28:54,512{GMT}	INFO	[jepsen worker 3] jepsen.util: 3	:ok	:write	[0 0]
2026-03-09 23:28:54,666{GMT}	INFO	[jepsen worker 3] jepsen.util: 3	:invoke	:cas	[0 [2 2]]
2026-03-09 23:28:54,705{GMT}	INFO	[jepsen worker 3] jepsen.util: 3	:fail	:cas	[0 [2 2]]	[:precondition-failed "expected 2 but had 0"]
2026-03-09 23:28:54,854{GMT}	INFO	[jepsen worker 0] jepsen.util: 0	:invoke	:read	[0 nil]
2026-03-09 23:28:54,860{GMT}	INFO	[jepsen worker 0] jepsen.util: 0	:ok	:read	[0 0]
2026-03-09 23:28:54,907{GMT}	INFO	[jepsen worker 5] jepsen.util: 5	:invoke	:cas	[0 [0 4]]
2026-03-09 23:28:54,914{GMT}	INFO	[jepsen worker 5] jepsen.util: 5	:ok	:cas	[0 [0 4]]
2026-03-09 23:28:54,929{GMT}	INFO	[jepsen worker 0] jepsen.util: 0	:invoke	:read	[0 nil]
2026-03-09 23:28:54,934{GMT}	INFO	[jepsen worker 0] jepsen.util: 0	:ok	:read	[0 4]
2026-03-09 23:28:54,946{GMT}	INFO	[jepsen worker 0] jepsen.util: 0	:invoke	:read	[0 nil]
2026-03-09 23:28:54,953{GMT}	INFO	[jepsen worker 0] jepsen.util: 0	:ok	:read	[0 4]
2026-03-09 23:28:55,073{GMT}	INFO	[jepsen worker 1] jepsen.util: 1	:invoke	:read	[0 nil]
2026-03-09 23:28:55,079{GMT}	INFO	[jepsen worker 1] jepsen.util: 1	:ok	:read	[0 4]
2026-03-09 23:28:55,138{GMT}	INFO	[jepsen worker 2] jepsen.util: 2	:invoke	:read	[0 nil]
2026-03-09 23:28:55,142{GMT}	INFO	[jepsen worker 2] jepsen.util: 2	:ok	:read	[0 4]
2026-03-09 23:28:55,246{GMT}	INFO	[jepsen worker 3] jepsen.util: 3	:invoke	:cas	[0 [1 3]]
2026-03-09 23:28:55,250{GMT}	INFO	[jepsen worker 3] jepsen.util: 3	:fail	:cas	[0 [1 3]]	[:precondition-failed "expected 1 but had 4"]
2026-03-09 23:28:55,393{GMT}	INFO	[jepsen worker 4] jepsen.util: 4	:invoke	:write	[0 1]
2026-03-09 23:28:55,397{GMT}	INFO	[jepsen worker 4] jepsen.util: 4	:ok	:write	[0 1]
2026-03-09 23:28:55,418{GMT}	INFO	[jepsen worker 0] jepsen.util: 0	:invoke	:read	[0 nil]
2026-03-09 23:28:55,421{GMT}	INFO	[jepsen worker 0] jepsen.util: 0	:ok	:read	[0 1]
2026-03-09 23:28:55,422{GMT}	INFO	[jepsen worker 3] jepsen.util: 3	:invoke	:write	[0 2]
2026-03-09 23:28:55,428{GMT}	INFO	[jepsen worker 3] jepsen.util: 3	:ok	:write	[0 2]
2026-03-09 23:28:55,574{GMT}	INFO	[jepsen worker 3] jepsen.util: 3	:invoke	:cas	[0 [0 1]]
2026-03-09 23:28:55,579{GMT}	INFO	[jepsen worker 3] jepsen.util: 3	:fail	:cas	[0 [0 1]]	[:precondition-failed "expected 0 but had 2"]
2026-03-09 23:28:55,696{GMT}	INFO	[jepsen worker 3] jepsen.util: 3	:invoke	:write	[0 1]
2026-03-09 23:28:55,699{GMT}	INFO	[jepsen worker 3] jepsen.util: 3	:ok	:write	[0 1]
2026-03-09 23:28:55,824{GMT}	INFO	[jepsen worker 3] jepsen.util: 3	:invoke	:write	[0 3]
2026-03-09 23:28:55,829{GMT}	INFO	[jepsen worker 3] jepsen.util: 3	:ok	:write	[0 3]
2026-03-09 23:28:55,971{GMT}	INFO	[jepsen worker 3] jepsen.util: 3	:invoke	:cas	[0 [0 2]]
2026-03-09 23:28:55,979{GMT}	INFO	[jepsen worker 3] jepsen.util: 3	:fail	:cas	[0 [0 2]]	[:precondition-failed "expected 0 but had 3"]
2026-03-09 23:28:56,001{GMT}	INFO	[jepsen worker 0] jepsen.util: 0	:invoke	:read	[0 nil]
2026-03-09 23:28:56,005{GMT}	INFO	[jepsen worker 0] jepsen.util: 0	:ok	:read	[0 3]
2026-03-09 23:28:56,104{GMT}	INFO	[jepsen worker 5] jepsen.util: 5	:invoke	:write	[0 2]
2026-03-09 23:28:56,111{GMT}	INFO	[jepsen worker 5] jepsen.util: 5	:ok	:write	[0 2]
2026-03-09 23:28:56,222{GMT}	INFO	[jepsen worker 3] jepsen.util: 3	:invoke	:write	[0 4]
2026-03-09 23:28:56,227{GMT}	INFO	[jepsen worker 3] jepsen.util: 3	:ok	:write	[0 4]
2026-03-09 23:28:56,386{GMT}	INFO	[jepsen worker 0] jepsen.util: 0	:invoke	:read	[0 nil]
2026-03-09 23:28:56,390{GMT}	INFO	[jepsen worker 0] jepsen.util: 0	:ok	:read	[0 4]
2026-03-09 23:28:56,435{GMT}	INFO	[jepsen worker 3] jepsen.util: 3	:invoke	:cas	[0 [1 3]]
2026-03-09 23:28:56,439{GMT}	INFO	[jepsen worker 3] jepsen.util: 3	:fail	:cas	[0 [1 3]]	[:precondition-failed "expected 1 but had 4"]
2026-03-09 23:28:56,478{GMT}	INFO	[jepsen worker 3] jepsen.util: 3	:invoke	:cas	[0 [0 3]]
2026-03-09 23:28:56,483{GMT}	INFO	[jepsen worker 3] jepsen.util: 3	:fail	:cas	[0 [0 3]]	[:precondition-failed "expected 0 but had 4"]
2026-03-09 23:28:56,626{GMT}	INFO	[jepsen worker 0] jepsen.util: 0	:invoke	:read	[0 nil]
2026-03-09 23:28:56,629{GMT}	INFO	[jepsen worker 0] jepsen.util: 0	:ok	:read	[0 4]
2026-03-09 23:28:56,743{GMT}	INFO	[jepsen worker 4] jepsen.util: 4	:invoke	:write	[0 4]
2026-03-09 23:28:56,750{GMT}	INFO	[jepsen worker 4] jepsen.util: 4	:ok	:write	[0 4]
2026-03-09 23:28:56,816{GMT}	INFO	[jepsen worker 5] jepsen.util: 5	:invoke	:write	[0 1]
2026-03-09 23:28:56,820{GMT}	INFO	[jepsen worker 5] jepsen.util: 5	:ok	:write	[0 1]
2026-03-09 23:28:56,952{GMT}	INFO	[jepsen worker 0] jepsen.util: 0	:invoke	:read	[0 nil]
2026-03-09 23:28:56,956{GMT}	INFO	[jepsen worker 0] jepsen.util: 0	:ok	:read	[0 1]
2026-03-09 23:28:57,108{GMT}	INFO	[jepsen worker 3] jepsen.util: 3	:invoke	:cas	[0 [4 0]]
2026-03-09 23:28:57,123{GMT}	INFO	[jepsen worker 3] jepsen.util: 3	:fail	:cas	[0 [4 0]]	[:precondition-failed "expected 4 but had 1"]
2026-03-09 23:28:57,157{GMT}	INFO	[jepsen worker 3] jepsen.util: 3	:invoke	:write	[0 3]
2026-03-09 23:28:57,170{GMT}	INFO	[jepsen worker 3] jepsen.util: 3	:ok	:write	[0 3]
2026-03-09 23:28:57,278{GMT}	INFO	[jepsen worker 2] jepsen.util: 2	:invoke	:read	[0 nil]
2026-03-09 23:28:57,283{GMT}	INFO	[jepsen worker 2] jepsen.util: 2	:ok	:read	[0 3]
2026-03-09 23:28:57,326{GMT}	INFO	[jepsen worker 3] jepsen.util: 3	:invoke	:cas	[0 [2 1]]
2026-03-09 23:28:57,328{GMT}	INFO	[jepsen worker 3] jepsen.util: 3	:fail	:cas	[0 [2 1]]	[:precondition-failed "expected 2 but had 3"]
2026-03-09 23:28:57,456{GMT}	INFO	[jepsen worker 0] jepsen.util: 0	:invoke	:read	[0 nil]
2026-03-09 23:28:57,459{GMT}	INFO	[jepsen worker 0] jepsen.util: 0	:ok	:read	[0 3]
2026-03-09 23:28:57,639{GMT}	INFO	[jepsen worker 0] jepsen.util: 0	:invoke	:read	[0 nil]
2026-03-09 23:28:57,643{GMT}	INFO	[jepsen worker 0] jepsen.util: 0	:ok	:read	[0 3]
2026-03-09 23:28:57,764{GMT}	INFO	[jepsen worker 0] jepsen.util: 0	:invoke	:read	[0 nil]
2026-03-09 23:28:57,769{GMT}	INFO	[jepsen worker 0] jepsen.util: 0	:ok	:read	[0 3]
2026-03-09 23:28:57,833{GMT}	INFO	[jepsen worker 0] jepsen.util: 0	:invoke	:read	[0 nil]
2026-03-09 23:28:57,836{GMT}	INFO	[jepsen worker 0] jepsen.util: 0	:ok	:read	[0 3]
2026-03-09 23:28:57,931{GMT}	INFO	[jepsen worker 1] jepsen.util: 1	:invoke	:read	[0 nil]
2026-03-09 23:28:57,935{GMT}	INFO	[jepsen worker 1] jepsen.util: 1	:ok	:read	[0 3]
2026-03-09 23:28:57,988{GMT}	INFO	[jepsen worker 3] jepsen.util: 3	:invoke	:cas	[0 [3 3]]
2026-03-09 23:28:57,993{GMT}	INFO	[jepsen worker 3] jepsen.util: 3	:ok	:cas	[0 [3 3]]
2026-03-09 23:28:58,005{GMT}	INFO	[jepsen worker 3] jepsen.util: 3	:invoke	:cas	[0 [4 0]]
2026-03-09 23:28:58,010{GMT}	INFO	[jepsen worker 3] jepsen.util: 3	:fail	:cas	[0 [4 0]]	[:precondition-failed "expected 4 but had 3"]
2026-03-09 23:28:58,126{GMT}	INFO	[jepsen worker 0] jepsen.util: 0	:invoke	:read	[0 nil]
2026-03-09 23:28:58,130{GMT}	INFO	[jepsen worker 0] jepsen.util: 0	:ok	:read	[0 3]
2026-03-09 23:28:58,163{GMT}	INFO	[jepsen worker 0] jepsen.util: 0	:invoke	:read	[0 nil]
2026-03-09 23:28:58,166{GMT}	INFO	[jepsen worker 0] jepsen.util: 0	:ok	:read	[0 3]
2026-03-09 23:28:58,224{GMT}	INFO	[jepsen worker 0] jepsen.util: 0	:invoke	:read	[0 nil]
2026-03-09 23:28:58,228{GMT}	INFO	[jepsen worker 0] jepsen.util: 0	:ok	:read	[0 3]
2026-03-09 23:28:58,283{GMT}	INFO	[jepsen worker 0] jepsen.util: 0	:invoke	:read	[0 nil]
2026-03-09 23:28:58,286{GMT}	INFO	[jepsen worker 0] jepsen.util: 0	:ok	:read	[0 3]
2026-03-09 23:28:58,298{GMT}	INFO	[jepsen worker 3] jepsen.util: 3	:invoke	:cas	[0 [2 4]]
2026-03-09 23:28:58,303{GMT}	INFO	[jepsen worker 3] jepsen.util: 3	:fail	:cas	[0 [2 4]]	[:precondition-failed "expected 2 but had 3"]
2026-03-09 23:28:58,436{GMT}	INFO	[jepsen worker 3] jepsen.util: 3	:invoke	:cas	[0 [1 1]]
2026-03-09 23:28:58,440{GMT}	INFO	[jepsen worker 3] jepsen.util: 3	:fail	:cas	[0 [1 1]]	[:precondition-failed "expected 1 but had 3"]
2026-03-09 23:28:58,561{GMT}	INFO	[jepsen worker 3] jepsen.util: 3	:invoke	:write	[0 1]
2026-03-09 23:28:58,564{GMT}	INFO	[jepsen worker 3] jepsen.util: 3	:ok	:write	[0 1]
2026-03-09 23:28:58,624{GMT}	INFO	[jepsen worker 4] jepsen.util: 4	:invoke	:write	[0 0]
2026-03-09 23:28:58,628{GMT}	INFO	[jepsen worker 4] jepsen.util: 4	:ok	:write	[0 0]
2026-03-09 23:28:58,762{GMT}	INFO	[jepsen worker 5] jepsen.util: 5	:invoke	:cas	[0 [2 3]]
2026-03-09 23:28:58,767{GMT}	INFO	[jepsen worker 5] jepsen.util: 5	:fail	:cas	[0 [2 3]]	[:precondition-failed "expected 2 but had 0"]
2026-03-09 23:28:58,826{GMT}	INFO	[jepsen worker 0] jepsen.util: 0	:invoke	:read	[0 nil]
2026-03-09 23:28:58,830{GMT}	INFO	[jepsen worker 0] jepsen.util: 0	:ok	:read	[0 0]
2026-03-09 23:28:58,981{GMT}	INFO	[jepsen worker 0] jepsen.util: 0	:invoke	:read	[0 nil]
2026-03-09 23:28:58,985{GMT}	INFO	[jepsen worker 0] jepsen.util: 0	:ok	:read	[0 0]
2026-03-09 23:28:59,107{GMT}	INFO	[jepsen worker 3] jepsen.util: 3	:invoke	:cas	[0 [0 0]]
2026-03-09 23:28:59,113{GMT}	INFO	[jepsen worker 3] jepsen.util: 3	:ok	:cas	[0 [0 0]]
2026-03-09 23:28:59,274{GMT}	INFO	[jepsen worker 3] jepsen.util: 3	:invoke	:cas	[0 [0 0]]
2026-03-09 23:28:59,284{GMT}	INFO	[jepsen worker 3] jepsen.util: 3	:ok	:cas	[0 [0 0]]
2026-03-09 23:28:59,297{GMT}	INFO	[jepsen worker 3] jepsen.util: 3	:invoke	:cas	[0 [3 0]]
2026-03-09 23:28:59,301{GMT}	INFO	[jepsen worker 3] jepsen.util: 3	:fail	:cas	[0 [3 0]]	[:precondition-failed "expected 3 but had 0"]
2026-03-09 23:28:59,460{GMT}	INFO	[jepsen worker 4] jepsen.util: 4	:invoke	:write	[0 4]
2026-03-09 23:28:59,464{GMT}	INFO	[jepsen worker 4] jepsen.util: 4	:ok	:write	[0 4]
2026-03-09 23:28:59,622{GMT}	INFO	[jepsen worker 0] jepsen.util: 0	:invoke	:read	[0 nil]
2026-03-09 23:28:59,630{GMT}	INFO	[jepsen worker 0] jepsen.util: 0	:ok	:read	[0 4]
2026-03-09 23:28:59,755{GMT}	INFO	[jepsen worker 0] jepsen.util: 0	:invoke	:read	[0 nil]
2026-03-09 23:28:59,761{GMT}	INFO	[jepsen worker 0] jepsen.util: 0	:ok	:read	[0 4]
2026-03-09 23:28:59,800{GMT}	INFO	[jepsen worker 0] jepsen.util: 0	:invoke	:read	[0 nil]
2026-03-09 23:28:59,810{GMT}	INFO	[jepsen worker 0] jepsen.util: 0	:ok	:read	[0 4]
2026-03-09 23:28:59,833{GMT}	INFO	[jepsen worker 1] jepsen.util: 1	:invoke	:read	[0 nil]
2026-03-09 23:28:59,838{GMT}	INFO	[jepsen worker 1] jepsen.util: 1	:ok	:read	[0 4]
2026-03-09 23:28:59,911{GMT}	INFO	[jepsen worker 2] jepsen.util: 2	:invoke	:read	[0 nil]
2026-03-09 23:28:59,917{GMT}	INFO	[jepsen worker 2] jepsen.util: 2	:ok	:read	[0 4]
2026-03-09 23:28:59,924{GMT}	INFO	[jepsen worker 3] jepsen.util: 3	:invoke	:write	[0 2]
2026-03-09 23:28:59,927{GMT}	INFO	[jepsen worker 3] jepsen.util: 3	:ok	:write	[0 2]
2026-03-09 23:29:00,025{GMT}	INFO	[jepsen worker 4] jepsen.util: 4	:invoke	:write	[0 2]
2026-03-09 23:29:00,044{GMT}	INFO	[jepsen worker 4] jepsen.util: 4	:ok	:write	[0 2]
2026-03-09 23:29:00,202{GMT}	INFO	[jepsen worker 5] jepsen.util: 5	:invoke	:cas	[0 [1 3]]
2026-03-09 23:29:00,207{GMT}	INFO	[jepsen worker 5] jepsen.util: 5	:fail	:cas	[0 [1 3]]	[:precondition-failed "expected 1 but had 2"]
2026-03-09 23:29:00,286{GMT}	INFO	[jepsen worker 0] jepsen.util: 0	:invoke	:read	[0 nil]
2026-03-09 23:29:00,289{GMT}	INFO	[jepsen worker 0] jepsen.util: 0	:ok	:read	[0 2]
2026-03-09 23:29:00,456{GMT}	INFO	[jepsen worker 0] jepsen.util: 0	:invoke	:read	[0 nil]
2026-03-09 23:29:00,457{GMT}	INFO	[jepsen worker 3] jepsen.util: 3	:invoke	:write	[0 4]
2026-03-09 23:29:00,464{GMT}	INFO	[jepsen worker 0] jepsen.util: 0	:ok	:read	[0 2]
2026-03-09 23:29:00,468{GMT}	INFO	[jepsen worker 2] jepsen.util: 2	:invoke	:read	[0 nil]
2026-03-09 23:29:00,469{GMT}	INFO	[jepsen worker 3] jepsen.util: 3	:ok	:write	[0 4]
2026-03-09 23:29:00,473{GMT}	INFO	[jepsen worker 2] jepsen.util: 2	:ok	:read	[0 4]
2026-03-09 23:29:00,632{GMT}	INFO	[jepsen worker 0] jepsen.util: 0	:invoke	:read	[0 nil]
2026-03-09 23:29:00,641{GMT}	INFO	[jepsen worker 0] jepsen.util: 0	:ok	:read	[0 4]
2026-03-09 23:29:00,810{GMT}	INFO	[jepsen worker 0] jepsen.util: 0	:invoke	:read	[0 nil]
2026-03-09 23:29:00,815{GMT}	INFO	[jepsen worker 0] jepsen.util: 0	:ok	:read	[0 4]
2026-03-09 23:29:00,858{GMT}	INFO	[jepsen worker 0] jepsen.util: 0	:invoke	:read	[0 nil]
2026-03-09 23:29:00,861{GMT}	INFO	[jepsen worker 0] jepsen.util: 0	:ok	:read	[0 4]
2026-03-09 23:29:00,878{GMT}	INFO	[jepsen worker 0] jepsen.util: 0	:invoke	:read	[0 nil]
2026-03-09 23:29:00,880{GMT}	INFO	[jepsen worker 0] jepsen.util: 0	:ok	:read	[0 4]
2026-03-09 23:29:00,941{GMT}	INFO	[jepsen worker 0] jepsen.util: 0	:invoke	:read	[0 nil]
2026-03-09 23:29:00,946{GMT}	INFO	[jepsen worker 0] jepsen.util: 0	:ok	:read	[0 4]
2026-03-09 23:29:01,067{GMT}	INFO	[jepsen worker 1] jepsen.util: 1	:invoke	:read	[0 nil]
2026-03-09 23:29:01,069{GMT}	INFO	[jepsen worker 1] jepsen.util: 1	:ok	:read	[0 4]
2026-03-09 23:29:01,182{GMT}	INFO	[jepsen worker 3] jepsen.util: 3	:invoke	:cas	[0 [0 0]]
2026-03-09 23:29:01,188{GMT}	INFO	[jepsen worker 3] jepsen.util: 3	:fail	:cas	[0 [0 0]]	[:precondition-failed "expected 0 but had 4"]
2026-03-09 23:29:01,369{GMT}	INFO	[jepsen worker 0] jepsen.util: 0	:invoke	:read	[0 nil]
2026-03-09 23:29:01,374{GMT}	INFO	[jepsen worker 0] jepsen.util: 0	:ok	:read	[0 4]
2026-03-09 23:29:01,424{GMT}	INFO	[jepsen worker 4] jepsen.util: 4	:invoke	:write	[0 0]
2026-03-09 23:29:01,433{GMT}	INFO	[jepsen worker 4] jepsen.util: 4	:ok	:write	[0 0]
2026-03-09 23:29:01,561{GMT}	INFO	[jepsen worker 0] jepsen.util: 0	:invoke	:read	[0 nil]
2026-03-09 23:29:01,566{GMT}	INFO	[jepsen worker 0] jepsen.util: 0	:ok	:read	[0 0]
2026-03-09 23:29:01,742{GMT}	INFO	[jepsen worker 3] jepsen.util: 3	:invoke	:write	[0 3]
2026-03-09 23:29:01,752{GMT}	INFO	[jepsen worker 3] jepsen.util: 3	:ok	:write	[0 3]
2026-03-09 23:29:01,886{GMT}	INFO	[jepsen worker 0] jepsen.util: 0	:invoke	:read	[0 nil]
2026-03-09 23:29:01,891{GMT}	INFO	[jepsen worker 0] jepsen.util: 0	:ok	:read	[0 3]
2026-03-09 23:29:01,961{GMT}	INFO	[jepsen worker 1] jepsen.util: 1	:invoke	:read	[0 nil]
2026-03-09 23:29:01,964{GMT}	INFO	[jepsen worker 1] jepsen.util: 1	:ok	:read	[0 3]
2026-03-09 23:29:02,070{GMT}	INFO	[jepsen worker 2] jepsen.util: 2	:invoke	:read	[0 nil]
2026-03-09 23:29:02,076{GMT}	INFO	[jepsen worker 2] jepsen.util: 2	:ok	:read	[0 3]
2026-03-09 23:29:02,223{GMT}	INFO	[jepsen worker 3] jepsen.util: 3	:invoke	:write	[0 3]
2026-03-09 23:29:02,231{GMT}	INFO	[jepsen worker 3] jepsen.util: 3	:ok	:write	[0 3]
2026-03-09 23:29:02,242{GMT}	INFO	[jepsen worker 0] jepsen.util: 0	:invoke	:read	[0 nil]
2026-03-09 23:29:02,246{GMT}	INFO	[jepsen worker 0] jepsen.util: 0	:ok	:read	[0 3]
2026-03-09 23:29:02,427{GMT}	INFO	[jepsen worker 0] jepsen.util: 0	:invoke	:read	[0 nil]
2026-03-09 23:29:02,436{GMT}	INFO	[jepsen worker 0] jepsen.util: 0	:ok	:read	[0 3]
2026-03-09 23:29:02,622{GMT}	INFO	[jepsen worker 0] jepsen.util: 0	:invoke	:read	[0 nil]
2026-03-09 23:29:02,642{GMT}	INFO	[jepsen worker 3] jepsen.util: 3	:invoke	:write	[0 4]
2026-03-09 23:29:02,646{GMT}	INFO	[jepsen worker 0] jepsen.util: 0	:ok	:read	[0 3]
2026-03-09 23:29:02,656{GMT}	INFO	[jepsen worker 3] jepsen.util: 3	:ok	:write	[0 4]
2026-03-09 23:29:02,713{GMT}	INFO	[jepsen worker 1] jepsen.util: 1	:invoke	:read	[0 nil]
2026-03-09 23:29:02,716{GMT}	INFO	[jepsen worker 1] jepsen.util: 1	:ok	:read	[0 4]
2026-03-09 23:29:02,832{GMT}	INFO	[jepsen worker 2] jepsen.util: 2	:invoke	:read	[0 nil]
2026-03-09 23:29:02,842{GMT}	INFO	[jepsen worker 2] jepsen.util: 2	:ok	:read	[0 4]
2026-03-09 23:29:03,006{GMT}	INFO	[jepsen worker 0] jepsen.util: 0	:invoke	:read	[0 nil]
2026-03-09 23:29:03,009{GMT}	INFO	[jepsen worker 0] jepsen.util: 0	:ok	:read	[0 4]
2026-03-09 23:29:03,079{GMT}	INFO	[jepsen worker 4] jepsen.util: 4	:invoke	:cas	[0 [4 2]]
2026-03-09 23:29:03,083{GMT}	INFO	[jepsen worker 4] jepsen.util: 4	:ok	:cas	[0 [4 2]]
2026-03-09 23:29:03,214{GMT}	INFO	[jepsen worker 5] jepsen.util: 5	:invoke	:write	[0 1]
2026-03-09 23:29:03,217{GMT}	INFO	[jepsen worker 5] jepsen.util: 5	:ok	:write	[0 1]
2026-03-09 23:29:03,356{GMT}	INFO	[jepsen worker 3] jepsen.util: 3	:invoke	:cas	[0 [0 1]]
2026-03-09 23:29:03,360{GMT}	INFO	[jepsen worker 3] jepsen.util: 3	:fail	:cas	[0 [0 1]]	[:precondition-failed "expected 0 but had 1"]
2026-03-09 23:29:03,537{GMT}	INFO	[jepsen worker 0] jepsen.util: 0	:invoke	:read	[0 nil]
2026-03-09 23:29:03,542{GMT}	INFO	[jepsen worker 0] jepsen.util: 0	:ok	:read	[0 1]
2026-03-09 23:29:03,676{GMT}	INFO	[jepsen worker 3] jepsen.util: 3	:invoke	:cas	[0 [1 0]]
2026-03-09 23:29:03,686{GMT}	INFO	[jepsen worker 3] jepsen.util: 3	:ok	:cas	[0 [1 0]]
2026-03-09 23:29:03,757{GMT}	INFO	[jepsen worker 3] jepsen.util: 3	:invoke	:write	[0 3]
2026-03-09 23:29:03,765{GMT}	INFO	[jepsen worker 3] jepsen.util: 3	:ok	:write	[0 3]
2026-03-09 23:29:03,783{GMT}	INFO	[jepsen worker 3] jepsen.util: 3	:invoke	:write	[0 0]
2026-03-09 23:29:03,791{GMT}	INFO	[jepsen worker 3] jepsen.util: 3	:ok	:write	[0 0]
2026-03-09 23:29:03,891{GMT}	INFO	[jepsen worker 4] jepsen.util: 4	:invoke	:cas	[0 [1 1]]
2026-03-09 23:29:03,898{GMT}	INFO	[jepsen worker 4] jepsen.util: 4	:fail	:cas	[0 [1 1]]	[:precondition-failed "expected 1 but had 0"]
2026-03-09 23:29:04,063{GMT}	INFO	[jepsen worker 5] jepsen.util: 5	:invoke	:cas	[0 [1 2]]
2026-03-09 23:29:04,072{GMT}	INFO	[jepsen worker 5] jepsen.util: 5	:fail	:cas	[0 [1 2]]	[:precondition-failed "expected 1 but had 0"]
2026-03-09 23:29:04,137{GMT}	INFO	[jepsen worker 0] jepsen.util: 0	:invoke	:read	[0 nil]
2026-03-09 23:29:04,142{GMT}	INFO	[jepsen worker 0] jepsen.util: 0	:ok	:read	[0 0]
2026-03-09 23:29:04,157{GMT}	INFO	[jepsen worker 3] jepsen.util: 3	:invoke	:cas	[0 [4 1]]
2026-03-09 23:29:04,163{GMT}	INFO	[jepsen worker 3] jepsen.util: 3	:fail	:cas	[0 [4 1]]	[:precondition-failed "expected 4 but had 0"]
2026-03-09 23:29:04,261{GMT}	INFO	[jepsen worker 3] jepsen.util: 3	:invoke	:cas	[0 [0 1]]
2026-03-09 23:29:04,275{GMT}	INFO	[jepsen worker 3] jepsen.util: 3	:ok	:cas	[0 [0 1]]
2026-03-09 23:29:04,305{GMT}	INFO	[jepsen worker 3] jepsen.util: 3	:invoke	:cas	[0 [4 3]]
2026-03-09 23:29:04,308{GMT}	INFO	[jepsen worker 3] jepsen.util: 3	:fail	:cas	[0 [4 3]]	[:precondition-failed "expected 4 but had 1"]
2026-03-09 23:29:04,508{GMT}	INFO	[jepsen worker 3] jepsen.util: 3	:invoke	:cas	[0 [3 1]]
2026-03-09 23:29:04,512{GMT}	INFO	[jepsen worker 0] jepsen.util: 0	:invoke	:read	[0 nil]
2026-03-09 23:29:04,514{GMT}	INFO	[jepsen worker 3] jepsen.util: 3	:fail	:cas	[0 [3 1]]	[:precondition-failed "expected 3 but had 1"]
2026-03-09 23:29:04,516{GMT}	INFO	[jepsen worker 0] jepsen.util: 0	:ok	:read	[0 1]
2026-03-09 23:29:04,554{GMT}	INFO	[jepsen worker 0] jepsen.util: 0	:invoke	:read	[0 nil]
2026-03-09 23:29:04,557{GMT}	INFO	[jepsen worker 0] jepsen.util: 0	:ok	:read	[0 1]
2026-03-09 23:29:04,598{GMT}	INFO	[jepsen worker 3] jepsen.util: 3	:invoke	:write	[0 2]
2026-03-09 23:29:04,601{GMT}	INFO	[jepsen worker 3] jepsen.util: 3	:ok	:write	[0 2]
2026-03-09 23:29:04,747{GMT}	INFO	[jepsen worker 0] jepsen.util: 0	:invoke	:read	[0 nil]
2026-03-09 23:29:04,751{GMT}	INFO	[jepsen worker 0] jepsen.util: 0	:ok	:read	[0 2]
2026-03-09 23:29:04,849{GMT}	INFO	[jepsen worker 3] jepsen.util: 3	:invoke	:cas	[0 [4 2]]
2026-03-09 23:29:04,856{GMT}	INFO	[jepsen worker 3] jepsen.util: 3	:fail	:cas	[0 [4 2]]	[:precondition-failed "expected 4 but had 2"]
2026-03-09 23:29:04,924{GMT}	INFO	[jepsen worker 3] jepsen.util: 3	:invoke	:cas	[0 [2 1]]
2026-03-09 23:29:04,932{GMT}	INFO	[jepsen worker 3] jepsen.util: 3	:ok	:cas	[0 [2 1]]
2026-03-09 23:29:05,121{GMT}	INFO	[jepsen worker 3] jepsen.util: 3	:invoke	:cas	[0 [3 1]]
2026-03-09 23:29:05,128{GMT}	INFO	[jepsen worker 3] jepsen.util: 3	:fail	:cas	[0 [3 1]]	[:precondition-failed "expected 3 but had 1"]
2026-03-09 23:29:05,276{GMT}	INFO	[jepsen worker 4] jepsen.util: 4	:invoke	:cas	[0 [1 2]]
2026-03-09 23:29:05,283{GMT}	INFO	[jepsen worker 4] jepsen.util: 4	:ok	:cas	[0 [1 2]]
2026-03-09 23:29:05,404{GMT}	INFO	[jepsen worker 0] jepsen.util: 0	:invoke	:read	[0 nil]
2026-03-09 23:29:05,412{GMT}	INFO	[jepsen worker 0] jepsen.util: 0	:ok	:read	[0 2]
2026-03-09 23:29:05,535{GMT}	INFO	[jepsen worker 3] jepsen.util: 3	:invoke	:write	[0 2]
2026-03-09 23:29:05,543{GMT}	INFO	[jepsen worker 3] jepsen.util: 3	:ok	:write	[0 2]
2026-03-09 23:29:05,632{GMT}	INFO	[jepsen worker 3] jepsen.util: 3	:invoke	:write	[0 3]
2026-03-09 23:29:05,638{GMT}	INFO	[jepsen worker 3] jepsen.util: 3	:ok	:write	[0 3]
2026-03-09 23:29:05,664{GMT}	INFO	[jepsen worker 1] jepsen.util: 1	:invoke	:read	[0 nil]
2026-03-09 23:29:05,670{GMT}	INFO	[jepsen worker 1] jepsen.util: 1	:ok	:read	[0 3]
2026-03-09 23:29:05,674{GMT}	INFO	[jepsen worker 2] jepsen.util: 2	:invoke	:read	[0 nil]
2026-03-09 23:29:05,679{GMT}	INFO	[jepsen worker 2] jepsen.util: 2	:ok	:read	[0 3]
2026-03-09 23:29:05,702{GMT}	INFO	[jepsen worker 0] jepsen.util: 0	:invoke	:read	[0 nil]
2026-03-09 23:29:05,705{GMT}	INFO	[jepsen worker 0] jepsen.util: 0	:ok	:read	[0 3]
2026-03-09 23:29:05,884{GMT}	INFO	[jepsen worker 0] jepsen.util: 0	:invoke	:read	[0 nil]
2026-03-09 23:29:05,893{GMT}	INFO	[jepsen worker 0] jepsen.util: 0	:ok	:read	[0 3]
2026-03-09 23:29:06,039{GMT}	INFO	[jepsen worker 0] jepsen.util: 0	:invoke	:read	[0 nil]
2026-03-09 23:29:06,042{GMT}	INFO	[jepsen worker 0] jepsen.util: 0	:ok	:read	[0 3]
2026-03-09 23:29:06,141{GMT}	INFO	[jepsen worker 3] jepsen.util: 3	:invoke	:write	[0 0]
2026-03-09 23:29:06,146{GMT}	INFO	[jepsen worker 3] jepsen.util: 3	:ok	:write	[0 0]
2026-03-09 23:29:06,193{GMT}	INFO	[jepsen worker 0] jepsen.util: 0	:invoke	:read	[0 nil]
2026-03-09 23:29:06,200{GMT}	INFO	[jepsen worker 0] jepsen.util: 0	:ok	:read	[0 0]
2026-03-09 23:29:06,260{GMT}	INFO	[jepsen worker 3] jepsen.util: 3	:invoke	:cas	[0 [1 3]]
2026-03-09 23:29:06,264{GMT}	INFO	[jepsen worker 3] jepsen.util: 3	:fail	:cas	[0 [1 3]]	[:precondition-failed "expected 1 but had 0"]
2026-03-09 23:29:06,448{GMT}	INFO	[jepsen worker 2] jepsen.util: 2	:invoke	:read	[0 nil]
2026-03-09 23:29:06,450{GMT}	INFO	[jepsen worker 2] jepsen.util: 2	:ok	:read	[0 0]
2026-03-09 23:29:06,497{GMT}	INFO	[jepsen worker 3] jepsen.util: 3	:invoke	:write	[0 2]
2026-03-09 23:29:06,503{GMT}	INFO	[jepsen worker 3] jepsen.util: 3	:ok	:write	[0 2]
2026-03-09 23:29:06,614{GMT}	INFO	[jepsen worker 0] jepsen.util: 0	:invoke	:read	[0 nil]
2026-03-09 23:29:06,620{GMT}	INFO	[jepsen worker 0] jepsen.util: 0	:ok	:read	[0 2]
2026-03-09 23:29:06,666{GMT}	INFO	[jepsen worker 0] jepsen.util: 0	:invoke	:read	[0 nil]
2026-03-09 23:29:06,673{GMT}	INFO	[jepsen worker 0] jepsen.util: 0	:ok	:read	[0 2]
2026-03-09 23:29:06,787{GMT}	INFO	[jepsen worker 0] jepsen.util: 0	:invoke	:read	[0 nil]
2026-03-09 23:29:06,795{GMT}	INFO	[jepsen worker 0] jepsen.util: 0	:ok	:read	[0 2]
2026-03-09 23:29:06,889{GMT}	INFO	[jepsen worker 3] jepsen.util: 3	:invoke	:cas	[0 [1 2]]
2026-03-09 23:29:06,892{GMT}	INFO	[jepsen worker 3] jepsen.util: 3	:fail	:cas	[0 [1 2]]	[:precondition-failed "expected 1 but had 2"]
2026-03-09 23:29:07,017{GMT}	INFO	[jepsen worker 1] jepsen.util: 1	:invoke	:read	[0 nil]
2026-03-09 23:29:07,023{GMT}	INFO	[jepsen worker 1] jepsen.util: 1	:ok	:read	[0 2]
2026-03-09 23:29:07,039{GMT}	INFO	[jepsen worker 3] jepsen.util: 3	:invoke	:cas	[0 [4 4]]
2026-03-09 23:29:07,043{GMT}	INFO	[jepsen worker 3] jepsen.util: 3	:fail	:cas	[0 [4 4]]	[:precondition-failed "expected 4 but had 2"]
2026-03-09 23:29:07,199{GMT}	INFO	[jepsen worker 3] jepsen.util: 3	:invoke	:cas	[0 [4 0]]
2026-03-09 23:29:07,208{GMT}	INFO	[jepsen worker 3] jepsen.util: 3	:fail	:cas	[0 [4 0]]	[:precondition-failed "expected 4 but had 2"]
2026-03-09 23:29:07,361{GMT}	INFO	[jepsen worker 4] jepsen.util: 4	:invoke	:cas	[0 [4 2]]
2026-03-09 23:29:07,370{GMT}	INFO	[jepsen worker 4] jepsen.util: 4	:fail	:cas	[0 [4 2]]	[:precondition-failed "expected 4 but had 2"]
2026-03-09 23:29:07,505{GMT}	INFO	[jepsen worker 5] jepsen.util: 5	:invoke	:cas	[0 [4 0]]
2026-03-09 23:29:07,510{GMT}	INFO	[jepsen worker 5] jepsen.util: 5	:fail	:cas	[0 [4 0]]	[:precondition-failed "expected 4 but had 2"]
2026-03-09 23:29:07,651{GMT}	INFO	[jepsen worker 0] jepsen.util: 0	:invoke	:read	[0 nil]
2026-03-09 23:29:07,658{GMT}	INFO	[jepsen worker 0] jepsen.util: 0	:ok	:read	[0 2]
2026-03-09 23:29:07,784{GMT}	INFO	[jepsen worker 3] jepsen.util: 3	:invoke	:write	[0 0]
2026-03-09 23:29:07,791{GMT}	INFO	[jepsen worker 3] jepsen.util: 3	:ok	:write	[0 0]
2026-03-09 23:29:07,805{GMT}	INFO	[jepsen worker 1] jepsen.util: 1	:invoke	:read	[0 nil]
2026-03-09 23:29:07,813{GMT}	INFO	[jepsen worker 1] jepsen.util: 1	:ok	:read	[0 0]
2026-03-09 23:29:07,949{GMT}	INFO	[jepsen worker 2] jepsen.util: 2	:invoke	:read	[0 nil]
2026-03-09 23:29:07,955{GMT}	INFO	[jepsen worker 2] jepsen.util: 2	:ok	:read	[0 0]
2026-03-09 23:29:08,031{GMT}	INFO	[jepsen worker 3] jepsen.util: 3	:invoke	:cas	[0 [1 3]]
2026-03-09 23:29:08,039{GMT}	INFO	[jepsen worker 3] jepsen.util: 3	:fail	:cas	[0 [1 3]]	[:precondition-failed "expected 1 but had 0"]
2026-03-09 23:29:08,103{GMT}	INFO	[jepsen worker 0] jepsen.util: 0	:invoke	:read	[0 nil]
2026-03-09 23:29:08,110{GMT}	INFO	[jepsen worker 0] jepsen.util: 0	:ok	:read	[0 0]
2026-03-09 23:29:08,242{GMT}	INFO	[jepsen worker 0] jepsen.util: 0	:invoke	:read	[0 nil]
2026-03-09 23:29:08,248{GMT}	INFO	[jepsen worker 0] jepsen.util: 0	:ok	:read	[0 0]
2026-03-09 23:29:08,388{GMT}	INFO	[jepsen worker 0] jepsen.util: 0	:invoke	:read	[0 nil]
2026-03-09 23:29:08,395{GMT}	INFO	[jepsen worker 0] jepsen.util: 0	:ok	:read	[0 0]
2026-03-09 23:29:08,449{GMT}	INFO	[jepsen worker 0] jepsen.util: 0	:invoke	:read	[0 nil]
2026-03-09 23:29:08,513{GMT}	INFO	[jepsen worker 0] jepsen.util: 0	:ok	:read	[0 0]
2026-03-09 23:29:08,534{GMT}	INFO	[jepsen worker 1] jepsen.util: 1	:invoke	:read	[0 nil]
2026-03-09 23:29:08,536{GMT}	INFO	[jepsen worker 1] jepsen.util: 1	:ok	:read	[0 0]
2026-03-09 23:29:08,588{GMT}	INFO	[jepsen worker 2] jepsen.util: 2	:invoke	:read	[0 nil]
2026-03-09 23:29:08,594{GMT}	INFO	[jepsen worker 2] jepsen.util: 2	:ok	:read	[0 0]
2026-03-09 23:29:08,606{GMT}	INFO	[jepsen worker 3] jepsen.util: 3	:invoke	:cas	[0 [1 3]]
2026-03-09 23:29:08,609{GMT}	INFO	[jepsen worker 3] jepsen.util: 3	:fail	:cas	[0 [1 3]]	[:precondition-failed "expected 1 but had 0"]
2026-03-09 23:29:08,779{GMT}	INFO	[jepsen worker 0] jepsen.util: 0	:invoke	:read	[0 nil]
2026-03-09 23:29:08,782{GMT}	INFO	[jepsen worker 0] jepsen.util: 0	:ok	:read	[0 0]
2026-03-09 23:29:08,924{GMT}	INFO	[jepsen worker 5] jepsen.util: 5	:invoke	:cas	[0 [2 3]]
2026-03-09 23:29:08,937{GMT}	INFO	[jepsen worker 0] jepsen.util: 0	:invoke	:read	[0 nil]
2026-03-09 23:29:08,941{GMT}	INFO	[jepsen worker 5] jepsen.util: 5	:fail	:cas	[0 [2 3]]	[:precondition-failed "expected 2 but had 0"]
2026-03-09 23:29:08,944{GMT}	INFO	[jepsen worker 0] jepsen.util: 0	:ok	:read	[0 0]
2026-03-09 23:29:09,021{GMT}	INFO	[jepsen worker 3] jepsen.util: 3	:invoke	:cas	[0 [0 3]]
2026-03-09 23:29:09,030{GMT}	INFO	[jepsen worker 3] jepsen.util: 3	:ok	:cas	[0 [0 3]]
2026-03-09 23:29:09,153{GMT}	INFO	[jepsen worker 3] jepsen.util: 3	:invoke	:cas	[0 [2 1]]
2026-03-09 23:29:09,158{GMT}	INFO	[jepsen worker 3] jepsen.util: 3	:fail	:cas	[0 [2 1]]	[:precondition-failed "expected 2 but had 3"]
2026-03-09 23:29:09,199{GMT}	INFO	[jepsen worker 2] jepsen.util: 2	:invoke	:read	[0 nil]
2026-03-09 23:29:09,204{GMT}	INFO	[jepsen worker 2] jepsen.util: 2	:ok	:read	[0 3]
2026-03-09 23:29:09,210{GMT}	INFO	[jepsen worker 0] jepsen.util: 0	:invoke	:read	[0 nil]
2026-03-09 23:29:09,214{GMT}	INFO	[jepsen worker 0] jepsen.util: 0	:ok	:read	[0 3]
2026-03-09 23:29:09,259{GMT}	INFO	[jepsen worker 4] jepsen.util: 4	:invoke	:write	[0 1]
2026-03-09 23:29:09,265{GMT}	INFO	[jepsen worker 4] jepsen.util: 4	:ok	:write	[0 1]
2026-03-09 23:29:09,266{GMT}	INFO	[jepsen worker 0] jepsen.util: 0	:invoke	:read	[0 nil]
2026-03-09 23:29:09,269{GMT}	INFO	[jepsen worker 0] jepsen.util: 0	:ok	:read	[0 1]
2026-03-09 23:29:09,424{GMT}	INFO	[jepsen worker 0] jepsen.util: 0	:invoke	:read	[0 nil]
2026-03-09 23:29:09,429{GMT}	INFO	[jepsen worker 0] jepsen.util: 0	:ok	:read	[0 1]
2026-03-09 23:29:09,474{GMT}	INFO	[jepsen worker 3] jepsen.util: 3	:invoke	:write	[0 1]
2026-03-09 23:29:09,480{GMT}	INFO	[jepsen worker 3] jepsen.util: 3	:ok	:write	[0 1]
2026-03-09 23:29:09,494{GMT}	INFO	[jepsen worker 1] jepsen.util: 1	:invoke	:read	[0 nil]
2026-03-09 23:29:09,498{GMT}	INFO	[jepsen worker 1] jepsen.util: 1	:ok	:read	[0 1]
2026-03-09 23:29:09,626{GMT}	INFO	[jepsen worker 2] jepsen.util: 2	:invoke	:read	[0 nil]
2026-03-09 23:29:09,633{GMT}	INFO	[jepsen worker 2] jepsen.util: 2	:ok	:read	[0 1]
2026-03-09 23:29:09,706{GMT}	INFO	[jepsen worker 3] jepsen.util: 3	:invoke	:cas	[0 [1 2]]
2026-03-09 23:29:09,715{GMT}	INFO	[jepsen worker 3] jepsen.util: 3	:ok	:cas	[0 [1 2]]
2026-03-09 23:29:09,862{GMT}	INFO	[jepsen worker 0] jepsen.util: 0	:invoke	:read	[0 nil]
2026-03-09 23:29:09,868{GMT}	INFO	[jepsen worker 0] jepsen.util: 0	:ok	:read	[0 2]
2026-03-09 23:29:10,006{GMT}	INFO	[jepsen worker 0] jepsen.util: 0	:invoke	:read	[0 nil]
2026-03-09 23:29:10,013{GMT}	INFO	[jepsen worker 0] jepsen.util: 0	:ok	:read	[0 2]
2026-03-09 23:29:10,067{GMT}	INFO	[jepsen worker 3] jepsen.util: 3	:invoke	:cas	[0 [4 3]]
2026-03-09 23:29:10,071{GMT}	INFO	[jepsen worker 3] jepsen.util: 3	:fail	:cas	[0 [4 3]]	[:precondition-failed "expected 4 but had 2"]
2026-03-09 23:29:10,268{GMT}	INFO	[jepsen worker 0] jepsen.util: 0	:invoke	:read	[0 nil]
2026-03-09 23:29:10,274{GMT}	INFO	[jepsen worker 0] jepsen.util: 0	:ok	:read	[0 2]
2026-03-09 23:29:10,433{GMT}	INFO	[jepsen worker 1] jepsen.util: 1	:invoke	:read	[0 nil]
2026-03-09 23:29:10,442{GMT}	INFO	[jepsen worker 1] jepsen.util: 1	:ok	:read	[0 2]
2026-03-09 23:29:10,581{GMT}	INFO	[jepsen worker 3] jepsen.util: 3	:invoke	:cas	[0 [4 0]]
2026-03-09 23:29:10,588{GMT}	INFO	[jepsen worker 3] jepsen.util: 3	:fail	:cas	[0 [4 0]]	[:precondition-failed "expected 4 but had 2"]
2026-03-09 23:29:10,693{GMT}	INFO	[jepsen worker 0] jepsen.util: 0	:invoke	:read	[0 nil]
2026-03-09 23:29:10,699{GMT}	INFO	[jepsen worker 0] jepsen.util: 0	:ok	:read	[0 2]
2026-03-09 23:29:10,838{GMT}	INFO	[jepsen worker 0] jepsen.util: 0	:invoke	:read	[0 nil]
2026-03-09 23:29:10,844{GMT}	INFO	[jepsen worker 0] jepsen.util: 0	:ok	:read	[0 2]
2026-03-09 23:29:10,881{GMT}	INFO	[jepsen worker 5] jepsen.util: 5	:invoke	:cas	[0 [1 1]]
2026-03-09 23:29:10,886{GMT}	INFO	[jepsen worker 5] jepsen.util: 5	:fail	:cas	[0 [1 1]]	[:precondition-failed "expected 1 but had 2"]
2026-03-09 23:29:11,004{GMT}	INFO	[jepsen worker 0] jepsen.util: 0	:invoke	:read	[0 nil]
2026-03-09 23:29:11,012{GMT}	INFO	[jepsen worker 0] jepsen.util: 0	:ok	:read	[0 2]
2026-03-09 23:29:11,166{GMT}	INFO	[jepsen worker 3] jepsen.util: 3	:invoke	:cas	[0 [2 3]]
2026-03-09 23:29:11,181{GMT}	INFO	[jepsen worker 3] jepsen.util: 3	:ok	:cas	[0 [2 3]]
2026-03-09 23:29:11,361{GMT}	INFO	[jepsen worker 1] jepsen.util: 1	:invoke	:read	[0 nil]
2026-03-09 23:29:11,367{GMT}	INFO	[jepsen worker 1] jepsen.util: 1	:ok	:read	[0 3]
2026-03-09 23:29:11,443{GMT}	INFO	[jepsen worker 3] jepsen.util: 3	:invoke	:cas	[0 [4 2]]
2026-03-09 23:29:11,450{GMT}	INFO	[jepsen worker 3] jepsen.util: 3	:fail	:cas	[0 [4 2]]	[:precondition-failed "expected 4 but had 3"]
2026-03-09 23:29:11,641{GMT}	INFO	[jepsen worker 0] jepsen.util: 0	:invoke	:read	[0 nil]
2026-03-09 23:29:11,648{GMT}	INFO	[jepsen worker 0] jepsen.util: 0	:ok	:read	[0 3]
2026-03-09 23:29:11,680{GMT}	INFO	[jepsen worker 4] jepsen.util: 4	:invoke	:write	[0 4]
2026-03-09 23:29:11,685{GMT}	INFO	[jepsen worker 4] jepsen.util: 4	:ok	:write	[0 4]
2026-03-09 23:29:11,722{GMT}	INFO	[jepsen worker 0] jepsen.util: 0	:invoke	:read	[0 nil]
2026-03-09 23:29:11,728{GMT}	INFO	[jepsen worker 0] jepsen.util: 0	:ok	:read	[0 4]
2026-03-09 23:29:11,879{GMT}	INFO	[jepsen worker 3] jepsen.util: 3	:invoke	:write	[0 0]
2026-03-09 23:29:11,883{GMT}	INFO	[jepsen worker 3] jepsen.util: 3	:ok	:write	[0 0]
2026-03-09 23:29:12,080{GMT}	INFO	[jepsen worker 3] jepsen.util: 3	:invoke	:write	[0 2]
2026-03-09 23:29:12,089{GMT}	INFO	[jepsen worker 3] jepsen.util: 3	:ok	:write	[0 2]
2026-03-09 23:29:12,191{GMT}	INFO	[jepsen worker 3] jepsen.util: 3	:invoke	:write	[0 3]
2026-03-09 23:29:12,192{GMT}	INFO	[jepsen worker 2] jepsen.util: 2	:invoke	:read	[0 nil]
2026-03-09 23:29:12,198{GMT}	INFO	[jepsen worker 3] jepsen.util: 3	:ok	:write	[0 3]
2026-03-09 23:29:12,199{GMT}	INFO	[jepsen worker 2] jepsen.util: 2	:ok	:read	[0 2]
2026-03-09 23:29:12,209{GMT}	INFO	[jepsen worker 0] jepsen.util: 0	:invoke	:read	[0 nil]
2026-03-09 23:29:12,212{GMT}	INFO	[jepsen worker 0] jepsen.util: 0	:ok	:read	[0 3]
2026-03-09 23:29:12,290{GMT}	INFO	[jepsen worker 4] jepsen.util: 4	:invoke	:cas	[0 [2 4]]
2026-03-09 23:29:12,293{GMT}	INFO	[jepsen worker 4] jepsen.util: 4	:fail	:cas	[0 [2 4]]	[:precondition-failed "expected 2 but had 3"]
2026-03-09 23:29:12,341{GMT}	INFO	[jepsen worker 5] jepsen.util: 5	:invoke	:write	[0 4]
2026-03-09 23:29:12,343{GMT}	INFO	[jepsen worker 5] jepsen.util: 5	:ok	:write	[0 4]
2026-03-09 23:29:12,526{GMT}	INFO	[jepsen worker 0] jepsen.util: 0	:invoke	:read	[0 nil]
2026-03-09 23:29:12,545{GMT}	INFO	[jepsen worker 0] jepsen.util: 0	:ok	:read	[0 4]
2026-03-09 23:29:12,560{GMT}	INFO	[jepsen worker 0] jepsen.util: 0	:invoke	:read	[0 nil]
2026-03-09 23:29:12,562{GMT}	INFO	[jepsen worker 0] jepsen.util: 0	:ok	:read	[0 4]
2026-03-09 23:29:12,680{GMT}	INFO	[jepsen worker 1] jepsen.util: 1	:invoke	:read	[0 nil]
2026-03-09 23:29:12,692{GMT}	INFO	[jepsen worker 1] jepsen.util: 1	:ok	:read	[0 4]
2026-03-09 23:29:12,841{GMT}	INFO	[jepsen worker 3] jepsen.util: 3	:invoke	:cas	[0 [1 4]]
2026-03-09 23:29:12,849{GMT}	INFO	[jepsen worker 3] jepsen.util: 3	:fail	:cas	[0 [1 4]]	[:precondition-failed "expected 1 but had 4"]
2026-03-09 23:29:13,027{GMT}	INFO	[jepsen worker 0] jepsen.util: 0	:invoke	:read	[0 nil]
2026-03-09 23:29:13,035{GMT}	INFO	[jepsen worker 0] jepsen.util: 0	:ok	:read	[0 4]
2026-03-09 23:29:13,068{GMT}	INFO	[jepsen worker 4] jepsen.util: 4	:invoke	:cas	[0 [1 3]]
2026-03-09 23:29:13,071{GMT}	INFO	[jepsen worker 4] jepsen.util: 4	:fail	:cas	[0 [1 3]]	[:precondition-failed "expected 1 but had 4"]
2026-03-09 23:29:13,090{GMT}	INFO	[jepsen worker 5] jepsen.util: 5	:invoke	:cas	[0 [0 4]]
2026-03-09 23:29:13,094{GMT}	INFO	[jepsen worker 5] jepsen.util: 5	:fail	:cas	[0 [0 4]]	[:precondition-failed "expected 0 but had 4"]
2026-03-09 23:29:13,160{GMT}	INFO	[jepsen worker 3] jepsen.util: 3	:invoke	:cas	[0 [2 1]]
2026-03-09 23:29:13,165{GMT}	INFO	[jepsen worker 3] jepsen.util: 3	:fail	:cas	[0 [2 1]]	[:precondition-failed "expected 2 but had 4"]
2026-03-09 23:29:13,323{GMT}	INFO	[jepsen worker 0] jepsen.util: 0	:invoke	:read	[0 nil]
2026-03-09 23:29:13,328{GMT}	INFO	[jepsen worker 0] jepsen.util: 0	:ok	:read	[0 4]
2026-03-09 23:29:13,366{GMT}	INFO	[jepsen worker 3] jepsen.util: 3	:invoke	:cas	[0 [2 1]]
2026-03-09 23:29:13,373{GMT}	INFO	[jepsen worker 3] jepsen.util: 3	:fail	:cas	[0 [2 1]]	[:precondition-failed "expected 2 but had 4"]
2026-03-09 23:29:13,413{GMT}	INFO	[jepsen worker 2] jepsen.util: 2	:invoke	:read	[0 nil]
2026-03-09 23:29:13,418{GMT}	INFO	[jepsen worker 2] jepsen.util: 2	:ok	:read	[0 4]
2026-03-09 23:29:13,549{GMT}	INFO	[jepsen worker 0] jepsen.util: 0	:invoke	:read	[0 nil]
2026-03-09 23:29:13,550{GMT}	INFO	[jepsen worker 1] jepsen.util: 1	:invoke	:read	[0 nil]
2026-03-09 23:29:13,554{GMT}	INFO	[jepsen worker 1] jepsen.util: 1	:ok	:read	[0 4]
2026-03-09 23:29:13,554{GMT}	INFO	[jepsen worker 0] jepsen.util: 0	:ok	:read	[0 4]
2026-03-09 23:29:13,571{GMT}	INFO	[jepsen worker 0] jepsen.util: 0	:invoke	:read	[0 nil]
2026-03-09 23:29:13,576{GMT}	INFO	[jepsen worker 0] jepsen.util: 0	:ok	:read	[0 4]
2026-03-09 23:29:13,659{GMT}	INFO	[jepsen worker 3] jepsen.util: 3	:invoke	:write	[0 2]
2026-03-09 23:29:13,662{GMT}	INFO	[jepsen worker 3] jepsen.util: 3	:ok	:write	[0 2]
2026-03-09 23:29:13,751{GMT}	INFO	[jepsen worker 0] jepsen.util: 0	:invoke	:read	[0 nil]
2026-03-09 23:29:13,756{GMT}	INFO	[jepsen worker 0] jepsen.util: 0	:ok	:read	[0 2]
2026-03-09 23:29:13,948{GMT}	INFO	[jepsen worker 3] jepsen.util: 3	:invoke	:cas	[0 [0 4]]
2026-03-09 23:29:13,959{GMT}	INFO	[jepsen worker 3] jepsen.util: 3	:fail	:cas	[0 [0 4]]	[:precondition-failed "expected 0 but had 2"]
2026-03-09 23:29:14,085{GMT}	INFO	[jepsen worker 3] jepsen.util: 3	:invoke	:cas	[0 [1 2]]
2026-03-09 23:29:14,093{GMT}	INFO	[jepsen worker 3] jepsen.util: 3	:fail	:cas	[0 [1 2]]	[:precondition-failed "expected 1 but had 2"]
2026-03-09 23:29:14,241{GMT}	INFO	[jepsen worker 0] jepsen.util: 0	:invoke	:read	[0 nil]
2026-03-09 23:29:14,246{GMT}	INFO	[jepsen worker 0] jepsen.util: 0	:ok	:read	[0 2]
2026-03-09 23:29:14,309{GMT}	INFO	[jepsen worker 0] jepsen.util: 0	:invoke	:read	[0 nil]
2026-03-09 23:29:14,325{GMT}	INFO	[jepsen worker 0] jepsen.util: 0	:ok	:read	[0 2]
2026-03-09 23:29:14,490{GMT}	INFO	[jepsen worker 5] jepsen.util: 5	:invoke	:cas	[0 [1 3]]
2026-03-09 23:29:14,520{GMT}	INFO	[jepsen worker 5] jepsen.util: 5	:fail	:cas	[0 [1 3]]	[:precondition-failed "expected 1 but had 2"]
2026-03-09 23:29:14,607{GMT}	INFO	[jepsen worker 3] jepsen.util: 3	:invoke	:write	[0 4]
2026-03-09 23:29:14,614{GMT}	INFO	[jepsen worker 3] jepsen.util: 3	:ok	:write	[0 4]
2026-03-09 23:29:14,764{GMT}	INFO	[jepsen worker 0] jepsen.util: 0	:invoke	:read	[0 nil]
2026-03-09 23:29:14,767{GMT}	INFO	[jepsen worker 0] jepsen.util: 0	:ok	:read	[0 4]
2026-03-09 23:29:14,930{GMT}	INFO	[jepsen worker 1] jepsen.util: 1	:invoke	:read	[0 nil]
2026-03-09 23:29:14,936{GMT}	INFO	[jepsen worker 1] jepsen.util: 1	:ok	:read	[0 4]
2026-03-09 23:29:15,070{GMT}	INFO	[jepsen worker 2] jepsen.util: 2	:invoke	:read	[0 nil]
2026-03-09 23:29:15,074{GMT}	INFO	[jepsen worker 2] jepsen.util: 2	:ok	:read	[0 4]
2026-03-09 23:29:15,076{GMT}	INFO	[jepsen worker 0] jepsen.util: 0	:invoke	:read	[0 nil]
2026-03-09 23:29:15,082{GMT}	INFO	[jepsen worker 0] jepsen.util: 0	:ok	:read	[0 4]
2026-03-09 23:29:15,117{GMT}	INFO	[jepsen worker 4] jepsen.util: 4	:invoke	:cas	[0 [2 4]]
2026-03-09 23:29:15,130{GMT}	INFO	[jepsen worker 4] jepsen.util: 4	:fail	:cas	[0 [2 4]]	[:precondition-failed "expected 2 but had 4"]
2026-03-09 23:29:15,238{GMT}	INFO	[jepsen worker 5] jepsen.util: 5	:invoke	:cas	[0 [4 3]]
2026-03-09 23:29:15,245{GMT}	INFO	[jepsen worker 5] jepsen.util: 5	:ok	:cas	[0 [4 3]]
2026-03-09 23:29:15,264{GMT}	INFO	[jepsen worker 3] jepsen.util: 3	:invoke	:cas	[0 [3 2]]
2026-03-09 23:29:15,269{GMT}	INFO	[jepsen worker 3] jepsen.util: 3	:ok	:cas	[0 [3 2]]
2026-03-09 23:29:15,361{GMT}	INFO	[jepsen worker 3] jepsen.util: 3	:invoke	:cas	[0 [0 2]]
2026-03-09 23:29:15,367{GMT}	INFO	[jepsen worker 3] jepsen.util: 3	:fail	:cas	[0 [0 2]]	[:precondition-failed "expected 0 but had 2"]
2026-03-09 23:29:15,483{GMT}	INFO	[jepsen worker 3] jepsen.util: 3	:invoke	:write	[0 1]
2026-03-09 23:29:15,489{GMT}	INFO	[jepsen worker 3] jepsen.util: 3	:ok	:write	[0 1]
2026-03-09 23:29:15,601{GMT}	INFO	[jepsen worker 3] jepsen.util: 3	:invoke	:cas	[0 [0 4]]
2026-03-09 23:29:15,610{GMT}	INFO	[jepsen worker 3] jepsen.util: 3	:fail	:cas	[0 [0 4]]	[:precondition-failed "expected 0 but had 1"]
2026-03-09 23:29:15,665{GMT}	INFO	[jepsen worker 3] jepsen.util: 3	:invoke	:write	[0 3]
2026-03-09 23:29:15,673{GMT}	INFO	[jepsen worker 3] jepsen.util: 3	:ok	:write	[0 3]
2026-03-09 23:29:15,755{GMT}	INFO	[jepsen worker 0] jepsen.util: 0	:invoke	:read	[0 nil]
2026-03-09 23:29:15,763{GMT}	INFO	[jepsen worker 0] jepsen.util: 0	:ok	:read	[0 3]
2026-03-09 23:29:15,953{GMT}	INFO	[jepsen worker 0] jepsen.util: 0	:invoke	:read	[0 nil]
2026-03-09 23:29:15,956{GMT}	INFO	[jepsen worker 0] jepsen.util: 0	:ok	:read	[0 3]
2026-03-09 23:29:16,030{GMT}	INFO	[jepsen worker 3] jepsen.util: 3	:invoke	:write	[0 1]
2026-03-09 23:29:16,036{GMT}	INFO	[jepsen worker 3] jepsen.util: 3	:ok	:write	[0 1]
2026-03-09 23:29:16,184{GMT}	INFO	[jepsen worker 0] jepsen.util: 0	:invoke	:read	[0 nil]
2026-03-09 23:29:16,191{GMT}	INFO	[jepsen worker 0] jepsen.util: 0	:ok	:read	[0 1]
2026-03-09 23:29:16,299{GMT}	INFO	[jepsen worker 3] jepsen.util: 3	:invoke	:write	[0 2]
2026-03-09 23:29:16,308{GMT}	INFO	[jepsen worker 3] jepsen.util: 3	:ok	:write	[0 2]
2026-03-09 23:29:16,468{GMT}	INFO	[jepsen worker 3] jepsen.util: 3	:invoke	:cas	[0 [3 3]]
2026-03-09 23:29:16,477{GMT}	INFO	[jepsen worker 3] jepsen.util: 3	:fail	:cas	[0 [3 3]]	[:precondition-failed "expected 3 but had 2"]
2026-03-09 23:29:16,670{GMT}	INFO	[jepsen worker 3] jepsen.util: 3	:invoke	:cas	[0 [2 3]]
2026-03-09 23:29:16,676{GMT}	INFO	[jepsen worker 3] jepsen.util: 3	:ok	:cas	[0 [2 3]]
2026-03-09 23:29:16,846{GMT}	INFO	[jepsen worker 0] jepsen.util: 0	:invoke	:read	[0 nil]
2026-03-09 23:29:16,848{GMT}	INFO	[jepsen worker 0] jepsen.util: 0	:ok	:read	[0 3]
2026-03-09 23:29:16,924{GMT}	INFO	[jepsen worker 5] jepsen.util: 5	:invoke	:cas	[0 [0 2]]
2026-03-09 23:29:16,927{GMT}	INFO	[jepsen worker 5] jepsen.util: 5	:fail	:cas	[0 [0 2]]	[:precondition-failed "expected 0 but had 3"]
2026-03-09 23:29:17,051{GMT}	INFO	[jepsen worker 0] jepsen.util: 0	:invoke	:read	[0 nil]
2026-03-09 23:29:17,070{GMT}	INFO	[jepsen worker 0] jepsen.util: 0	:ok	:read	[0 3]
2026-03-09 23:29:17,077{GMT}	INFO	[jepsen worker 0] jepsen.util: 0	:invoke	:read	[0 nil]
2026-03-09 23:29:17,081{GMT}	INFO	[jepsen worker 0] jepsen.util: 0	:ok	:read	[0 3]
2026-03-09 23:29:17,097{GMT}	INFO	[jepsen worker 3] jepsen.util: 3	:invoke	:cas	[0 [0 0]]
2026-03-09 23:29:17,100{GMT}	INFO	[jepsen worker 3] jepsen.util: 3	:fail	:cas	[0 [0 0]]	[:precondition-failed "expected 0 but had 3"]
2026-03-09 23:29:17,249{GMT}	INFO	[jepsen worker 3] jepsen.util: 3	:invoke	:cas	[0 [0 1]]
2026-03-09 23:29:17,253{GMT}	INFO	[jepsen worker 3] jepsen.util: 3	:fail	:cas	[0 [0 1]]	[:precondition-failed "expected 0 but had 3"]
2026-03-09 23:29:17,435{GMT}	INFO	[jepsen worker 3] jepsen.util: 3	:invoke	:cas	[0 [4 4]]
2026-03-09 23:29:17,442{GMT}	INFO	[jepsen worker 3] jepsen.util: 3	:fail	:cas	[0 [4 4]]	[:precondition-failed "expected 4 but had 3"]
2026-03-09 23:29:17,505{GMT}	INFO	[jepsen worker 4] jepsen.util: 4	:invoke	:cas	[0 [4 3]]
2026-03-09 23:29:17,512{GMT}	INFO	[jepsen worker 4] jepsen.util: 4	:fail	:cas	[0 [4 3]]	[:precondition-failed "expected 4 but had 3"]
2026-03-09 23:29:17,681{GMT}	INFO	[jepsen worker 0] jepsen.util: 0	:invoke	:read	[0 nil]
2026-03-09 23:29:17,690{GMT}	INFO	[jepsen worker 0] jepsen.util: 0	:ok	:read	[0 3]
2026-03-09 23:29:17,818{GMT}	INFO	[jepsen worker 0] jepsen.util: 0	:invoke	:read	[0 nil]
2026-03-09 23:29:17,827{GMT}	INFO	[jepsen worker 0] jepsen.util: 0	:ok	:read	[0 3]
2026-03-09 23:29:17,940{GMT}	INFO	[jepsen worker 0] jepsen.util: 0	:invoke	:read	[0 nil]
2026-03-09 23:29:17,944{GMT}	INFO	[jepsen worker 0] jepsen.util: 0	:ok	:read	[0 3]
2026-03-09 23:29:17,998{GMT}	INFO	[jepsen worker 3] jepsen.util: 3	:invoke	:write	[0 2]
2026-03-09 23:29:18,004{GMT}	INFO	[jepsen worker 3] jepsen.util: 3	:ok	:write	[0 2]
2026-03-09 23:29:18,187{GMT}	INFO	[jepsen worker 3] jepsen.util: 3	:invoke	:cas	[0 [3 0]]
2026-03-09 23:29:18,190{GMT}	INFO	[jepsen worker 3] jepsen.util: 3	:fail	:cas	[0 [3 0]]	[:precondition-failed "expected 3 but had 2"]
2026-03-09 23:29:18,362{GMT}	INFO	[jepsen worker 0] jepsen.util: 0	:invoke	:read	[0 nil]
2026-03-09 23:29:18,368{GMT}	INFO	[jepsen worker 0] jepsen.util: 0	:ok	:read	[0 2]
2026-03-09 23:29:18,436{GMT}	INFO	[jepsen worker 4] jepsen.util: 4	:invoke	:cas	[0 [1 0]]
2026-03-09 23:29:18,445{GMT}	INFO	[jepsen worker 4] jepsen.util: 4	:fail	:cas	[0 [1 0]]	[:precondition-failed "expected 1 but had 2"]
2026-03-09 23:29:18,478{GMT}	INFO	[jepsen worker 5] jepsen.util: 5	:invoke	:write	[0 2]
2026-03-09 23:29:18,484{GMT}	INFO	[jepsen worker 5] jepsen.util: 5	:ok	:write	[0 2]
2026-03-09 23:29:18,528{GMT}	INFO	[jepsen worker 3] jepsen.util: 3	:invoke	:write	[0 3]
2026-03-09 23:29:18,532{GMT}	INFO	[jepsen worker 0] jepsen.util: 0	:invoke	:read	[0 nil]
2026-03-09 23:29:18,533{GMT}	INFO	[jepsen worker 3] jepsen.util: 3	:ok	:write	[0 3]
2026-03-09 23:29:18,536{GMT}	INFO	[jepsen worker 0] jepsen.util: 0	:ok	:read	[0 3]
2026-03-09 23:29:18,641{GMT}	INFO	[jepsen worker 1] jepsen.util: 1	:invoke	:read	[0 nil]
2026-03-09 23:29:18,647{GMT}	INFO	[jepsen worker 1] jepsen.util: 1	:ok	:read	[0 3]
2026-03-09 23:29:18,740{GMT}	INFO	[jepsen worker 3] jepsen.util: 3	:invoke	:cas	[0 [3 2]]
2026-03-09 23:29:18,748{GMT}	INFO	[jepsen worker 3] jepsen.util: 3	:ok	:cas	[0 [3 2]]
2026-03-09 23:29:18,928{GMT}	INFO	[jepsen worker 0] jepsen.util: 0	:invoke	:read	[0 nil]
2026-03-09 23:29:18,935{GMT}	INFO	[jepsen worker 0] jepsen.util: 0	:ok	:read	[0 2]
2026-03-09 23:29:19,116{GMT}	INFO	[jepsen worker 0] jepsen.util: 0	:invoke	:read	[0 nil]
2026-03-09 23:29:19,122{GMT}	INFO	[jepsen worker 0] jepsen.util: 0	:ok	:read	[0 2]
2026-03-09 23:29:19,238{GMT}	INFO	[jepsen worker 5] jepsen.util: 5	:invoke	:cas	[0 [0 0]]
2026-03-09 23:29:19,243{GMT}	INFO	[jepsen worker 5] jepsen.util: 5	:fail	:cas	[0 [0 0]]	[:precondition-failed "expected 0 but had 2"]
2026-03-09 23:29:19,374{GMT}	INFO	[jepsen worker 0] jepsen.util: 0	:invoke	:read	[0 nil]
2026-03-09 23:29:19,380{GMT}	INFO	[jepsen worker 0] jepsen.util: 0	:ok	:read	[0 2]
2026-03-09 23:29:19,456{GMT}	INFO	[jepsen worker 3] jepsen.util: 3	:invoke	:write	[0 1]
2026-03-09 23:29:19,460{GMT}	INFO	[jepsen worker 3] jepsen.util: 3	:ok	:write	[0 1]
2026-03-09 23:29:19,645{GMT}	INFO	[jepsen worker 1] jepsen.util: 1	:invoke	:read	[0 nil]
2026-03-09 23:29:19,651{GMT}	INFO	[jepsen worker 1] jepsen.util: 1	:ok	:read	[0 1]
2026-03-09 23:29:19,707{GMT}	INFO	[jepsen worker 2] jepsen.util: 2	:invoke	:read	[0 nil]
2026-03-09 23:29:19,713{GMT}	INFO	[jepsen worker 2] jepsen.util: 2	:ok	:read	[0 1]
2026-03-09 23:29:19,782{GMT}	INFO	[jepsen worker 3] jepsen.util: 3	:invoke	:write	[0 1]
2026-03-09 23:29:19,790{GMT}	INFO	[jepsen worker 3] jepsen.util: 3	:ok	:write	[0 1]
2026-03-09 23:29:19,841{GMT}	INFO	[jepsen worker 4] jepsen.util: 4	:invoke	:write	[0 3]
2026-03-09 23:29:19,847{GMT}	INFO	[jepsen worker 4] jepsen.util: 4	:ok	:write	[0 3]
2026-03-09 23:29:19,915{GMT}	INFO	[jepsen worker 0] jepsen.util: 0	:invoke	:read	[0 nil]
2026-03-09 23:29:19,925{GMT}	INFO	[jepsen worker 0] jepsen.util: 0	:ok	:read	[0 3]
2026-03-09 23:29:20,096{GMT}	INFO	[jepsen worker 3] jepsen.util: 3	:invoke	:cas	[0 [1 0]]
2026-03-09 23:29:20,100{GMT}	INFO	[jepsen worker 3] jepsen.util: 3	:fail	:cas	[0 [1 0]]	[:precondition-failed "expected 1 but had 3"]
2026-03-09 23:29:20,164{GMT}	INFO	[jepsen worker 0] jepsen.util: 0	:invoke	:read	[0 nil]
2026-03-09 23:29:20,177{GMT}	INFO	[jepsen worker 0] jepsen.util: 0	:ok	:read	[0 3]
2026-03-09 23:29:20,287{GMT}	INFO	[jepsen worker 3] jepsen.util: 3	:invoke	:write	[0 2]
2026-03-09 23:29:20,298{GMT}	INFO	[jepsen worker 3] jepsen.util: 3	:ok	:write	[0 2]
2026-03-09 23:29:20,340{GMT}	INFO	[jepsen worker 3] jepsen.util: 3	:invoke	:write	[0 3]
2026-03-09 23:29:20,345{GMT}	INFO	[jepsen worker 3] jepsen.util: 3	:ok	:write	[0 3]
2026-03-09 23:29:20,448{GMT}	INFO	[jepsen worker 3] jepsen.util: 3	:invoke	:write	[0 3]
2026-03-09 23:29:20,454{GMT}	INFO	[jepsen worker 3] jepsen.util: 3	:ok	:write	[0 3]
2026-03-09 23:29:20,511{GMT}	INFO	[jepsen worker 0] jepsen.util: 0	:invoke	:read	[0 nil]
2026-03-09 23:29:20,517{GMT}	INFO	[jepsen worker 0] jepsen.util: 0	:ok	:read	[0 3]
2026-03-09 23:29:20,590{GMT}	INFO	[jepsen worker 5] jepsen.util: 5	:invoke	:cas	[0 [2 1]]
2026-03-09 23:29:20,597{GMT}	INFO	[jepsen worker 5] jepsen.util: 5	:fail	:cas	[0 [2 1]]	[:precondition-failed "expected 2 but had 3"]
2026-03-09 23:29:20,778{GMT}	INFO	[jepsen worker 0] jepsen.util: 0	:invoke	:read	[0 nil]
2026-03-09 23:29:20,785{GMT}	INFO	[jepsen worker 0] jepsen.util: 0	:ok	:read	[0 3]
2026-03-09 23:29:20,968{GMT}	INFO	[jepsen worker 0] jepsen.util: 0	:invoke	:read	[0 nil]
2026-03-09 23:29:20,975{GMT}	INFO	[jepsen worker 0] jepsen.util: 0	:ok	:read	[0 3]
2026-03-09 23:29:21,076{GMT}	INFO	[jepsen worker 3] jepsen.util: 3	:invoke	:cas	[0 [0 2]]
2026-03-09 23:29:21,083{GMT}	INFO	[jepsen worker 3] jepsen.util: 3	:fail	:cas	[0 [0 2]]	[:precondition-failed "expected 0 but had 3"]
2026-03-09 23:29:21,254{GMT}	INFO	[jepsen worker 2] jepsen.util: 2	:invoke	:read	[0 nil]
2026-03-09 23:29:21,262{GMT}	INFO	[jepsen worker 2] jepsen.util: 2	:ok	:read	[0 3]
2026-03-09 23:29:21,442{GMT}	INFO	[jepsen worker 3] jepsen.util: 3	:invoke	:cas	[0 [0 4]]
2026-03-09 23:29:21,449{GMT}	INFO	[jepsen worker 3] jepsen.util: 3	:fail	:cas	[0 [0 4]]	[:precondition-failed "expected 0 but had 3"]
2026-03-09 23:29:21,453{GMT}	INFO	[jepsen worker 0] jepsen.util: 0	:invoke	:read	[0 nil]
2026-03-09 23:29:21,458{GMT}	INFO	[jepsen worker 0] jepsen.util: 0	:ok	:read	[0 3]
2026-03-09 23:29:21,587{GMT}	INFO	[jepsen worker 0] jepsen.util: 0	:invoke	:read	[0 nil]
2026-03-09 23:29:21,593{GMT}	INFO	[jepsen worker 0] jepsen.util: 0	:ok	:read	[0 3]
2026-03-09 23:29:21,636{GMT}	INFO	[jepsen worker 3] jepsen.util: 3	:invoke	:write	[0 2]
2026-03-09 23:29:21,645{GMT}	INFO	[jepsen worker 3] jepsen.util: 3	:ok	:write	[0 2]
2026-03-09 23:29:21,705{GMT}	INFO	[jepsen worker 3] jepsen.util: 3	:invoke	:cas	[0 [2 3]]
2026-03-09 23:29:21,714{GMT}	INFO	[jepsen worker 3] jepsen.util: 3	:ok	:cas	[0 [2 3]]
2026-03-09 23:29:21,722{GMT}	INFO	[jepsen worker 3] jepsen.util: 3	:invoke	:cas	[0 [1 2]]
2026-03-09 23:29:21,729{GMT}	INFO	[jepsen worker 3] jepsen.util: 3	:fail	:cas	[0 [1 2]]	[:precondition-failed "expected 1 but had 3"]
2026-03-09 23:29:21,779{GMT}	INFO	[jepsen worker 3] jepsen.util: 3	:invoke	:cas	[0 [0 4]]
2026-03-09 23:29:21,782{GMT}	INFO	[jepsen worker 3] jepsen.util: 3	:fail	:cas	[0 [0 4]]	[:precondition-failed "expected 0 but had 3"]
2026-03-09 23:29:21,908{GMT}	INFO	[jepsen worker 3] jepsen.util: 3	:invoke	:cas	[0 [1 1]]
2026-03-09 23:29:21,911{GMT}	INFO	[jepsen worker 3] jepsen.util: 3	:fail	:cas	[0 [1 1]]	[:precondition-failed "expected 1 but had 3"]
2026-03-09 23:29:21,933{GMT}	INFO	[jepsen worker 4] jepsen.util: 4	:invoke	:cas	[0 [4 1]]
2026-03-09 23:29:21,935{GMT}	INFO	[jepsen worker 4] jepsen.util: 4	:fail	:cas	[0 [4 1]]	[:precondition-failed "expected 4 but had 3"]
2026-03-09 23:29:22,092{GMT}	INFO	[jepsen worker 5] jepsen.util: 5	:invoke	:cas	[0 [1 1]]
2026-03-09 23:29:22,097{GMT}	INFO	[jepsen worker 5] jepsen.util: 5	:fail	:cas	[0 [1 1]]	[:precondition-failed "expected 1 but had 3"]
2026-03-09 23:29:22,138{GMT}	INFO	[jepsen worker 3] jepsen.util: 3	:invoke	:cas	[0 [4 0]]
2026-03-09 23:29:22,141{GMT}	INFO	[jepsen worker 3] jepsen.util: 3	:fail	:cas	[0 [4 0]]	[:precondition-failed "expected 4 but had 3"]
2026-03-09 23:29:22,156{GMT}	INFO	[jepsen worker 0] jepsen.util: 0	:invoke	:read	[0 nil]
2026-03-09 23:29:22,159{GMT}	INFO	[jepsen worker 0] jepsen.util: 0	:ok	:read	[0 3]
2026-03-09 23:29:22,256{GMT}	INFO	[jepsen worker 1] jepsen.util: 1	:invoke	:read	[0 nil]
2026-03-09 23:29:22,260{GMT}	INFO	[jepsen worker 1] jepsen.util: 1	:ok	:read	[0 3]
2026-03-09 23:29:22,373{GMT}	INFO	[jepsen worker 3] jepsen.util: 3	:invoke	:cas	[0 [2 0]]
2026-03-09 23:29:22,378{GMT}	INFO	[jepsen worker 3] jepsen.util: 3	:fail	:cas	[0 [2 0]]	[:precondition-failed "expected 2 but had 3"]
2026-03-09 23:29:22,522{GMT}	INFO	[jepsen worker 0] jepsen.util: 0	:invoke	:read	[0 nil]
2026-03-09 23:29:22,526{GMT}	INFO	[jepsen worker 0] jepsen.util: 0	:ok	:read	[0 3]
2026-03-09 23:29:22,534{GMT}	INFO	[jepsen worker 0] jepsen.util: 0	:invoke	:read	[0 nil]
2026-03-09 23:29:22,538{GMT}	INFO	[jepsen worker 0] jepsen.util: 0	:ok	:read	[0 3]
2026-03-09 23:29:22,654{GMT}	INFO	[jepsen worker 5] jepsen.util: 5	:invoke	:cas	[0 [1 1]]
2026-03-09 23:29:22,658{GMT}	INFO	[jepsen worker 5] jepsen.util: 5	:fail	:cas	[0 [1 1]]	[:precondition-failed "expected 1 but had 3"]
2026-03-09 23:29:22,786{GMT}	INFO	[jepsen worker 0] jepsen.util: 0	:invoke	:read	[0 nil]
2026-03-09 23:29:22,794{GMT}	INFO	[jepsen worker 0] jepsen.util: 0	:ok	:read	[0 3]
2026-03-09 23:29:22,943{GMT}	INFO	[jepsen worker 3] jepsen.util: 3	:invoke	:write	[0 3]
2026-03-09 23:29:22,950{GMT}	INFO	[jepsen worker 3] jepsen.util: 3	:ok	:write	[0 3]
2026-03-09 23:29:23,134{GMT}	INFO	[jepsen worker 3] jepsen.util: 3	:invoke	:cas	[0 [3 1]]
2026-03-09 23:29:23,145{GMT}	INFO	[jepsen worker 3] jepsen.util: 3	:ok	:cas	[0 [3 1]]
2026-03-09 23:29:23,214{GMT}	INFO	[jepsen worker 2] jepsen.util: 2	:invoke	:read	[0 nil]
2026-03-09 23:29:23,219{GMT}	INFO	[jepsen worker 2] jepsen.util: 2	:ok	:read	[0 1]
2026-03-09 23:29:23,361{GMT}	INFO	[jepsen worker 0] jepsen.util: 0	:invoke	:read	[0 nil]
2026-03-09 23:29:23,368{GMT}	INFO	[jepsen worker 0] jepsen.util: 0	:ok	:read	[0 1]
2026-03-09 23:29:23,449{GMT}	INFO	[jepsen worker 4] jepsen.util: 4	:invoke	:cas	[0 [4 3]]
2026-03-09 23:29:23,453{GMT}	INFO	[jepsen worker 4] jepsen.util: 4	:fail	:cas	[0 [4 3]]	[:precondition-failed "expected 4 but had 1"]
2026-03-09 23:29:23,639{GMT}	INFO	[jepsen worker 5] jepsen.util: 5	:invoke	:cas	[0 [3 3]]
2026-03-09 23:29:23,645{GMT}	INFO	[jepsen worker 5] jepsen.util: 5	:fail	:cas	[0 [3 3]]	[:precondition-failed "expected 3 but had 1"]
2026-03-09 23:29:23,703{GMT}	INFO	[jepsen worker 0] jepsen.util: 0	:invoke	:read	[0 nil]
2026-03-09 23:29:23,708{GMT}	INFO	[jepsen worker 0] jepsen.util: 0	:ok	:read	[0 1]
2026-03-09 23:29:23,857{GMT}	INFO	[jepsen worker 0] jepsen.util: 0	:invoke	:read	[0 nil]
2026-03-09 23:29:23,862{GMT}	INFO	[jepsen worker 0] jepsen.util: 0	:ok	:read	[0 1]
2026-03-09 23:29:23,878{GMT}	INFO	[jepsen worker 3] jepsen.util: 3	:invoke	:cas	[0 [3 2]]
2026-03-09 23:29:23,884{GMT}	INFO	[jepsen worker 3] jepsen.util: 3	:fail	:cas	[0 [3 2]]	[:precondition-failed "expected 3 but had 1"]
2026-03-09 23:29:23,956{GMT}	INFO	[jepsen worker 2] jepsen.util: 2	:invoke	:read	[0 nil]
2026-03-09 23:29:23,961{GMT}	INFO	[jepsen worker 2] jepsen.util: 2	:ok	:read	[0 1]
2026-03-09 23:29:24,062{GMT}	INFO	[jepsen worker 3] jepsen.util: 3	:invoke	:cas	[0 [0 0]]
2026-03-09 23:29:24,068{GMT}	INFO	[jepsen worker 3] jepsen.util: 3	:fail	:cas	[0 [0 0]]	[:precondition-failed "expected 0 but had 1"]
2026-03-09 23:29:24,099{GMT}	INFO	[jepsen worker 4] jepsen.util: 4	:invoke	:cas	[0 [0 4]]
2026-03-09 23:29:24,105{GMT}	INFO	[jepsen worker 4] jepsen.util: 4	:fail	:cas	[0 [0 4]]	[:precondition-failed "expected 0 but had 1"]
2026-03-09 23:29:24,292{GMT}	INFO	[jepsen worker 0] jepsen.util: 0	:invoke	:read	[0 nil]
2026-03-09 23:29:24,295{GMT}	INFO	[jepsen worker 0] jepsen.util: 0	:ok	:read	[0 1]
2026-03-09 23:29:24,389{GMT}	INFO	[jepsen worker 3] jepsen.util: 3	:invoke	:cas	[0 [3 4]]
2026-03-09 23:29:24,392{GMT}	INFO	[jepsen worker 3] jepsen.util: 3	:fail	:cas	[0 [3 4]]	[:precondition-failed "expected 3 but had 1"]
2026-03-09 23:29:24,553{GMT}	INFO	[jepsen worker 3] jepsen.util: 3	:invoke	:write	[0 0]
2026-03-09 23:29:24,560{GMT}	INFO	[jepsen worker 3] jepsen.util: 3	:ok	:write	[0 0]
2026-03-09 23:29:24,698{GMT}	INFO	[jepsen worker 1] jepsen.util: 1	:invoke	:read	[0 nil]
2026-03-09 23:29:24,705{GMT}	INFO	[jepsen worker 1] jepsen.util: 1	:ok	:read	[0 0]
2026-03-09 23:29:24,839{GMT}	INFO	[jepsen worker 2] jepsen.util: 2	:invoke	:read	[0 nil]
2026-03-09 23:29:24,847{GMT}	INFO	[jepsen worker 2] jepsen.util: 2	:ok	:read	[0 0]
2026-03-09 23:29:24,948{GMT}	INFO	[jepsen worker 0] jepsen.util: 0	:invoke	:read	[0 nil]
2026-03-09 23:29:24,954{GMT}	INFO	[jepsen worker 0] jepsen.util: 0	:ok	:read	[0 0]
2026-03-09 23:29:24,993{GMT}	INFO	[jepsen worker 4] jepsen.util: 4	:invoke	:cas	[0 [3 2]]
2026-03-09 23:29:25,005{GMT}	INFO	[jepsen worker 4] jepsen.util: 4	:fail	:cas	[0 [3 2]]	[:precondition-failed "expected 3 but had 0"]
2026-03-09 23:29:25,071{GMT}	INFO	[jepsen worker 5] jepsen.util: 5	:invoke	:cas	[0 [0 1]]
2026-03-09 23:29:25,074{GMT}	INFO	[jepsen worker 5] jepsen.util: 5	:ok	:cas	[0 [0 1]]
2026-03-09 23:29:25,207{GMT}	INFO	[jepsen worker 0] jepsen.util: 0	:invoke	:read	[0 nil]
2026-03-09 23:29:25,212{GMT}	INFO	[jepsen worker 0] jepsen.util: 0	:ok	:read	[0 1]
2026-03-09 23:29:25,357{GMT}	INFO	[jepsen worker 0] jepsen.util: 0	:invoke	:read	[0 nil]
2026-03-09 23:29:25,362{GMT}	INFO	[jepsen worker 0] jepsen.util: 0	:ok	:read	[0 1]
2026-03-09 23:29:25,380{GMT}	INFO	[jepsen worker 1] jepsen.util: 1	:invoke	:read	[0 nil]
2026-03-09 23:29:25,384{GMT}	INFO	[jepsen worker 1] jepsen.util: 1	:ok	:read	[0 1]
2026-03-09 23:29:25,583{GMT}	INFO	[jepsen worker 2] jepsen.util: 2	:invoke	:read	[0 nil]
2026-03-09 23:29:25,588{GMT}	INFO	[jepsen worker 2] jepsen.util: 2	:ok	:read	[0 1]
2026-03-09 23:29:25,623{GMT}	INFO	[jepsen worker 0] jepsen.util: 0	:invoke	:read	[0 nil]
2026-03-09 23:29:25,628{GMT}	INFO	[jepsen worker 0] jepsen.util: 0	:ok	:read	[0 1]
2026-03-09 23:29:25,823{GMT}	INFO	[jepsen worker 4] jepsen.util: 4	:invoke	:cas	[0 [1 2]]
2026-03-09 23:29:25,830{GMT}	INFO	[jepsen worker 4] jepsen.util: 4	:ok	:cas	[0 [1 2]]
2026-03-09 23:29:25,906{GMT}	INFO	[jepsen worker 0] jepsen.util: 0	:invoke	:read	[0 nil]
2026-03-09 23:29:25,911{GMT}	INFO	[jepsen worker 0] jepsen.util: 0	:ok	:read	[0 2]
2026-03-09 23:29:25,913{GMT}	INFO	[jepsen worker 3] jepsen.util: 3	:invoke	:cas	[0 [0 4]]
2026-03-09 23:29:25,919{GMT}	INFO	[jepsen worker 3] jepsen.util: 3	:fail	:cas	[0 [0 4]]	[:precondition-failed "expected 0 but had 2"]
2026-03-09 23:29:25,948{GMT}	INFO	[jepsen worker 0] jepsen.util: 0	:invoke	:read	[0 nil]
2026-03-09 23:29:25,952{GMT}	INFO	[jepsen worker 0] jepsen.util: 0	:ok	:read	[0 2]
2026-03-09 23:29:26,081{GMT}	INFO	[jepsen worker 1] jepsen.util: 1	:invoke	:read	[0 nil]
2026-03-09 23:29:26,088{GMT}	INFO	[jepsen worker 1] jepsen.util: 1	:ok	:read	[0 2]
2026-03-09 23:29:26,101{GMT}	INFO	[jepsen worker 3] jepsen.util: 3	:invoke	:write	[0 3]
2026-03-09 23:29:26,106{GMT}	INFO	[jepsen worker 3] jepsen.util: 3	:ok	:write	[0 3]
2026-03-09 23:29:26,236{GMT}	INFO	[jepsen worker 3] jepsen.util: 3	:invoke	:cas	[0 [1 3]]
2026-03-09 23:29:26,243{GMT}	INFO	[jepsen worker 3] jepsen.util: 3	:fail	:cas	[0 [1 3]]	[:precondition-failed "expected 1 but had 3"]
2026-03-09 23:29:26,334{GMT}	INFO	[jepsen worker 4] jepsen.util: 4	:invoke	:cas	[0 [4 0]]
2026-03-09 23:29:26,342{GMT}	INFO	[jepsen worker 4] jepsen.util: 4	:fail	:cas	[0 [4 0]]	[:precondition-failed "expected 4 but had 3"]
2026-03-09 23:29:26,484{GMT}	INFO	[jepsen worker 5] jepsen.util: 5	:invoke	:cas	[0 [4 2]]
2026-03-09 23:29:26,488{GMT}	INFO	[jepsen worker 5] jepsen.util: 5	:fail	:cas	[0 [4 2]]	[:precondition-failed "expected 4 but had 3"]
2026-03-09 23:29:26,540{GMT}	INFO	[jepsen worker 3] jepsen.util: 3	:invoke	:write	[0 0]
2026-03-09 23:29:26,544{GMT}	INFO	[jepsen worker 3] jepsen.util: 3	:ok	:write	[0 0]
2026-03-09 23:29:26,722{GMT}	INFO	[jepsen worker 0] jepsen.util: 0	:invoke	:read	[0 nil]
2026-03-09 23:29:26,727{GMT}	INFO	[jepsen worker 0] jepsen.util: 0	:ok	:read	[0 0]
2026-03-09 23:29:26,908{GMT}	INFO	[jepsen worker 1] jepsen.util: 1	:invoke	:read	[0 nil]
2026-03-09 23:29:26,911{GMT}	INFO	[jepsen worker 1] jepsen.util: 1	:ok	:read	[0 0]
2026-03-09 23:29:27,012{GMT}	INFO	[jepsen worker 2] jepsen.util: 2	:invoke	:read	[0 nil]
2026-03-09 23:29:27,018{GMT}	INFO	[jepsen worker 2] jepsen.util: 2	:ok	:read	[0 0]
2026-03-09 23:29:27,172{GMT}	INFO	[jepsen worker 0] jepsen.util: 0	:invoke	:read	[0 nil]
2026-03-09 23:29:27,177{GMT}	INFO	[jepsen worker 0] jepsen.util: 0	:ok	:read	[0 0]
2026-03-09 23:29:27,317{GMT}	INFO	[jepsen worker 4] jepsen.util: 4	:invoke	:write	[0 0]
2026-03-09 23:29:27,324{GMT}	INFO	[jepsen worker 4] jepsen.util: 4	:ok	:write	[0 0]
2026-03-09 23:29:27,347{GMT}	INFO	[jepsen worker 0] jepsen.util: 0	:invoke	:read	[0 nil]
2026-03-09 23:29:27,349{GMT}	INFO	[jepsen worker 0] jepsen.util: 0	:ok	:read	[0 0]
2026-03-09 23:29:27,479{GMT}	INFO	[jepsen worker 3] jepsen.util: 3	:invoke	:write	[0 2]
2026-03-09 23:29:27,484{GMT}	INFO	[jepsen worker 3] jepsen.util: 3	:ok	:write	[0 2]
2026-03-09 23:29:27,615{GMT}	INFO	[jepsen worker 3] jepsen.util: 3	:invoke	:write	[0 0]
2026-03-09 23:29:27,621{GMT}	INFO	[jepsen worker 3] jepsen.util: 3	:ok	:write	[0 0]
2026-03-09 23:29:27,764{GMT}	INFO	[jepsen worker 1] jepsen.util: 1	:invoke	:read	[0 nil]
2026-03-09 23:29:27,769{GMT}	INFO	[jepsen worker 1] jepsen.util: 1	:ok	:read	[0 0]
2026-03-09 23:29:27,931{GMT}	INFO	[jepsen worker 3] jepsen.util: 3	:invoke	:write	[0 3]
2026-03-09 23:29:27,939{GMT}	INFO	[jepsen worker 3] jepsen.util: 3	:ok	:write	[0 3]
2026-03-09 23:29:27,991{GMT}	INFO	[jepsen worker 0] jepsen.util: 0	:invoke	:read	[0 nil]
2026-03-09 23:29:27,995{GMT}	INFO	[jepsen worker 0] jepsen.util: 0	:ok	:read	[0 3]
2026-03-09 23:29:28,100{GMT}	INFO	[jepsen worker 0] jepsen.util: 0	:invoke	:read	[0 nil]
2026-03-09 23:29:28,108{GMT}	INFO	[jepsen worker 0] jepsen.util: 0	:ok	:read	[0 3]
2026-03-09 23:29:28,287{GMT}	INFO	[jepsen worker 5] jepsen.util: 5	:invoke	:cas	[0 [1 3]]
2026-03-09 23:29:28,294{GMT}	INFO	[jepsen worker 5] jepsen.util: 5	:fail	:cas	[0 [1 3]]	[:precondition-failed "expected 1 but had 3"]
2026-03-09 23:29:28,383{GMT}	INFO	[jepsen worker 3] jepsen.util: 3	:invoke	:cas	[0 [2 1]]
2026-03-09 23:29:28,389{GMT}	INFO	[jepsen worker 3] jepsen.util: 3	:fail	:cas	[0 [2 1]]	[:precondition-failed "expected 2 but had 3"]
2026-03-09 23:29:28,561{GMT}	INFO	[jepsen worker 3] jepsen.util: 3	:invoke	:cas	[0 [1 3]]
2026-03-09 23:29:28,564{GMT}	INFO	[jepsen worker 3] jepsen.util: 3	:fail	:cas	[0 [1 3]]	[:precondition-failed "expected 1 but had 3"]
2026-03-09 23:29:28,652{GMT}	INFO	[jepsen worker 3] jepsen.util: 3	:invoke	:write	[0 4]
2026-03-09 23:29:28,657{GMT}	INFO	[jepsen worker 3] jepsen.util: 3	:ok	:write	[0 4]
2026-03-09 23:29:28,839{GMT}	INFO	[jepsen worker 2] jepsen.util: 2	:invoke	:read	[0 nil]
2026-03-09 23:29:28,845{GMT}	INFO	[jepsen worker 2] jepsen.util: 2	:ok	:read	[0 4]
2026-03-09 23:29:29,007{GMT}	INFO	[jepsen worker 3] jepsen.util: 3	:invoke	:cas	[0 [0 4]]
2026-03-09 23:29:29,013{GMT}	INFO	[jepsen worker 3] jepsen.util: 3	:fail	:cas	[0 [0 4]]	[:precondition-failed "expected 0 but had 4"]
2026-03-09 23:29:29,140{GMT}	INFO	[jepsen worker 4] jepsen.util: 4	:invoke	:cas	[0 [0 0]]
2026-03-09 23:29:29,148{GMT}	INFO	[jepsen worker 4] jepsen.util: 4	:fail	:cas	[0 [0 0]]	[:precondition-failed "expected 0 but had 4"]
2026-03-09 23:29:29,321{GMT}	INFO	[jepsen worker 5] jepsen.util: 5	:invoke	:write	[0 4]
2026-03-09 23:29:29,327{GMT}	INFO	[jepsen worker 5] jepsen.util: 5	:ok	:write	[0 4]
2026-03-09 23:29:29,373{GMT}	INFO	[jepsen worker 3] jepsen.util: 3	:invoke	:cas	[0 [0 2]]
2026-03-09 23:29:29,374{GMT}	INFO	[jepsen worker 4] jepsen.util: 4	:invoke	:write	[0 2]
2026-03-09 23:29:29,375{GMT}	INFO	[jepsen worker 5] jepsen.util: 5	:invoke	:cas	[0 [1 1]]
2026-03-09 23:29:29,379{GMT}	INFO	[jepsen worker 4] jepsen.util: 4	:ok	:write	[0 2]
2026-03-09 23:29:29,379{GMT}	INFO	[jepsen worker 3] jepsen.util: 3	:fail	:cas	[0 [0 2]]	[:precondition-failed "expected 0 but had 4"]
2026-03-09 23:29:29,379{GMT}	INFO	[jepsen worker 5] jepsen.util: 5	:fail	:cas	[0 [1 1]]	[:precondition-failed "expected 1 but had 2"]
2026-03-09 23:29:29,532{GMT}	INFO	[jepsen worker 2] jepsen.util: 2	:invoke	:read	[0 nil]
2026-03-09 23:29:29,538{GMT}	INFO	[jepsen worker 2] jepsen.util: 2	:ok	:read	[0 2]
2026-03-09 23:29:29,726{GMT}	INFO	[jepsen worker 0] jepsen.util: 0	:invoke	:read	[0 nil]
2026-03-09 23:29:29,734{GMT}	INFO	[jepsen worker 0] jepsen.util: 0	:ok	:read	[0 2]
2026-03-09 23:29:29,851{GMT}	INFO	[jepsen worker 4] jepsen.util: 4	:invoke	:write	[0 0]
2026-03-09 23:29:29,855{GMT}	INFO	[jepsen worker 4] jepsen.util: 4	:ok	:write	[0 0]
2026-03-09 23:29:30,039{GMT}	INFO	[jepsen worker 0] jepsen.util: 0	:invoke	:read	[0 nil]
2026-03-09 23:29:30,045{GMT}	INFO	[jepsen worker 0] jepsen.util: 0	:ok	:read	[0 0]
2026-03-09 23:29:30,074{GMT}	INFO	[jepsen worker 0] jepsen.util: 0	:invoke	:read	[0 nil]
2026-03-09 23:29:30,080{GMT}	INFO	[jepsen worker 0] jepsen.util: 0	:ok	:read	[0 0]
2026-03-09 23:29:30,251{GMT}	INFO	[jepsen worker 0] jepsen.util: 0	:invoke	:read	[0 nil]
2026-03-09 23:29:30,262{GMT}	INFO	[jepsen worker 0] jepsen.util: 0	:ok	:read	[0 0]
2026-03-09 23:29:30,367{GMT}	INFO	[jepsen worker 1] jepsen.util: 1	:invoke	:read	[0 nil]
2026-03-09 23:29:30,375{GMT}	INFO	[jepsen worker 1] jepsen.util: 1	:ok	:read	[0 0]
2026-03-09 23:29:30,397{GMT}	INFO	[jepsen worker 2] jepsen.util: 2	:invoke	:read	[0 nil]
2026-03-09 23:29:30,404{GMT}	INFO	[jepsen worker 2] jepsen.util: 2	:ok	:read	[0 0]
2026-03-09 23:29:30,441{GMT}	INFO	[jepsen worker 0] jepsen.util: 0	:invoke	:read	[0 nil]
2026-03-09 23:29:30,447{GMT}	INFO	[jepsen worker 0] jepsen.util: 0	:ok	:read	[0 0]
2026-03-09 23:29:30,449{GMT}	INFO	[jepsen worker 4] jepsen.util: 4	:invoke	:cas	[0 [0 4]]
2026-03-09 23:29:30,457{GMT}	INFO	[jepsen worker 4] jepsen.util: 4	:ok	:cas	[0 [0 4]]
2026-03-09 23:29:30,511{GMT}	INFO	[jepsen worker 0] jepsen.util: 0	:invoke	:read	[0 nil]
2026-03-09 23:29:30,516{GMT}	INFO	[jepsen worker 0] jepsen.util: 0	:ok	:read	[0 4]
2026-03-09 23:29:30,551{GMT}	INFO	[jepsen worker 0] jepsen.util: 0	:invoke	:read	[0 nil]
2026-03-09 23:29:30,557{GMT}	INFO	[jepsen worker 0] jepsen.util: 0	:ok	:read	[0 4]
2026-03-09 23:29:30,566{GMT}	INFO	[jepsen worker 3] jepsen.util: 3	:invoke	:write	[0 4]
2026-03-09 23:29:30,574{GMT}	INFO	[jepsen worker 3] jepsen.util: 3	:ok	:write	[0 4]
2026-03-09 23:29:30,734{GMT}	INFO	[jepsen worker 1] jepsen.util: 1	:invoke	:read	[0 nil]
2026-03-09 23:29:30,738{GMT}	INFO	[jepsen worker 1] jepsen.util: 1	:ok	:read	[0 4]
2026-03-09 23:29:30,928{GMT}	INFO	[jepsen worker 3] jepsen.util: 3	:invoke	:cas	[0 [1 2]]
2026-03-09 23:29:30,932{GMT}	INFO	[jepsen worker 4] jepsen.util: 4	:invoke	:cas	[0 [1 1]]
2026-03-09 23:29:30,935{GMT}	INFO	[jepsen worker 3] jepsen.util: 3	:fail	:cas	[0 [1 2]]	[:precondition-failed "expected 1 but had 4"]
2026-03-09 23:29:30,936{GMT}	INFO	[jepsen worker 4] jepsen.util: 4	:fail	:cas	[0 [1 1]]	[:precondition-failed "expected 1 but had 4"]
2026-03-09 23:29:31,110{GMT}	INFO	[jepsen worker 0] jepsen.util: 0	:invoke	:read	[0 nil]
2026-03-09 23:29:31,118{GMT}	INFO	[jepsen worker 0] jepsen.util: 0	:ok	:read	[0 4]
2026-03-09 23:29:31,185{GMT}	INFO	[jepsen worker 0] jepsen.util: 0	:invoke	:read	[0 nil]
2026-03-09 23:29:31,192{GMT}	INFO	[jepsen worker 0] jepsen.util: 0	:ok	:read	[0 4]
2026-03-09 23:29:31,213{GMT}	INFO	[jepsen worker 3] jepsen.util: 3	:invoke	:cas	[0 [1 1]]
2026-03-09 23:29:31,220{GMT}	INFO	[jepsen worker 3] jepsen.util: 3	:fail	:cas	[0 [1 1]]	[:precondition-failed "expected 1 but had 4"]
2026-03-09 23:29:31,278{GMT}	INFO	[jepsen worker 3] jepsen.util: 3	:invoke	:cas	[0 [2 3]]
2026-03-09 23:29:31,282{GMT}	INFO	[jepsen worker 3] jepsen.util: 3	:fail	:cas	[0 [2 3]]	[:precondition-failed "expected 2 but had 4"]
2026-03-09 23:29:31,329{GMT}	INFO	[jepsen worker 1] jepsen.util: 1	:invoke	:read	[0 nil]
2026-03-09 23:29:31,333{GMT}	INFO	[jepsen worker 1] jepsen.util: 1	:ok	:read	[0 4]
2026-03-09 23:29:31,362{GMT}	INFO	[jepsen worker 2] jepsen.util: 2	:invoke	:read	[0 nil]
2026-03-09 23:29:31,367{GMT}	INFO	[jepsen worker 2] jepsen.util: 2	:ok	:read	[0 4]
2026-03-09 23:29:31,477{GMT}	INFO	[jepsen worker 0] jepsen.util: 0	:invoke	:read	[0 nil]
2026-03-09 23:29:31,483{GMT}	INFO	[jepsen worker 0] jepsen.util: 0	:ok	:read	[0 4]
2026-03-09 23:29:31,638{GMT}	INFO	[jepsen worker 0] jepsen.util: 0	:invoke	:read	[0 nil]
2026-03-09 23:29:31,644{GMT}	INFO	[jepsen worker 0] jepsen.util: 0	:ok	:read	[0 4]
2026-03-09 23:29:31,771{GMT}	INFO	[jepsen worker 0] jepsen.util: 0	:invoke	:read	[0 nil]
2026-03-09 23:29:31,777{GMT}	INFO	[jepsen worker 0] jepsen.util: 0	:ok	:read	[0 4]
2026-03-09 23:29:31,896{GMT}	INFO	[jepsen worker 3] jepsen.util: 3	:invoke	:cas	[0 [3 4]]
2026-03-09 23:29:31,899{GMT}	INFO	[jepsen worker 3] jepsen.util: 3	:fail	:cas	[0 [3 4]]	[:precondition-failed "expected 3 but had 4"]
2026-03-09 23:29:31,956{GMT}	INFO	[jepsen worker 0] jepsen.util: 0	:invoke	:read	[0 nil]
2026-03-09 23:29:31,958{GMT}	INFO	[jepsen worker 0] jepsen.util: 0	:ok	:read	[0 4]
2026-03-09 23:29:32,001{GMT}	INFO	[jepsen worker 1] jepsen.util: 1	:invoke	:read	[0 nil]
2026-03-09 23:29:32,005{GMT}	INFO	[jepsen worker 1] jepsen.util: 1	:ok	:read	[0 4]
2026-03-09 23:29:32,127{GMT}	INFO	[jepsen worker 3] jepsen.util: 3	:invoke	:cas	[0 [1 3]]
2026-03-09 23:29:32,132{GMT}	INFO	[jepsen worker 3] jepsen.util: 3	:fail	:cas	[0 [1 3]]	[:precondition-failed "expected 1 but had 4"]
2026-03-09 23:29:32,155{GMT}	INFO	[jepsen worker 0] jepsen.util: 0	:invoke	:read	[0 nil]
2026-03-09 23:29:32,159{GMT}	INFO	[jepsen worker 0] jepsen.util: 0	:ok	:read	[0 4]
2026-03-09 23:29:32,328{GMT}	INFO	[jepsen worker 4] jepsen.util: 4	:invoke	:cas	[0 [3 2]]
2026-03-09 23:29:32,332{GMT}	INFO	[jepsen worker 5] jepsen.util: 5	:invoke	:write	[0 0]
2026-03-09 23:29:32,334{GMT}	INFO	[jepsen worker 4] jepsen.util: 4	:fail	:cas	[0 [3 2]]	[:precondition-failed "expected 3 but had 4"]
2026-03-09 23:29:32,339{GMT}	INFO	[jepsen worker 5] jepsen.util: 5	:ok	:write	[0 0]
2026-03-09 23:29:32,371{GMT}	INFO	[jepsen worker 0] jepsen.util: 0	:invoke	:read	[0 nil]
2026-03-09 23:29:32,376{GMT}	INFO	[jepsen worker 0] jepsen.util: 0	:ok	:read	[0 0]
2026-03-09 23:29:32,453{GMT}	INFO	[jepsen worker 3] jepsen.util: 3	:invoke	:cas	[0 [1 4]]
2026-03-09 23:29:32,460{GMT}	INFO	[jepsen worker 3] jepsen.util: 3	:fail	:cas	[0 [1 4]]	[:precondition-failed "expected 1 but had 0"]
2026-03-09 23:29:32,469{GMT}	INFO	[jepsen worker 1] jepsen.util: 1	:invoke	:read	[0 nil]
2026-03-09 23:29:32,473{GMT}	INFO	[jepsen worker 1] jepsen.util: 1	:ok	:read	[0 0]
2026-03-09 23:29:32,567{GMT}	INFO	[jepsen worker 3] jepsen.util: 3	:invoke	:cas	[0 [4 1]]
2026-03-09 23:29:32,575{GMT}	INFO	[jepsen worker 3] jepsen.util: 3	:fail	:cas	[0 [4 1]]	[:precondition-failed "expected 4 but had 0"]
2026-03-09 23:29:32,596{GMT}	INFO	[jepsen worker 0] jepsen.util: 0	:invoke	:read	[0 nil]
2026-03-09 23:29:32,601{GMT}	INFO	[jepsen worker 0] jepsen.util: 0	:ok	:read	[0 0]
2026-03-09 23:29:32,688{GMT}	INFO	[jepsen worker 4] jepsen.util: 4	:invoke	:cas	[0 [4 4]]
2026-03-09 23:29:32,695{GMT}	INFO	[jepsen worker 4] jepsen.util: 4	:fail	:cas	[0 [4 4]]	[:precondition-failed "expected 4 but had 0"]
2026-03-09 23:29:32,782{GMT}	INFO	[jepsen worker 0] jepsen.util: 0	:invoke	:read	[0 nil]
2026-03-09 23:29:32,787{GMT}	INFO	[jepsen worker 0] jepsen.util: 0	:ok	:read	[0 0]
2026-03-09 23:29:32,870{GMT}	INFO	[jepsen worker 0] jepsen.util: 0	:invoke	:read	[0 nil]
2026-03-09 23:29:32,873{GMT}	INFO	[jepsen worker 0] jepsen.util: 0	:ok	:read	[0 0]
2026-03-09 23:29:32,933{GMT}	INFO	[jepsen worker 0] jepsen.util: 0	:invoke	:read	[0 nil]
2026-03-09 23:29:32,935{GMT}	INFO	[jepsen worker 0] jepsen.util: 0	:ok	:read	[0 0]
2026-03-09 23:29:33,060{GMT}	INFO	[jepsen worker 3] jepsen.util: 3	:invoke	:cas	[0 [2 0]]
2026-03-09 23:29:33,068{GMT}	INFO	[jepsen worker 3] jepsen.util: 3	:fail	:cas	[0 [2 0]]	[:precondition-failed "expected 2 but had 0"]
2026-03-09 23:29:33,223{GMT}	INFO	[jepsen worker 2] jepsen.util: 2	:invoke	:read	[0 nil]
2026-03-09 23:29:33,229{GMT}	INFO	[jepsen worker 2] jepsen.util: 2	:ok	:read	[0 0]
2026-03-09 23:29:33,314{GMT}	INFO	[jepsen worker 3] jepsen.util: 3	:invoke	:cas	[0 [4 4]]
2026-03-09 23:29:33,321{GMT}	INFO	[jepsen worker 3] jepsen.util: 3	:fail	:cas	[0 [4 4]]	[:precondition-failed "expected 4 but had 0"]
2026-03-09 23:29:33,397{GMT}	INFO	[jepsen worker 0] jepsen.util: 0	:invoke	:read	[0 nil]
2026-03-09 23:29:33,403{GMT}	INFO	[jepsen worker 0] jepsen.util: 0	:ok	:read	[0 0]
2026-03-09 23:29:33,410{GMT}	INFO	[jepsen worker 0] jepsen.util: 0	:invoke	:read	[0 nil]
2026-03-09 23:29:33,413{GMT}	INFO	[jepsen worker 0] jepsen.util: 0	:ok	:read	[0 0]
2026-03-09 23:29:33,426{GMT}	INFO	[jepsen worker 3] jepsen.util: 3	:invoke	:cas	[0 [2 4]]
2026-03-09 23:29:33,428{GMT}	INFO	[jepsen worker 3] jepsen.util: 3	:fail	:cas	[0 [2 4]]	[:precondition-failed "expected 2 but had 0"]
2026-03-09 23:29:33,573{GMT}	INFO	[jepsen worker 0] jepsen.util: 0	:invoke	:read	[0 nil]
2026-03-09 23:29:33,578{GMT}	INFO	[jepsen worker 0] jepsen.util: 0	:ok	:read	[0 0]
2026-03-09 23:29:33,620{GMT}	INFO	[jepsen worker 1] jepsen.util: 1	:invoke	:read	[0 nil]
2026-03-09 23:29:33,625{GMT}	INFO	[jepsen worker 1] jepsen.util: 1	:ok	:read	[0 0]
2026-03-09 23:29:33,654{GMT}	INFO	[jepsen worker 3] jepsen.util: 3	:invoke	:write	[0 3]
2026-03-09 23:29:33,659{GMT}	INFO	[jepsen worker 3] jepsen.util: 3	:ok	:write	[0 3]
2026-03-09 23:29:33,725{GMT}	INFO	[jepsen worker 3] jepsen.util: 3	:invoke	:cas	[0 [1 4]]
2026-03-09 23:29:33,731{GMT}	INFO	[jepsen worker 3] jepsen.util: 3	:fail	:cas	[0 [1 4]]	[:precondition-failed "expected 1 but had 3"]
2026-03-09 23:29:33,791{GMT}	INFO	[jepsen worker 0] jepsen.util: 0	:invoke	:read	[0 nil]
2026-03-09 23:29:33,796{GMT}	INFO	[jepsen worker 0] jepsen.util: 0	:ok	:read	[0 3]
2026-03-09 23:29:33,933{GMT}	INFO	[jepsen worker 5] jepsen.util: 5	:invoke	:cas	[0 [2 2]]
2026-03-09 23:29:33,940{GMT}	INFO	[jepsen worker 5] jepsen.util: 5	:fail	:cas	[0 [2 2]]	[:precondition-failed "expected 2 but had 3"]
2026-03-09 23:29:33,965{GMT}	INFO	[jepsen worker 3] jepsen.util: 3	:invoke	:cas	[0 [4 0]]
2026-03-09 23:29:33,971{GMT}	INFO	[jepsen worker 3] jepsen.util: 3	:fail	:cas	[0 [4 0]]	[:precondition-failed "expected 4 but had 3"]
2026-03-09 23:29:34,162{GMT}	INFO	[jepsen worker 3] jepsen.util: 3	:invoke	:cas	[0 [1 2]]
2026-03-09 23:29:34,170{GMT}	INFO	[jepsen worker 3] jepsen.util: 3	:fail	:cas	[0 [1 2]]	[:precondition-failed "expected 1 but had 3"]
2026-03-09 23:29:34,330{GMT}	INFO	[jepsen worker 3] jepsen.util: 3	:invoke	:cas	[0 [4 1]]
2026-03-09 23:29:34,337{GMT}	INFO	[jepsen worker 3] jepsen.util: 3	:fail	:cas	[0 [4 1]]	[:precondition-failed "expected 4 but had 3"]
2026-03-09 23:29:34,503{GMT}	INFO	[jepsen worker 3] jepsen.util: 3	:invoke	:cas	[0 [0 2]]
2026-03-09 23:29:34,511{GMT}	INFO	[jepsen worker 3] jepsen.util: 3	:fail	:cas	[0 [0 2]]	[:precondition-failed "expected 0 but had 3"]
2026-03-09 23:29:34,571{GMT}	INFO	[jepsen worker 0] jepsen.util: 0	:invoke	:read	[0 nil]
2026-03-09 23:29:34,577{GMT}	INFO	[jepsen worker 0] jepsen.util: 0	:ok	:read	[0 3]
2026-03-09 23:29:34,689{GMT}	INFO	[jepsen worker 4] jepsen.util: 4	:invoke	:cas	[0 [3 0]]
2026-03-09 23:29:34,697{GMT}	INFO	[jepsen worker 4] jepsen.util: 4	:ok	:cas	[0 [3 0]]
2026-03-09 23:29:34,871{GMT}	INFO	[jepsen worker 5] jepsen.util: 5	:invoke	:cas	[0 [1 3]]
2026-03-09 23:29:34,879{GMT}	INFO	[jepsen worker 5] jepsen.util: 5	:fail	:cas	[0 [1 3]]	[:precondition-failed "expected 1 but had 0"]
2026-03-09 23:29:34,895{GMT}	INFO	[jepsen worker 3] jepsen.util: 3	:invoke	:cas	[0 [2 0]]
2026-03-09 23:29:34,899{GMT}	INFO	[jepsen worker 3] jepsen.util: 3	:fail	:cas	[0 [2 0]]	[:precondition-failed "expected 2 but had 0"]
2026-03-09 23:29:35,004{GMT}	INFO	[jepsen worker 3] jepsen.util: 3	:invoke	:write	[0 1]
2026-03-09 23:29:35,008{GMT}	INFO	[jepsen worker 3] jepsen.util: 3	:ok	:write	[0 1]
2026-03-09 23:29:35,013{GMT}	INFO	[jepsen worker 3] jepsen.util: 3	:invoke	:cas	[0 [1 3]]
2026-03-09 23:29:35,016{GMT}	INFO	[jepsen worker 3] jepsen.util: 3	:ok	:cas	[0 [1 3]]
2026-03-09 23:29:35,177{GMT}	INFO	[jepsen worker 3] jepsen.util: 3	:invoke	:write	[0 4]
2026-03-09 23:29:35,184{GMT}	INFO	[jepsen worker 3] jepsen.util: 3	:ok	:write	[0 4]
2026-03-09 23:29:35,380{GMT}	INFO	[jepsen worker 0] jepsen.util: 0	:invoke	:read	[0 nil]
2026-03-09 23:29:35,388{GMT}	INFO	[jepsen worker 0] jepsen.util: 0	:ok	:read	[0 4]
2026-03-09 23:29:35,521{GMT}	INFO	[jepsen worker 4] jepsen.util: 4	:invoke	:cas	[0 [4 3]]
2026-03-09 23:29:35,531{GMT}	INFO	[jepsen worker 4] jepsen.util: 4	:ok	:cas	[0 [4 3]]
2026-03-09 23:29:35,671{GMT}	INFO	[jepsen worker 0] jepsen.util: 0	:invoke	:read	[0 nil]
2026-03-09 23:29:35,677{GMT}	INFO	[jepsen worker 0] jepsen.util: 0	:ok	:read	[0 3]
2026-03-09 23:29:35,764{GMT}	INFO	[jepsen worker 3] jepsen.util: 3	:invoke	:write	[0 1]
2026-03-09 23:29:35,768{GMT}	INFO	[jepsen worker 3] jepsen.util: 3	:ok	:write	[0 1]
2026-03-09 23:29:35,876{GMT}	INFO	[jepsen worker 0] jepsen.util: 0	:invoke	:read	[0 nil]
2026-03-09 23:29:35,881{GMT}	INFO	[jepsen worker 0] jepsen.util: 0	:ok	:read	[0 1]
2026-03-09 23:29:35,977{GMT}	INFO	[jepsen worker 1] jepsen.util: 1	:invoke	:read	[0 nil]
2026-03-09 23:29:35,983{GMT}	INFO	[jepsen worker 1] jepsen.util: 1	:ok	:read	[0 1]
2026-03-09 23:29:36,106{GMT}	INFO	[jepsen worker 3] jepsen.util: 3	:invoke	:cas	[0 [2 3]]
2026-03-09 23:29:36,109{GMT}	INFO	[jepsen worker 3] jepsen.util: 3	:fail	:cas	[0 [2 3]]	[:precondition-failed "expected 2 but had 1"]
2026-03-09 23:29:36,268{GMT}	INFO	[jepsen worker 0] jepsen.util: 0	:invoke	:read	[0 nil]
2026-03-09 23:29:36,270{GMT}	INFO	[jepsen worker 0] jepsen.util: 0	:ok	:read	[0 1]
2026-03-09 23:29:36,456{GMT}	INFO	[jepsen worker 0] jepsen.util: 0	:invoke	:read	[0 nil]
2026-03-09 23:29:36,458{GMT}	INFO	[jepsen worker 0] jepsen.util: 0	:ok	:read	[0 1]
2026-03-09 23:29:36,468{GMT}	INFO	[jepsen worker 0] jepsen.util: 0	:invoke	:read	[0 nil]
2026-03-09 23:29:36,469{GMT}	INFO	[jepsen worker 0] jepsen.util: 0	:ok	:read	[0 1]
2026-03-09 23:29:36,663{GMT}	INFO	[jepsen worker 0] jepsen.util: 0	:invoke	:read	[0 nil]
2026-03-09 23:29:36,666{GMT}	INFO	[jepsen worker 0] jepsen.util: 0	:ok	:read	[0 1]
2026-03-09 23:29:36,702{GMT}	INFO	[jepsen worker 0] jepsen.util: 0	:invoke	:read	[0 nil]
2026-03-09 23:29:36,702{GMT}	INFO	[jepsen worker 3] jepsen.util: 3	:invoke	:cas	[0 [2 3]]
2026-03-09 23:29:36,704{GMT}	INFO	[jepsen worker 0] jepsen.util: 0	:ok	:read	[0 1]
2026-03-09 23:29:36,706{GMT}	INFO	[jepsen worker 3] jepsen.util: 3	:fail	:cas	[0 [2 3]]	[:precondition-failed "expected 2 but had 1"]
2026-03-09 23:29:36,785{GMT}	INFO	[jepsen worker 3] jepsen.util: 3	:invoke	:write	[0 3]
2026-03-09 23:29:36,787{GMT}	INFO	[jepsen worker 3] jepsen.util: 3	:ok	:write	[0 3]
2026-03-09 23:29:36,923{GMT}	INFO	[jepsen worker 0] jepsen.util: 0	:invoke	:read	[0 nil]
2026-03-09 23:29:36,925{GMT}	INFO	[jepsen worker 0] jepsen.util: 0	:ok	:read	[0 3]
2026-03-09 23:29:36,949{GMT}	INFO	[jepsen worker 0] jepsen.util: 0	:invoke	:read	[0 nil]
2026-03-09 23:29:36,952{GMT}	INFO	[jepsen worker 0] jepsen.util: 0	:ok	:read	[0 3]
2026-03-09 23:29:37,123{GMT}	INFO	[jepsen worker 5] jepsen.util: 5	:invoke	:write	[0 0]
2026-03-09 23:29:37,127{GMT}	INFO	[jepsen worker 5] jepsen.util: 5	:ok	:write	[0 0]
2026-03-09 23:29:37,324{GMT}	INFO	[jepsen worker 0] jepsen.util: 0	:invoke	:read	[0 nil]
2026-03-09 23:29:37,326{GMT}	INFO	[jepsen worker 1] jepsen.util: 1	:invoke	:read	[0 nil]
2026-03-09 23:29:37,328{GMT}	INFO	[jepsen worker 0] jepsen.util: 0	:ok	:read	[0 0]
2026-03-09 23:29:37,330{GMT}	INFO	[jepsen worker 1] jepsen.util: 1	:ok	:read	[0 0]
2026-03-09 23:29:37,494{GMT}	INFO	[jepsen worker 3] jepsen.util: 3	:invoke	:cas	[0 [0 1]]
2026-03-09 23:29:37,500{GMT}	INFO	[jepsen worker 3] jepsen.util: 3	:ok	:cas	[0 [0 1]]
2026-03-09 23:29:37,621{GMT}	INFO	[jepsen worker 3] jepsen.util: 3	:invoke	:cas	[0 [4 0]]
2026-03-09 23:29:37,624{GMT}	INFO	[jepsen worker 3] jepsen.util: 3	:fail	:cas	[0 [4 0]]	[:precondition-failed "expected 4 but had 1"]
2026-03-09 23:29:37,813{GMT}	INFO	[jepsen worker 3] jepsen.util: 3	:invoke	:cas	[0 [2 2]]
2026-03-09 23:29:37,820{GMT}	INFO	[jepsen worker 3] jepsen.util: 3	:fail	:cas	[0 [2 2]]	[:precondition-failed "expected 2 but had 1"]
2026-03-09 23:29:37,827{GMT}	INFO	[jepsen worker 0] jepsen.util: 0	:invoke	:read	[0 nil]
2026-03-09 23:29:37,833{GMT}	INFO	[jepsen worker 0] jepsen.util: 0	:ok	:read	[0 1]
2026-03-09 23:29:37,944{GMT}	INFO	[jepsen worker 5] jepsen.util: 5	:invoke	:write	[0 3]
2026-03-09 23:29:37,960{GMT}	INFO	[jepsen worker 5] jepsen.util: 5	:ok	:write	[0 3]
2026-03-09 23:29:38,004{GMT}	INFO	[jepsen worker 0] jepsen.util: 0	:invoke	:read	[0 nil]
2026-03-09 23:29:38,006{GMT}	INFO	[jepsen worker 0] jepsen.util: 0	:ok	:read	[0 3]
2026-03-09 23:29:38,193{GMT}	INFO	[jepsen worker 0] jepsen.util: 0	:invoke	:read	[0 nil]
2026-03-09 23:29:38,196{GMT}	INFO	[jepsen worker 0] jepsen.util: 0	:ok	:read	[0 3]
2026-03-09 23:29:38,392{GMT}	INFO	[jepsen worker 3] jepsen.util: 3	:invoke	:cas	[0 [0 3]]
2026-03-09 23:29:38,396{GMT}	INFO	[jepsen worker 3] jepsen.util: 3	:fail	:cas	[0 [0 3]]	[:precondition-failed "expected 0 but had 3"]
2026-03-09 23:29:38,462{GMT}	INFO	[jepsen worker 2] jepsen.util: 2	:invoke	:read	[0 nil]
2026-03-09 23:29:38,468{GMT}	INFO	[jepsen worker 2] jepsen.util: 2	:ok	:read	[0 3]
2026-03-09 23:29:38,484{GMT}	INFO	[jepsen worker 0] jepsen.util: 0	:invoke	:read	[0 nil]
2026-03-09 23:29:38,490{GMT}	INFO	[jepsen worker 0] jepsen.util: 0	:ok	:read	[0 3]
2026-03-09 23:29:38,517{GMT}	INFO	[jepsen worker 4] jepsen.util: 4	:invoke	:cas	[0 [1 3]]
2026-03-09 23:29:38,523{GMT}	INFO	[jepsen worker 4] jepsen.util: 4	:fail	:cas	[0 [1 3]]	[:precondition-failed "expected 1 but had 3"]
2026-03-09 23:29:38,555{GMT}	INFO	[jepsen worker 0] jepsen.util: 0	:invoke	:read	[0 nil]
2026-03-09 23:29:38,561{GMT}	INFO	[jepsen worker 0] jepsen.util: 0	:ok	:read	[0 3]
2026-03-09 23:29:38,628{GMT}	INFO	[jepsen worker 3] jepsen.util: 3	:invoke	:write	[0 2]
2026-03-09 23:29:38,634{GMT}	INFO	[jepsen worker 3] jepsen.util: 3	:ok	:write	[0 2]
2026-03-09 23:29:38,812{GMT}	INFO	[jepsen worker 3] jepsen.util: 3	:invoke	:cas	[0 [1 0]]
2026-03-09 23:29:38,819{GMT}	INFO	[jepsen worker 3] jepsen.util: 3	:fail	:cas	[0 [1 0]]	[:precondition-failed "expected 1 but had 2"]
2026-03-09 23:29:38,853{GMT}	INFO	[jepsen worker 3] jepsen.util: 3	:invoke	:cas	[0 [1 4]]
2026-03-09 23:29:38,859{GMT}	INFO	[jepsen worker 3] jepsen.util: 3	:fail	:cas	[0 [1 4]]	[:precondition-failed "expected 1 but had 2"]
2026-03-09 23:29:38,943{GMT}	INFO	[jepsen worker 3] jepsen.util: 3	:invoke	:write	[0 0]
2026-03-09 23:29:38,947{GMT}	INFO	[jepsen worker 3] jepsen.util: 3	:ok	:write	[0 0]
2026-03-09 23:29:39,088{GMT}	INFO	[jepsen worker 3] jepsen.util: 3	:invoke	:write	[0 4]
2026-03-09 23:29:39,095{GMT}	INFO	[jepsen worker 3] jepsen.util: 3	:ok	:write	[0 4]
2026-03-09 23:29:39,211{GMT}	INFO	[jepsen worker 4] jepsen.util: 4	:invoke	:write	[0 2]
2026-03-09 23:29:39,214{GMT}	INFO	[jepsen worker 4] jepsen.util: 4	:ok	:write	[0 2]
2026-03-09 23:29:39,295{GMT}	INFO	[jepsen worker 0] jepsen.util: 0	:invoke	:read	[0 nil]
2026-03-09 23:29:39,299{GMT}	INFO	[jepsen worker 0] jepsen.util: 0	:ok	:read	[0 2]
2026-03-09 23:29:39,419{GMT}	INFO	[jepsen worker 3] jepsen.util: 3	:invoke	:write	[0 3]
2026-03-09 23:29:39,424{GMT}	INFO	[jepsen worker 3] jepsen.util: 3	:ok	:write	[0 3]
2026-03-09 23:29:39,528{GMT}	INFO	[jepsen worker 3] jepsen.util: 3	:invoke	:write	[0 1]
2026-03-09 23:29:39,534{GMT}	INFO	[jepsen worker 3] jepsen.util: 3	:ok	:write	[0 1]
2026-03-09 23:29:39,614{GMT}	INFO	[jepsen worker 3] jepsen.util: 3	:invoke	:cas	[0 [0 2]]
2026-03-09 23:29:39,621{GMT}	INFO	[jepsen worker 3] jepsen.util: 3	:fail	:cas	[0 [0 2]]	[:precondition-failed "expected 0 but had 1"]
2026-03-09 23:29:39,713{GMT}	INFO	[jepsen worker 2] jepsen.util: 2	:invoke	:read	[0 nil]
2026-03-09 23:29:39,719{GMT}	INFO	[jepsen worker 2] jepsen.util: 2	:ok	:read	[0 1]
2026-03-09 23:29:39,743{GMT}	INFO	[jepsen test runner] jepsen.core: Run complete, writing
2026-03-09 23:29:39,816{GMT}	INFO	[jepsen node n2] maelstrom.db: Tearing down n2
2026-03-09 23:29:39,816{GMT}	INFO	[jepsen node n1] maelstrom.db: Tearing down n1
2026-03-09 23:29:39,816{GMT}	INFO	[jepsen node n0] maelstrom.db: Tearing down n0
2026-03-09 23:29:40,945{GMT}	INFO	[jepsen node n0] maelstrom.net: Shutting down Maelstrom network
2026-03-09 23:29:40,950{GMT}	INFO	[jepsen test runner] jepsen.core: Analyzing...
2026-03-09 23:29:41,228{GMT}	INFO	[clojure-agent-send-pool-0] jepsen.independent: Wrote /Users/singv/Desktop/omnipaxos-kv/store/lin-kv/20260309T232836.639+0100/independent/0/results.edn
2026-03-09 23:29:41,245{GMT}	INFO	[clojure-agent-send-pool-0] jepsen.independent: Wrote /Users/singv/Desktop/omnipaxos-kv/store/lin-kv/20260309T232836.639+0100/independent/0/history.edn
2026-03-09 23:29:41,515{GMT}	INFO	[jepsen test runner] jepsen.core: Analysis complete
2026-03-09 23:29:41,533{GMT}	INFO	[jepsen results] jepsen.store: Wrote /Users/singv/Desktop/omnipaxos-kv/store/lin-kv/20260309T232836.639+0100/results.edn
2026-03-09 23:29:41,546{GMT}	INFO	[jepsen test runner] jepsen.core: {:perf {:latency-graph {:valid? true},
        :rate-graph {:valid? true},
        :valid? true},
 :timeline {:valid? true},
 :exceptions {:valid? true},
 :stats {:valid? true,
         :count 577,
         :ok-count 423,
         :fail-count 154,
         :info-count 0,
         :by-f {:cas {:valid? true,
                      :count 188,
                      :ok-count 38,
                      :fail-count 150,
                      :info-count 0},
                :read {:valid? true,
                       :count 285,
                       :ok-count 281,
                       :fail-count 4,
                       :info-count 0},
                :write {:valid? true,
                        :count 104,
                        :ok-count 104,
                        :fail-count 0,
                        :info-count 0}}},
 :availability {:valid? true, :ok-fraction 0.73310226},
 :net {:all {:send-count 1160,
             :recv-count 1160,
             :msg-count 1160,
             :msgs-per-op 2.0103986},
       :clients {:send-count 1160, :recv-count 1160, :msg-count 1160},
       :servers {:send-count 0,
                 :recv-count 0,
                 :msg-count 0,
                 :msgs-per-op 0.0},
       :valid? true},
 :workload {:valid? false,
            :results {0 {:linearizable {:valid? false,
                                        :configs ({:model #knossos.model.CASRegister{:value 4},
                                                   :last-op {:process 4,
                                                             :type :ok,
                                                             :f :write,
                                                             :value 4,
                                                             :index 247,
                                                             :time 13865464167},
                                                   :pending [{:process 0,
                                                              :type :invoke,
                                                              :f :read,
                                                              :value 2,
                                                              :index 250,
                                                              :time 13948586584}]}),
                                        :final-paths ([{:op {:process 4,
                                                             :type :ok,
                                                             :f :write,
                                                             :value 4,
                                                             :index 247,
                                                             :time 13865464167},
                                                        :model #knossos.model.CASRegister{:value 4}}
                                                       {:op {:process 0,
                                                             :type :ok,
                                                             :f :read,
                                                             :value 2,
                                                             :index 251,
                                                             :time 13961902292},
                                                        :model #knossos.model.Inconsistent{:msg "can't read 2 from register 4"}}]),
                                        :previous-ok {:process 5,
                                                      :type :ok,
                                                      :f :cas,
                                                      :value [0 2],
                                                      :index 249,
                                                      :time 13869988625},
                                        :last-op {:process 4,
                                                  :type :ok,
                                                  :f :write,
                                                  :value 4,
                                                  :index 247,
                                                  :time 13865464167},
                                        :op {:process 0,
                                             :type :ok,
                                             :f :read,
                                             :value 2,
                                             :index 251,
                                             :time 13961902292}},
                         :timeline {:valid? true},
                         :valid? false}},
            :failures [0]},
 :valid? false}


Analysis invalid! (ﾉಥ益ಥ）ﾉ ┻━┻
