2026-03-04 14:50:49,716{GMT}	INFO	[jepsen test runner] jepsen.core: Test version 5a361de86ed2bb0da17a6ea3b825e7b772b2c695 (plus uncommitted changes)
2026-03-04 14:50:49,716{GMT}	INFO	[jepsen test runner] jepsen.core: Command line:
lein run test -w lin-kv --bin ./target/debug/maelstrom --node-count 3 --time-limit 60 --rate 10 --concurrency 2n
2026-03-04 14:50:49,757{GMT}	INFO	[jepsen test runner] jepsen.core: Running test:
{:args []
 :remote
 #jepsen.control.retry.Remote{:remote #jepsen.control.scp.Remote{:cmd-remote #jepsen.control.sshj.SSHJRemote{:concurrency-limit 6,
                                                                                                             :conn-spec nil,
                                                                                                             :client nil,
                                                                                                             :semaphore nil},
                                                                 :conn-spec nil},
                              :conn nil}
 :log-net-send false
 :node-count 3
 :availability nil
 :max-txn-length 4
 :concurrency 6
 :db
 #object[maelstrom.db$db$reify__16612
         "0x1f299fc3"
         "maelstrom.db$db$reify__16612@1f299fc3"]
 :max-writes-per-key 16
 :leave-db-running? false
 :name "lin-kv"
 :logging-json? false
 :start-time
 #object[org.joda.time.DateTime "0x2c9573f1" "2026-03-04T14:50:49.632+01:00"]
 :nemesis-interval 10
 :net
 #object[maelstrom.net$jepsen_net$reify__15721
         "0x6cf58989"
         "maelstrom.net$jepsen_net$reify__15721@6cf58989"]
 :client
 #object[maelstrom.workload.lin_kv$client$reify__20973
         "0x3a1dc432"
         "maelstrom.workload.lin_kv$client$reify__20973@3a1dc432"]
 :barrier
 #object[java.util.concurrent.CyclicBarrier
         "0x4c18b432"
         "java.util.concurrent.CyclicBarrier@4c18b432"]
 :log-stderr false
 :pure-generators true
 :ssh {:dummy? true}
 :rate 10.0
 :checker
 #object[jepsen.checker$compose$reify__11089
         "0x4b954cbb"
         "jepsen.checker$compose$reify__11089@4b954cbb"]
 :argv
 ("test"
  "-w"
  "lin-kv"
  "--bin"
  "./target/debug/maelstrom"
  "--node-count"
  "3"
  "--time-limit"
  "60"
  "--rate"
  "10"
  "--concurrency"
  "2n")
 :nemesis
 (jepsen.nemesis.ReflCompose
  {:fm {:start-partition 0,
        :stop-partition 0,
        :kill 1,
        :start 1,
        :pause 1,
        :resume 1},
   :nemeses [#unprintable "jepsen.nemesis.combined$partition_nemesis$reify__16905@bec2d81"
             #unprintable "jepsen.nemesis.combined$db_nemesis$reify__16886@5f04449a"]})
 :nodes ["n0" "n1" "n2"]
 :test-count 1
 :latency {:mean 0, :dist :constant}
 :bin "./target/debug/maelstrom"
 :generator
 #object[jepsen.util.Forgettable
         "0x5aaecd25"
         (jepsen.generator.TimeLimit
          {:limit 60000000000,
           :cutoff nil,
           :gen (jepsen.generator.Any
                 {:gens [(jepsen.generator.OnThreads
                          {:f #{:nemesis},
                           :context-filter #object[jepsen.generator.context$make_thread_filter$lazy_filter__12077
                                                   "0x1df6f57d"
                                                   "jepsen.generator.context$make_thread_filter$lazy_filter__12077@1df6f57d"],
                           :gen nil})
                         (jepsen.generator.OnThreads
                          {:f #jepsen.generator.context.AllBut{:element :nemesis},
                           :context-filter #object[jepsen.generator.context$make_thread_filter$lazy_filter__12077
                                                   "0x578036a2"
                                                   "jepsen.generator.context$make_thread_filter$lazy_filter__12077@578036a2"],
                           :gen (jepsen.generator.Stagger
                                 {:dt 200000000,
                                  :next-time nil,
                                  :gen (jepsen.generator.OnThreads
                                        {:f #jepsen.generator.context.AllBut{:element :nemesis},
                                         :context-filter #object[jepsen.generator.context$make_thread_filter$lazy_filter__12077
                                                                 "0x36cc6055"
                                                                 "jepsen.generator.context$make_thread_filter$lazy_filter__12077@36cc6055"],
                                         :gen (jepsen.independent.ConcurrentGenerator
                                               {:n 6,
                                                :fgen #object[jepsen.tests.linearizable_register$test$fn__17385
                                                              "0x41d1bcbd"
                                                              "jepsen.tests.linearizable_register$test$fn__17385@41d1bcbd"],
                                                :group->threads nil,
                                                :thread->group nil,
                                                :group->context-filter nil,
                                                :keys (0 1 2 3 4 5 6 7 ...),
                                                :gens nil})})})})]})})]
 :log-net-recv false
 :os
 #object[maelstrom.net$jepsen_os$reify__15724
         "0x3d45ea17"
         "maelstrom.net$jepsen_os$reify__15724@3d45ea17"]
 :time-limit 60
 :workload :lin-kv
 :consistency-models [:strict-serializable]
 :topology :grid}

2026-03-04 14:50:50,605{GMT}	INFO	[jepsen node n0] maelstrom.net: Starting Maelstrom network
2026-03-04 14:50:50,606{GMT}	INFO	[jepsen test runner] jepsen.db: Tearing down DB
2026-03-04 14:50:50,607{GMT}	INFO	[jepsen test runner] jepsen.db: Setting up DB
2026-03-04 14:50:50,607{GMT}	INFO	[jepsen node n2] maelstrom.db: Setting up n2
2026-03-04 14:50:50,607{GMT}	INFO	[jepsen node n1] maelstrom.db: Setting up n1
2026-03-04 14:50:50,607{GMT}	INFO	[jepsen node n2] maelstrom.process: launching ./target/debug/maelstrom []
2026-03-04 14:50:50,607{GMT}	INFO	[jepsen node n1] maelstrom.process: launching ./target/debug/maelstrom []
2026-03-04 14:50:50,608{GMT}	INFO	[jepsen node n0] maelstrom.service: Starting services: (lin-kv lin-tso lww-kv seq-kv)
2026-03-04 14:50:50,609{GMT}	INFO	[jepsen node n0] maelstrom.db: Setting up n0
2026-03-04 14:50:50,609{GMT}	INFO	[jepsen node n0] maelstrom.process: launching ./target/debug/maelstrom []
2026-03-04 14:50:50,668{GMT}	INFO	[jepsen test runner] jepsen.core: Relative time begins now
2026-03-04 14:50:50,680{GMT}	INFO	[jepsen worker 3] jepsen.util: 3	:invoke	:write	[0 0]
2026-03-04 14:50:50,711{GMT}	INFO	[jepsen worker 4] jepsen.util: 4	:invoke	:write	[0 2]
2026-03-04 14:50:50,714{GMT}	INFO	[jepsen worker 3] jepsen.util: 3	:ok	:write	[0 0]
2026-03-04 14:50:50,715{GMT}	INFO	[jepsen worker 4] jepsen.util: 4	:ok	:write	[0 2]
2026-03-04 14:50:50,819{GMT}	INFO	[jepsen worker 2] jepsen.util: 2	:invoke	:read	[0 nil]
2026-03-04 14:50:50,825{GMT}	INFO	[jepsen worker 2] jepsen.util: 2	:ok	:read	[0 2]
2026-03-04 14:50:50,840{GMT}	INFO	[jepsen worker 3] jepsen.util: 3	:invoke	:cas	[0 [0 1]]
2026-03-04 14:50:50,856{GMT}	INFO	[jepsen worker 3] jepsen.util: 3	:fail	:cas	[0 [0 1]]	[:precondition-failed "expected 0 but had 2"]
2026-03-04 14:50:50,969{GMT}	INFO	[jepsen worker 0] jepsen.util: 0	:invoke	:read	[0 nil]
2026-03-04 14:50:50,973{GMT}	INFO	[jepsen worker 0] jepsen.util: 0	:ok	:read	[0 2]
2026-03-04 14:50:51,122{GMT}	INFO	[jepsen worker 0] jepsen.util: 0	:invoke	:read	[0 nil]
2026-03-04 14:50:51,131{GMT}	INFO	[jepsen worker 0] jepsen.util: 0	:ok	:read	[0 2]
2026-03-04 14:50:51,288{GMT}	INFO	[jepsen worker 0] jepsen.util: 0	:invoke	:read	[0 nil]
2026-03-04 14:50:51,299{GMT}	INFO	[jepsen worker 0] jepsen.util: 0	:ok	:read	[0 2]
2026-03-04 14:50:51,299{GMT}	INFO	[jepsen worker 1] jepsen.util: 1	:invoke	:read	[0 nil]
2026-03-04 14:50:51,309{GMT}	INFO	[jepsen worker 1] jepsen.util: 1	:ok	:read	[0 2]
2026-03-04 14:50:51,448{GMT}	INFO	[jepsen worker 3] jepsen.util: 3	:invoke	:cas	[0 [4 4]]
2026-03-04 14:50:51,456{GMT}	INFO	[jepsen worker 3] jepsen.util: 3	:fail	:cas	[0 [4 4]]	[:precondition-failed "expected 4 but had 2"]
2026-03-04 14:50:51,525{GMT}	INFO	[jepsen worker 2] jepsen.util: 2	:invoke	:read	[0 nil]
2026-03-04 14:50:51,528{GMT}	INFO	[jepsen worker 2] jepsen.util: 2	:ok	:read	[0 2]
2026-03-04 14:50:51,637{GMT}	INFO	[jepsen worker 0] jepsen.util: 0	:invoke	:read	[0 nil]
2026-03-04 14:50:51,642{GMT}	INFO	[jepsen worker 0] jepsen.util: 0	:ok	:read	[0 2]
2026-03-04 14:50:51,659{GMT}	INFO	[jepsen worker 0] jepsen.util: 0	:invoke	:read	[0 nil]
2026-03-04 14:50:51,661{GMT}	INFO	[jepsen worker 0] jepsen.util: 0	:ok	:read	[0 2]
2026-03-04 14:50:51,661{GMT}	INFO	[jepsen worker 5] jepsen.util: 5	:invoke	:write	[0 0]
2026-03-04 14:50:51,665{GMT}	INFO	[jepsen worker 5] jepsen.util: 5	:ok	:write	[0 0]
2026-03-04 14:50:51,845{GMT}	INFO	[jepsen worker 0] jepsen.util: 0	:invoke	:read	[0 nil]
2026-03-04 14:50:51,849{GMT}	INFO	[jepsen worker 0] jepsen.util: 0	:ok	:read	[0 0]
2026-03-04 14:50:51,871{GMT}	INFO	[jepsen worker 0] jepsen.util: 0	:invoke	:read	[0 nil]
2026-03-04 14:50:51,874{GMT}	INFO	[jepsen worker 0] jepsen.util: 0	:ok	:read	[0 0]
2026-03-04 14:50:51,905{GMT}	INFO	[jepsen worker 3] jepsen.util: 3	:invoke	:write	[0 4]
2026-03-04 14:50:51,908{GMT}	INFO	[jepsen worker 3] jepsen.util: 3	:ok	:write	[0 4]
2026-03-04 14:50:51,937{GMT}	INFO	[jepsen worker 3] jepsen.util: 3	:invoke	:write	[0 1]
2026-03-04 14:50:51,940{GMT}	INFO	[jepsen worker 3] jepsen.util: 3	:ok	:write	[0 1]
2026-03-04 14:50:52,120{GMT}	INFO	[jepsen worker 0] jepsen.util: 0	:invoke	:read	[0 nil]
2026-03-04 14:50:52,127{GMT}	INFO	[jepsen worker 0] jepsen.util: 0	:ok	:read	[0 1]
2026-03-04 14:50:52,220{GMT}	INFO	[jepsen worker 0] jepsen.util: 0	:invoke	:read	[0 nil]
2026-03-04 14:50:52,222{GMT}	INFO	[jepsen worker 0] jepsen.util: 0	:ok	:read	[0 1]
2026-03-04 14:50:52,344{GMT}	INFO	[jepsen worker 5] jepsen.util: 5	:invoke	:write	[0 3]
2026-03-04 14:50:52,348{GMT}	INFO	[jepsen worker 5] jepsen.util: 5	:ok	:write	[0 3]
2026-03-04 14:50:52,382{GMT}	INFO	[jepsen worker 3] jepsen.util: 3	:invoke	:write	[0 0]
2026-03-04 14:50:52,385{GMT}	INFO	[jepsen worker 3] jepsen.util: 3	:ok	:write	[0 0]
2026-03-04 14:50:52,509{GMT}	INFO	[jepsen worker 0] jepsen.util: 0	:invoke	:read	[0 nil]
2026-03-04 14:50:52,512{GMT}	INFO	[jepsen worker 0] jepsen.util: 0	:ok	:read	[0 0]
2026-03-04 14:50:52,523{GMT}	INFO	[jepsen worker 3] jepsen.util: 3	:invoke	:write	[0 4]
2026-03-04 14:50:52,527{GMT}	INFO	[jepsen worker 3] jepsen.util: 3	:ok	:write	[0 4]
2026-03-04 14:50:52,700{GMT}	INFO	[jepsen worker 2] jepsen.util: 2	:invoke	:read	[0 nil]
2026-03-04 14:50:52,708{GMT}	INFO	[jepsen worker 2] jepsen.util: 2	:ok	:read	[0 4]
2026-03-04 14:50:52,900{GMT}	INFO	[jepsen worker 3] jepsen.util: 3	:invoke	:cas	[0 [2 0]]
2026-03-04 14:50:52,907{GMT}	INFO	[jepsen worker 3] jepsen.util: 3	:fail	:cas	[0 [2 0]]	[:precondition-failed "expected 2 but had 4"]
2026-03-04 14:50:53,046{GMT}	INFO	[jepsen worker 0] jepsen.util: 0	:invoke	:read	[0 nil]
2026-03-04 14:50:53,051{GMT}	INFO	[jepsen worker 0] jepsen.util: 0	:ok	:read	[0 4]
2026-03-04 14:50:53,234{GMT}	INFO	[jepsen worker 5] jepsen.util: 5	:invoke	:cas	[0 [3 2]]
2026-03-04 14:50:53,250{GMT}	INFO	[jepsen worker 5] jepsen.util: 5	:fail	:cas	[0 [3 2]]	[:precondition-failed "expected 3 but had 4"]
2026-03-04 14:50:53,346{GMT}	INFO	[jepsen worker 3] jepsen.util: 3	:invoke	:cas	[0 [1 2]]
2026-03-04 14:50:53,349{GMT}	INFO	[jepsen worker 3] jepsen.util: 3	:fail	:cas	[0 [1 2]]	[:precondition-failed "expected 1 but had 4"]
2026-03-04 14:50:53,485{GMT}	INFO	[jepsen worker 3] jepsen.util: 3	:invoke	:cas	[0 [0 1]]
2026-03-04 14:50:53,489{GMT}	INFO	[jepsen worker 3] jepsen.util: 3	:fail	:cas	[0 [0 1]]	[:precondition-failed "expected 0 but had 4"]
2026-03-04 14:50:53,670{GMT}	INFO	[jepsen worker 3] jepsen.util: 3	:invoke	:cas	[0 [4 4]]
2026-03-04 14:50:53,678{GMT}	INFO	[jepsen worker 3] jepsen.util: 3	:ok	:cas	[0 [4 4]]
2026-03-04 14:50:53,814{GMT}	INFO	[jepsen worker 2] jepsen.util: 2	:invoke	:read	[0 nil]
2026-03-04 14:50:53,817{GMT}	INFO	[jepsen worker 2] jepsen.util: 2	:ok	:read	[0 4]
2026-03-04 14:50:54,004{GMT}	INFO	[jepsen worker 0] jepsen.util: 0	:invoke	:read	[0 nil]
2026-03-04 14:50:54,011{GMT}	INFO	[jepsen worker 0] jepsen.util: 0	:ok	:read	[0 4]
2026-03-04 14:50:54,144{GMT}	INFO	[jepsen worker 4] jepsen.util: 4	:invoke	:cas	[0 [2 1]]
2026-03-04 14:50:54,148{GMT}	INFO	[jepsen worker 4] jepsen.util: 4	:fail	:cas	[0 [2 1]]	[:precondition-failed "expected 2 but had 4"]
2026-03-04 14:50:54,260{GMT}	INFO	[jepsen worker 5] jepsen.util: 5	:invoke	:cas	[0 [0 3]]
2026-03-04 14:50:54,265{GMT}	INFO	[jepsen worker 5] jepsen.util: 5	:fail	:cas	[0 [0 3]]	[:precondition-failed "expected 0 but had 4"]
2026-03-04 14:50:54,349{GMT}	INFO	[jepsen worker 0] jepsen.util: 0	:invoke	:read	[0 nil]
2026-03-04 14:50:54,354{GMT}	INFO	[jepsen worker 0] jepsen.util: 0	:ok	:read	[0 4]
2026-03-04 14:50:54,426{GMT}	INFO	[jepsen worker 3] jepsen.util: 3	:invoke	:write	[0 2]
2026-03-04 14:50:54,430{GMT}	INFO	[jepsen worker 3] jepsen.util: 3	:ok	:write	[0 2]
2026-03-04 14:50:54,480{GMT}	INFO	[jepsen worker 3] jepsen.util: 3	:invoke	:write	[0 2]
2026-03-04 14:50:54,482{GMT}	INFO	[jepsen worker 3] jepsen.util: 3	:ok	:write	[0 2]
2026-03-04 14:50:54,518{GMT}	INFO	[jepsen worker 3] jepsen.util: 3	:invoke	:write	[0 1]
2026-03-04 14:50:54,521{GMT}	INFO	[jepsen worker 3] jepsen.util: 3	:ok	:write	[0 1]
2026-03-04 14:50:54,683{GMT}	INFO	[jepsen worker 3] jepsen.util: 3	:invoke	:cas	[0 [2 2]]
2026-03-04 14:50:54,686{GMT}	INFO	[jepsen worker 3] jepsen.util: 3	:fail	:cas	[0 [2 2]]	[:precondition-failed "expected 2 but had 1"]
2026-03-04 14:50:54,770{GMT}	INFO	[jepsen worker 0] jepsen.util: 0	:invoke	:read	[0 nil]
2026-03-04 14:50:54,773{GMT}	INFO	[jepsen worker 0] jepsen.util: 0	:ok	:read	[0 1]
2026-03-04 14:50:54,883{GMT}	INFO	[jepsen worker 0] jepsen.util: 0	:invoke	:read	[0 nil]
2026-03-04 14:50:54,892{GMT}	INFO	[jepsen worker 0] jepsen.util: 0	:ok	:read	[0 1]
2026-03-04 14:50:55,024{GMT}	INFO	[jepsen worker 0] jepsen.util: 0	:invoke	:read	[0 nil]
2026-03-04 14:50:55,028{GMT}	INFO	[jepsen worker 0] jepsen.util: 0	:ok	:read	[0 1]
2026-03-04 14:50:55,132{GMT}	INFO	[jepsen worker 0] jepsen.util: 0	:invoke	:read	[0 nil]
2026-03-04 14:50:55,134{GMT}	INFO	[jepsen worker 0] jepsen.util: 0	:ok	:read	[0 1]
2026-03-04 14:50:55,217{GMT}	INFO	[jepsen worker 1] jepsen.util: 1	:invoke	:read	[0 nil]
2026-03-04 14:50:55,248{GMT}	INFO	[jepsen worker 2] jepsen.util: 2	:invoke	:read	[0 nil]
2026-03-04 14:50:55,256{GMT}	INFO	[jepsen worker 1] jepsen.util: 1	:ok	:read	[0 1]
2026-03-04 14:50:55,257{GMT}	INFO	[jepsen worker 2] jepsen.util: 2	:ok	:read	[0 1]
2026-03-04 14:50:55,339{GMT}	INFO	[jepsen worker 3] jepsen.util: 3	:invoke	:write	[0 3]
2026-03-04 14:50:55,342{GMT}	INFO	[jepsen worker 3] jepsen.util: 3	:ok	:write	[0 3]
2026-03-04 14:50:55,505{GMT}	INFO	[jepsen worker 0] jepsen.util: 0	:invoke	:read	[0 nil]
2026-03-04 14:50:55,509{GMT}	INFO	[jepsen worker 0] jepsen.util: 0	:ok	:read	[0 3]
2026-03-04 14:50:55,561{GMT}	INFO	[jepsen worker 0] jepsen.util: 0	:invoke	:read	[0 nil]
2026-03-04 14:50:55,566{GMT}	INFO	[jepsen worker 0] jepsen.util: 0	:ok	:read	[0 3]
2026-03-04 14:50:55,655{GMT}	INFO	[jepsen worker 3] jepsen.util: 3	:invoke	:cas	[0 [0 4]]
2026-03-04 14:50:55,658{GMT}	INFO	[jepsen worker 3] jepsen.util: 3	:fail	:cas	[0 [0 4]]	[:precondition-failed "expected 0 but had 3"]
2026-03-04 14:50:55,658{GMT}	INFO	[jepsen worker 0] jepsen.util: 0	:invoke	:read	[0 nil]
2026-03-04 14:50:55,660{GMT}	INFO	[jepsen worker 0] jepsen.util: 0	:ok	:read	[0 3]
2026-03-04 14:50:55,743{GMT}	INFO	[jepsen worker 3] jepsen.util: 3	:invoke	:cas	[0 [0 1]]
2026-03-04 14:50:55,746{GMT}	INFO	[jepsen worker 3] jepsen.util: 3	:fail	:cas	[0 [0 1]]	[:precondition-failed "expected 0 but had 3"]
2026-03-04 14:50:55,764{GMT}	INFO	[jepsen worker 2] jepsen.util: 2	:invoke	:read	[0 nil]
2026-03-04 14:50:55,767{GMT}	INFO	[jepsen worker 2] jepsen.util: 2	:ok	:read	[0 3]
2026-03-04 14:50:55,921{GMT}	INFO	[jepsen worker 3] jepsen.util: 3	:invoke	:cas	[0 [0 0]]
2026-03-04 14:50:55,937{GMT}	INFO	[jepsen worker 3] jepsen.util: 3	:fail	:cas	[0 [0 0]]	[:precondition-failed "expected 0 but had 3"]
2026-03-04 14:50:55,947{GMT}	INFO	[jepsen worker 0] jepsen.util: 0	:invoke	:read	[0 nil]
2026-03-04 14:50:55,952{GMT}	INFO	[jepsen worker 0] jepsen.util: 0	:ok	:read	[0 3]
2026-03-04 14:50:56,124{GMT}	INFO	[jepsen worker 5] jepsen.util: 5	:invoke	:write	[0 1]
2026-03-04 14:50:56,163{GMT}	INFO	[jepsen worker 5] jepsen.util: 5	:ok	:write	[0 1]
2026-03-04 14:50:56,292{GMT}	INFO	[jepsen worker 3] jepsen.util: 3	:invoke	:write	[0 4]
2026-03-04 14:50:56,439{GMT}	INFO	[jepsen worker 0] jepsen.util: 0	:invoke	:read	[0 nil]
2026-03-04 14:50:56,441{GMT}	INFO	[jepsen worker 1] jepsen.util: 1	:invoke	:read	[0 nil]
2026-03-04 14:50:56,454{GMT}	INFO	[jepsen worker 1] jepsen.util: 1	:ok	:read	[0 4]
2026-03-04 14:50:56,454{GMT}	INFO	[jepsen worker 3] jepsen.util: 3	:ok	:write	[0 4]
2026-03-04 14:50:56,466{GMT}	INFO	[jepsen worker 0] jepsen.util: 0	:ok	:read	[0 4]
2026-03-04 14:50:56,558{GMT}	INFO	[jepsen worker 2] jepsen.util: 2	:invoke	:read	[0 nil]
2026-03-04 14:50:56,617{GMT}	INFO	[jepsen worker 3] jepsen.util: 3	:invoke	:cas	[0 [0 4]]
2026-03-04 14:50:56,629{GMT}	INFO	[jepsen worker 2] jepsen.util: 2	:ok	:read	[0 4]
2026-03-04 14:50:56,634{GMT}	INFO	[jepsen worker 3] jepsen.util: 3	:fail	:cas	[0 [0 4]]	[:precondition-failed "expected 0 but had 4"]
2026-03-04 14:50:56,643{GMT}	INFO	[jepsen worker 0] jepsen.util: 0	:invoke	:read	[0 nil]
2026-03-04 14:50:56,647{GMT}	INFO	[jepsen worker 0] jepsen.util: 0	:ok	:read	[0 4]
2026-03-04 14:50:56,695{GMT}	INFO	[jepsen worker 5] jepsen.util: 5	:invoke	:cas	[0 [4 2]]
2026-03-04 14:50:56,718{GMT}	INFO	[jepsen worker 5] jepsen.util: 5	:ok	:cas	[0 [4 2]]
2026-03-04 14:50:56,825{GMT}	INFO	[jepsen worker 0] jepsen.util: 0	:invoke	:read	[0 nil]
2026-03-04 14:50:56,834{GMT}	INFO	[jepsen worker 0] jepsen.util: 0	:ok	:read	[0 2]
2026-03-04 14:50:56,923{GMT}	INFO	[jepsen worker 3] jepsen.util: 3	:invoke	:cas	[0 [1 1]]
2026-03-04 14:50:56,926{GMT}	INFO	[jepsen worker 3] jepsen.util: 3	:fail	:cas	[0 [1 1]]	[:precondition-failed "expected 1 but had 2"]
2026-03-04 14:50:57,043{GMT}	INFO	[jepsen worker 3] jepsen.util: 3	:invoke	:cas	[0 [1 4]]
2026-03-04 14:50:57,046{GMT}	INFO	[jepsen worker 3] jepsen.util: 3	:fail	:cas	[0 [1 4]]	[:precondition-failed "expected 1 but had 2"]
2026-03-04 14:50:57,223{GMT}	INFO	[jepsen worker 3] jepsen.util: 3	:invoke	:cas	[0 [3 4]]
2026-03-04 14:50:57,230{GMT}	INFO	[jepsen worker 3] jepsen.util: 3	:fail	:cas	[0 [3 4]]	[:precondition-failed "expected 3 but had 2"]
2026-03-04 14:50:57,339{GMT}	INFO	[jepsen worker 0] jepsen.util: 0	:invoke	:read	[0 nil]
2026-03-04 14:50:57,348{GMT}	INFO	[jepsen worker 0] jepsen.util: 0	:ok	:read	[0 2]
2026-03-04 14:50:57,492{GMT}	INFO	[jepsen worker 4] jepsen.util: 4	:invoke	:write	[0 3]
2026-03-04 14:50:57,501{GMT}	INFO	[jepsen worker 4] jepsen.util: 4	:ok	:write	[0 3]
2026-03-04 14:50:57,528{GMT}	INFO	[jepsen worker 5] jepsen.util: 5	:invoke	:write	[0 2]
2026-03-04 14:50:57,539{GMT}	INFO	[jepsen worker 5] jepsen.util: 5	:ok	:write	[0 2]
2026-03-04 14:50:57,623{GMT}	INFO	[jepsen worker 0] jepsen.util: 0	:invoke	:read	[0 nil]
2026-03-04 14:50:57,629{GMT}	INFO	[jepsen worker 0] jepsen.util: 0	:ok	:read	[0 2]
2026-03-04 14:50:57,630{GMT}	INFO	[jepsen worker 3] jepsen.util: 3	:invoke	:write	[0 3]
2026-03-04 14:50:57,631{GMT}	INFO	[jepsen worker 3] jepsen.util: 3	:ok	:write	[0 3]
2026-03-04 14:50:57,682{GMT}	INFO	[jepsen worker 1] jepsen.util: 1	:invoke	:read	[0 nil]
2026-03-04 14:50:57,684{GMT}	INFO	[jepsen worker 1] jepsen.util: 1	:ok	:read	[0 3]
2026-03-04 14:50:57,861{GMT}	INFO	[jepsen worker 2] jepsen.util: 2	:invoke	:read	[0 nil]
2026-03-04 14:50:57,863{GMT}	INFO	[jepsen worker 2] jepsen.util: 2	:ok	:read	[0 3]
2026-03-04 14:50:57,960{GMT}	INFO	[jepsen worker 0] jepsen.util: 0	:invoke	:read	[0 nil]
2026-03-04 14:50:57,963{GMT}	INFO	[jepsen worker 0] jepsen.util: 0	:ok	:read	[0 3]
2026-03-04 14:50:58,138{GMT}	INFO	[jepsen worker 4] jepsen.util: 4	:invoke	:cas	[0 [3 4]]
2026-03-04 14:50:58,149{GMT}	INFO	[jepsen worker 4] jepsen.util: 4	:ok	:cas	[0 [3 4]]
2026-03-04 14:50:58,271{GMT}	INFO	[jepsen worker 5] jepsen.util: 5	:invoke	:write	[0 4]
2026-03-04 14:50:58,286{GMT}	INFO	[jepsen worker 0] jepsen.util: 0	:invoke	:read	[0 nil]
2026-03-04 14:50:58,290{GMT}	INFO	[jepsen worker 5] jepsen.util: 5	:ok	:write	[0 4]
2026-03-04 14:50:58,293{GMT}	INFO	[jepsen worker 0] jepsen.util: 0	:ok	:read	[0 4]
2026-03-04 14:50:58,414{GMT}	INFO	[jepsen worker 0] jepsen.util: 0	:invoke	:read	[0 nil]
2026-03-04 14:50:58,416{GMT}	INFO	[jepsen worker 0] jepsen.util: 0	:ok	:read	[0 4]
2026-03-04 14:50:58,605{GMT}	INFO	[jepsen worker 1] jepsen.util: 1	:invoke	:read	[0 nil]
2026-03-04 14:50:58,608{GMT}	INFO	[jepsen worker 1] jepsen.util: 1	:ok	:read	[0 4]
2026-03-04 14:50:58,760{GMT}	INFO	[jepsen worker 3] jepsen.util: 3	:invoke	:cas	[0 [1 2]]
2026-03-04 14:50:58,763{GMT}	INFO	[jepsen worker 3] jepsen.util: 3	:fail	:cas	[0 [1 2]]	[:precondition-failed "expected 1 but had 4"]
2026-03-04 14:50:58,883{GMT}	INFO	[jepsen worker 3] jepsen.util: 3	:invoke	:write	[0 1]
2026-03-04 14:50:58,886{GMT}	INFO	[jepsen worker 3] jepsen.util: 3	:ok	:write	[0 1]
2026-03-04 14:50:59,066{GMT}	INFO	[jepsen worker 4] jepsen.util: 4	:invoke	:write	[0 0]
2026-03-04 14:50:59,068{GMT}	INFO	[jepsen worker 4] jepsen.util: 4	:ok	:write	[0 0]
2026-03-04 14:50:59,137{GMT}	INFO	[jepsen worker 5] jepsen.util: 5	:invoke	:cas	[0 [2 1]]
2026-03-04 14:50:59,139{GMT}	INFO	[jepsen worker 5] jepsen.util: 5	:fail	:cas	[0 [2 1]]	[:precondition-failed "expected 2 but had 0"]
2026-03-04 14:50:59,176{GMT}	INFO	[jepsen worker 3] jepsen.util: 3	:invoke	:cas	[0 [2 2]]
2026-03-04 14:50:59,178{GMT}	INFO	[jepsen worker 3] jepsen.util: 3	:fail	:cas	[0 [2 2]]	[:precondition-failed "expected 2 but had 0"]
2026-03-04 14:50:59,281{GMT}	INFO	[jepsen worker 0] jepsen.util: 0	:invoke	:read	[0 nil]
2026-03-04 14:50:59,283{GMT}	INFO	[jepsen worker 0] jepsen.util: 0	:ok	:read	[0 0]
2026-03-04 14:50:59,297{GMT}	INFO	[jepsen worker 3] jepsen.util: 3	:invoke	:cas	[0 [4 1]]
2026-03-04 14:50:59,300{GMT}	INFO	[jepsen worker 3] jepsen.util: 3	:fail	:cas	[0 [4 1]]	[:precondition-failed "expected 4 but had 0"]
2026-03-04 14:50:59,401{GMT}	INFO	[jepsen worker 2] jepsen.util: 2	:invoke	:read	[0 nil]
2026-03-04 14:50:59,403{GMT}	INFO	[jepsen worker 2] jepsen.util: 2	:ok	:read	[0 0]
2026-03-04 14:50:59,454{GMT}	INFO	[jepsen worker 0] jepsen.util: 0	:invoke	:read	[0 nil]
2026-03-04 14:50:59,457{GMT}	INFO	[jepsen worker 1] jepsen.util: 1	:invoke	:read	[0 nil]
2026-03-04 14:50:59,458{GMT}	INFO	[jepsen worker 0] jepsen.util: 0	:ok	:read	[0 0]
2026-03-04 14:50:59,459{GMT}	INFO	[jepsen worker 1] jepsen.util: 1	:ok	:read	[0 0]
2026-03-04 14:50:59,460{GMT}	INFO	[jepsen worker 0] jepsen.util: 0	:invoke	:read	[0 nil]
2026-03-04 14:50:59,462{GMT}	INFO	[jepsen worker 0] jepsen.util: 0	:ok	:read	[0 0]
2026-03-04 14:50:59,476{GMT}	INFO	[jepsen worker 3] jepsen.util: 3	:invoke	:cas	[0 [2 3]]
2026-03-04 14:50:59,479{GMT}	INFO	[jepsen worker 3] jepsen.util: 3	:fail	:cas	[0 [2 3]]	[:precondition-failed "expected 2 but had 0"]
2026-03-04 14:50:59,611{GMT}	INFO	[jepsen worker 0] jepsen.util: 0	:invoke	:read	[0 nil]
2026-03-04 14:50:59,614{GMT}	INFO	[jepsen worker 0] jepsen.util: 0	:ok	:read	[0 0]
2026-03-04 14:50:59,672{GMT}	INFO	[jepsen worker 1] jepsen.util: 1	:invoke	:read	[0 nil]
2026-03-04 14:50:59,675{GMT}	INFO	[jepsen worker 1] jepsen.util: 1	:ok	:read	[0 0]
2026-03-04 14:50:59,772{GMT}	INFO	[jepsen worker 3] jepsen.util: 3	:invoke	:write	[0 0]
2026-03-04 14:50:59,783{GMT}	INFO	[jepsen worker 3] jepsen.util: 3	:ok	:write	[0 0]
2026-03-04 14:50:59,972{GMT}	INFO	[jepsen worker 3] jepsen.util: 3	:invoke	:cas	[0 [1 4]]
2026-03-04 14:50:59,984{GMT}	INFO	[jepsen worker 3] jepsen.util: 3	:fail	:cas	[0 [1 4]]	[:precondition-failed "expected 1 but had 0"]
2026-03-04 14:51:00,052{GMT}	INFO	[jepsen worker 4] jepsen.util: 4	:invoke	:write	[0 1]
2026-03-04 14:51:00,054{GMT}	INFO	[jepsen worker 4] jepsen.util: 4	:ok	:write	[0 1]
2026-03-04 14:51:00,187{GMT}	INFO	[jepsen worker 5] jepsen.util: 5	:invoke	:write	[0 3]
2026-03-04 14:51:00,189{GMT}	INFO	[jepsen worker 5] jepsen.util: 5	:ok	:write	[0 3]
2026-03-04 14:51:00,364{GMT}	INFO	[jepsen worker 3] jepsen.util: 3	:invoke	:cas	[0 [0 2]]
2026-03-04 14:51:00,366{GMT}	INFO	[jepsen worker 3] jepsen.util: 3	:fail	:cas	[0 [0 2]]	[:precondition-failed "expected 0 but had 3"]
2026-03-04 14:51:00,507{GMT}	INFO	[jepsen worker 3] jepsen.util: 3	:invoke	:cas	[0 [3 1]]
2026-03-04 14:51:00,510{GMT}	INFO	[jepsen worker 3] jepsen.util: 3	:ok	:cas	[0 [3 1]]
2026-03-04 14:51:00,620{GMT}	INFO	[jepsen worker 3] jepsen.util: 3	:invoke	:cas	[0 [2 2]]
2026-03-04 14:51:00,623{GMT}	INFO	[jepsen worker 3] jepsen.util: 3	:fail	:cas	[0 [2 2]]	[:precondition-failed "expected 2 but had 1"]
2026-03-04 14:51:00,668{GMT}	INFO	[jepsen worker 3] jepsen.util: 3	:invoke	:cas	[0 [4 4]]
2026-03-04 14:51:00,671{GMT}	INFO	[jepsen worker 3] jepsen.util: 3	:fail	:cas	[0 [4 4]]	[:precondition-failed "expected 4 but had 1"]
2026-03-04 14:51:00,772{GMT}	INFO	[jepsen worker 3] jepsen.util: 3	:invoke	:cas	[0 [3 1]]
2026-03-04 14:51:00,775{GMT}	INFO	[jepsen worker 3] jepsen.util: 3	:fail	:cas	[0 [3 1]]	[:precondition-failed "expected 3 but had 1"]
2026-03-04 14:51:00,936{GMT}	INFO	[jepsen worker 0] jepsen.util: 0	:invoke	:read	[0 nil]
2026-03-04 14:51:00,939{GMT}	INFO	[jepsen worker 0] jepsen.util: 0	:ok	:read	[0 1]
2026-03-04 14:51:00,993{GMT}	INFO	[jepsen worker 0] jepsen.util: 0	:invoke	:read	[0 nil]
2026-03-04 14:51:00,995{GMT}	INFO	[jepsen worker 0] jepsen.util: 0	:ok	:read	[0 1]
2026-03-04 14:51:01,096{GMT}	INFO	[jepsen worker 3] jepsen.util: 3	:invoke	:cas	[0 [3 0]]
2026-03-04 14:51:01,101{GMT}	INFO	[jepsen worker 3] jepsen.util: 3	:fail	:cas	[0 [3 0]]	[:precondition-failed "expected 3 but had 1"]
2026-03-04 14:51:01,134{GMT}	INFO	[jepsen worker 3] jepsen.util: 3	:invoke	:cas	[0 [1 4]]
2026-03-04 14:51:01,145{GMT}	INFO	[jepsen worker 3] jepsen.util: 3	:ok	:cas	[0 [1 4]]
2026-03-04 14:51:01,244{GMT}	INFO	[jepsen worker 1] jepsen.util: 1	:invoke	:read	[0 nil]
2026-03-04 14:51:01,248{GMT}	INFO	[jepsen worker 1] jepsen.util: 1	:ok	:read	[0 4]
2026-03-04 14:51:01,427{GMT}	INFO	[jepsen worker 2] jepsen.util: 2	:invoke	:read	[0 nil]
2026-03-04 14:51:01,430{GMT}	INFO	[jepsen worker 2] jepsen.util: 2	:ok	:read	[0 4]
2026-03-04 14:51:01,618{GMT}	INFO	[jepsen worker 3] jepsen.util: 3	:invoke	:cas	[0 [1 2]]
2026-03-04 14:51:01,621{GMT}	INFO	[jepsen worker 3] jepsen.util: 3	:fail	:cas	[0 [1 2]]	[:precondition-failed "expected 1 but had 4"]
2026-03-04 14:51:01,737{GMT}	INFO	[jepsen worker 4] jepsen.util: 4	:invoke	:cas	[0 [0 1]]
2026-03-04 14:51:01,739{GMT}	INFO	[jepsen worker 4] jepsen.util: 4	:fail	:cas	[0 [0 1]]	[:precondition-failed "expected 0 but had 4"]
2026-03-04 14:51:01,767{GMT}	INFO	[jepsen worker 5] jepsen.util: 5	:invoke	:cas	[0 [4 1]]
2026-03-04 14:51:01,768{GMT}	INFO	[jepsen worker 0] jepsen.util: 0	:invoke	:read	[0 nil]
2026-03-04 14:51:01,770{GMT}	INFO	[jepsen worker 0] jepsen.util: 0	:ok	:read	[0 4]
2026-03-04 14:51:01,772{GMT}	INFO	[jepsen worker 5] jepsen.util: 5	:ok	:cas	[0 [4 1]]
2026-03-04 14:51:01,964{GMT}	INFO	[jepsen worker 3] jepsen.util: 3	:invoke	:cas	[0 [4 3]]
2026-03-04 14:51:01,966{GMT}	INFO	[jepsen worker 3] jepsen.util: 3	:fail	:cas	[0 [4 3]]	[:precondition-failed "expected 4 but had 1"]
2026-03-04 14:51:01,995{GMT}	INFO	[jepsen worker 3] jepsen.util: 3	:invoke	:cas	[0 [2 4]]
2026-03-04 14:51:01,997{GMT}	INFO	[jepsen worker 3] jepsen.util: 3	:fail	:cas	[0 [2 4]]	[:precondition-failed "expected 2 but had 1"]
2026-03-04 14:51:02,148{GMT}	INFO	[jepsen worker 2] jepsen.util: 2	:invoke	:read	[0 nil]
2026-03-04 14:51:02,157{GMT}	INFO	[jepsen worker 2] jepsen.util: 2	:ok	:read	[0 1]
2026-03-04 14:51:02,281{GMT}	INFO	[jepsen worker 0] jepsen.util: 0	:invoke	:read	[0 nil]
2026-03-04 14:51:02,288{GMT}	INFO	[jepsen worker 0] jepsen.util: 0	:ok	:read	[0 1]
2026-03-04 14:51:02,475{GMT}	INFO	[jepsen worker 4] jepsen.util: 4	:invoke	:cas	[0 [4 0]]
2026-03-04 14:51:02,478{GMT}	INFO	[jepsen worker 4] jepsen.util: 4	:fail	:cas	[0 [4 0]]	[:precondition-failed "expected 4 but had 1"]
2026-03-04 14:51:02,570{GMT}	INFO	[jepsen worker 5] jepsen.util: 5	:invoke	:write	[0 4]
2026-03-04 14:51:02,572{GMT}	INFO	[jepsen worker 5] jepsen.util: 5	:ok	:write	[0 4]
2026-03-04 14:51:02,702{GMT}	INFO	[jepsen worker 3] jepsen.util: 3	:invoke	:cas	[0 [2 2]]
2026-03-04 14:51:02,707{GMT}	INFO	[jepsen worker 4] jepsen.util: 4	:invoke	:cas	[0 [2 4]]
2026-03-04 14:51:02,707{GMT}	INFO	[jepsen worker 3] jepsen.util: 3	:fail	:cas	[0 [2 2]]	[:precondition-failed "expected 2 but had 4"]
2026-03-04 14:51:02,711{GMT}	INFO	[jepsen worker 4] jepsen.util: 4	:fail	:cas	[0 [2 4]]	[:precondition-failed "expected 2 but had 4"]
2026-03-04 14:51:02,792{GMT}	INFO	[jepsen worker 1] jepsen.util: 1	:invoke	:read	[0 nil]
2026-03-04 14:51:02,796{GMT}	INFO	[jepsen worker 1] jepsen.util: 1	:ok	:read	[0 4]
2026-03-04 14:51:02,993{GMT}	INFO	[jepsen worker 3] jepsen.util: 3	:invoke	:cas	[0 [4 2]]
2026-03-04 14:51:02,999{GMT}	INFO	[jepsen worker 3] jepsen.util: 3	:ok	:cas	[0 [4 2]]
2026-03-04 14:51:03,148{GMT}	INFO	[jepsen worker 3] jepsen.util: 3	:invoke	:write	[0 3]
2026-03-04 14:51:03,157{GMT}	INFO	[jepsen worker 3] jepsen.util: 3	:ok	:write	[0 3]
2026-03-04 14:51:03,178{GMT}	INFO	[jepsen worker 4] jepsen.util: 4	:invoke	:cas	[0 [0 0]]
2026-03-04 14:51:03,183{GMT}	INFO	[jepsen worker 4] jepsen.util: 4	:fail	:cas	[0 [0 0]]	[:precondition-failed "expected 0 but had 3"]
2026-03-04 14:51:03,275{GMT}	INFO	[jepsen worker 5] jepsen.util: 5	:invoke	:write	[0 1]
2026-03-04 14:51:03,280{GMT}	INFO	[jepsen worker 5] jepsen.util: 5	:ok	:write	[0 1]
2026-03-04 14:51:03,377{GMT}	INFO	[jepsen worker 0] jepsen.util: 0	:invoke	:read	[0 nil]
2026-03-04 14:51:03,380{GMT}	INFO	[jepsen worker 0] jepsen.util: 0	:ok	:read	[0 1]
2026-03-04 14:51:03,461{GMT}	INFO	[jepsen worker 0] jepsen.util: 0	:invoke	:read	[0 nil]
2026-03-04 14:51:03,465{GMT}	INFO	[jepsen worker 0] jepsen.util: 0	:ok	:read	[0 1]
2026-03-04 14:51:03,647{GMT}	INFO	[jepsen worker 3] jepsen.util: 3	:invoke	:cas	[0 [1 2]]
2026-03-04 14:51:03,654{GMT}	INFO	[jepsen worker 3] jepsen.util: 3	:ok	:cas	[0 [1 2]]
2026-03-04 14:51:03,708{GMT}	INFO	[jepsen worker 3] jepsen.util: 3	:invoke	:cas	[0 [3 3]]
2026-03-04 14:51:03,714{GMT}	INFO	[jepsen worker 3] jepsen.util: 3	:fail	:cas	[0 [3 3]]	[:precondition-failed "expected 3 but had 2"]
2026-03-04 14:51:03,873{GMT}	INFO	[jepsen worker 0] jepsen.util: 0	:invoke	:read	[0 nil]
2026-03-04 14:51:03,879{GMT}	INFO	[jepsen worker 0] jepsen.util: 0	:ok	:read	[0 2]
2026-03-04 14:51:03,920{GMT}	INFO	[jepsen worker 4] jepsen.util: 4	:invoke	:cas	[0 [4 0]]
2026-03-04 14:51:03,925{GMT}	INFO	[jepsen worker 4] jepsen.util: 4	:fail	:cas	[0 [4 0]]	[:precondition-failed "expected 4 but had 2"]
2026-03-04 14:51:03,941{GMT}	INFO	[jepsen worker 0] jepsen.util: 0	:invoke	:read	[0 nil]
2026-03-04 14:51:03,944{GMT}	INFO	[jepsen worker 0] jepsen.util: 0	:ok	:read	[0 2]
2026-03-04 14:51:04,117{GMT}	INFO	[jepsen worker 0] jepsen.util: 0	:invoke	:read	[0 nil]
2026-03-04 14:51:04,123{GMT}	INFO	[jepsen worker 0] jepsen.util: 0	:ok	:read	[0 2]
2026-03-04 14:51:04,203{GMT}	INFO	[jepsen worker 0] jepsen.util: 0	:invoke	:read	[0 nil]
2026-03-04 14:51:04,206{GMT}	INFO	[jepsen worker 0] jepsen.util: 0	:ok	:read	[0 2]
2026-03-04 14:51:04,318{GMT}	INFO	[jepsen worker 1] jepsen.util: 1	:invoke	:read	[0 nil]
2026-03-04 14:51:04,326{GMT}	INFO	[jepsen worker 1] jepsen.util: 1	:ok	:read	[0 2]
2026-03-04 14:51:04,372{GMT}	INFO	[jepsen worker 3] jepsen.util: 3	:invoke	:cas	[0 [3 0]]
2026-03-04 14:51:04,376{GMT}	INFO	[jepsen worker 3] jepsen.util: 3	:fail	:cas	[0 [3 0]]	[:precondition-failed "expected 3 but had 2"]
2026-03-04 14:51:04,473{GMT}	INFO	[jepsen worker 3] jepsen.util: 3	:invoke	:cas	[0 [1 1]]
2026-03-04 14:51:04,476{GMT}	INFO	[jepsen worker 3] jepsen.util: 3	:fail	:cas	[0 [1 1]]	[:precondition-failed "expected 1 but had 2"]
2026-03-04 14:51:04,583{GMT}	INFO	[jepsen worker 4] jepsen.util: 4	:invoke	:cas	[0 [3 1]]
2026-03-04 14:51:04,588{GMT}	INFO	[jepsen worker 4] jepsen.util: 4	:fail	:cas	[0 [3 1]]	[:precondition-failed "expected 3 but had 2"]
2026-03-04 14:51:04,596{GMT}	INFO	[jepsen worker 0] jepsen.util: 0	:invoke	:read	[0 nil]
2026-03-04 14:51:04,601{GMT}	INFO	[jepsen worker 0] jepsen.util: 0	:ok	:read	[0 2]
2026-03-04 14:51:04,664{GMT}	INFO	[jepsen worker 3] jepsen.util: 3	:invoke	:cas	[0 [0 3]]
2026-03-04 14:51:04,669{GMT}	INFO	[jepsen worker 3] jepsen.util: 3	:fail	:cas	[0 [0 3]]	[:precondition-failed "expected 0 but had 2"]
2026-03-04 14:51:04,708{GMT}	INFO	[jepsen worker 3] jepsen.util: 3	:invoke	:write	[0 4]
2026-03-04 14:51:04,712{GMT}	INFO	[jepsen worker 3] jepsen.util: 3	:ok	:write	[0 4]
2026-03-04 14:51:04,718{GMT}	INFO	[jepsen worker 3] jepsen.util: 3	:invoke	:write	[0 2]
2026-03-04 14:51:04,724{GMT}	INFO	[jepsen worker 3] jepsen.util: 3	:ok	:write	[0 2]
2026-03-04 14:51:04,823{GMT}	INFO	[jepsen worker 3] jepsen.util: 3	:invoke	:cas	[0 [4 2]]
2026-03-04 14:51:04,828{GMT}	INFO	[jepsen worker 3] jepsen.util: 3	:fail	:cas	[0 [4 2]]	[:precondition-failed "expected 4 but had 2"]
2026-03-04 14:51:04,959{GMT}	INFO	[jepsen worker 0] jepsen.util: 0	:invoke	:read	[0 nil]
2026-03-04 14:51:04,962{GMT}	INFO	[jepsen worker 0] jepsen.util: 0	:ok	:read	[0 2]
2026-03-04 14:51:05,083{GMT}	INFO	[jepsen worker 4] jepsen.util: 4	:invoke	:cas	[0 [1 1]]
2026-03-04 14:51:05,089{GMT}	INFO	[jepsen worker 4] jepsen.util: 4	:fail	:cas	[0 [1 1]]	[:precondition-failed "expected 1 but had 2"]
2026-03-04 14:51:05,202{GMT}	INFO	[jepsen worker 5] jepsen.util: 5	:invoke	:cas	[0 [2 2]]
2026-03-04 14:51:05,209{GMT}	INFO	[jepsen worker 5] jepsen.util: 5	:ok	:cas	[0 [2 2]]
2026-03-04 14:51:05,308{GMT}	INFO	[jepsen worker 3] jepsen.util: 3	:invoke	:write	[0 2]
2026-03-04 14:51:05,313{GMT}	INFO	[jepsen worker 3] jepsen.util: 3	:ok	:write	[0 2]
2026-03-04 14:51:05,392{GMT}	INFO	[jepsen worker 3] jepsen.util: 3	:invoke	:cas	[0 [1 1]]
2026-03-04 14:51:05,405{GMT}	INFO	[jepsen worker 3] jepsen.util: 3	:fail	:cas	[0 [1 1]]	[:precondition-failed "expected 1 but had 2"]
2026-03-04 14:51:05,406{GMT}	INFO	[jepsen worker 3] jepsen.util: 3	:invoke	:cas	[0 [2 2]]
2026-03-04 14:51:05,411{GMT}	INFO	[jepsen worker 3] jepsen.util: 3	:ok	:cas	[0 [2 2]]
2026-03-04 14:51:05,511{GMT}	INFO	[jepsen worker 3] jepsen.util: 3	:invoke	:cas	[0 [1 4]]
2026-03-04 14:51:05,516{GMT}	INFO	[jepsen worker 3] jepsen.util: 3	:fail	:cas	[0 [1 4]]	[:precondition-failed "expected 1 but had 2"]
2026-03-04 14:51:05,587{GMT}	INFO	[jepsen worker 0] jepsen.util: 0	:invoke	:read	[0 nil]
2026-03-04 14:51:05,590{GMT}	INFO	[jepsen worker 0] jepsen.util: 0	:ok	:read	[0 2]
2026-03-04 14:51:05,612{GMT}	INFO	[jepsen worker 0] jepsen.util: 0	:invoke	:read	[0 nil]
2026-03-04 14:51:05,616{GMT}	INFO	[jepsen worker 0] jepsen.util: 0	:ok	:read	[0 2]
2026-03-04 14:51:05,759{GMT}	INFO	[jepsen worker 5] jepsen.util: 5	:invoke	:write	[0 4]
2026-03-04 14:51:05,763{GMT}	INFO	[jepsen worker 5] jepsen.util: 5	:ok	:write	[0 4]
2026-03-04 14:51:05,775{GMT}	INFO	[jepsen worker 0] jepsen.util: 0	:invoke	:read	[0 nil]
2026-03-04 14:51:05,778{GMT}	INFO	[jepsen worker 0] jepsen.util: 0	:ok	:read	[0 4]
2026-03-04 14:51:05,793{GMT}	INFO	[jepsen worker 3] jepsen.util: 3	:invoke	:write	[0 4]
2026-03-04 14:51:05,796{GMT}	INFO	[jepsen worker 3] jepsen.util: 3	:ok	:write	[0 4]
2026-03-04 14:51:05,969{GMT}	INFO	[jepsen worker 1] jepsen.util: 1	:invoke	:read	[0 nil]
2026-03-04 14:51:05,972{GMT}	INFO	[jepsen worker 3] jepsen.util: 3	:invoke	:cas	[0 [0 1]]
2026-03-04 14:51:05,975{GMT}	INFO	[jepsen worker 1] jepsen.util: 1	:ok	:read	[0 4]
2026-03-04 14:51:05,979{GMT}	INFO	[jepsen worker 3] jepsen.util: 3	:fail	:cas	[0 [0 1]]	[:precondition-failed "expected 0 but had 4"]
2026-03-04 14:51:06,054{GMT}	INFO	[jepsen worker 0] jepsen.util: 0	:invoke	:read	[0 nil]
2026-03-04 14:51:06,059{GMT}	INFO	[jepsen worker 0] jepsen.util: 0	:ok	:read	[0 4]
2026-03-04 14:51:06,252{GMT}	INFO	[jepsen worker 0] jepsen.util: 0	:invoke	:read	[0 nil]
2026-03-04 14:51:06,257{GMT}	INFO	[jepsen worker 0] jepsen.util: 0	:ok	:read	[0 4]
2026-03-04 14:51:06,315{GMT}	INFO	[jepsen worker 0] jepsen.util: 0	:invoke	:read	[0 nil]
2026-03-04 14:51:06,319{GMT}	INFO	[jepsen worker 0] jepsen.util: 0	:ok	:read	[0 4]
2026-03-04 14:51:06,497{GMT}	INFO	[jepsen worker 0] jepsen.util: 0	:invoke	:read	[0 nil]
2026-03-04 14:51:06,502{GMT}	INFO	[jepsen worker 0] jepsen.util: 0	:ok	:read	[0 4]
2026-03-04 14:51:06,542{GMT}	INFO	[jepsen worker 0] jepsen.util: 0	:invoke	:read	[0 nil]
2026-03-04 14:51:06,547{GMT}	INFO	[jepsen worker 0] jepsen.util: 0	:ok	:read	[0 4]
2026-03-04 14:51:06,670{GMT}	INFO	[jepsen worker 3] jepsen.util: 3	:invoke	:write	[0 3]
2026-03-04 14:51:06,676{GMT}	INFO	[jepsen worker 3] jepsen.util: 3	:ok	:write	[0 3]
2026-03-04 14:51:06,681{GMT}	INFO	[jepsen worker 2] jepsen.util: 2	:invoke	:read	[0 nil]
2026-03-04 14:51:06,685{GMT}	INFO	[jepsen worker 2] jepsen.util: 2	:ok	:read	[0 3]
2026-03-04 14:51:06,793{GMT}	INFO	[jepsen worker 3] jepsen.util: 3	:invoke	:cas	[0 [4 3]]
2026-03-04 14:51:06,798{GMT}	INFO	[jepsen worker 3] jepsen.util: 3	:fail	:cas	[0 [4 3]]	[:precondition-failed "expected 4 but had 3"]
2026-03-04 14:51:06,897{GMT}	INFO	[jepsen worker 0] jepsen.util: 0	:invoke	:read	[0 nil]
2026-03-04 14:51:06,902{GMT}	INFO	[jepsen worker 0] jepsen.util: 0	:ok	:read	[0 3]
2026-03-04 14:51:06,944{GMT}	INFO	[jepsen worker 5] jepsen.util: 5	:invoke	:cas	[0 [4 4]]
2026-03-04 14:51:06,951{GMT}	INFO	[jepsen worker 5] jepsen.util: 5	:fail	:cas	[0 [4 4]]	[:precondition-failed "expected 4 but had 3"]
2026-03-04 14:51:07,128{GMT}	INFO	[jepsen worker 0] jepsen.util: 0	:invoke	:read	[0 nil]
2026-03-04 14:51:07,132{GMT}	INFO	[jepsen worker 0] jepsen.util: 0	:ok	:read	[0 3]
2026-03-04 14:51:07,187{GMT}	INFO	[jepsen worker 0] jepsen.util: 0	:invoke	:read	[0 nil]
2026-03-04 14:51:07,191{GMT}	INFO	[jepsen worker 0] jepsen.util: 0	:ok	:read	[0 3]
2026-03-04 14:51:07,249{GMT}	INFO	[jepsen worker 1] jepsen.util: 1	:invoke	:read	[0 nil]
2026-03-04 14:51:07,253{GMT}	INFO	[jepsen worker 1] jepsen.util: 1	:ok	:read	[0 3]
2026-03-04 14:51:07,270{GMT}	INFO	[jepsen worker 2] jepsen.util: 2	:invoke	:read	[0 nil]
2026-03-04 14:51:07,273{GMT}	INFO	[jepsen worker 2] jepsen.util: 2	:ok	:read	[0 3]
2026-03-04 14:51:07,398{GMT}	INFO	[jepsen worker 3] jepsen.util: 3	:invoke	:write	[0 2]
2026-03-04 14:51:07,401{GMT}	INFO	[jepsen worker 3] jepsen.util: 3	:ok	:write	[0 2]
2026-03-04 14:51:07,447{GMT}	INFO	[jepsen worker 0] jepsen.util: 0	:invoke	:read	[0 nil]
2026-03-04 14:51:07,449{GMT}	INFO	[jepsen worker 0] jepsen.util: 0	:ok	:read	[0 2]
2026-03-04 14:51:07,486{GMT}	INFO	[jepsen worker 5] jepsen.util: 5	:invoke	:cas	[0 [1 3]]
2026-03-04 14:51:07,489{GMT}	INFO	[jepsen worker 5] jepsen.util: 5	:fail	:cas	[0 [1 3]]	[:precondition-failed "expected 1 but had 2"]
2026-03-04 14:51:07,562{GMT}	INFO	[jepsen worker 0] jepsen.util: 0	:invoke	:read	[0 nil]
2026-03-04 14:51:07,564{GMT}	INFO	[jepsen worker 0] jepsen.util: 0	:ok	:read	[0 2]
2026-03-04 14:51:07,620{GMT}	INFO	[jepsen worker 0] jepsen.util: 0	:invoke	:read	[0 nil]
2026-03-04 14:51:07,622{GMT}	INFO	[jepsen worker 0] jepsen.util: 0	:ok	:read	[0 2]
2026-03-04 14:51:07,778{GMT}	INFO	[jepsen worker 3] jepsen.util: 3	:invoke	:cas	[0 [4 2]]
2026-03-04 14:51:07,784{GMT}	INFO	[jepsen worker 3] jepsen.util: 3	:fail	:cas	[0 [4 2]]	[:precondition-failed "expected 4 but had 2"]
2026-03-04 14:51:07,813{GMT}	INFO	[jepsen worker 3] jepsen.util: 3	:invoke	:write	[0 0]
2026-03-04 14:51:07,817{GMT}	INFO	[jepsen worker 3] jepsen.util: 3	:ok	:write	[0 0]
2026-03-04 14:51:07,931{GMT}	INFO	[jepsen worker 3] jepsen.util: 3	:invoke	:write	[0 2]
2026-03-04 14:51:07,936{GMT}	INFO	[jepsen worker 3] jepsen.util: 3	:ok	:write	[0 2]
2026-03-04 14:51:08,007{GMT}	INFO	[jepsen worker 4] jepsen.util: 4	:invoke	:cas	[0 [4 2]]
2026-03-04 14:51:08,013{GMT}	INFO	[jepsen worker 4] jepsen.util: 4	:fail	:cas	[0 [4 2]]	[:precondition-failed "expected 4 but had 2"]
2026-03-04 14:51:08,193{GMT}	INFO	[jepsen worker 0] jepsen.util: 0	:invoke	:read	[0 nil]
2026-03-04 14:51:08,202{GMT}	INFO	[jepsen worker 0] jepsen.util: 0	:ok	:read	[0 2]
2026-03-04 14:51:08,291{GMT}	INFO	[jepsen worker 3] jepsen.util: 3	:invoke	:cas	[0 [3 4]]
2026-03-04 14:51:08,295{GMT}	INFO	[jepsen worker 3] jepsen.util: 3	:fail	:cas	[0 [3 4]]	[:precondition-failed "expected 3 but had 2"]
2026-03-04 14:51:08,395{GMT}	INFO	[jepsen worker 3] jepsen.util: 3	:invoke	:cas	[0 [4 3]]
2026-03-04 14:51:08,399{GMT}	INFO	[jepsen worker 3] jepsen.util: 3	:fail	:cas	[0 [4 3]]	[:precondition-failed "expected 4 but had 2"]
2026-03-04 14:51:08,541{GMT}	INFO	[jepsen worker 1] jepsen.util: 1	:invoke	:read	[0 nil]
2026-03-04 14:51:08,545{GMT}	INFO	[jepsen worker 1] jepsen.util: 1	:ok	:read	[0 2]
2026-03-04 14:51:08,725{GMT}	INFO	[jepsen worker 3] jepsen.util: 3	:invoke	:cas	[0 [3 1]]
2026-03-04 14:51:08,735{GMT}	INFO	[jepsen worker 3] jepsen.util: 3	:fail	:cas	[0 [3 1]]	[:precondition-failed "expected 3 but had 2"]
2026-03-04 14:51:08,811{GMT}	INFO	[jepsen worker 3] jepsen.util: 3	:invoke	:cas	[0 [3 3]]
2026-03-04 14:51:08,815{GMT}	INFO	[jepsen worker 4] jepsen.util: 4	:invoke	:cas	[0 [1 3]]
2026-03-04 14:51:08,818{GMT}	INFO	[jepsen worker 3] jepsen.util: 3	:fail	:cas	[0 [3 3]]	[:precondition-failed "expected 3 but had 2"]
2026-03-04 14:51:08,818{GMT}	INFO	[jepsen worker 4] jepsen.util: 4	:fail	:cas	[0 [1 3]]	[:precondition-failed "expected 1 but had 2"]
2026-03-04 14:51:08,874{GMT}	INFO	[jepsen worker 0] jepsen.util: 0	:invoke	:read	[0 nil]
2026-03-04 14:51:08,878{GMT}	INFO	[jepsen worker 0] jepsen.util: 0	:ok	:read	[0 2]
2026-03-04 14:51:08,923{GMT}	INFO	[jepsen worker 3] jepsen.util: 3	:invoke	:write	[0 3]
2026-03-04 14:51:08,928{GMT}	INFO	[jepsen worker 3] jepsen.util: 3	:ok	:write	[0 3]
2026-03-04 14:51:09,003{GMT}	INFO	[jepsen worker 0] jepsen.util: 0	:invoke	:read	[0 nil]
2026-03-04 14:51:09,006{GMT}	INFO	[jepsen worker 0] jepsen.util: 0	:ok	:read	[0 3]
2026-03-04 14:51:09,082{GMT}	INFO	[jepsen worker 1] jepsen.util: 1	:invoke	:read	[0 nil]
2026-03-04 14:51:09,088{GMT}	INFO	[jepsen worker 1] jepsen.util: 1	:ok	:read	[0 3]
2026-03-04 14:51:09,256{GMT}	INFO	[jepsen worker 3] jepsen.util: 3	:invoke	:cas	[0 [0 3]]
2026-03-04 14:51:09,263{GMT}	INFO	[jepsen worker 3] jepsen.util: 3	:fail	:cas	[0 [0 3]]	[:precondition-failed "expected 0 but had 3"]
2026-03-04 14:51:09,321{GMT}	INFO	[jepsen worker 0] jepsen.util: 0	:invoke	:read	[0 nil]
2026-03-04 14:51:09,324{GMT}	INFO	[jepsen worker 0] jepsen.util: 0	:ok	:read	[0 3]
2026-03-04 14:51:09,352{GMT}	INFO	[jepsen worker 0] jepsen.util: 0	:invoke	:read	[0 nil]
2026-03-04 14:51:09,354{GMT}	INFO	[jepsen worker 0] jepsen.util: 0	:ok	:read	[0 3]
2026-03-04 14:51:09,416{GMT}	INFO	[jepsen worker 0] jepsen.util: 0	:invoke	:read	[0 nil]
2026-03-04 14:51:09,418{GMT}	INFO	[jepsen worker 0] jepsen.util: 0	:ok	:read	[0 3]
2026-03-04 14:51:09,556{GMT}	INFO	[jepsen worker 0] jepsen.util: 0	:invoke	:read	[0 nil]
2026-03-04 14:51:09,559{GMT}	INFO	[jepsen worker 0] jepsen.util: 0	:ok	:read	[0 3]
2026-03-04 14:51:09,701{GMT}	INFO	[jepsen worker 0] jepsen.util: 0	:invoke	:read	[0 nil]
2026-03-04 14:51:09,704{GMT}	INFO	[jepsen worker 0] jepsen.util: 0	:ok	:read	[0 3]
2026-03-04 14:51:09,895{GMT}	INFO	[jepsen worker 1] jepsen.util: 1	:invoke	:read	[0 nil]
2026-03-04 14:51:09,899{GMT}	INFO	[jepsen worker 1] jepsen.util: 1	:ok	:read	[0 3]
2026-03-04 14:51:10,038{GMT}	INFO	[jepsen worker 3] jepsen.util: 3	:invoke	:cas	[0 [0 0]]
2026-03-04 14:51:10,043{GMT}	INFO	[jepsen worker 3] jepsen.util: 3	:fail	:cas	[0 [0 0]]	[:precondition-failed "expected 0 but had 3"]
2026-03-04 14:51:10,205{GMT}	INFO	[jepsen worker 3] jepsen.util: 3	:invoke	:cas	[0 [0 2]]
2026-03-04 14:51:10,211{GMT}	INFO	[jepsen worker 3] jepsen.util: 3	:fail	:cas	[0 [0 2]]	[:precondition-failed "expected 0 but had 3"]
2026-03-04 14:51:10,307{GMT}	INFO	[jepsen worker 4] jepsen.util: 4	:invoke	:write	[0 2]
2026-03-04 14:51:10,315{GMT}	INFO	[jepsen worker 4] jepsen.util: 4	:ok	:write	[0 2]
2026-03-04 14:51:10,494{GMT}	INFO	[jepsen worker 5] jepsen.util: 5	:invoke	:cas	[0 [3 4]]
2026-03-04 14:51:10,497{GMT}	INFO	[jepsen worker 5] jepsen.util: 5	:fail	:cas	[0 [3 4]]	[:precondition-failed "expected 3 but had 2"]
2026-03-04 14:51:10,545{GMT}	INFO	[jepsen worker 0] jepsen.util: 0	:invoke	:read	[0 nil]
2026-03-04 14:51:10,548{GMT}	INFO	[jepsen worker 0] jepsen.util: 0	:ok	:read	[0 2]
2026-03-04 14:51:10,577{GMT}	INFO	[jepsen worker 0] jepsen.util: 0	:invoke	:read	[0 nil]
2026-03-04 14:51:10,580{GMT}	INFO	[jepsen worker 0] jepsen.util: 0	:ok	:read	[0 2]
2026-03-04 14:51:10,669{GMT}	INFO	[jepsen worker 1] jepsen.util: 1	:invoke	:read	[0 nil]
2026-03-04 14:51:10,672{GMT}	INFO	[jepsen worker 1] jepsen.util: 1	:ok	:read	[0 2]
2026-03-04 14:51:10,683{GMT}	INFO	[jepsen worker 3] jepsen.util: 3	:invoke	:write	[0 1]
2026-03-04 14:51:10,686{GMT}	INFO	[jepsen worker 3] jepsen.util: 3	:ok	:write	[0 1]
2026-03-04 14:51:10,882{GMT}	INFO	[jepsen worker 3] jepsen.util: 3	:invoke	:write	[0 2]
2026-03-04 14:51:10,885{GMT}	INFO	[jepsen worker 3] jepsen.util: 3	:ok	:write	[0 2]
2026-03-04 14:51:10,964{GMT}	INFO	[jepsen worker 4] jepsen.util: 4	:invoke	:cas	[0 [2 2]]
2026-03-04 14:51:10,968{GMT}	INFO	[jepsen worker 4] jepsen.util: 4	:ok	:cas	[0 [2 2]]
2026-03-04 14:51:10,986{GMT}	INFO	[jepsen worker 5] jepsen.util: 5	:invoke	:write	[0 4]
2026-03-04 14:51:10,989{GMT}	INFO	[jepsen worker 5] jepsen.util: 5	:ok	:write	[0 4]
2026-03-04 14:51:11,100{GMT}	INFO	[jepsen worker 0] jepsen.util: 0	:invoke	:read	[0 nil]
2026-03-04 14:51:11,103{GMT}	INFO	[jepsen worker 0] jepsen.util: 0	:ok	:read	[0 4]
2026-03-04 14:51:11,288{GMT}	INFO	[jepsen worker 0] jepsen.util: 0	:invoke	:read	[0 nil]
2026-03-04 14:51:11,294{GMT}	INFO	[jepsen worker 0] jepsen.util: 0	:ok	:read	[0 4]
2026-03-04 14:51:11,348{GMT}	INFO	[jepsen worker 3] jepsen.util: 3	:invoke	:cas	[0 [4 0]]
2026-03-04 14:51:11,352{GMT}	INFO	[jepsen worker 3] jepsen.util: 3	:ok	:cas	[0 [4 0]]
2026-03-04 14:51:11,497{GMT}	INFO	[jepsen worker 3] jepsen.util: 3	:invoke	:cas	[0 [1 2]]
2026-03-04 14:51:11,500{GMT}	INFO	[jepsen worker 3] jepsen.util: 3	:fail	:cas	[0 [1 2]]	[:precondition-failed "expected 1 but had 0"]
2026-03-04 14:51:11,597{GMT}	INFO	[jepsen worker 3] jepsen.util: 3	:invoke	:write	[0 0]
2026-03-04 14:51:11,599{GMT}	INFO	[jepsen worker 3] jepsen.util: 3	:ok	:write	[0 0]
2026-03-04 14:51:11,653{GMT}	INFO	[jepsen worker 4] jepsen.util: 4	:invoke	:cas	[0 [2 1]]
2026-03-04 14:51:11,656{GMT}	INFO	[jepsen worker 4] jepsen.util: 4	:fail	:cas	[0 [2 1]]	[:precondition-failed "expected 2 but had 0"]
2026-03-04 14:51:11,772{GMT}	INFO	[jepsen worker 5] jepsen.util: 5	:invoke	:cas	[0 [2 3]]
2026-03-04 14:51:11,779{GMT}	INFO	[jepsen worker 5] jepsen.util: 5	:fail	:cas	[0 [2 3]]	[:precondition-failed "expected 2 but had 0"]
2026-03-04 14:51:11,836{GMT}	INFO	[jepsen worker 0] jepsen.util: 0	:invoke	:read	[0 nil]
2026-03-04 14:51:11,843{GMT}	INFO	[jepsen worker 0] jepsen.util: 0	:ok	:read	[0 0]
2026-03-04 14:51:11,949{GMT}	INFO	[jepsen worker 3] jepsen.util: 3	:invoke	:write	[0 0]
2026-03-04 14:51:11,955{GMT}	INFO	[jepsen worker 3] jepsen.util: 3	:ok	:write	[0 0]
2026-03-04 14:51:11,998{GMT}	INFO	[jepsen worker 1] jepsen.util: 1	:invoke	:read	[0 nil]
2026-03-04 14:51:12,001{GMT}	INFO	[jepsen worker 1] jepsen.util: 1	:ok	:read	[0 0]
2026-03-04 14:51:12,015{GMT}	INFO	[jepsen worker 3] jepsen.util: 3	:invoke	:write	[0 2]
2026-03-04 14:51:12,017{GMT}	INFO	[jepsen worker 3] jepsen.util: 3	:ok	:write	[0 2]
2026-03-04 14:51:12,117{GMT}	INFO	[jepsen worker 0] jepsen.util: 0	:invoke	:read	[0 nil]
2026-03-04 14:51:12,121{GMT}	INFO	[jepsen worker 0] jepsen.util: 0	:ok	:read	[0 2]
2026-03-04 14:51:12,236{GMT}	INFO	[jepsen worker 4] jepsen.util: 4	:invoke	:write	[0 3]
2026-03-04 14:51:12,239{GMT}	INFO	[jepsen worker 4] jepsen.util: 4	:ok	:write	[0 3]
2026-03-04 14:51:12,419{GMT}	INFO	[jepsen worker 0] jepsen.util: 0	:invoke	:read	[0 nil]
2026-03-04 14:51:12,426{GMT}	INFO	[jepsen worker 0] jepsen.util: 0	:ok	:read	[0 3]
2026-03-04 14:51:12,509{GMT}	INFO	[jepsen worker 3] jepsen.util: 3	:invoke	:write	[0 3]
2026-03-04 14:51:12,511{GMT}	INFO	[jepsen worker 3] jepsen.util: 3	:ok	:write	[0 3]
2026-03-04 14:51:12,550{GMT}	INFO	[jepsen worker 0] jepsen.util: 0	:invoke	:read	[0 nil]
2026-03-04 14:51:12,554{GMT}	INFO	[jepsen worker 0] jepsen.util: 0	:ok	:read	[0 3]
2026-03-04 14:51:12,721{GMT}	INFO	[jepsen worker 3] jepsen.util: 3	:invoke	:cas	[0 [4 2]]
2026-03-04 14:51:12,724{GMT}	INFO	[jepsen worker 3] jepsen.util: 3	:fail	:cas	[0 [4 2]]	[:precondition-failed "expected 4 but had 3"]
2026-03-04 14:51:12,867{GMT}	INFO	[jepsen worker 2] jepsen.util: 2	:invoke	:read	[0 nil]
2026-03-04 14:51:12,870{GMT}	INFO	[jepsen worker 2] jepsen.util: 2	:ok	:read	[0 3]
2026-03-04 14:51:13,027{GMT}	INFO	[jepsen worker 3] jepsen.util: 3	:invoke	:cas	[0 [3 0]]
2026-03-04 14:51:13,033{GMT}	INFO	[jepsen worker 3] jepsen.util: 3	:ok	:cas	[0 [3 0]]
2026-03-04 14:51:13,102{GMT}	INFO	[jepsen worker 4] jepsen.util: 4	:invoke	:cas	[0 [4 3]]
2026-03-04 14:51:13,111{GMT}	INFO	[jepsen worker 4] jepsen.util: 4	:fail	:cas	[0 [4 3]]	[:precondition-failed "expected 4 but had 0"]
2026-03-04 14:51:13,257{GMT}	INFO	[jepsen worker 0] jepsen.util: 0	:invoke	:read	[0 nil]
2026-03-04 14:51:13,288{GMT}	INFO	[jepsen worker 0] jepsen.util: 0	:ok	:read	[0 0]
2026-03-04 14:51:13,414{GMT}	INFO	[jepsen worker 0] jepsen.util: 0	:invoke	:read	[0 nil]
2026-03-04 14:51:13,417{GMT}	INFO	[jepsen worker 0] jepsen.util: 0	:ok	:read	[0 0]
2026-03-04 14:51:13,609{GMT}	INFO	[jepsen worker 3] jepsen.util: 3	:invoke	:cas	[0 [2 3]]
2026-03-04 14:51:13,611{GMT}	INFO	[jepsen worker 3] jepsen.util: 3	:fail	:cas	[0 [2 3]]	[:precondition-failed "expected 2 but had 0"]
2026-03-04 14:51:13,748{GMT}	INFO	[jepsen worker 1] jepsen.util: 1	:invoke	:read	[0 nil]
2026-03-04 14:51:13,759{GMT}	INFO	[jepsen worker 1] jepsen.util: 1	:ok	:read	[0 0]
2026-03-04 14:51:13,883{GMT}	INFO	[jepsen worker 3] jepsen.util: 3	:invoke	:cas	[0 [2 4]]
2026-03-04 14:51:13,886{GMT}	INFO	[jepsen worker 3] jepsen.util: 3	:fail	:cas	[0 [2 4]]	[:precondition-failed "expected 2 but had 0"]
2026-03-04 14:51:13,979{GMT}	INFO	[jepsen worker 3] jepsen.util: 3	:invoke	:cas	[0 [3 2]]
2026-03-04 14:51:13,981{GMT}	INFO	[jepsen worker 3] jepsen.util: 3	:fail	:cas	[0 [3 2]]	[:precondition-failed "expected 3 but had 0"]
2026-03-04 14:51:14,145{GMT}	INFO	[jepsen worker 0] jepsen.util: 0	:invoke	:read	[0 nil]
2026-03-04 14:51:14,148{GMT}	INFO	[jepsen worker 0] jepsen.util: 0	:ok	:read	[0 0]
2026-03-04 14:51:14,238{GMT}	INFO	[jepsen worker 5] jepsen.util: 5	:invoke	:cas	[0 [3 0]]
2026-03-04 14:51:14,243{GMT}	INFO	[jepsen worker 5] jepsen.util: 5	:fail	:cas	[0 [3 0]]	[:precondition-failed "expected 3 but had 0"]
2026-03-04 14:51:14,362{GMT}	INFO	[jepsen worker 0] jepsen.util: 0	:invoke	:read	[0 nil]
2026-03-04 14:51:14,365{GMT}	INFO	[jepsen worker 0] jepsen.util: 0	:ok	:read	[0 0]
2026-03-04 14:51:14,562{GMT}	INFO	[jepsen worker 3] jepsen.util: 3	:invoke	:cas	[0 [4 4]]
2026-03-04 14:51:14,564{GMT}	INFO	[jepsen worker 3] jepsen.util: 3	:fail	:cas	[0 [4 4]]	[:precondition-failed "expected 4 but had 0"]
2026-03-04 14:51:14,603{GMT}	INFO	[jepsen worker 3] jepsen.util: 3	:invoke	:cas	[0 [2 0]]
2026-03-04 14:51:14,606{GMT}	INFO	[jepsen worker 3] jepsen.util: 3	:fail	:cas	[0 [2 0]]	[:precondition-failed "expected 2 but had 0"]
2026-03-04 14:51:14,640{GMT}	INFO	[jepsen worker 3] jepsen.util: 3	:invoke	:write	[0 1]
2026-03-04 14:51:14,642{GMT}	INFO	[jepsen worker 3] jepsen.util: 3	:ok	:write	[0 1]
2026-03-04 14:51:14,758{GMT}	INFO	[jepsen worker 0] jepsen.util: 0	:invoke	:read	[0 nil]
2026-03-04 14:51:14,762{GMT}	INFO	[jepsen worker 0] jepsen.util: 0	:ok	:read	[0 1]
2026-03-04 14:51:14,887{GMT}	INFO	[jepsen worker 0] jepsen.util: 0	:invoke	:read	[0 nil]
2026-03-04 14:51:14,889{GMT}	INFO	[jepsen worker 0] jepsen.util: 0	:ok	:read	[0 1]
2026-03-04 14:51:15,052{GMT}	INFO	[jepsen worker 5] jepsen.util: 5	:invoke	:cas	[0 [2 0]]
2026-03-04 14:51:15,056{GMT}	INFO	[jepsen worker 5] jepsen.util: 5	:fail	:cas	[0 [2 0]]	[:precondition-failed "expected 2 but had 1"]
2026-03-04 14:51:15,085{GMT}	INFO	[jepsen worker 3] jepsen.util: 3	:invoke	:cas	[0 [2 1]]
2026-03-04 14:51:15,087{GMT}	INFO	[jepsen worker 3] jepsen.util: 3	:fail	:cas	[0 [2 1]]	[:precondition-failed "expected 2 but had 1"]
2026-03-04 14:51:15,168{GMT}	INFO	[jepsen worker 3] jepsen.util: 3	:invoke	:write	[0 3]
2026-03-04 14:51:15,170{GMT}	INFO	[jepsen worker 3] jepsen.util: 3	:ok	:write	[0 3]
2026-03-04 14:51:15,323{GMT}	INFO	[jepsen worker 1] jepsen.util: 1	:invoke	:read	[0 nil]
2026-03-04 14:51:15,326{GMT}	INFO	[jepsen worker 1] jepsen.util: 1	:ok	:read	[0 3]
2026-03-04 14:51:15,420{GMT}	INFO	[jepsen worker 2] jepsen.util: 2	:invoke	:read	[0 nil]
2026-03-04 14:51:15,422{GMT}	INFO	[jepsen worker 2] jepsen.util: 2	:ok	:read	[0 3]
2026-03-04 14:51:15,526{GMT}	INFO	[jepsen worker 0] jepsen.util: 0	:invoke	:read	[0 nil]
2026-03-04 14:51:15,528{GMT}	INFO	[jepsen worker 0] jepsen.util: 0	:ok	:read	[0 3]
2026-03-04 14:51:15,544{GMT}	INFO	[jepsen worker 0] jepsen.util: 0	:invoke	:read	[0 nil]
2026-03-04 14:51:15,546{GMT}	INFO	[jepsen worker 0] jepsen.util: 0	:ok	:read	[0 3]
2026-03-04 14:51:15,643{GMT}	INFO	[jepsen worker 0] jepsen.util: 0	:invoke	:read	[0 nil]
2026-03-04 14:51:15,645{GMT}	INFO	[jepsen worker 0] jepsen.util: 0	:ok	:read	[0 3]
2026-03-04 14:51:15,726{GMT}	INFO	[jepsen worker 3] jepsen.util: 3	:invoke	:cas	[0 [0 0]]
2026-03-04 14:51:15,729{GMT}	INFO	[jepsen worker 3] jepsen.util: 3	:fail	:cas	[0 [0 0]]	[:precondition-failed "expected 0 but had 3"]
2026-03-04 14:51:15,883{GMT}	INFO	[jepsen worker 0] jepsen.util: 0	:invoke	:read	[0 nil]
2026-03-04 14:51:15,888{GMT}	INFO	[jepsen worker 0] jepsen.util: 0	:ok	:read	[0 3]
2026-03-04 14:51:15,993{GMT}	INFO	[jepsen worker 3] jepsen.util: 3	:invoke	:write	[0 4]
2026-03-04 14:51:15,997{GMT}	INFO	[jepsen worker 3] jepsen.util: 3	:ok	:write	[0 4]
2026-03-04 14:51:16,040{GMT}	INFO	[jepsen worker 2] jepsen.util: 2	:invoke	:read	[0 nil]
2026-03-04 14:51:16,043{GMT}	INFO	[jepsen worker 2] jepsen.util: 2	:ok	:read	[0 4]
2026-03-04 14:51:16,085{GMT}	INFO	[jepsen worker 0] jepsen.util: 0	:invoke	:read	[0 nil]
2026-03-04 14:51:16,087{GMT}	INFO	[jepsen worker 0] jepsen.util: 0	:ok	:read	[0 4]
2026-03-04 14:51:16,267{GMT}	INFO	[jepsen worker 0] jepsen.util: 0	:invoke	:read	[0 nil]
2026-03-04 14:51:16,275{GMT}	INFO	[jepsen worker 0] jepsen.util: 0	:ok	:read	[0 4]
2026-03-04 14:51:16,287{GMT}	INFO	[jepsen worker 5] jepsen.util: 5	:invoke	:cas	[0 [3 3]]
2026-03-04 14:51:16,292{GMT}	INFO	[jepsen worker 5] jepsen.util: 5	:fail	:cas	[0 [3 3]]	[:precondition-failed "expected 3 but had 4"]
2026-03-04 14:51:16,327{GMT}	INFO	[jepsen worker 0] jepsen.util: 0	:invoke	:read	[0 nil]
2026-03-04 14:51:16,329{GMT}	INFO	[jepsen worker 0] jepsen.util: 0	:ok	:read	[0 4]
2026-03-04 14:51:16,401{GMT}	INFO	[jepsen worker 3] jepsen.util: 3	:invoke	:write	[0 2]
2026-03-04 14:51:16,407{GMT}	INFO	[jepsen worker 3] jepsen.util: 3	:ok	:write	[0 2]
2026-03-04 14:51:16,456{GMT}	INFO	[jepsen worker 3] jepsen.util: 3	:invoke	:cas	[0 [2 3]]
2026-03-04 14:51:16,461{GMT}	INFO	[jepsen worker 3] jepsen.util: 3	:ok	:cas	[0 [2 3]]
2026-03-04 14:51:16,508{GMT}	INFO	[jepsen worker 2] jepsen.util: 2	:invoke	:read	[0 nil]
2026-03-04 14:51:16,511{GMT}	INFO	[jepsen worker 2] jepsen.util: 2	:ok	:read	[0 3]
2026-03-04 14:51:16,700{GMT}	INFO	[jepsen worker 0] jepsen.util: 0	:invoke	:read	[0 nil]
2026-03-04 14:51:16,702{GMT}	INFO	[jepsen worker 0] jepsen.util: 0	:ok	:read	[0 3]
2026-03-04 14:51:16,733{GMT}	INFO	[jepsen worker 4] jepsen.util: 4	:invoke	:cas	[0 [0 1]]
2026-03-04 14:51:16,735{GMT}	INFO	[jepsen worker 4] jepsen.util: 4	:fail	:cas	[0 [0 1]]	[:precondition-failed "expected 0 but had 3"]
2026-03-04 14:51:16,862{GMT}	INFO	[jepsen worker 0] jepsen.util: 0	:invoke	:read	[0 nil]
2026-03-04 14:51:16,864{GMT}	INFO	[jepsen worker 0] jepsen.util: 0	:ok	:read	[0 3]
2026-03-04 14:51:17,053{GMT}	INFO	[jepsen worker 3] jepsen.util: 3	:invoke	:cas	[0 [2 1]]
2026-03-04 14:51:17,056{GMT}	INFO	[jepsen worker 3] jepsen.util: 3	:fail	:cas	[0 [2 1]]	[:precondition-failed "expected 2 but had 3"]
2026-03-04 14:51:17,241{GMT}	INFO	[jepsen worker 3] jepsen.util: 3	:invoke	:cas	[0 [4 4]]
2026-03-04 14:51:17,248{GMT}	INFO	[jepsen worker 3] jepsen.util: 3	:fail	:cas	[0 [4 4]]	[:precondition-failed "expected 4 but had 3"]
2026-03-04 14:51:17,402{GMT}	INFO	[jepsen worker 1] jepsen.util: 1	:invoke	:read	[0 nil]
2026-03-04 14:51:17,406{GMT}	INFO	[jepsen worker 1] jepsen.util: 1	:ok	:read	[0 3]
2026-03-04 14:51:17,407{GMT}	INFO	[jepsen worker 3] jepsen.util: 3	:invoke	:cas	[0 [1 0]]
2026-03-04 14:51:17,410{GMT}	INFO	[jepsen worker 3] jepsen.util: 3	:fail	:cas	[0 [1 0]]	[:precondition-failed "expected 1 but had 3"]
2026-03-04 14:51:17,609{GMT}	INFO	[jepsen worker 0] jepsen.util: 0	:invoke	:read	[0 nil]
2026-03-04 14:51:17,612{GMT}	INFO	[jepsen worker 0] jepsen.util: 0	:ok	:read	[0 3]
2026-03-04 14:51:17,642{GMT}	INFO	[jepsen worker 0] jepsen.util: 0	:invoke	:read	[0 nil]
2026-03-04 14:51:17,645{GMT}	INFO	[jepsen worker 0] jepsen.util: 0	:ok	:read	[0 3]
2026-03-04 14:51:17,833{GMT}	INFO	[jepsen worker 0] jepsen.util: 0	:invoke	:read	[0 nil]
2026-03-04 14:51:17,838{GMT}	INFO	[jepsen worker 0] jepsen.util: 0	:ok	:read	[0 3]
2026-03-04 14:51:17,995{GMT}	INFO	[jepsen worker 3] jepsen.util: 3	:invoke	:cas	[0 [4 0]]
2026-03-04 14:51:17,999{GMT}	INFO	[jepsen worker 3] jepsen.util: 3	:fail	:cas	[0 [4 0]]	[:precondition-failed "expected 4 but had 3"]
2026-03-04 14:51:18,179{GMT}	INFO	[jepsen worker 3] jepsen.util: 3	:invoke	:write	[0 1]
2026-03-04 14:51:18,188{GMT}	INFO	[jepsen worker 3] jepsen.util: 3	:ok	:write	[0 1]
2026-03-04 14:51:18,206{GMT}	INFO	[jepsen worker 3] jepsen.util: 3	:invoke	:cas	[0 [4 0]]
2026-03-04 14:51:18,211{GMT}	INFO	[jepsen worker 3] jepsen.util: 3	:fail	:cas	[0 [4 0]]	[:precondition-failed "expected 4 but had 1"]
2026-03-04 14:51:18,247{GMT}	INFO	[jepsen worker 2] jepsen.util: 2	:invoke	:read	[0 nil]
2026-03-04 14:51:18,251{GMT}	INFO	[jepsen worker 2] jepsen.util: 2	:ok	:read	[0 1]
2026-03-04 14:51:18,287{GMT}	INFO	[jepsen worker 0] jepsen.util: 0	:invoke	:read	[0 nil]
2026-03-04 14:51:18,290{GMT}	INFO	[jepsen worker 0] jepsen.util: 0	:ok	:read	[0 1]
2026-03-04 14:51:18,348{GMT}	INFO	[jepsen worker 0] jepsen.util: 0	:invoke	:read	[0 nil]
2026-03-04 14:51:18,351{GMT}	INFO	[jepsen worker 0] jepsen.util: 0	:ok	:read	[0 1]
2026-03-04 14:51:18,372{GMT}	INFO	[jepsen worker 0] jepsen.util: 0	:invoke	:read	[0 nil]
2026-03-04 14:51:18,374{GMT}	INFO	[jepsen worker 0] jepsen.util: 0	:ok	:read	[0 1]
2026-03-04 14:51:18,404{GMT}	INFO	[jepsen worker 0] jepsen.util: 0	:invoke	:read	[0 nil]
2026-03-04 14:51:18,407{GMT}	INFO	[jepsen worker 0] jepsen.util: 0	:ok	:read	[0 1]
2026-03-04 14:51:18,537{GMT}	INFO	[jepsen worker 3] jepsen.util: 3	:invoke	:cas	[0 [1 2]]
2026-03-04 14:51:18,545{GMT}	INFO	[jepsen worker 3] jepsen.util: 3	:ok	:cas	[0 [1 2]]
2026-03-04 14:51:18,553{GMT}	INFO	[jepsen worker 3] jepsen.util: 3	:invoke	:write	[0 4]
2026-03-04 14:51:18,556{GMT}	INFO	[jepsen worker 3] jepsen.util: 3	:ok	:write	[0 4]
2026-03-04 14:51:18,620{GMT}	INFO	[jepsen worker 2] jepsen.util: 2	:invoke	:read	[0 nil]
2026-03-04 14:51:18,626{GMT}	INFO	[jepsen worker 2] jepsen.util: 2	:ok	:read	[0 4]
2026-03-04 14:51:18,786{GMT}	INFO	[jepsen worker 0] jepsen.util: 0	:invoke	:read	[0 nil]
2026-03-04 14:51:18,791{GMT}	INFO	[jepsen worker 0] jepsen.util: 0	:ok	:read	[0 4]
2026-03-04 14:51:18,977{GMT}	INFO	[jepsen worker 0] jepsen.util: 0	:invoke	:read	[0 nil]
2026-03-04 14:51:18,979{GMT}	INFO	[jepsen worker 0] jepsen.util: 0	:ok	:read	[0 4]
2026-03-04 14:51:18,979{GMT}	INFO	[jepsen worker 1] jepsen.util: 1	:invoke	:read	[0 nil]
2026-03-04 14:51:18,981{GMT}	INFO	[jepsen worker 1] jepsen.util: 1	:ok	:read	[0 4]
2026-03-04 14:51:19,048{GMT}	INFO	[jepsen worker 3] jepsen.util: 3	:invoke	:write	[0 1]
2026-03-04 14:51:19,051{GMT}	INFO	[jepsen worker 3] jepsen.util: 3	:ok	:write	[0 1]
2026-03-04 14:51:19,233{GMT}	INFO	[jepsen worker 0] jepsen.util: 0	:invoke	:read	[0 nil]
2026-03-04 14:51:19,238{GMT}	INFO	[jepsen worker 0] jepsen.util: 0	:ok	:read	[0 1]
2026-03-04 14:51:19,370{GMT}	INFO	[jepsen worker 3] jepsen.util: 3	:invoke	:write	[0 2]
2026-03-04 14:51:19,375{GMT}	INFO	[jepsen worker 3] jepsen.util: 3	:ok	:write	[0 2]
2026-03-04 14:51:19,380{GMT}	INFO	[jepsen worker 2] jepsen.util: 2	:invoke	:read	[0 nil]
2026-03-04 14:51:19,381{GMT}	INFO	[jepsen worker 0] jepsen.util: 0	:invoke	:read	[0 nil]
2026-03-04 14:51:19,384{GMT}	INFO	[jepsen worker 2] jepsen.util: 2	:ok	:read	[0 2]
2026-03-04 14:51:19,384{GMT}	INFO	[jepsen worker 0] jepsen.util: 0	:ok	:read	[0 2]
2026-03-04 14:51:19,396{GMT}	INFO	[jepsen worker 4] jepsen.util: 4	:invoke	:cas	[0 [4 3]]
2026-03-04 14:51:19,399{GMT}	INFO	[jepsen worker 4] jepsen.util: 4	:fail	:cas	[0 [4 3]]	[:precondition-failed "expected 4 but had 2"]
2026-03-04 14:51:19,429{GMT}	INFO	[jepsen worker 5] jepsen.util: 5	:invoke	:cas	[0 [4 4]]
2026-03-04 14:51:19,431{GMT}	INFO	[jepsen worker 5] jepsen.util: 5	:fail	:cas	[0 [4 4]]	[:precondition-failed "expected 4 but had 2"]
2026-03-04 14:51:19,520{GMT}	INFO	[jepsen worker 3] jepsen.util: 3	:invoke	:cas	[0 [3 4]]
2026-03-04 14:51:19,522{GMT}	INFO	[jepsen worker 3] jepsen.util: 3	:fail	:cas	[0 [3 4]]	[:precondition-failed "expected 3 but had 2"]
2026-03-04 14:51:19,660{GMT}	INFO	[jepsen worker 3] jepsen.util: 3	:invoke	:write	[0 3]
2026-03-04 14:51:19,674{GMT}	INFO	[jepsen worker 3] jepsen.util: 3	:ok	:write	[0 3]
2026-03-04 14:51:19,813{GMT}	INFO	[jepsen worker 1] jepsen.util: 1	:invoke	:read	[0 nil]
2026-03-04 14:51:19,815{GMT}	INFO	[jepsen worker 1] jepsen.util: 1	:ok	:read	[0 3]
2026-03-04 14:51:19,820{GMT}	INFO	[jepsen worker 3] jepsen.util: 3	:invoke	:cas	[0 [3 3]]
2026-03-04 14:51:19,824{GMT}	INFO	[jepsen worker 3] jepsen.util: 3	:ok	:cas	[0 [3 3]]
2026-03-04 14:51:19,963{GMT}	INFO	[jepsen worker 0] jepsen.util: 0	:invoke	:read	[0 nil]
2026-03-04 14:51:19,966{GMT}	INFO	[jepsen worker 0] jepsen.util: 0	:ok	:read	[0 3]
2026-03-04 14:51:20,053{GMT}	INFO	[jepsen worker 4] jepsen.util: 4	:invoke	:cas	[0 [0 4]]
2026-03-04 14:51:20,058{GMT}	INFO	[jepsen worker 4] jepsen.util: 4	:fail	:cas	[0 [0 4]]	[:precondition-failed "expected 0 but had 3"]
2026-03-04 14:51:20,148{GMT}	INFO	[jepsen worker 5] jepsen.util: 5	:invoke	:write	[0 3]
2026-03-04 14:51:20,156{GMT}	INFO	[jepsen worker 5] jepsen.util: 5	:ok	:write	[0 3]
2026-03-04 14:51:20,171{GMT}	INFO	[jepsen worker 3] jepsen.util: 3	:invoke	:cas	[0 [2 3]]
2026-03-04 14:51:20,175{GMT}	INFO	[jepsen worker 3] jepsen.util: 3	:fail	:cas	[0 [2 3]]	[:precondition-failed "expected 2 but had 3"]
2026-03-04 14:51:20,309{GMT}	INFO	[jepsen worker 3] jepsen.util: 3	:invoke	:cas	[0 [2 4]]
2026-03-04 14:51:20,318{GMT}	INFO	[jepsen worker 3] jepsen.util: 3	:fail	:cas	[0 [2 4]]	[:precondition-failed "expected 2 but had 3"]
2026-03-04 14:51:20,318{GMT}	INFO	[jepsen worker 3] jepsen.util: 3	:invoke	:write	[0 3]
2026-03-04 14:51:20,325{GMT}	INFO	[jepsen worker 3] jepsen.util: 3	:ok	:write	[0 3]
2026-03-04 14:51:20,337{GMT}	INFO	[jepsen worker 3] jepsen.util: 3	:invoke	:cas	[0 [0 0]]
2026-03-04 14:51:20,341{GMT}	INFO	[jepsen worker 3] jepsen.util: 3	:fail	:cas	[0 [0 0]]	[:precondition-failed "expected 0 but had 3"]
2026-03-04 14:51:20,504{GMT}	INFO	[jepsen worker 0] jepsen.util: 0	:invoke	:read	[0 nil]
2026-03-04 14:51:20,506{GMT}	INFO	[jepsen worker 0] jepsen.util: 0	:ok	:read	[0 3]
2026-03-04 14:51:20,564{GMT}	INFO	[jepsen worker 4] jepsen.util: 4	:invoke	:write	[0 4]
2026-03-04 14:51:20,567{GMT}	INFO	[jepsen worker 4] jepsen.util: 4	:ok	:write	[0 4]
2026-03-04 14:51:20,734{GMT}	INFO	[jepsen worker 0] jepsen.util: 0	:invoke	:read	[0 nil]
2026-03-04 14:51:20,741{GMT}	INFO	[jepsen worker 0] jepsen.util: 0	:ok	:read	[0 4]
2026-03-04 14:51:20,858{GMT}	INFO	[jepsen worker 0] jepsen.util: 0	:invoke	:read	[0 nil]
2026-03-04 14:51:20,864{GMT}	INFO	[jepsen worker 0] jepsen.util: 0	:ok	:read	[0 4]
2026-03-04 14:51:21,004{GMT}	INFO	[jepsen worker 0] jepsen.util: 0	:invoke	:read	[0 nil]
2026-03-04 14:51:21,008{GMT}	INFO	[jepsen worker 0] jepsen.util: 0	:ok	:read	[0 4]
2026-03-04 14:51:21,090{GMT}	INFO	[jepsen worker 1] jepsen.util: 1	:invoke	:read	[0 nil]
2026-03-04 14:51:21,100{GMT}	INFO	[jepsen worker 1] jepsen.util: 1	:ok	:read	[0 4]
2026-03-04 14:51:21,133{GMT}	INFO	[jepsen worker 2] jepsen.util: 2	:invoke	:read	[0 nil]
2026-03-04 14:51:21,136{GMT}	INFO	[jepsen worker 2] jepsen.util: 2	:ok	:read	[0 4]
2026-03-04 14:51:21,256{GMT}	INFO	[jepsen worker 0] jepsen.util: 0	:invoke	:read	[0 nil]
2026-03-04 14:51:21,264{GMT}	INFO	[jepsen worker 0] jepsen.util: 0	:ok	:read	[0 4]
2026-03-04 14:51:21,375{GMT}	INFO	[jepsen worker 0] jepsen.util: 0	:invoke	:read	[0 nil]
2026-03-04 14:51:21,378{GMT}	INFO	[jepsen worker 0] jepsen.util: 0	:ok	:read	[0 4]
2026-03-04 14:51:21,569{GMT}	INFO	[jepsen worker 5] jepsen.util: 5	:invoke	:cas	[0 [2 0]]
2026-03-04 14:51:21,573{GMT}	INFO	[jepsen worker 5] jepsen.util: 5	:fail	:cas	[0 [2 0]]	[:precondition-failed "expected 2 but had 4"]
2026-03-04 14:51:21,702{GMT}	INFO	[jepsen worker 0] jepsen.util: 0	:invoke	:read	[0 nil]
2026-03-04 14:51:21,710{GMT}	INFO	[jepsen worker 0] jepsen.util: 0	:ok	:read	[0 4]
2026-03-04 14:51:21,830{GMT}	INFO	[jepsen worker 3] jepsen.util: 3	:invoke	:cas	[0 [2 3]]
2026-03-04 14:51:21,832{GMT}	INFO	[jepsen worker 3] jepsen.util: 3	:fail	:cas	[0 [2 3]]	[:precondition-failed "expected 2 but had 4"]
2026-03-04 14:51:21,931{GMT}	INFO	[jepsen worker 1] jepsen.util: 1	:invoke	:read	[0 nil]
2026-03-04 14:51:21,933{GMT}	INFO	[jepsen worker 1] jepsen.util: 1	:ok	:read	[0 4]
2026-03-04 14:51:22,134{GMT}	INFO	[jepsen worker 3] jepsen.util: 3	:invoke	:cas	[0 [2 4]]
2026-03-04 14:51:22,137{GMT}	INFO	[jepsen worker 3] jepsen.util: 3	:fail	:cas	[0 [2 4]]	[:precondition-failed "expected 2 but had 4"]
2026-03-04 14:51:22,142{GMT}	INFO	[jepsen worker 3] jepsen.util: 3	:invoke	:cas	[0 [3 2]]
2026-03-04 14:51:22,144{GMT}	INFO	[jepsen worker 3] jepsen.util: 3	:fail	:cas	[0 [3 2]]	[:precondition-failed "expected 3 but had 4"]
2026-03-04 14:51:22,328{GMT}	INFO	[jepsen worker 0] jepsen.util: 0	:invoke	:read	[0 nil]
2026-03-04 14:51:22,330{GMT}	INFO	[jepsen worker 0] jepsen.util: 0	:ok	:read	[0 4]
2026-03-04 14:51:22,454{GMT}	INFO	[jepsen worker 5] jepsen.util: 5	:invoke	:write	[0 0]
2026-03-04 14:51:22,456{GMT}	INFO	[jepsen worker 5] jepsen.util: 5	:ok	:write	[0 0]
2026-03-04 14:51:22,494{GMT}	INFO	[jepsen worker 3] jepsen.util: 3	:invoke	:cas	[0 [0 3]]
2026-03-04 14:51:22,498{GMT}	INFO	[jepsen worker 3] jepsen.util: 3	:ok	:cas	[0 [0 3]]
2026-03-04 14:51:22,668{GMT}	INFO	[jepsen worker 0] jepsen.util: 0	:invoke	:read	[0 nil]
2026-03-04 14:51:22,674{GMT}	INFO	[jepsen worker 0] jepsen.util: 0	:ok	:read	[0 3]
2026-03-04 14:51:22,725{GMT}	INFO	[jepsen worker 1] jepsen.util: 1	:invoke	:read	[0 nil]
2026-03-04 14:51:22,728{GMT}	INFO	[jepsen worker 1] jepsen.util: 1	:ok	:read	[0 3]
2026-03-04 14:51:22,730{GMT}	INFO	[jepsen worker 3] jepsen.util: 3	:invoke	:cas	[0 [3 3]]
2026-03-04 14:51:22,733{GMT}	INFO	[jepsen worker 3] jepsen.util: 3	:ok	:cas	[0 [3 3]]
2026-03-04 14:51:22,886{GMT}	INFO	[jepsen worker 0] jepsen.util: 0	:invoke	:read	[0 nil]
2026-03-04 14:51:22,892{GMT}	INFO	[jepsen worker 0] jepsen.util: 0	:ok	:read	[0 3]
2026-03-04 14:51:22,936{GMT}	INFO	[jepsen worker 0] jepsen.util: 0	:invoke	:read	[0 nil]
2026-03-04 14:51:22,942{GMT}	INFO	[jepsen worker 0] jepsen.util: 0	:ok	:read	[0 3]
2026-03-04 14:51:22,956{GMT}	INFO	[jepsen worker 5] jepsen.util: 5	:invoke	:cas	[0 [4 2]]
2026-03-04 14:51:22,963{GMT}	INFO	[jepsen worker 5] jepsen.util: 5	:fail	:cas	[0 [4 2]]	[:precondition-failed "expected 4 but had 3"]
2026-03-04 14:51:22,987{GMT}	INFO	[jepsen worker 3] jepsen.util: 3	:invoke	:cas	[0 [0 3]]
2026-03-04 14:51:22,990{GMT}	INFO	[jepsen worker 3] jepsen.util: 3	:fail	:cas	[0 [0 3]]	[:precondition-failed "expected 0 but had 3"]
2026-03-04 14:51:23,020{GMT}	INFO	[jepsen worker 0] jepsen.util: 0	:invoke	:read	[0 nil]
2026-03-04 14:51:23,023{GMT}	INFO	[jepsen worker 0] jepsen.util: 0	:ok	:read	[0 3]
2026-03-04 14:51:23,067{GMT}	INFO	[jepsen worker 3] jepsen.util: 3	:invoke	:cas	[0 [3 2]]
2026-03-04 14:51:23,072{GMT}	INFO	[jepsen worker 3] jepsen.util: 3	:ok	:cas	[0 [3 2]]
2026-03-04 14:51:23,137{GMT}	INFO	[jepsen worker 2] jepsen.util: 2	:invoke	:read	[0 nil]
2026-03-04 14:51:23,143{GMT}	INFO	[jepsen worker 2] jepsen.util: 2	:ok	:read	[0 2]
2026-03-04 14:51:23,215{GMT}	INFO	[jepsen worker 0] jepsen.util: 0	:invoke	:read	[0 nil]
2026-03-04 14:51:23,222{GMT}	INFO	[jepsen worker 0] jepsen.util: 0	:ok	:read	[0 2]
2026-03-04 14:51:23,355{GMT}	INFO	[jepsen worker 0] jepsen.util: 0	:invoke	:read	[0 nil]
2026-03-04 14:51:23,359{GMT}	INFO	[jepsen worker 0] jepsen.util: 0	:ok	:read	[0 2]
2026-03-04 14:51:23,454{GMT}	INFO	[jepsen worker 0] jepsen.util: 0	:invoke	:read	[0 nil]
2026-03-04 14:51:23,458{GMT}	INFO	[jepsen worker 0] jepsen.util: 0	:ok	:read	[0 2]
2026-03-04 14:51:23,598{GMT}	INFO	[jepsen worker 0] jepsen.util: 0	:invoke	:read	[0 nil]
2026-03-04 14:51:23,602{GMT}	INFO	[jepsen worker 0] jepsen.util: 0	:ok	:read	[0 2]
2026-03-04 14:51:23,704{GMT}	INFO	[jepsen worker 3] jepsen.util: 3	:invoke	:cas	[0 [0 1]]
2026-03-04 14:51:23,709{GMT}	INFO	[jepsen worker 3] jepsen.util: 3	:fail	:cas	[0 [0 1]]	[:precondition-failed "expected 0 but had 2"]
2026-03-04 14:51:23,770{GMT}	INFO	[jepsen worker 3] jepsen.util: 3	:invoke	:write	[0 2]
2026-03-04 14:51:23,775{GMT}	INFO	[jepsen worker 3] jepsen.util: 3	:ok	:write	[0 2]
2026-03-04 14:51:23,870{GMT}	INFO	[jepsen worker 2] jepsen.util: 2	:invoke	:read	[0 nil]
2026-03-04 14:51:23,878{GMT}	INFO	[jepsen worker 2] jepsen.util: 2	:ok	:read	[0 2]
2026-03-04 14:51:23,995{GMT}	INFO	[jepsen worker 3] jepsen.util: 3	:invoke	:write	[0 0]
2026-03-04 14:51:23,998{GMT}	INFO	[jepsen worker 3] jepsen.util: 3	:ok	:write	[0 0]
2026-03-04 14:51:24,037{GMT}	INFO	[jepsen worker 0] jepsen.util: 0	:invoke	:read	[0 nil]
2026-03-04 14:51:24,040{GMT}	INFO	[jepsen worker 0] jepsen.util: 0	:ok	:read	[0 0]
2026-03-04 14:51:24,120{GMT}	INFO	[jepsen worker 0] jepsen.util: 0	:invoke	:read	[0 nil]
2026-03-04 14:51:24,125{GMT}	INFO	[jepsen worker 0] jepsen.util: 0	:ok	:read	[0 0]
2026-03-04 14:51:24,199{GMT}	INFO	[jepsen worker 0] jepsen.util: 0	:invoke	:read	[0 nil]
2026-03-04 14:51:24,203{GMT}	INFO	[jepsen worker 0] jepsen.util: 0	:ok	:read	[0 0]
2026-03-04 14:51:24,352{GMT}	INFO	[jepsen worker 3] jepsen.util: 3	:invoke	:cas	[0 [0 2]]
2026-03-04 14:51:24,362{GMT}	INFO	[jepsen worker 3] jepsen.util: 3	:ok	:cas	[0 [0 2]]
2026-03-04 14:51:24,369{GMT}	INFO	[jepsen worker 1] jepsen.util: 1	:invoke	:read	[0 nil]
2026-03-04 14:51:24,373{GMT}	INFO	[jepsen worker 1] jepsen.util: 1	:ok	:read	[0 2]
2026-03-04 14:51:24,436{GMT}	INFO	[jepsen worker 3] jepsen.util: 3	:invoke	:cas	[0 [1 3]]
2026-03-04 14:51:24,507{GMT}	INFO	[jepsen worker 3] jepsen.util: 3	:fail	:cas	[0 [1 3]]	[:precondition-failed "expected 1 but had 2"]
2026-03-04 14:51:24,544{GMT}	INFO	[jepsen worker 3] jepsen.util: 3	:invoke	:cas	[0 [2 4]]
2026-03-04 14:51:24,632{GMT}	INFO	[jepsen worker 4] jepsen.util: 4	:invoke	:cas	[0 [2 2]]
2026-03-04 14:51:24,720{GMT}	INFO	[jepsen worker 0] jepsen.util: 0	:invoke	:read	[0 nil]
2026-03-04 14:51:24,734{GMT}	INFO	[jepsen worker 3] jepsen.util: 3	:ok	:cas	[0 [2 4]]
2026-03-04 14:51:24,794{GMT}	INFO	[jepsen worker 4] jepsen.util: 4	:fail	:cas	[0 [2 2]]	[:precondition-failed "expected 2 but had 4"]
2026-03-04 14:51:24,808{GMT}	INFO	[jepsen worker 1] jepsen.util: 1	:invoke	:read	[0 nil]
2026-03-04 14:51:24,823{GMT}	INFO	[jepsen worker 0] jepsen.util: 0	:ok	:read	[0 4]
2026-03-04 14:51:24,827{GMT}	INFO	[jepsen worker 1] jepsen.util: 1	:ok	:read	[0 4]
2026-03-04 14:51:24,872{GMT}	INFO	[jepsen worker 0] jepsen.util: 0	:invoke	:read	[0 nil]
2026-03-04 14:51:24,896{GMT}	INFO	[jepsen worker 0] jepsen.util: 0	:ok	:read	[0 4]
2026-03-04 14:51:24,938{GMT}	INFO	[jepsen worker 1] jepsen.util: 1	:invoke	:read	[0 nil]
2026-03-04 14:51:24,958{GMT}	INFO	[jepsen worker 1] jepsen.util: 1	:ok	:read	[0 4]
2026-03-04 14:51:25,080{GMT}	INFO	[jepsen worker 3] jepsen.util: 3	:invoke	:cas	[0 [4 1]]
2026-03-04 14:51:25,093{GMT}	INFO	[jepsen worker 3] jepsen.util: 3	:ok	:cas	[0 [4 1]]
2026-03-04 14:51:25,170{GMT}	INFO	[jepsen worker 3] jepsen.util: 3	:invoke	:write	[0 4]
2026-03-04 14:51:25,176{GMT}	INFO	[jepsen worker 3] jepsen.util: 3	:ok	:write	[0 4]
2026-03-04 14:51:25,353{GMT}	INFO	[jepsen worker 4] jepsen.util: 4	:invoke	:cas	[0 [4 4]]
2026-03-04 14:51:25,363{GMT}	INFO	[jepsen worker 4] jepsen.util: 4	:ok	:cas	[0 [4 4]]
2026-03-04 14:51:25,457{GMT}	INFO	[jepsen worker 0] jepsen.util: 0	:invoke	:read	[0 nil]
2026-03-04 14:51:25,462{GMT}	INFO	[jepsen worker 0] jepsen.util: 0	:ok	:read	[0 4]
2026-03-04 14:51:25,606{GMT}	INFO	[jepsen worker 3] jepsen.util: 3	:invoke	:cas	[0 [2 3]]
2026-03-04 14:51:25,612{GMT}	INFO	[jepsen worker 3] jepsen.util: 3	:fail	:cas	[0 [2 3]]	[:precondition-failed "expected 2 but had 4"]
2026-03-04 14:51:25,654{GMT}	INFO	[jepsen worker 0] jepsen.util: 0	:invoke	:read	[0 nil]
2026-03-04 14:51:25,660{GMT}	INFO	[jepsen worker 0] jepsen.util: 0	:ok	:read	[0 4]
2026-03-04 14:51:25,858{GMT}	INFO	[jepsen worker 3] jepsen.util: 3	:invoke	:cas	[0 [2 3]]
2026-03-04 14:51:25,867{GMT}	INFO	[jepsen worker 3] jepsen.util: 3	:fail	:cas	[0 [2 3]]	[:precondition-failed "expected 2 but had 4"]
2026-03-04 14:51:26,021{GMT}	INFO	[jepsen worker 2] jepsen.util: 2	:invoke	:read	[0 nil]
2026-03-04 14:51:26,026{GMT}	INFO	[jepsen worker 2] jepsen.util: 2	:ok	:read	[0 4]
2026-03-04 14:51:26,092{GMT}	INFO	[jepsen worker 3] jepsen.util: 3	:invoke	:write	[0 2]
2026-03-04 14:51:26,097{GMT}	INFO	[jepsen worker 3] jepsen.util: 3	:ok	:write	[0 2]
2026-03-04 14:51:26,212{GMT}	INFO	[jepsen worker 0] jepsen.util: 0	:invoke	:read	[0 nil]
2026-03-04 14:51:26,217{GMT}	INFO	[jepsen worker 0] jepsen.util: 0	:ok	:read	[0 2]
2026-03-04 14:51:26,228{GMT}	INFO	[jepsen worker 5] jepsen.util: 5	:invoke	:write	[0 2]
2026-03-04 14:51:26,232{GMT}	INFO	[jepsen worker 5] jepsen.util: 5	:ok	:write	[0 2]
2026-03-04 14:51:26,300{GMT}	INFO	[jepsen worker 0] jepsen.util: 0	:invoke	:read	[0 nil]
2026-03-04 14:51:26,304{GMT}	INFO	[jepsen worker 0] jepsen.util: 0	:ok	:read	[0 2]
2026-03-04 14:51:26,379{GMT}	INFO	[jepsen worker 3] jepsen.util: 3	:invoke	:cas	[0 [3 2]]
2026-03-04 14:51:26,385{GMT}	INFO	[jepsen worker 3] jepsen.util: 3	:fail	:cas	[0 [3 2]]	[:precondition-failed "expected 3 but had 2"]
2026-03-04 14:51:26,429{GMT}	INFO	[jepsen worker 3] jepsen.util: 3	:invoke	:cas	[0 [0 1]]
2026-03-04 14:51:26,434{GMT}	INFO	[jepsen worker 3] jepsen.util: 3	:fail	:cas	[0 [0 1]]	[:precondition-failed "expected 0 but had 2"]
2026-03-04 14:51:26,571{GMT}	INFO	[jepsen worker 3] jepsen.util: 3	:invoke	:write	[0 1]
2026-03-04 14:51:26,575{GMT}	INFO	[jepsen worker 3] jepsen.util: 3	:ok	:write	[0 1]
2026-03-04 14:51:26,639{GMT}	INFO	[jepsen worker 3] jepsen.util: 3	:invoke	:cas	[0 [0 3]]
2026-03-04 14:51:26,642{GMT}	INFO	[jepsen worker 3] jepsen.util: 3	:fail	:cas	[0 [0 3]]	[:precondition-failed "expected 0 but had 1"]
2026-03-04 14:51:26,831{GMT}	INFO	[jepsen worker 0] jepsen.util: 0	:invoke	:read	[0 nil]
2026-03-04 14:51:26,835{GMT}	INFO	[jepsen worker 0] jepsen.util: 0	:ok	:read	[0 1]
2026-03-04 14:51:26,880{GMT}	INFO	[jepsen worker 5] jepsen.util: 5	:invoke	:write	[0 4]
2026-03-04 14:51:26,883{GMT}	INFO	[jepsen worker 5] jepsen.util: 5	:ok	:write	[0 4]
2026-03-04 14:51:27,071{GMT}	INFO	[jepsen worker 3] jepsen.util: 3	:invoke	:cas	[0 [1 1]]
2026-03-04 14:51:27,090{GMT}	INFO	[jepsen worker 3] jepsen.util: 3	:fail	:cas	[0 [1 1]]	[:precondition-failed "expected 1 but had 4"]
2026-03-04 14:51:27,202{GMT}	INFO	[jepsen worker 0] jepsen.util: 0	:invoke	:read	[0 nil]
2026-03-04 14:51:27,205{GMT}	INFO	[jepsen worker 0] jepsen.util: 0	:ok	:read	[0 4]
2026-03-04 14:51:27,278{GMT}	INFO	[jepsen worker 3] jepsen.util: 3	:invoke	:write	[0 2]
2026-03-04 14:51:27,281{GMT}	INFO	[jepsen worker 3] jepsen.util: 3	:ok	:write	[0 2]
2026-03-04 14:51:27,343{GMT}	INFO	[jepsen worker 2] jepsen.util: 2	:invoke	:read	[0 nil]
2026-03-04 14:51:27,346{GMT}	INFO	[jepsen worker 2] jepsen.util: 2	:ok	:read	[0 2]
2026-03-04 14:51:27,382{GMT}	INFO	[jepsen worker 0] jepsen.util: 0	:invoke	:read	[0 nil]
2026-03-04 14:51:27,386{GMT}	INFO	[jepsen worker 0] jepsen.util: 0	:ok	:read	[0 2]
2026-03-04 14:51:27,546{GMT}	INFO	[jepsen worker 4] jepsen.util: 4	:invoke	:cas	[0 [4 1]]
2026-03-04 14:51:27,552{GMT}	INFO	[jepsen worker 4] jepsen.util: 4	:fail	:cas	[0 [4 1]]	[:precondition-failed "expected 4 but had 2"]
2026-03-04 14:51:27,711{GMT}	INFO	[jepsen worker 0] jepsen.util: 0	:invoke	:read	[0 nil]
2026-03-04 14:51:27,715{GMT}	INFO	[jepsen worker 0] jepsen.util: 0	:ok	:read	[0 2]
2026-03-04 14:51:27,727{GMT}	INFO	[jepsen worker 0] jepsen.util: 0	:invoke	:read	[0 nil]
2026-03-04 14:51:27,731{GMT}	INFO	[jepsen worker 0] jepsen.util: 0	:ok	:read	[0 2]
2026-03-04 14:51:27,814{GMT}	INFO	[jepsen worker 3] jepsen.util: 3	:invoke	:write	[0 0]
2026-03-04 14:51:27,817{GMT}	INFO	[jepsen worker 3] jepsen.util: 3	:ok	:write	[0 0]
2026-03-04 14:51:27,840{GMT}	INFO	[jepsen worker 3] jepsen.util: 3	:invoke	:cas	[0 [1 1]]
2026-03-04 14:51:27,843{GMT}	INFO	[jepsen worker 3] jepsen.util: 3	:fail	:cas	[0 [1 1]]	[:precondition-failed "expected 1 but had 0"]
2026-03-04 14:51:28,034{GMT}	INFO	[jepsen worker 3] jepsen.util: 3	:invoke	:cas	[0 [1 1]]
2026-03-04 14:51:28,043{GMT}	INFO	[jepsen worker 3] jepsen.util: 3	:fail	:cas	[0 [1 1]]	[:precondition-failed "expected 1 but had 0"]
2026-03-04 14:51:28,071{GMT}	INFO	[jepsen worker 0] jepsen.util: 0	:invoke	:read	[0 nil]
2026-03-04 14:51:28,076{GMT}	INFO	[jepsen worker 0] jepsen.util: 0	:ok	:read	[0 0]
2026-03-04 14:51:28,148{GMT}	INFO	[jepsen worker 0] jepsen.util: 0	:invoke	:read	[0 nil]
2026-03-04 14:51:28,156{GMT}	INFO	[jepsen worker 0] jepsen.util: 0	:ok	:read	[0 0]
2026-03-04 14:51:28,198{GMT}	INFO	[jepsen worker 5] jepsen.util: 5	:invoke	:write	[0 2]
2026-03-04 14:51:28,204{GMT}	INFO	[jepsen worker 5] jepsen.util: 5	:ok	:write	[0 2]
2026-03-04 14:51:28,320{GMT}	INFO	[jepsen worker 3] jepsen.util: 3	:invoke	:write	[0 4]
2026-03-04 14:51:28,323{GMT}	INFO	[jepsen worker 3] jepsen.util: 3	:ok	:write	[0 4]
2026-03-04 14:51:28,327{GMT}	INFO	[jepsen worker 0] jepsen.util: 0	:invoke	:read	[0 nil]
2026-03-04 14:51:28,329{GMT}	INFO	[jepsen worker 0] jepsen.util: 0	:ok	:read	[0 4]
2026-03-04 14:51:28,329{GMT}	INFO	[jepsen worker 1] jepsen.util: 1	:invoke	:read	[0 nil]
2026-03-04 14:51:28,331{GMT}	INFO	[jepsen worker 1] jepsen.util: 1	:ok	:read	[0 4]
2026-03-04 14:51:28,440{GMT}	INFO	[jepsen worker 2] jepsen.util: 2	:invoke	:read	[0 nil]
2026-03-04 14:51:28,443{GMT}	INFO	[jepsen worker 2] jepsen.util: 2	:ok	:read	[0 4]
2026-03-04 14:51:28,553{GMT}	INFO	[jepsen worker 3] jepsen.util: 3	:invoke	:cas	[0 [0 3]]
2026-03-04 14:51:28,558{GMT}	INFO	[jepsen worker 3] jepsen.util: 3	:fail	:cas	[0 [0 3]]	[:precondition-failed "expected 0 but had 4"]
2026-03-04 14:51:28,620{GMT}	INFO	[jepsen worker 0] jepsen.util: 0	:invoke	:read	[0 nil]
2026-03-04 14:51:28,624{GMT}	INFO	[jepsen worker 0] jepsen.util: 0	:ok	:read	[0 4]
2026-03-04 14:51:28,714{GMT}	INFO	[jepsen worker 0] jepsen.util: 0	:invoke	:read	[0 nil]
2026-03-04 14:51:28,719{GMT}	INFO	[jepsen worker 0] jepsen.util: 0	:ok	:read	[0 4]
2026-03-04 14:51:28,806{GMT}	INFO	[jepsen worker 3] jepsen.util: 3	:invoke	:cas	[0 [4 2]]
2026-03-04 14:51:28,811{GMT}	INFO	[jepsen worker 3] jepsen.util: 3	:ok	:cas	[0 [4 2]]
2026-03-04 14:51:28,827{GMT}	INFO	[jepsen worker 3] jepsen.util: 3	:invoke	:write	[0 4]
2026-03-04 14:51:28,831{GMT}	INFO	[jepsen worker 3] jepsen.util: 3	:ok	:write	[0 4]
2026-03-04 14:51:28,950{GMT}	INFO	[jepsen worker 1] jepsen.util: 1	:invoke	:read	[0 nil]
2026-03-04 14:51:28,953{GMT}	INFO	[jepsen worker 1] jepsen.util: 1	:ok	:read	[0 4]
2026-03-04 14:51:29,045{GMT}	INFO	[jepsen worker 2] jepsen.util: 2	:invoke	:read	[0 nil]
2026-03-04 14:51:29,049{GMT}	INFO	[jepsen worker 2] jepsen.util: 2	:ok	:read	[0 4]
2026-03-04 14:51:29,159{GMT}	INFO	[jepsen worker 0] jepsen.util: 0	:invoke	:read	[0 nil]
2026-03-04 14:51:29,166{GMT}	INFO	[jepsen worker 0] jepsen.util: 0	:ok	:read	[0 4]
2026-03-04 14:51:29,333{GMT}	INFO	[jepsen worker 4] jepsen.util: 4	:invoke	:cas	[0 [4 0]]
2026-03-04 14:51:29,338{GMT}	INFO	[jepsen worker 4] jepsen.util: 4	:ok	:cas	[0 [4 0]]
2026-03-04 14:51:29,364{GMT}	INFO	[jepsen worker 0] jepsen.util: 0	:invoke	:read	[0 nil]
2026-03-04 14:51:29,368{GMT}	INFO	[jepsen worker 0] jepsen.util: 0	:ok	:read	[0 0]
2026-03-04 14:51:29,489{GMT}	INFO	[jepsen worker 3] jepsen.util: 3	:invoke	:cas	[0 [2 1]]
2026-03-04 14:51:29,491{GMT}	INFO	[jepsen worker 3] jepsen.util: 3	:fail	:cas	[0 [2 1]]	[:precondition-failed "expected 2 but had 0"]
2026-03-04 14:51:29,633{GMT}	INFO	[jepsen worker 0] jepsen.util: 0	:invoke	:read	[0 nil]
2026-03-04 14:51:29,637{GMT}	INFO	[jepsen worker 0] jepsen.util: 0	:ok	:read	[0 0]
2026-03-04 14:51:29,704{GMT}	INFO	[jepsen worker 3] jepsen.util: 3	:invoke	:write	[0 0]
2026-03-04 14:51:29,709{GMT}	INFO	[jepsen worker 3] jepsen.util: 3	:ok	:write	[0 0]
2026-03-04 14:51:29,836{GMT}	INFO	[jepsen worker 3] jepsen.util: 3	:invoke	:write	[0 1]
2026-03-04 14:51:29,842{GMT}	INFO	[jepsen worker 3] jepsen.util: 3	:ok	:write	[0 1]
2026-03-04 14:51:29,884{GMT}	INFO	[jepsen worker 0] jepsen.util: 0	:invoke	:read	[0 nil]
2026-03-04 14:51:29,889{GMT}	INFO	[jepsen worker 0] jepsen.util: 0	:ok	:read	[0 1]
2026-03-04 14:51:29,967{GMT}	INFO	[jepsen worker 4] jepsen.util: 4	:invoke	:cas	[0 [2 0]]
2026-03-04 14:51:29,971{GMT}	INFO	[jepsen worker 4] jepsen.util: 4	:fail	:cas	[0 [2 0]]	[:precondition-failed "expected 2 but had 1"]
2026-03-04 14:51:30,070{GMT}	INFO	[jepsen worker 5] jepsen.util: 5	:invoke	:write	[0 2]
2026-03-04 14:51:30,073{GMT}	INFO	[jepsen worker 5] jepsen.util: 5	:ok	:write	[0 2]
2026-03-04 14:51:30,244{GMT}	INFO	[jepsen worker 0] jepsen.util: 0	:invoke	:read	[0 nil]
2026-03-04 14:51:30,248{GMT}	INFO	[jepsen worker 0] jepsen.util: 0	:ok	:read	[0 2]
2026-03-04 14:51:30,278{GMT}	INFO	[jepsen worker 0] jepsen.util: 0	:invoke	:read	[0 nil]
2026-03-04 14:51:30,285{GMT}	INFO	[jepsen worker 0] jepsen.util: 0	:ok	:read	[0 2]
2026-03-04 14:51:30,460{GMT}	INFO	[jepsen worker 1] jepsen.util: 1	:invoke	:read	[0 nil]
2026-03-04 14:51:30,464{GMT}	INFO	[jepsen worker 1] jepsen.util: 1	:ok	:read	[0 2]
2026-03-04 14:51:30,553{GMT}	INFO	[jepsen worker 3] jepsen.util: 3	:invoke	:write	[0 4]
2026-03-04 14:51:30,556{GMT}	INFO	[jepsen worker 3] jepsen.util: 3	:ok	:write	[0 4]
2026-03-04 14:51:30,644{GMT}	INFO	[jepsen worker 0] jepsen.util: 0	:invoke	:read	[0 nil]
2026-03-04 14:51:30,646{GMT}	INFO	[jepsen worker 0] jepsen.util: 0	:ok	:read	[0 4]
2026-03-04 14:51:30,759{GMT}	INFO	[jepsen worker 0] jepsen.util: 0	:invoke	:read	[0 nil]
2026-03-04 14:51:30,763{GMT}	INFO	[jepsen worker 0] jepsen.util: 0	:ok	:read	[0 4]
2026-03-04 14:51:30,772{GMT}	INFO	[jepsen worker 0] jepsen.util: 0	:invoke	:read	[0 nil]
2026-03-04 14:51:30,774{GMT}	INFO	[jepsen worker 0] jepsen.util: 0	:ok	:read	[0 4]
2026-03-04 14:51:30,822{GMT}	INFO	[jepsen worker 3] jepsen.util: 3	:invoke	:write	[0 2]
2026-03-04 14:51:30,826{GMT}	INFO	[jepsen worker 3] jepsen.util: 3	:ok	:write	[0 2]
2026-03-04 14:51:30,994{GMT}	INFO	[jepsen worker 3] jepsen.util: 3	:invoke	:cas	[0 [0 3]]
2026-03-04 14:51:30,998{GMT}	INFO	[jepsen worker 3] jepsen.util: 3	:fail	:cas	[0 [0 3]]	[:precondition-failed "expected 0 but had 2"]
2026-03-04 14:51:31,104{GMT}	INFO	[jepsen worker 3] jepsen.util: 3	:invoke	:cas	[0 [3 3]]
2026-03-04 14:51:31,106{GMT}	INFO	[jepsen worker 3] jepsen.util: 3	:fail	:cas	[0 [3 3]]	[:precondition-failed "expected 3 but had 2"]
2026-03-04 14:51:31,227{GMT}	INFO	[jepsen worker 2] jepsen.util: 2	:invoke	:read	[0 nil]
2026-03-04 14:51:31,230{GMT}	INFO	[jepsen worker 2] jepsen.util: 2	:ok	:read	[0 2]
2026-03-04 14:51:31,354{GMT}	INFO	[jepsen worker 0] jepsen.util: 0	:invoke	:read	[0 nil]
2026-03-04 14:51:31,359{GMT}	INFO	[jepsen worker 0] jepsen.util: 0	:ok	:read	[0 2]
2026-03-04 14:51:31,395{GMT}	INFO	[jepsen worker 0] jepsen.util: 0	:invoke	:read	[0 nil]
2026-03-04 14:51:31,398{GMT}	INFO	[jepsen worker 0] jepsen.util: 0	:ok	:read	[0 2]
2026-03-04 14:51:31,454{GMT}	INFO	[jepsen worker 0] jepsen.util: 0	:invoke	:read	[0 nil]
2026-03-04 14:51:31,458{GMT}	INFO	[jepsen worker 0] jepsen.util: 0	:ok	:read	[0 2]
2026-03-04 14:51:31,531{GMT}	INFO	[jepsen worker 3] jepsen.util: 3	:invoke	:write	[0 3]
2026-03-04 14:51:31,536{GMT}	INFO	[jepsen worker 3] jepsen.util: 3	:ok	:write	[0 3]
2026-03-04 14:51:31,718{GMT}	INFO	[jepsen worker 3] jepsen.util: 3	:invoke	:cas	[0 [2 0]]
2026-03-04 14:51:31,721{GMT}	INFO	[jepsen worker 3] jepsen.util: 3	:fail	:cas	[0 [2 0]]	[:precondition-failed "expected 2 but had 3"]
2026-03-04 14:51:31,767{GMT}	INFO	[jepsen worker 1] jepsen.util: 1	:invoke	:read	[0 nil]
2026-03-04 14:51:31,770{GMT}	INFO	[jepsen worker 1] jepsen.util: 1	:ok	:read	[0 3]
2026-03-04 14:51:31,912{GMT}	INFO	[jepsen worker 2] jepsen.util: 2	:invoke	:read	[0 nil]
2026-03-04 14:51:31,917{GMT}	INFO	[jepsen worker 2] jepsen.util: 2	:ok	:read	[0 3]
2026-03-04 14:51:32,042{GMT}	INFO	[jepsen worker 3] jepsen.util: 3	:invoke	:cas	[0 [1 2]]
2026-03-04 14:51:32,047{GMT}	INFO	[jepsen worker 3] jepsen.util: 3	:fail	:cas	[0 [1 2]]	[:precondition-failed "expected 1 but had 3"]
2026-03-04 14:51:32,106{GMT}	INFO	[jepsen worker 0] jepsen.util: 0	:invoke	:read	[0 nil]
2026-03-04 14:51:32,111{GMT}	INFO	[jepsen worker 0] jepsen.util: 0	:ok	:read	[0 3]
2026-03-04 14:51:32,270{GMT}	INFO	[jepsen worker 5] jepsen.util: 5	:invoke	:write	[0 4]
2026-03-04 14:51:32,272{GMT}	INFO	[jepsen worker 5] jepsen.util: 5	:ok	:write	[0 4]
2026-03-04 14:51:32,303{GMT}	INFO	[jepsen worker 0] jepsen.util: 0	:invoke	:read	[0 nil]
2026-03-04 14:51:32,305{GMT}	INFO	[jepsen worker 0] jepsen.util: 0	:ok	:read	[0 4]
2026-03-04 14:51:32,471{GMT}	INFO	[jepsen worker 0] jepsen.util: 0	:invoke	:read	[0 nil]
2026-03-04 14:51:32,475{GMT}	INFO	[jepsen worker 0] jepsen.util: 0	:ok	:read	[0 4]
2026-03-04 14:51:32,645{GMT}	INFO	[jepsen worker 1] jepsen.util: 1	:invoke	:read	[0 nil]
2026-03-04 14:51:32,649{GMT}	INFO	[jepsen worker 1] jepsen.util: 1	:ok	:read	[0 4]
2026-03-04 14:51:32,767{GMT}	INFO	[jepsen worker 3] jepsen.util: 3	:invoke	:cas	[0 [1 1]]
2026-03-04 14:51:32,772{GMT}	INFO	[jepsen worker 3] jepsen.util: 3	:fail	:cas	[0 [1 1]]	[:precondition-failed "expected 1 but had 4"]
2026-03-04 14:51:32,906{GMT}	INFO	[jepsen worker 0] jepsen.util: 0	:invoke	:read	[0 nil]
2026-03-04 14:51:32,910{GMT}	INFO	[jepsen worker 0] jepsen.util: 0	:ok	:read	[0 4]
2026-03-04 14:51:32,935{GMT}	INFO	[jepsen worker 0] jepsen.util: 0	:invoke	:read	[0 nil]
2026-03-04 14:51:32,941{GMT}	INFO	[jepsen worker 0] jepsen.util: 0	:ok	:read	[0 4]
2026-03-04 14:51:33,019{GMT}	INFO	[jepsen worker 0] jepsen.util: 0	:invoke	:read	[0 nil]
2026-03-04 14:51:33,023{GMT}	INFO	[jepsen worker 0] jepsen.util: 0	:ok	:read	[0 4]
2026-03-04 14:51:33,195{GMT}	INFO	[jepsen worker 0] jepsen.util: 0	:invoke	:read	[0 nil]
2026-03-04 14:51:33,201{GMT}	INFO	[jepsen worker 0] jepsen.util: 0	:ok	:read	[0 4]
2026-03-04 14:51:33,236{GMT}	INFO	[jepsen worker 0] jepsen.util: 0	:invoke	:read	[0 nil]
2026-03-04 14:51:33,240{GMT}	INFO	[jepsen worker 0] jepsen.util: 0	:ok	:read	[0 4]
2026-03-04 14:51:33,321{GMT}	INFO	[jepsen worker 1] jepsen.util: 1	:invoke	:read	[0 nil]
2026-03-04 14:51:33,346{GMT}	INFO	[jepsen worker 1] jepsen.util: 1	:ok	:read	[0 4]
2026-03-04 14:51:33,474{GMT}	INFO	[jepsen worker 2] jepsen.util: 2	:invoke	:read	[0 nil]
2026-03-04 14:51:33,479{GMT}	INFO	[jepsen worker 2] jepsen.util: 2	:ok	:read	[0 4]
2026-03-04 14:51:33,490{GMT}	INFO	[jepsen worker 3] jepsen.util: 3	:invoke	:cas	[0 [0 1]]
2026-03-04 14:51:33,494{GMT}	INFO	[jepsen worker 3] jepsen.util: 3	:fail	:cas	[0 [0 1]]	[:precondition-failed "expected 0 but had 4"]
2026-03-04 14:51:33,686{GMT}	INFO	[jepsen worker 0] jepsen.util: 0	:invoke	:read	[0 nil]
2026-03-04 14:51:33,690{GMT}	INFO	[jepsen worker 0] jepsen.util: 0	:ok	:read	[0 4]
2026-03-04 14:51:33,771{GMT}	INFO	[jepsen worker 5] jepsen.util: 5	:invoke	:cas	[0 [4 1]]
2026-03-04 14:51:33,778{GMT}	INFO	[jepsen worker 5] jepsen.util: 5	:ok	:cas	[0 [4 1]]
2026-03-04 14:51:33,887{GMT}	INFO	[jepsen worker 0] jepsen.util: 0	:invoke	:read	[0 nil]
2026-03-04 14:51:33,892{GMT}	INFO	[jepsen worker 0] jepsen.util: 0	:ok	:read	[0 1]
2026-03-04 14:51:33,938{GMT}	INFO	[jepsen worker 0] jepsen.util: 0	:invoke	:read	[0 nil]
2026-03-04 14:51:33,942{GMT}	INFO	[jepsen worker 0] jepsen.util: 0	:ok	:read	[0 1]
2026-03-04 14:51:34,104{GMT}	INFO	[jepsen worker 1] jepsen.util: 1	:invoke	:read	[0 nil]
2026-03-04 14:51:34,109{GMT}	INFO	[jepsen worker 1] jepsen.util: 1	:ok	:read	[0 1]
2026-03-04 14:51:34,129{GMT}	INFO	[jepsen worker 2] jepsen.util: 2	:invoke	:read	[0 nil]
2026-03-04 14:51:34,135{GMT}	INFO	[jepsen worker 2] jepsen.util: 2	:ok	:read	[0 1]
2026-03-04 14:51:34,320{GMT}	INFO	[jepsen worker 0] jepsen.util: 0	:invoke	:read	[0 nil]
2026-03-04 14:51:34,327{GMT}	INFO	[jepsen worker 0] jepsen.util: 0	:ok	:read	[0 1]
2026-03-04 14:51:34,359{GMT}	INFO	[jepsen worker 4] jepsen.util: 4	:invoke	:cas	[0 [1 2]]
2026-03-04 14:51:34,360{GMT}	INFO	[jepsen worker 0] jepsen.util: 0	:invoke	:read	[0 nil]
2026-03-04 14:51:34,363{GMT}	INFO	[jepsen worker 0] jepsen.util: 0	:ok	:read	[0 1]
2026-03-04 14:51:34,365{GMT}	INFO	[jepsen worker 4] jepsen.util: 4	:ok	:cas	[0 [1 2]]
2026-03-04 14:51:34,456{GMT}	INFO	[jepsen worker 3] jepsen.util: 3	:invoke	:cas	[0 [4 1]]
2026-03-04 14:51:34,460{GMT}	INFO	[jepsen worker 3] jepsen.util: 3	:fail	:cas	[0 [4 1]]	[:precondition-failed "expected 4 but had 2"]
2026-03-04 14:51:34,469{GMT}	INFO	[jepsen worker 3] jepsen.util: 3	:invoke	:cas	[0 [0 3]]
2026-03-04 14:51:34,473{GMT}	INFO	[jepsen worker 3] jepsen.util: 3	:fail	:cas	[0 [0 3]]	[:precondition-failed "expected 0 but had 2"]
2026-03-04 14:51:34,536{GMT}	INFO	[jepsen worker 3] jepsen.util: 3	:invoke	:cas	[0 [2 1]]
2026-03-04 14:51:34,540{GMT}	INFO	[jepsen worker 3] jepsen.util: 3	:ok	:cas	[0 [2 1]]
2026-03-04 14:51:34,645{GMT}	INFO	[jepsen worker 3] jepsen.util: 3	:invoke	:write	[0 4]
2026-03-04 14:51:34,649{GMT}	INFO	[jepsen worker 3] jepsen.util: 3	:ok	:write	[0 4]
2026-03-04 14:51:34,697{GMT}	INFO	[jepsen worker 3] jepsen.util: 3	:invoke	:write	[0 3]
2026-03-04 14:51:34,701{GMT}	INFO	[jepsen worker 3] jepsen.util: 3	:ok	:write	[0 3]
2026-03-04 14:51:34,814{GMT}	INFO	[jepsen worker 0] jepsen.util: 0	:invoke	:read	[0 nil]
2026-03-04 14:51:34,818{GMT}	INFO	[jepsen worker 0] jepsen.util: 0	:ok	:read	[0 3]
2026-03-04 14:51:34,895{GMT}	INFO	[jepsen worker 5] jepsen.util: 5	:invoke	:write	[0 0]
2026-03-04 14:51:34,902{GMT}	INFO	[jepsen worker 5] jepsen.util: 5	:ok	:write	[0 0]
2026-03-04 14:51:35,036{GMT}	INFO	[jepsen worker 0] jepsen.util: 0	:invoke	:read	[0 nil]
2026-03-04 14:51:35,040{GMT}	INFO	[jepsen worker 0] jepsen.util: 0	:ok	:read	[0 0]
2026-03-04 14:51:35,078{GMT}	INFO	[jepsen worker 3] jepsen.util: 3	:invoke	:cas	[0 [4 2]]
2026-03-04 14:51:35,081{GMT}	INFO	[jepsen worker 3] jepsen.util: 3	:fail	:cas	[0 [4 2]]	[:precondition-failed "expected 4 but had 0"]
2026-03-04 14:51:35,189{GMT}	INFO	[jepsen worker 1] jepsen.util: 1	:invoke	:read	[0 nil]
2026-03-04 14:51:35,191{GMT}	INFO	[jepsen worker 1] jepsen.util: 1	:ok	:read	[0 0]
2026-03-04 14:51:35,303{GMT}	INFO	[jepsen worker 2] jepsen.util: 2	:invoke	:read	[0 nil]
2026-03-04 14:51:35,306{GMT}	INFO	[jepsen worker 2] jepsen.util: 2	:ok	:read	[0 0]
2026-03-04 14:51:35,501{GMT}	INFO	[jepsen worker 0] jepsen.util: 0	:invoke	:read	[0 nil]
2026-03-04 14:51:35,503{GMT}	INFO	[jepsen worker 0] jepsen.util: 0	:ok	:read	[0 0]
2026-03-04 14:51:35,510{GMT}	INFO	[jepsen worker 0] jepsen.util: 0	:invoke	:read	[0 nil]
2026-03-04 14:51:35,512{GMT}	INFO	[jepsen worker 0] jepsen.util: 0	:ok	:read	[0 0]
2026-03-04 14:51:35,667{GMT}	INFO	[jepsen worker 5] jepsen.util: 5	:invoke	:cas	[0 [1 0]]
2026-03-04 14:51:35,669{GMT}	INFO	[jepsen worker 5] jepsen.util: 5	:fail	:cas	[0 [1 0]]	[:precondition-failed "expected 1 but had 0"]
2026-03-04 14:51:35,839{GMT}	INFO	[jepsen worker 3] jepsen.util: 3	:invoke	:write	[0 2]
2026-03-04 14:51:35,842{GMT}	INFO	[jepsen worker 3] jepsen.util: 3	:ok	:write	[0 2]
2026-03-04 14:51:35,897{GMT}	INFO	[jepsen worker 3] jepsen.util: 3	:invoke	:cas	[0 [3 1]]
2026-03-04 14:51:35,899{GMT}	INFO	[jepsen worker 3] jepsen.util: 3	:fail	:cas	[0 [3 1]]	[:precondition-failed "expected 3 but had 2"]
2026-03-04 14:51:36,072{GMT}	INFO	[jepsen worker 3] jepsen.util: 3	:invoke	:cas	[0 [1 4]]
2026-03-04 14:51:36,076{GMT}	INFO	[jepsen worker 3] jepsen.util: 3	:fail	:cas	[0 [1 4]]	[:precondition-failed "expected 1 but had 2"]
2026-03-04 14:51:36,138{GMT}	INFO	[jepsen worker 3] jepsen.util: 3	:invoke	:write	[0 2]
2026-03-04 14:51:36,140{GMT}	INFO	[jepsen worker 3] jepsen.util: 3	:ok	:write	[0 2]
2026-03-04 14:51:36,287{GMT}	INFO	[jepsen worker 0] jepsen.util: 0	:invoke	:read	[0 nil]
2026-03-04 14:51:36,290{GMT}	INFO	[jepsen worker 0] jepsen.util: 0	:ok	:read	[0 2]
2026-03-04 14:51:36,337{GMT}	INFO	[jepsen worker 0] jepsen.util: 0	:invoke	:read	[0 nil]
2026-03-04 14:51:36,340{GMT}	INFO	[jepsen worker 0] jepsen.util: 0	:ok	:read	[0 2]
2026-03-04 14:51:36,440{GMT}	INFO	[jepsen worker 5] jepsen.util: 5	:invoke	:write	[0 0]
2026-03-04 14:51:36,445{GMT}	INFO	[jepsen worker 5] jepsen.util: 5	:ok	:write	[0 0]
2026-03-04 14:51:36,504{GMT}	INFO	[jepsen worker 3] jepsen.util: 3	:invoke	:cas	[0 [0 2]]
2026-03-04 14:51:36,507{GMT}	INFO	[jepsen worker 3] jepsen.util: 3	:ok	:cas	[0 [0 2]]
2026-03-04 14:51:36,576{GMT}	INFO	[jepsen worker 0] jepsen.util: 0	:invoke	:read	[0 nil]
2026-03-04 14:51:36,578{GMT}	INFO	[jepsen worker 0] jepsen.util: 0	:ok	:read	[0 2]
2026-03-04 14:51:36,663{GMT}	INFO	[jepsen worker 1] jepsen.util: 1	:invoke	:read	[0 nil]
2026-03-04 14:51:36,665{GMT}	INFO	[jepsen worker 1] jepsen.util: 1	:ok	:read	[0 2]
2026-03-04 14:51:36,736{GMT}	INFO	[jepsen worker 3] jepsen.util: 3	:invoke	:cas	[0 [4 4]]
2026-03-04 14:51:36,741{GMT}	INFO	[jepsen worker 3] jepsen.util: 3	:fail	:cas	[0 [4 4]]	[:precondition-failed "expected 4 but had 2"]
2026-03-04 14:51:36,844{GMT}	INFO	[jepsen worker 0] jepsen.util: 0	:invoke	:read	[0 nil]
2026-03-04 14:51:36,850{GMT}	INFO	[jepsen worker 0] jepsen.util: 0	:ok	:read	[0 2]
2026-03-04 14:51:37,015{GMT}	INFO	[jepsen worker 0] jepsen.util: 0	:invoke	:read	[0 nil]
2026-03-04 14:51:37,018{GMT}	INFO	[jepsen worker 0] jepsen.util: 0	:ok	:read	[0 2]
2026-03-04 14:51:37,177{GMT}	INFO	[jepsen worker 0] jepsen.util: 0	:invoke	:read	[0 nil]
2026-03-04 14:51:37,183{GMT}	INFO	[jepsen worker 0] jepsen.util: 0	:ok	:read	[0 2]
2026-03-04 14:51:37,291{GMT}	INFO	[jepsen worker 0] jepsen.util: 0	:invoke	:read	[0 nil]
2026-03-04 14:51:37,295{GMT}	INFO	[jepsen worker 0] jepsen.util: 0	:ok	:read	[0 2]
2026-03-04 14:51:37,481{GMT}	INFO	[jepsen worker 3] jepsen.util: 3	:invoke	:write	[0 2]
2026-03-04 14:51:37,485{GMT}	INFO	[jepsen worker 3] jepsen.util: 3	:ok	:write	[0 2]
2026-03-04 14:51:37,574{GMT}	INFO	[jepsen worker 3] jepsen.util: 3	:invoke	:write	[0 4]
2026-03-04 14:51:37,578{GMT}	INFO	[jepsen worker 3] jepsen.util: 3	:ok	:write	[0 4]
2026-03-04 14:51:37,638{GMT}	INFO	[jepsen worker 3] jepsen.util: 3	:invoke	:cas	[0 [4 2]]
2026-03-04 14:51:37,643{GMT}	INFO	[jepsen worker 3] jepsen.util: 3	:ok	:cas	[0 [4 2]]
2026-03-04 14:51:37,795{GMT}	INFO	[jepsen worker 0] jepsen.util: 0	:invoke	:read	[0 nil]
2026-03-04 14:51:37,799{GMT}	INFO	[jepsen worker 0] jepsen.util: 0	:ok	:read	[0 2]
2026-03-04 14:51:37,915{GMT}	INFO	[jepsen worker 4] jepsen.util: 4	:invoke	:cas	[0 [3 3]]
2026-03-04 14:51:37,920{GMT}	INFO	[jepsen worker 4] jepsen.util: 4	:fail	:cas	[0 [3 3]]	[:precondition-failed "expected 3 but had 2"]
2026-03-04 14:51:37,970{GMT}	INFO	[jepsen worker 0] jepsen.util: 0	:invoke	:read	[0 nil]
2026-03-04 14:51:37,972{GMT}	INFO	[jepsen worker 0] jepsen.util: 0	:ok	:read	[0 2]
2026-03-04 14:51:38,027{GMT}	INFO	[jepsen worker 3] jepsen.util: 3	:invoke	:cas	[0 [1 1]]
2026-03-04 14:51:38,031{GMT}	INFO	[jepsen worker 3] jepsen.util: 3	:fail	:cas	[0 [1 1]]	[:precondition-failed "expected 1 but had 2"]
2026-03-04 14:51:38,149{GMT}	INFO	[jepsen worker 3] jepsen.util: 3	:invoke	:write	[0 1]
2026-03-04 14:51:38,157{GMT}	INFO	[jepsen worker 3] jepsen.util: 3	:ok	:write	[0 1]
2026-03-04 14:51:38,305{GMT}	INFO	[jepsen worker 3] jepsen.util: 3	:invoke	:cas	[0 [3 0]]
2026-03-04 14:51:38,310{GMT}	INFO	[jepsen worker 3] jepsen.util: 3	:fail	:cas	[0 [3 0]]	[:precondition-failed "expected 3 but had 1"]
2026-03-04 14:51:38,479{GMT}	INFO	[jepsen worker 3] jepsen.util: 3	:invoke	:cas	[0 [1 0]]
2026-03-04 14:51:38,485{GMT}	INFO	[jepsen worker 3] jepsen.util: 3	:ok	:cas	[0 [1 0]]
2026-03-04 14:51:38,514{GMT}	INFO	[jepsen worker 0] jepsen.util: 0	:invoke	:read	[0 nil]
2026-03-04 14:51:38,517{GMT}	INFO	[jepsen worker 0] jepsen.util: 0	:ok	:read	[0 0]
2026-03-04 14:51:38,704{GMT}	INFO	[jepsen worker 0] jepsen.util: 0	:invoke	:read	[0 nil]
2026-03-04 14:51:38,708{GMT}	INFO	[jepsen worker 0] jepsen.util: 0	:ok	:read	[0 0]
2026-03-04 14:51:38,888{GMT}	INFO	[jepsen worker 0] jepsen.util: 0	:invoke	:read	[0 nil]
2026-03-04 14:51:38,890{GMT}	INFO	[jepsen worker 0] jepsen.util: 0	:ok	:read	[0 0]
2026-03-04 14:51:38,970{GMT}	INFO	[jepsen worker 0] jepsen.util: 0	:invoke	:read	[0 nil]
2026-03-04 14:51:38,985{GMT}	INFO	[jepsen worker 0] jepsen.util: 0	:ok	:read	[0 0]
2026-03-04 14:51:39,131{GMT}	INFO	[jepsen worker 0] jepsen.util: 0	:invoke	:read	[0 nil]
2026-03-04 14:51:39,133{GMT}	INFO	[jepsen worker 0] jepsen.util: 0	:ok	:read	[0 0]
2026-03-04 14:51:39,288{GMT}	INFO	[jepsen worker 1] jepsen.util: 1	:invoke	:read	[0 nil]
2026-03-04 14:51:39,292{GMT}	INFO	[jepsen worker 1] jepsen.util: 1	:ok	:read	[0 0]
2026-03-04 14:51:39,324{GMT}	INFO	[jepsen worker 3] jepsen.util: 3	:invoke	:cas	[0 [0 4]]
2026-03-04 14:51:39,329{GMT}	INFO	[jepsen worker 3] jepsen.util: 3	:ok	:cas	[0 [0 4]]
2026-03-04 14:51:39,397{GMT}	INFO	[jepsen worker 3] jepsen.util: 3	:invoke	:cas	[0 [1 3]]
2026-03-04 14:51:39,401{GMT}	INFO	[jepsen worker 3] jepsen.util: 3	:fail	:cas	[0 [1 3]]	[:precondition-failed "expected 1 but had 4"]
2026-03-04 14:51:39,517{GMT}	INFO	[jepsen worker 4] jepsen.util: 4	:invoke	:cas	[0 [3 3]]
2026-03-04 14:51:39,519{GMT}	INFO	[jepsen worker 4] jepsen.util: 4	:fail	:cas	[0 [3 3]]	[:precondition-failed "expected 3 but had 4"]
2026-03-04 14:51:39,619{GMT}	INFO	[jepsen worker 0] jepsen.util: 0	:invoke	:read	[0 nil]
2026-03-04 14:51:39,621{GMT}	INFO	[jepsen worker 0] jepsen.util: 0	:ok	:read	[0 4]
2026-03-04 14:51:39,713{GMT}	INFO	[jepsen worker 3] jepsen.util: 3	:invoke	:cas	[0 [3 1]]
2026-03-04 14:51:39,717{GMT}	INFO	[jepsen worker 3] jepsen.util: 3	:fail	:cas	[0 [3 1]]	[:precondition-failed "expected 3 but had 4"]
2026-03-04 14:51:39,819{GMT}	INFO	[jepsen worker 0] jepsen.util: 0	:invoke	:read	[0 nil]
2026-03-04 14:51:39,825{GMT}	INFO	[jepsen worker 0] jepsen.util: 0	:ok	:read	[0 4]
2026-03-04 14:51:39,875{GMT}	INFO	[jepsen worker 3] jepsen.util: 3	:invoke	:cas	[0 [3 4]]
2026-03-04 14:51:39,879{GMT}	INFO	[jepsen worker 3] jepsen.util: 3	:fail	:cas	[0 [3 4]]	[:precondition-failed "expected 3 but had 4"]
2026-03-04 14:51:40,074{GMT}	INFO	[jepsen worker 2] jepsen.util: 2	:invoke	:read	[0 nil]
2026-03-04 14:51:40,084{GMT}	INFO	[jepsen worker 2] jepsen.util: 2	:ok	:read	[0 4]
2026-03-04 14:51:40,104{GMT}	INFO	[jepsen worker 3] jepsen.util: 3	:invoke	:cas	[0 [1 0]]
2026-03-04 14:51:40,109{GMT}	INFO	[jepsen worker 3] jepsen.util: 3	:fail	:cas	[0 [1 0]]	[:precondition-failed "expected 1 but had 4"]
2026-03-04 14:51:40,199{GMT}	INFO	[jepsen worker 4] jepsen.util: 4	:invoke	:cas	[0 [4 1]]
2026-03-04 14:51:40,208{GMT}	INFO	[jepsen worker 4] jepsen.util: 4	:ok	:cas	[0 [4 1]]
2026-03-04 14:51:40,325{GMT}	INFO	[jepsen worker 5] jepsen.util: 5	:invoke	:cas	[0 [1 2]]
2026-03-04 14:51:40,335{GMT}	INFO	[jepsen worker 5] jepsen.util: 5	:ok	:cas	[0 [1 2]]
2026-03-04 14:51:40,477{GMT}	INFO	[jepsen worker 0] jepsen.util: 0	:invoke	:read	[0 nil]
2026-03-04 14:51:40,503{GMT}	INFO	[jepsen worker 0] jepsen.util: 0	:ok	:read	[0 2]
2026-03-04 14:51:40,615{GMT}	INFO	[jepsen worker 3] jepsen.util: 3	:invoke	:cas	[0 [1 3]]
2026-03-04 14:51:40,618{GMT}	INFO	[jepsen worker 3] jepsen.util: 3	:fail	:cas	[0 [1 3]]	[:precondition-failed "expected 1 but had 2"]
2026-03-04 14:51:40,720{GMT}	INFO	[jepsen worker 3] jepsen.util: 3	:invoke	:cas	[0 [0 1]]
2026-03-04 14:51:40,724{GMT}	INFO	[jepsen worker 3] jepsen.util: 3	:fail	:cas	[0 [0 1]]	[:precondition-failed "expected 0 but had 2"]
2026-03-04 14:51:40,737{GMT}	INFO	[jepsen worker 2] jepsen.util: 2	:invoke	:read	[0 nil]
2026-03-04 14:51:40,742{GMT}	INFO	[jepsen worker 2] jepsen.util: 2	:ok	:read	[0 2]
2026-03-04 14:51:40,801{GMT}	INFO	[jepsen worker 0] jepsen.util: 0	:invoke	:read	[0 nil]
2026-03-04 14:51:40,805{GMT}	INFO	[jepsen worker 0] jepsen.util: 0	:ok	:read	[0 2]
2026-03-04 14:51:40,903{GMT}	INFO	[jepsen worker 4] jepsen.util: 4	:invoke	:write	[0 2]
2026-03-04 14:51:40,907{GMT}	INFO	[jepsen worker 4] jepsen.util: 4	:ok	:write	[0 2]
2026-03-04 14:51:40,982{GMT}	INFO	[jepsen worker 0] jepsen.util: 0	:invoke	:read	[0 nil]
2026-03-04 14:51:40,986{GMT}	INFO	[jepsen worker 0] jepsen.util: 0	:ok	:read	[0 2]
2026-03-04 14:51:41,069{GMT}	INFO	[jepsen worker 3] jepsen.util: 3	:invoke	:write	[0 2]
2026-03-04 14:51:41,073{GMT}	INFO	[jepsen worker 3] jepsen.util: 3	:ok	:write	[0 2]
2026-03-04 14:51:41,131{GMT}	INFO	[jepsen worker 3] jepsen.util: 3	:invoke	:write	[0 1]
2026-03-04 14:51:41,135{GMT}	INFO	[jepsen worker 3] jepsen.util: 3	:ok	:write	[0 1]
2026-03-04 14:51:41,172{GMT}	INFO	[jepsen worker 3] jepsen.util: 3	:invoke	:cas	[0 [2 2]]
2026-03-04 14:51:41,175{GMT}	INFO	[jepsen worker 3] jepsen.util: 3	:fail	:cas	[0 [2 2]]	[:precondition-failed "expected 2 but had 1"]
2026-03-04 14:51:41,327{GMT}	INFO	[jepsen worker 3] jepsen.util: 3	:invoke	:write	[0 0]
2026-03-04 14:51:41,335{GMT}	INFO	[jepsen worker 3] jepsen.util: 3	:ok	:write	[0 0]
2026-03-04 14:51:41,488{GMT}	INFO	[jepsen worker 0] jepsen.util: 0	:invoke	:read	[0 nil]
2026-03-04 14:51:41,493{GMT}	INFO	[jepsen worker 0] jepsen.util: 0	:ok	:read	[0 0]
2026-03-04 14:51:41,610{GMT}	INFO	[jepsen worker 4] jepsen.util: 4	:invoke	:cas	[0 [0 3]]
2026-03-04 14:51:41,619{GMT}	INFO	[jepsen worker 4] jepsen.util: 4	:ok	:cas	[0 [0 3]]
2026-03-04 14:51:41,670{GMT}	INFO	[jepsen worker 0] jepsen.util: 0	:invoke	:read	[0 nil]
2026-03-04 14:51:41,674{GMT}	INFO	[jepsen worker 0] jepsen.util: 0	:ok	:read	[0 3]
2026-03-04 14:51:41,826{GMT}	INFO	[jepsen worker 3] jepsen.util: 3	:invoke	:write	[0 2]
2026-03-04 14:51:41,830{GMT}	INFO	[jepsen worker 3] jepsen.util: 3	:ok	:write	[0 2]
2026-03-04 14:51:41,878{GMT}	INFO	[jepsen worker 0] jepsen.util: 0	:invoke	:read	[0 nil]
2026-03-04 14:51:41,880{GMT}	INFO	[jepsen worker 0] jepsen.util: 0	:ok	:read	[0 2]
2026-03-04 14:51:41,987{GMT}	INFO	[jepsen worker 3] jepsen.util: 3	:invoke	:cas	[0 [4 3]]
2026-03-04 14:51:41,994{GMT}	INFO	[jepsen worker 3] jepsen.util: 3	:fail	:cas	[0 [4 3]]	[:precondition-failed "expected 4 but had 2"]
2026-03-04 14:51:42,011{GMT}	INFO	[jepsen worker 2] jepsen.util: 2	:invoke	:read	[0 nil]
2026-03-04 14:51:42,014{GMT}	INFO	[jepsen worker 2] jepsen.util: 2	:ok	:read	[0 2]
2026-03-04 14:51:42,161{GMT}	INFO	[jepsen worker 0] jepsen.util: 0	:invoke	:read	[0 nil]
2026-03-04 14:51:42,163{GMT}	INFO	[jepsen worker 0] jepsen.util: 0	:ok	:read	[0 2]
2026-03-04 14:51:42,275{GMT}	INFO	[jepsen worker 0] jepsen.util: 0	:invoke	:read	[0 nil]
2026-03-04 14:51:42,280{GMT}	INFO	[jepsen worker 5] jepsen.util: 5	:invoke	:cas	[0 [4 2]]
2026-03-04 14:51:42,280{GMT}	INFO	[jepsen worker 0] jepsen.util: 0	:ok	:read	[0 2]
2026-03-04 14:51:42,283{GMT}	INFO	[jepsen worker 5] jepsen.util: 5	:fail	:cas	[0 [4 2]]	[:precondition-failed "expected 4 but had 2"]
2026-03-04 14:51:42,360{GMT}	INFO	[jepsen worker 3] jepsen.util: 3	:invoke	:cas	[0 [1 3]]
2026-03-04 14:51:42,363{GMT}	INFO	[jepsen worker 3] jepsen.util: 3	:fail	:cas	[0 [1 3]]	[:precondition-failed "expected 1 but had 2"]
2026-03-04 14:51:42,431{GMT}	INFO	[jepsen worker 0] jepsen.util: 0	:invoke	:read	[0 nil]
2026-03-04 14:51:42,434{GMT}	INFO	[jepsen worker 0] jepsen.util: 0	:ok	:read	[0 2]
2026-03-04 14:51:42,515{GMT}	INFO	[jepsen worker 1] jepsen.util: 1	:invoke	:read	[0 nil]
2026-03-04 14:51:42,520{GMT}	INFO	[jepsen worker 1] jepsen.util: 1	:ok	:read	[0 2]
2026-03-04 14:51:42,678{GMT}	INFO	[jepsen worker 3] jepsen.util: 3	:invoke	:write	[0 3]
2026-03-04 14:51:42,683{GMT}	INFO	[jepsen worker 3] jepsen.util: 3	:ok	:write	[0 3]
2026-03-04 14:51:42,870{GMT}	INFO	[jepsen worker 3] jepsen.util: 3	:invoke	:cas	[0 [2 0]]
2026-03-04 14:51:42,874{GMT}	INFO	[jepsen worker 3] jepsen.util: 3	:fail	:cas	[0 [2 0]]	[:precondition-failed "expected 2 but had 3"]
2026-03-04 14:51:43,063{GMT}	INFO	[jepsen worker 4] jepsen.util: 4	:invoke	:write	[0 3]
2026-03-04 14:51:43,068{GMT}	INFO	[jepsen worker 4] jepsen.util: 4	:ok	:write	[0 3]
2026-03-04 14:51:43,181{GMT}	INFO	[jepsen worker 5] jepsen.util: 5	:invoke	:write	[0 1]
2026-03-04 14:51:43,189{GMT}	INFO	[jepsen worker 5] jepsen.util: 5	:ok	:write	[0 1]
2026-03-04 14:51:43,203{GMT}	INFO	[jepsen worker 3] jepsen.util: 3	:invoke	:cas	[0 [1 4]]
2026-03-04 14:51:43,210{GMT}	INFO	[jepsen worker 3] jepsen.util: 3	:ok	:cas	[0 [1 4]]
2026-03-04 14:51:43,268{GMT}	INFO	[jepsen worker 0] jepsen.util: 0	:invoke	:read	[0 nil]
2026-03-04 14:51:43,271{GMT}	INFO	[jepsen worker 0] jepsen.util: 0	:ok	:read	[0 4]
2026-03-04 14:51:43,304{GMT}	INFO	[jepsen worker 3] jepsen.util: 3	:invoke	:cas	[0 [1 0]]
2026-03-04 14:51:43,307{GMT}	INFO	[jepsen worker 3] jepsen.util: 3	:fail	:cas	[0 [1 0]]	[:precondition-failed "expected 1 but had 4"]
2026-03-04 14:51:43,482{GMT}	INFO	[jepsen worker 2] jepsen.util: 2	:invoke	:read	[0 nil]
2026-03-04 14:51:43,491{GMT}	INFO	[jepsen worker 2] jepsen.util: 2	:ok	:read	[0 4]
2026-03-04 14:51:43,637{GMT}	INFO	[jepsen worker 0] jepsen.util: 0	:invoke	:read	[0 nil]
2026-03-04 14:51:43,641{GMT}	INFO	[jepsen worker 0] jepsen.util: 0	:ok	:read	[0 4]
2026-03-04 14:51:43,796{GMT}	INFO	[jepsen worker 0] jepsen.util: 0	:invoke	:read	[0 nil]
2026-03-04 14:51:43,809{GMT}	INFO	[jepsen worker 0] jepsen.util: 0	:ok	:read	[0 4]
2026-03-04 14:51:43,876{GMT}	INFO	[jepsen worker 5] jepsen.util: 5	:invoke	:cas	[0 [3 1]]
2026-03-04 14:51:43,887{GMT}	INFO	[jepsen worker 5] jepsen.util: 5	:fail	:cas	[0 [3 1]]	[:precondition-failed "expected 3 but had 4"]
2026-03-04 14:51:43,924{GMT}	INFO	[jepsen worker 3] jepsen.util: 3	:invoke	:cas	[0 [0 1]]
2026-03-04 14:51:43,946{GMT}	INFO	[jepsen worker 3] jepsen.util: 3	:fail	:cas	[0 [0 1]]	[:precondition-failed "expected 0 but had 4"]
2026-03-04 14:51:44,070{GMT}	INFO	[jepsen worker 0] jepsen.util: 0	:invoke	:read	[0 nil]
2026-03-04 14:51:44,074{GMT}	INFO	[jepsen worker 0] jepsen.util: 0	:ok	:read	[0 4]
2026-03-04 14:51:44,159{GMT}	INFO	[jepsen worker 1] jepsen.util: 1	:invoke	:read	[0 nil]
2026-03-04 14:51:44,165{GMT}	INFO	[jepsen worker 1] jepsen.util: 1	:ok	:read	[0 4]
2026-03-04 14:51:44,284{GMT}	INFO	[jepsen worker 3] jepsen.util: 3	:invoke	:cas	[0 [2 2]]
2026-03-04 14:51:44,369{GMT}	INFO	[jepsen worker 3] jepsen.util: 3	:fail	:cas	[0 [2 2]]	[:precondition-failed "expected 2 but had 4"]
2026-03-04 14:51:44,395{GMT}	INFO	[jepsen worker 0] jepsen.util: 0	:invoke	:read	[0 nil]
2026-03-04 14:51:44,407{GMT}	INFO	[jepsen worker 0] jepsen.util: 0	:ok	:read	[0 4]
2026-03-04 14:51:44,432{GMT}	INFO	[jepsen worker 0] jepsen.util: 0	:invoke	:read	[0 nil]
2026-03-04 14:51:44,453{GMT}	INFO	[jepsen worker 0] jepsen.util: 0	:ok	:read	[0 4]
2026-03-04 14:51:44,529{GMT}	INFO	[jepsen worker 5] jepsen.util: 5	:invoke	:cas	[0 [4 0]]
2026-03-04 14:51:44,534{GMT}	INFO	[jepsen worker 5] jepsen.util: 5	:ok	:cas	[0 [4 0]]
2026-03-04 14:51:44,618{GMT}	INFO	[jepsen worker 3] jepsen.util: 3	:invoke	:write	[0 1]
2026-03-04 14:51:44,633{GMT}	INFO	[jepsen worker 3] jepsen.util: 3	:ok	:write	[0 1]
2026-03-04 14:51:44,742{GMT}	INFO	[jepsen worker 3] jepsen.util: 3	:invoke	:write	[0 0]
2026-03-04 14:51:44,746{GMT}	INFO	[jepsen worker 3] jepsen.util: 3	:ok	:write	[0 0]
2026-03-04 14:51:44,831{GMT}	INFO	[jepsen worker 3] jepsen.util: 3	:invoke	:write	[0 0]
2026-03-04 14:51:44,841{GMT}	INFO	[jepsen worker 3] jepsen.util: 3	:ok	:write	[0 0]
2026-03-04 14:51:44,888{GMT}	INFO	[jepsen worker 2] jepsen.util: 2	:invoke	:read	[0 nil]
2026-03-04 14:51:44,890{GMT}	INFO	[jepsen worker 2] jepsen.util: 2	:ok	:read	[0 0]
2026-03-04 14:51:44,921{GMT}	INFO	[jepsen worker 3] jepsen.util: 3	:invoke	:cas	[0 [4 1]]
2026-03-04 14:51:44,925{GMT}	INFO	[jepsen worker 3] jepsen.util: 3	:fail	:cas	[0 [4 1]]	[:precondition-failed "expected 4 but had 0"]
2026-03-04 14:51:45,051{GMT}	INFO	[jepsen worker 0] jepsen.util: 0	:invoke	:read	[0 nil]
2026-03-04 14:51:45,053{GMT}	INFO	[jepsen worker 0] jepsen.util: 0	:ok	:read	[0 0]
2026-03-04 14:51:45,194{GMT}	INFO	[jepsen worker 5] jepsen.util: 5	:invoke	:cas	[0 [3 2]]
2026-03-04 14:51:45,196{GMT}	INFO	[jepsen worker 5] jepsen.util: 5	:fail	:cas	[0 [3 2]]	[:precondition-failed "expected 3 but had 0"]
2026-03-04 14:51:45,255{GMT}	INFO	[jepsen worker 3] jepsen.util: 3	:invoke	:cas	[0 [2 3]]
2026-03-04 14:51:45,258{GMT}	INFO	[jepsen worker 3] jepsen.util: 3	:fail	:cas	[0 [2 3]]	[:precondition-failed "expected 2 but had 0"]
2026-03-04 14:51:45,397{GMT}	INFO	[jepsen worker 0] jepsen.util: 0	:invoke	:read	[0 nil]
2026-03-04 14:51:45,400{GMT}	INFO	[jepsen worker 0] jepsen.util: 0	:ok	:read	[0 0]
2026-03-04 14:51:45,545{GMT}	INFO	[jepsen worker 3] jepsen.util: 3	:invoke	:write	[0 2]
2026-03-04 14:51:45,549{GMT}	INFO	[jepsen worker 3] jepsen.util: 3	:ok	:write	[0 2]
2026-03-04 14:51:45,606{GMT}	INFO	[jepsen worker 3] jepsen.util: 3	:invoke	:write	[0 4]
2026-03-04 14:51:45,608{GMT}	INFO	[jepsen worker 3] jepsen.util: 3	:ok	:write	[0 4]
2026-03-04 14:51:45,783{GMT}	INFO	[jepsen worker 3] jepsen.util: 3	:invoke	:cas	[0 [0 4]]
2026-03-04 14:51:45,784{GMT}	INFO	[jepsen worker 4] jepsen.util: 4	:invoke	:cas	[0 [2 2]]
2026-03-04 14:51:45,793{GMT}	INFO	[jepsen worker 3] jepsen.util: 3	:fail	:cas	[0 [0 4]]	[:precondition-failed "expected 0 but had 4"]
2026-03-04 14:51:45,795{GMT}	INFO	[jepsen worker 4] jepsen.util: 4	:fail	:cas	[0 [2 2]]	[:precondition-failed "expected 2 but had 4"]
2026-03-04 14:51:45,936{GMT}	INFO	[jepsen worker 0] jepsen.util: 0	:invoke	:read	[0 nil]
2026-03-04 14:51:45,940{GMT}	INFO	[jepsen worker 0] jepsen.util: 0	:ok	:read	[0 4]
2026-03-04 14:51:46,024{GMT}	INFO	[jepsen worker 3] jepsen.util: 3	:invoke	:cas	[0 [1 2]]
2026-03-04 14:51:46,026{GMT}	INFO	[jepsen worker 4] jepsen.util: 4	:invoke	:cas	[0 [3 1]]
2026-03-04 14:51:46,028{GMT}	INFO	[jepsen worker 3] jepsen.util: 3	:fail	:cas	[0 [1 2]]	[:precondition-failed "expected 1 but had 4"]
2026-03-04 14:51:46,030{GMT}	INFO	[jepsen worker 4] jepsen.util: 4	:fail	:cas	[0 [3 1]]	[:precondition-failed "expected 3 but had 4"]
2026-03-04 14:51:46,038{GMT}	INFO	[jepsen worker 1] jepsen.util: 1	:invoke	:read	[0 nil]
2026-03-04 14:51:46,041{GMT}	INFO	[jepsen worker 1] jepsen.util: 1	:ok	:read	[0 4]
2026-03-04 14:51:46,211{GMT}	INFO	[jepsen worker 3] jepsen.util: 3	:invoke	:cas	[0 [1 1]]
2026-03-04 14:51:46,215{GMT}	INFO	[jepsen worker 3] jepsen.util: 3	:fail	:cas	[0 [1 1]]	[:precondition-failed "expected 1 but had 4"]
2026-03-04 14:51:46,322{GMT}	INFO	[jepsen worker 3] jepsen.util: 3	:invoke	:write	[0 1]
2026-03-04 14:51:46,325{GMT}	INFO	[jepsen worker 3] jepsen.util: 3	:ok	:write	[0 1]
2026-03-04 14:51:46,354{GMT}	INFO	[jepsen worker 4] jepsen.util: 4	:invoke	:cas	[0 [3 4]]
2026-03-04 14:51:46,356{GMT}	INFO	[jepsen worker 4] jepsen.util: 4	:fail	:cas	[0 [3 4]]	[:precondition-failed "expected 3 but had 1"]
2026-03-04 14:51:46,437{GMT}	INFO	[jepsen worker 5] jepsen.util: 5	:invoke	:cas	[0 [3 0]]
2026-03-04 14:51:46,441{GMT}	INFO	[jepsen worker 5] jepsen.util: 5	:fail	:cas	[0 [3 0]]	[:precondition-failed "expected 3 but had 1"]
2026-03-04 14:51:46,613{GMT}	INFO	[jepsen worker 0] jepsen.util: 0	:invoke	:read	[0 nil]
2026-03-04 14:51:46,620{GMT}	INFO	[jepsen worker 0] jepsen.util: 0	:ok	:read	[0 1]
2026-03-04 14:51:46,664{GMT}	INFO	[jepsen worker 0] jepsen.util: 0	:invoke	:read	[0 nil]
2026-03-04 14:51:46,667{GMT}	INFO	[jepsen worker 0] jepsen.util: 0	:ok	:read	[0 1]
2026-03-04 14:51:46,730{GMT}	INFO	[jepsen worker 3] jepsen.util: 3	:invoke	:cas	[0 [1 4]]
2026-03-04 14:51:46,734{GMT}	INFO	[jepsen worker 3] jepsen.util: 3	:ok	:cas	[0 [1 4]]
2026-03-04 14:51:46,803{GMT}	INFO	[jepsen worker 3] jepsen.util: 3	:invoke	:cas	[0 [0 3]]
2026-03-04 14:51:46,808{GMT}	INFO	[jepsen worker 3] jepsen.util: 3	:fail	:cas	[0 [0 3]]	[:precondition-failed "expected 0 but had 4"]
2026-03-04 14:51:46,900{GMT}	INFO	[jepsen worker 3] jepsen.util: 3	:invoke	:write	[0 2]
2026-03-04 14:51:46,902{GMT}	INFO	[jepsen worker 3] jepsen.util: 3	:ok	:write	[0 2]
2026-03-04 14:51:47,041{GMT}	INFO	[jepsen worker 4] jepsen.util: 4	:invoke	:write	[0 1]
2026-03-04 14:51:47,045{GMT}	INFO	[jepsen worker 0] jepsen.util: 0	:invoke	:read	[0 nil]
2026-03-04 14:51:47,046{GMT}	INFO	[jepsen worker 4] jepsen.util: 4	:ok	:write	[0 1]
2026-03-04 14:51:47,049{GMT}	INFO	[jepsen worker 0] jepsen.util: 0	:ok	:read	[0 1]
2026-03-04 14:51:47,062{GMT}	INFO	[jepsen worker 0] jepsen.util: 0	:invoke	:read	[0 nil]
2026-03-04 14:51:47,066{GMT}	INFO	[jepsen worker 0] jepsen.util: 0	:ok	:read	[0 1]
2026-03-04 14:51:47,089{GMT}	INFO	[jepsen worker 3] jepsen.util: 3	:invoke	:cas	[0 [4 3]]
2026-03-04 14:51:47,094{GMT}	INFO	[jepsen worker 3] jepsen.util: 3	:fail	:cas	[0 [4 3]]	[:precondition-failed "expected 4 but had 1"]
2026-03-04 14:51:47,142{GMT}	INFO	[jepsen worker 3] jepsen.util: 3	:invoke	:write	[0 1]
2026-03-04 14:51:47,144{GMT}	INFO	[jepsen worker 3] jepsen.util: 3	:ok	:write	[0 1]
2026-03-04 14:51:47,318{GMT}	INFO	[jepsen worker 2] jepsen.util: 2	:invoke	:read	[0 nil]
2026-03-04 14:51:47,322{GMT}	INFO	[jepsen worker 2] jepsen.util: 2	:ok	:read	[0 1]
2026-03-04 14:51:47,485{GMT}	INFO	[jepsen worker 0] jepsen.util: 0	:invoke	:read	[0 nil]
2026-03-04 14:51:47,492{GMT}	INFO	[jepsen worker 0] jepsen.util: 0	:ok	:read	[0 1]
2026-03-04 14:51:47,616{GMT}	INFO	[jepsen worker 0] jepsen.util: 0	:invoke	:read	[0 nil]
2026-03-04 14:51:47,629{GMT}	INFO	[jepsen worker 0] jepsen.util: 0	:ok	:read	[0 1]
2026-03-04 14:51:47,723{GMT}	INFO	[jepsen worker 5] jepsen.util: 5	:invoke	:write	[0 1]
2026-03-04 14:51:47,725{GMT}	INFO	[jepsen worker 5] jepsen.util: 5	:ok	:write	[0 1]
2026-03-04 14:51:47,920{GMT}	INFO	[jepsen worker 0] jepsen.util: 0	:invoke	:read	[0 nil]
2026-03-04 14:51:47,924{GMT}	INFO	[jepsen worker 0] jepsen.util: 0	:ok	:read	[0 1]
2026-03-04 14:51:47,944{GMT}	INFO	[jepsen worker 3] jepsen.util: 3	:invoke	:write	[0 4]
2026-03-04 14:51:47,946{GMT}	INFO	[jepsen worker 3] jepsen.util: 3	:ok	:write	[0 4]
2026-03-04 14:51:48,047{GMT}	INFO	[jepsen worker 1] jepsen.util: 1	:invoke	:read	[0 nil]
2026-03-04 14:51:48,052{GMT}	INFO	[jepsen worker 1] jepsen.util: 1	:ok	:read	[0 4]
2026-03-04 14:51:48,230{GMT}	INFO	[jepsen worker 2] jepsen.util: 2	:invoke	:read	[0 nil]
2026-03-04 14:51:48,235{GMT}	INFO	[jepsen worker 2] jepsen.util: 2	:ok	:read	[0 4]
2026-03-04 14:51:48,373{GMT}	INFO	[jepsen worker 0] jepsen.util: 0	:invoke	:read	[0 nil]
2026-03-04 14:51:48,376{GMT}	INFO	[jepsen worker 0] jepsen.util: 0	:ok	:read	[0 4]
2026-03-04 14:51:48,530{GMT}	INFO	[jepsen worker 4] jepsen.util: 4	:invoke	:cas	[0 [2 2]]
2026-03-04 14:51:48,534{GMT}	INFO	[jepsen worker 4] jepsen.util: 4	:fail	:cas	[0 [2 2]]	[:precondition-failed "expected 2 but had 4"]
2026-03-04 14:51:48,674{GMT}	INFO	[jepsen worker 5] jepsen.util: 5	:invoke	:cas	[0 [1 4]]
2026-03-04 14:51:48,680{GMT}	INFO	[jepsen worker 5] jepsen.util: 5	:fail	:cas	[0 [1 4]]	[:precondition-failed "expected 1 but had 4"]
2026-03-04 14:51:48,823{GMT}	INFO	[jepsen worker 3] jepsen.util: 3	:invoke	:write	[0 4]
2026-03-04 14:51:48,828{GMT}	INFO	[jepsen worker 3] jepsen.util: 3	:ok	:write	[0 4]
2026-03-04 14:51:48,972{GMT}	INFO	[jepsen worker 0] jepsen.util: 0	:invoke	:read	[0 nil]
2026-03-04 14:51:48,975{GMT}	INFO	[jepsen worker 0] jepsen.util: 0	:ok	:read	[0 4]
2026-03-04 14:51:49,040{GMT}	INFO	[jepsen worker 3] jepsen.util: 3	:invoke	:write	[0 2]
2026-03-04 14:51:49,043{GMT}	INFO	[jepsen worker 3] jepsen.util: 3	:ok	:write	[0 2]
2026-03-04 14:51:49,101{GMT}	INFO	[jepsen worker 2] jepsen.util: 2	:invoke	:read	[0 nil]
2026-03-04 14:51:49,105{GMT}	INFO	[jepsen worker 2] jepsen.util: 2	:ok	:read	[0 2]
2026-03-04 14:51:49,194{GMT}	INFO	[jepsen worker 3] jepsen.util: 3	:invoke	:write	[0 3]
2026-03-04 14:51:49,202{GMT}	INFO	[jepsen worker 3] jepsen.util: 3	:ok	:write	[0 3]
2026-03-04 14:51:49,328{GMT}	INFO	[jepsen worker 4] jepsen.util: 4	:invoke	:write	[0 3]
2026-03-04 14:51:49,332{GMT}	INFO	[jepsen worker 4] jepsen.util: 4	:ok	:write	[0 3]
2026-03-04 14:51:49,495{GMT}	INFO	[jepsen worker 0] jepsen.util: 0	:invoke	:read	[0 nil]
2026-03-04 14:51:49,497{GMT}	INFO	[jepsen worker 0] jepsen.util: 0	:ok	:read	[0 3]
2026-03-04 14:51:49,538{GMT}	INFO	[jepsen worker 3] jepsen.util: 3	:invoke	:write	[0 3]
2026-03-04 14:51:49,541{GMT}	INFO	[jepsen worker 3] jepsen.util: 3	:ok	:write	[0 3]
2026-03-04 14:51:49,699{GMT}	INFO	[jepsen worker 3] jepsen.util: 3	:invoke	:cas	[0 [3 0]]
2026-03-04 14:51:49,703{GMT}	INFO	[jepsen worker 3] jepsen.util: 3	:ok	:cas	[0 [3 0]]
2026-03-04 14:51:49,795{GMT}	INFO	[jepsen worker 3] jepsen.util: 3	:invoke	:cas	[0 [3 4]]
2026-03-04 14:51:49,799{GMT}	INFO	[jepsen worker 3] jepsen.util: 3	:fail	:cas	[0 [3 4]]	[:precondition-failed "expected 3 but had 0"]
2026-03-04 14:51:49,855{GMT}	INFO	[jepsen worker 2] jepsen.util: 2	:invoke	:read	[0 nil]
2026-03-04 14:51:49,858{GMT}	INFO	[jepsen worker 2] jepsen.util: 2	:ok	:read	[0 0]
2026-03-04 14:51:50,021{GMT}	INFO	[jepsen worker 0] jepsen.util: 0	:invoke	:read	[0 nil]
2026-03-04 14:51:50,025{GMT}	INFO	[jepsen worker 0] jepsen.util: 0	:ok	:read	[0 0]
2026-03-04 14:51:50,056{GMT}	INFO	[jepsen worker 4] jepsen.util: 4	:invoke	:cas	[0 [0 2]]
2026-03-04 14:51:50,059{GMT}	INFO	[jepsen worker 4] jepsen.util: 4	:ok	:cas	[0 [0 2]]
2026-03-04 14:51:50,109{GMT}	INFO	[jepsen worker 5] jepsen.util: 5	:invoke	:write	[0 2]
2026-03-04 14:51:50,111{GMT}	INFO	[jepsen worker 5] jepsen.util: 5	:ok	:write	[0 2]
2026-03-04 14:51:50,163{GMT}	INFO	[jepsen worker 3] jepsen.util: 3	:invoke	:cas	[0 [3 2]]
2026-03-04 14:51:50,166{GMT}	INFO	[jepsen worker 3] jepsen.util: 3	:fail	:cas	[0 [3 2]]	[:precondition-failed "expected 3 but had 2"]
2026-03-04 14:51:50,215{GMT}	INFO	[jepsen worker 3] jepsen.util: 3	:invoke	:cas	[0 [3 4]]
2026-03-04 14:51:50,217{GMT}	INFO	[jepsen worker 3] jepsen.util: 3	:fail	:cas	[0 [3 4]]	[:precondition-failed "expected 3 but had 2"]
2026-03-04 14:51:50,403{GMT}	INFO	[jepsen worker 3] jepsen.util: 3	:invoke	:cas	[0 [2 2]]
2026-03-04 14:51:50,408{GMT}	INFO	[jepsen worker 3] jepsen.util: 3	:ok	:cas	[0 [2 2]]
2026-03-04 14:51:50,586{GMT}	INFO	[jepsen worker 3] jepsen.util: 3	:invoke	:cas	[0 [2 4]]
2026-03-04 14:51:50,591{GMT}	INFO	[jepsen worker 3] jepsen.util: 3	:ok	:cas	[0 [2 4]]
2026-03-04 14:51:50,608{GMT}	INFO	[jepsen worker 0] jepsen.util: 0	:invoke	:read	[0 nil]
2026-03-04 14:51:50,612{GMT}	INFO	[jepsen worker 0] jepsen.util: 0	:ok	:read	[0 4]
2026-03-04 14:51:50,649{GMT}	INFO	[jepsen test runner] jepsen.core: Run complete, writing
2026-03-04 14:51:50,735{GMT}	INFO	[jepsen node n1] maelstrom.db: Tearing down n1
2026-03-04 14:51:50,735{GMT}	INFO	[jepsen node n0] maelstrom.db: Tearing down n0
2026-03-04 14:51:50,735{GMT}	INFO	[jepsen node n2] maelstrom.db: Tearing down n2
2026-03-04 14:51:51,854{GMT}	INFO	[jepsen node n0] maelstrom.net: Shutting down Maelstrom network
2026-03-04 14:51:51,856{GMT}	INFO	[jepsen test runner] jepsen.core: Analyzing...
2026-03-04 14:51:52,066{GMT}	INFO	[clojure-agent-send-pool-0] jepsen.independent: Wrote /Users/ahsankarim/study/studey/advanced distributed/final project/Omnipaxos-Project/store/lin-kv/20260304T145049.632+0100/independent/0/results.edn
2026-03-04 14:51:52,096{GMT}	INFO	[clojure-agent-send-pool-0] jepsen.independent: Wrote /Users/ahsankarim/study/studey/advanced distributed/final project/Omnipaxos-Project/store/lin-kv/20260304T145049.632+0100/independent/0/history.edn
2026-03-04 14:51:52,698{GMT}	INFO	[jepsen test runner] jepsen.core: Analysis complete
2026-03-04 14:51:52,709{GMT}	INFO	[jepsen results] jepsen.store: Wrote /Users/ahsankarim/study/studey/advanced distributed/final project/Omnipaxos-Project/store/lin-kv/20260304T145049.632+0100/results.edn
2026-03-04 14:51:52,747{GMT}	INFO	[jepsen test runner] jepsen.core: {:perf {:latency-graph {:valid? true},
        :rate-graph {:valid? true},
        :valid? true},
 :timeline {:valid? true},
 :exceptions {:valid? true},
 :stats {:valid? true,
         :count 606,
         :ok-count 448,
         :fail-count 158,
         :info-count 0,
         :by-f {:cas {:valid? true,
                      :count 200,
                      :ok-count 42,
                      :fail-count 158,
                      :info-count 0},
                :read {:valid? true,
                       :count 295,
                       :ok-count 295,
                       :fail-count 0,
                       :info-count 0},
                :write {:valid? true,
                        :count 111,
                        :ok-count 111,
                        :fail-count 0,
                        :info-count 0}}},
 :availability {:valid? true, :ok-fraction 0.7392739},
 :net {:all {:send-count 1218,
             :recv-count 1218,
             :msg-count 1218,
             :msgs-per-op 2.009901},
       :clients {:send-count 1218, :recv-count 1218, :msg-count 1218},
       :servers {:send-count 0,
                 :recv-count 0,
                 :msg-count 0,
                 :msgs-per-op 0.0},
       :valid? true},
 :workload {:valid? true,
            :results {0 {:linearizable {:valid? true,
                                        :configs ({:model #knossos.model.CASRegister{:value 4},
                                                   :last-op {:process 0,
                                                             :type :ok,
                                                             :f :read,
                                                             :value 4,
                                                             :index 1211,
                                                             :time 59943524667},
                                                   :pending []}),
                                        :final-paths ()},
                         :timeline {:valid? true},
                         :valid? true}},
            :failures []},
 :valid? true}


Everything looks good! ヽ(‘ー`)ノ
