2026-03-09 23:00:59,245{GMT}	INFO	[jepsen test runner] jepsen.core: Test version c6f93e91a319d9d3f3adbe62cadb64f7b53b436f (plus uncommitted changes)
2026-03-09 23:00:59,245{GMT}	INFO	[jepsen test runner] jepsen.core: Command line:
lein run test -w lin-kv --bin ./target/debug/maelstrom --node-count 3 --time-limit 60 --rate 10 --concurrency 2n
2026-03-09 23:00:59,297{GMT}	INFO	[jepsen test runner] jepsen.core: Running test:
{:args []
 :remote
 #jepsen.control.retry.Remote{:remote #jepsen.control.scp.Remote{:cmd-remote #jepsen.control.sshj.SSHJRemote{:concurrency-limit 6,
                                                                                                             :conn-spec nil,
                                                                                                             :client nil,
                                                                                                             :semaphore nil},
                                                                 :conn-spec nil},
                              :conn nil}
 :log-net-send false
 :node-count 3
 :availability nil
 :max-txn-length 4
 :concurrency 6
 :db
 #object[maelstrom.db$db$reify__16612
         "0x1f9b8c23"
         "maelstrom.db$db$reify__16612@1f9b8c23"]
 :max-writes-per-key 16
 :leave-db-running? false
 :name "lin-kv"
 :logging-json? false
 :start-time
 #object[org.joda.time.DateTime "0x26e74d50" "2026-03-09T23:00:59.194+01:00"]
 :nemesis-interval 10
 :net
 #object[maelstrom.net$jepsen_net$reify__15721
         "0x6bdc984"
         "maelstrom.net$jepsen_net$reify__15721@6bdc984"]
 :client
 #object[maelstrom.workload.lin_kv$client$reify__20973
         "0x1f299fc3"
         "maelstrom.workload.lin_kv$client$reify__20973@1f299fc3"]
 :barrier
 #object[java.util.concurrent.CyclicBarrier
         "0xb997735"
         "java.util.concurrent.CyclicBarrier@b997735"]
 :log-stderr false
 :pure-generators true
 :ssh {:dummy? true}
 :rate 10.0
 :checker
 #object[jepsen.checker$compose$reify__11089
         "0x178826db"
         "jepsen.checker$compose$reify__11089@178826db"]
 :argv
 ("test"
  "-w"
  "lin-kv"
  "--bin"
  "./target/debug/maelstrom"
  "--node-count"
  "3"
  "--time-limit"
  "60"
  "--rate"
  "10"
  "--concurrency"
  "2n")
 :nemesis
 (jepsen.nemesis.ReflCompose
  {:fm {:start-partition 0,
        :stop-partition 0,
        :kill 1,
        :start 1,
        :pause 1,
        :resume 1},
   :nemeses [#unprintable "jepsen.nemesis.combined$partition_nemesis$reify__16905@7f913c47"
             #unprintable "jepsen.nemesis.combined$db_nemesis$reify__16886@2c9573f1"]})
 :nodes ["n0" "n1" "n2"]
 :test-count 1
 :latency {:mean 0, :dist :constant}
 :bin "./target/debug/maelstrom"
 :generator
 #object[jepsen.util.Forgettable
         "0x37a5ac85"
         (jepsen.generator.TimeLimit
          {:limit 60000000000,
           :cutoff nil,
           :gen (jepsen.generator.Any
                 {:gens [(jepsen.generator.OnThreads
                          {:f #{:nemesis},
                           :context-filter #object[jepsen.generator.context$make_thread_filter$lazy_filter__12077
                                                   "0x239fdf8f"
                                                   "jepsen.generator.context$make_thread_filter$lazy_filter__12077@239fdf8f"],
                           :gen nil})
                         (jepsen.generator.OnThreads
                          {:f #jepsen.generator.context.AllBut{:element :nemesis},
                           :context-filter #object[jepsen.generator.context$make_thread_filter$lazy_filter__12077
                                                   "0x1acd660d"
                                                   "jepsen.generator.context$make_thread_filter$lazy_filter__12077@1acd660d"],
                           :gen (jepsen.generator.Stagger
                                 {:dt 200000000,
                                  :next-time nil,
                                  :gen (jepsen.generator.OnThreads
                                        {:f #jepsen.generator.context.AllBut{:element :nemesis},
                                         :context-filter #object[jepsen.generator.context$make_thread_filter$lazy_filter__12077
                                                                 "0x22f3b213"
                                                                 "jepsen.generator.context$make_thread_filter$lazy_filter__12077@22f3b213"],
                                         :gen (jepsen.independent.ConcurrentGenerator
                                               {:n 6,
                                                :fgen #object[jepsen.tests.linearizable_register$test$fn__17385
                                                              "0xe18848d"
                                                              "jepsen.tests.linearizable_register$test$fn__17385@e18848d"],
                                                :group->threads nil,
                                                :thread->group nil,
                                                :group->context-filter nil,
                                                :keys (0 1 2 3 4 5 6 7 ...),
                                                :gens nil})})})})]})})]
 :log-net-recv false
 :os
 #object[maelstrom.net$jepsen_os$reify__15724
         "0x22aaa811"
         "maelstrom.net$jepsen_os$reify__15724@22aaa811"]
 :time-limit 60
 :workload :lin-kv
 :consistency-models [:strict-serializable]
 :topology :grid}

2026-03-09 23:01:00,674{GMT}	INFO	[jepsen node n0] maelstrom.net: Starting Maelstrom network
2026-03-09 23:01:00,679{GMT}	INFO	[jepsen test runner] jepsen.db: Tearing down DB
2026-03-09 23:01:00,681{GMT}	INFO	[jepsen test runner] jepsen.db: Setting up DB
2026-03-09 23:01:00,681{GMT}	INFO	[jepsen node n1] maelstrom.db: Setting up n1
2026-03-09 23:01:00,681{GMT}	INFO	[jepsen node n2] maelstrom.db: Setting up n2
2026-03-09 23:01:00,682{GMT}	INFO	[jepsen node n2] maelstrom.process: launching ./target/debug/maelstrom []
2026-03-09 23:01:00,682{GMT}	INFO	[jepsen node n1] maelstrom.process: launching ./target/debug/maelstrom []
2026-03-09 23:01:00,683{GMT}	INFO	[jepsen node n0] maelstrom.service: Starting services: (lin-kv lin-tso lww-kv seq-kv)
2026-03-09 23:01:00,684{GMT}	INFO	[jepsen node n0] maelstrom.db: Setting up n0
2026-03-09 23:01:00,684{GMT}	INFO	[jepsen node n0] maelstrom.process: launching ./target/debug/maelstrom []
2026-03-09 23:01:00,727{GMT}	INFO	[jepsen test runner] jepsen.core: Relative time begins now
2026-03-09 23:01:00,743{GMT}	INFO	[jepsen worker 0] jepsen.util: 0	:invoke	:read	[0 nil]
2026-03-09 23:01:00,810{GMT}	INFO	[jepsen worker 3] jepsen.util: 3	:invoke	:cas	[0 [1 0]]
2026-03-09 23:01:00,927{GMT}	INFO	[jepsen worker 2] jepsen.util: 2	:invoke	:read	[0 nil]
2026-03-09 23:01:00,931{GMT}	INFO	[jepsen worker 1] jepsen.util: 1	:invoke	:read	[0 nil]
2026-03-09 23:01:00,936{GMT}	INFO	[jepsen worker 4] jepsen.util: 4	:invoke	:write	[0 3]
2026-03-09 23:01:01,043{GMT}	INFO	[jepsen worker 5] jepsen.util: 5	:invoke	:write	[0 4]
2026-03-09 23:01:01,748{GMT}	INFO	[jepsen worker 0] jepsen.util: 0	:fail	:read	[0 nil]	:net-timeout
2026-03-09 23:01:01,750{GMT}	INFO	[jepsen worker 0] jepsen.util: 0	:invoke	:read	[0 nil]
2026-03-09 23:01:01,812{GMT}	INFO	[jepsen worker 3] jepsen.util: 3	:info	:cas	[0 [1 0]]	:net-timeout
2026-03-09 23:01:01,933{GMT}	INFO	[jepsen worker 2] jepsen.util: 2	:fail	:read	[0 nil]	:net-timeout
2026-03-09 23:01:01,934{GMT}	INFO	[jepsen worker 2] jepsen.util: 2	:invoke	:read	[0 nil]
2026-03-09 23:01:01,937{GMT}	INFO	[jepsen worker 1] jepsen.util: 1	:fail	:read	[0 nil]	:net-timeout
2026-03-09 23:01:01,937{GMT}	INFO	[jepsen worker 4] jepsen.util: 4	:info	:write	[0 3]	:net-timeout
2026-03-09 23:01:02,036{GMT}	INFO	[jepsen worker 1] jepsen.util: 1	:invoke	:read	[0 nil]
2026-03-09 23:01:02,045{GMT}	INFO	[jepsen worker 5] jepsen.util: 5	:info	:write	[0 4]	:net-timeout
2026-03-09 23:01:02,046{GMT}	INFO	[jepsen worker 3] jepsen.util: 9	:invoke	:write	[0 3]
2026-03-09 23:01:02,208{GMT}	INFO	[jepsen worker 4] jepsen.util: 10	:invoke	:write	[0 2]
2026-03-09 23:01:02,408{GMT}	INFO	[jepsen worker 5] jepsen.util: 11	:invoke	:cas	[0 [3 4]]
2026-03-09 23:01:02,755{GMT}	INFO	[jepsen worker 0] jepsen.util: 0	:fail	:read	[0 nil]	:net-timeout
2026-03-09 23:01:02,756{GMT}	INFO	[jepsen worker 0] jepsen.util: 0	:invoke	:read	[0 nil]
2026-03-09 23:01:02,939{GMT}	INFO	[jepsen worker 2] jepsen.util: 2	:fail	:read	[0 nil]	:net-timeout
2026-03-09 23:01:02,940{GMT}	INFO	[jepsen worker 2] jepsen.util: 2	:invoke	:read	[0 nil]
2026-03-09 23:01:03,040{GMT}	INFO	[jepsen worker 1] jepsen.util: 1	:fail	:read	[0 nil]	:net-timeout
2026-03-09 23:01:03,040{GMT}	INFO	[jepsen worker 1] jepsen.util: 1	:invoke	:read	[0 nil]
2026-03-09 23:01:03,050{GMT}	INFO	[jepsen worker 3] jepsen.util: 9	:info	:write	[0 3]	:net-timeout
2026-03-09 23:01:03,211{GMT}	INFO	[jepsen worker 4] jepsen.util: 10	:info	:write	[0 2]	:net-timeout
2026-03-09 23:01:03,212{GMT}	INFO	[jepsen worker 3] jepsen.util: 15	:invoke	:cas	[0 [1 0]]
2026-03-09 23:01:03,384{GMT}	INFO	[jepsen worker 4] jepsen.util: 16	:invoke	:cas	[0 [1 0]]
2026-03-09 23:01:03,411{GMT}	INFO	[jepsen worker 5] jepsen.util: 11	:info	:cas	[0 [3 4]]	:net-timeout
2026-03-09 23:01:03,417{GMT}	INFO	[jepsen worker 5] jepsen.util: 17	:invoke	:cas	[0 [4 3]]
2026-03-09 23:01:03,760{GMT}	INFO	[jepsen worker 0] jepsen.util: 0	:fail	:read	[0 nil]	:net-timeout
2026-03-09 23:01:03,761{GMT}	INFO	[jepsen worker 0] jepsen.util: 0	:invoke	:read	[0 nil]
2026-03-09 23:01:03,946{GMT}	INFO	[jepsen worker 2] jepsen.util: 2	:fail	:read	[0 nil]	:net-timeout
2026-03-09 23:01:03,946{GMT}	INFO	[jepsen worker 2] jepsen.util: 2	:invoke	:read	[0 nil]
2026-03-09 23:01:04,045{GMT}	INFO	[jepsen worker 1] jepsen.util: 1	:fail	:read	[0 nil]	:net-timeout
2026-03-09 23:01:04,046{GMT}	INFO	[jepsen worker 1] jepsen.util: 1	:invoke	:read	[0 nil]
2026-03-09 23:01:04,218{GMT}	INFO	[jepsen worker 3] jepsen.util: 15	:info	:cas	[0 [1 0]]	:net-timeout
2026-03-09 23:01:04,246{GMT}	INFO	[jepsen worker 3] jepsen.util: 21	:invoke	:write	[0 2]
2026-03-09 23:01:04,389{GMT}	INFO	[jepsen worker 4] jepsen.util: 16	:info	:cas	[0 [1 0]]	:net-timeout
2026-03-09 23:01:04,390{GMT}	INFO	[jepsen worker 4] jepsen.util: 22	:invoke	:write	[0 2]
2026-03-09 23:01:04,418{GMT}	INFO	[jepsen worker 5] jepsen.util: 17	:info	:cas	[0 [4 3]]	:net-timeout
2026-03-09 23:01:04,419{GMT}	INFO	[jepsen worker 5] jepsen.util: 23	:invoke	:cas	[0 [0 1]]
2026-03-09 23:01:04,765{GMT}	INFO	[jepsen worker 0] jepsen.util: 0	:fail	:read	[0 nil]	:net-timeout
2026-03-09 23:01:04,767{GMT}	INFO	[jepsen worker 0] jepsen.util: 0	:invoke	:read	[0 nil]
2026-03-09 23:01:04,952{GMT}	INFO	[jepsen worker 2] jepsen.util: 2	:fail	:read	[0 nil]	:net-timeout
2026-03-09 23:01:04,953{GMT}	INFO	[jepsen worker 2] jepsen.util: 2	:invoke	:read	[0 nil]
2026-03-09 23:01:05,055{GMT}	INFO	[jepsen worker 1] jepsen.util: 1	:fail	:read	[0 nil]	:net-timeout
2026-03-09 23:01:05,095{GMT}	INFO	[jepsen worker 1] jepsen.util: 1	:invoke	:read	[0 nil]
2026-03-09 23:01:05,251{GMT}	INFO	[jepsen worker 3] jepsen.util: 21	:info	:write	[0 2]	:net-timeout
2026-03-09 23:01:05,251{GMT}	INFO	[jepsen worker 3] jepsen.util: 27	:invoke	:cas	[0 [0 3]]
2026-03-09 23:01:05,395{GMT}	INFO	[jepsen worker 4] jepsen.util: 22	:info	:write	[0 2]	:net-timeout
2026-03-09 23:01:05,424{GMT}	INFO	[jepsen worker 5] jepsen.util: 23	:info	:cas	[0 [0 1]]	:net-timeout
2026-03-09 23:01:05,437{GMT}	INFO	[jepsen worker 4] jepsen.util: 28	:invoke	:cas	[0 [0 4]]
2026-03-09 23:01:05,480{GMT}	INFO	[jepsen worker 5] jepsen.util: 29	:invoke	:write	[0 1]
2026-03-09 23:01:05,768{GMT}	INFO	[jepsen worker 0] jepsen.util: 0	:fail	:read	[0 nil]	:net-timeout
2026-03-09 23:01:05,769{GMT}	INFO	[jepsen worker 0] jepsen.util: 0	:invoke	:read	[0 nil]
2026-03-09 23:01:05,958{GMT}	INFO	[jepsen worker 2] jepsen.util: 2	:fail	:read	[0 nil]	:net-timeout
2026-03-09 23:01:05,959{GMT}	INFO	[jepsen worker 2] jepsen.util: 2	:invoke	:read	[0 nil]
2026-03-09 23:01:06,102{GMT}	INFO	[jepsen worker 1] jepsen.util: 1	:fail	:read	[0 nil]	:net-timeout
2026-03-09 23:01:06,102{GMT}	INFO	[jepsen worker 1] jepsen.util: 1	:invoke	:read	[0 nil]
2026-03-09 23:01:06,256{GMT}	INFO	[jepsen worker 3] jepsen.util: 27	:info	:cas	[0 [0 3]]	:net-timeout
2026-03-09 23:01:06,256{GMT}	INFO	[jepsen worker 3] jepsen.util: 33	:invoke	:cas	[0 [1 2]]
2026-03-09 23:01:06,439{GMT}	INFO	[jepsen worker 4] jepsen.util: 28	:info	:cas	[0 [0 4]]	:net-timeout
2026-03-09 23:01:06,441{GMT}	INFO	[jepsen worker 4] jepsen.util: 34	:invoke	:cas	[0 [0 0]]
2026-03-09 23:01:06,483{GMT}	INFO	[jepsen worker 5] jepsen.util: 29	:info	:write	[0 1]	:net-timeout
2026-03-09 23:01:06,605{GMT}	INFO	[jepsen worker 5] jepsen.util: 35	:invoke	:cas	[1 [2 3]]
2026-03-09 23:01:06,769{GMT}	INFO	[jepsen worker 0] jepsen.util: 0	:fail	:read	[0 nil]	:net-timeout
2026-03-09 23:01:06,786{GMT}	INFO	[jepsen worker 0] jepsen.util: 0	:invoke	:read	[1 nil]
2026-03-09 23:01:06,960{GMT}	INFO	[jepsen worker 2] jepsen.util: 2	:fail	:read	[0 nil]	:net-timeout
2026-03-09 23:01:06,982{GMT}	INFO	[jepsen worker 2] jepsen.util: 2	:invoke	:read	[1 nil]
2026-03-09 23:01:07,106{GMT}	INFO	[jepsen worker 1] jepsen.util: 1	:fail	:read	[0 nil]	:net-timeout
2026-03-09 23:01:07,106{GMT}	INFO	[jepsen worker 1] jepsen.util: 1	:invoke	:read	[1 nil]
2026-03-09 23:01:07,262{GMT}	INFO	[jepsen worker 3] jepsen.util: 33	:info	:cas	[0 [1 2]]	:net-timeout
2026-03-09 23:01:07,262{GMT}	INFO	[jepsen worker 3] jepsen.util: 39	:invoke	:cas	[1 [1 1]]
2026-03-09 23:01:07,444{GMT}	INFO	[jepsen worker 4] jepsen.util: 34	:info	:cas	[0 [0 0]]	:net-timeout
2026-03-09 23:01:07,451{GMT}	INFO	[jepsen worker 4] jepsen.util: 40	:invoke	:write	[1 3]
2026-03-09 23:01:07,610{GMT}	INFO	[jepsen worker 5] jepsen.util: 35	:info	:cas	[1 [2 3]]	:net-timeout
2026-03-09 23:01:07,610{GMT}	INFO	[jepsen worker 5] jepsen.util: 41	:invoke	:write	[1 3]
2026-03-09 23:01:07,787{GMT}	INFO	[jepsen worker 0] jepsen.util: 0	:fail	:read	[1 nil]	:net-timeout
2026-03-09 23:01:07,787{GMT}	INFO	[jepsen worker 0] jepsen.util: 0	:invoke	:read	[1 nil]
2026-03-09 23:01:07,985{GMT}	INFO	[jepsen worker 2] jepsen.util: 2	:fail	:read	[1 nil]	:net-timeout
2026-03-09 23:01:07,986{GMT}	INFO	[jepsen worker 2] jepsen.util: 2	:invoke	:read	[1 nil]
2026-03-09 23:01:08,112{GMT}	INFO	[jepsen worker 1] jepsen.util: 1	:fail	:read	[1 nil]	:net-timeout
2026-03-09 23:01:08,113{GMT}	INFO	[jepsen worker 1] jepsen.util: 1	:invoke	:read	[1 nil]
2026-03-09 23:01:08,265{GMT}	INFO	[jepsen worker 3] jepsen.util: 39	:info	:cas	[1 [1 1]]	:net-timeout
2026-03-09 23:01:08,265{GMT}	INFO	[jepsen worker 3] jepsen.util: 45	:invoke	:cas	[1 [3 4]]
2026-03-09 23:01:08,454{GMT}	INFO	[jepsen worker 4] jepsen.util: 40	:info	:write	[1 3]	:net-timeout
2026-03-09 23:01:08,455{GMT}	INFO	[jepsen worker 4] jepsen.util: 46	:invoke	:cas	[1 [1 3]]
2026-03-09 23:01:08,615{GMT}	INFO	[jepsen worker 5] jepsen.util: 41	:info	:write	[1 3]	:net-timeout
2026-03-09 23:01:08,616{GMT}	INFO	[jepsen worker 5] jepsen.util: 47	:invoke	:write	[1 1]
2026-03-09 23:01:08,787{GMT}	INFO	[jepsen worker 0] jepsen.util: 0	:fail	:read	[1 nil]	:net-timeout
2026-03-09 23:01:08,787{GMT}	INFO	[jepsen worker 0] jepsen.util: 0	:invoke	:read	[1 nil]
2026-03-09 23:01:08,987{GMT}	INFO	[jepsen worker 2] jepsen.util: 2	:fail	:read	[1 nil]	:net-timeout
2026-03-09 23:01:08,988{GMT}	INFO	[jepsen worker 2] jepsen.util: 2	:invoke	:read	[1 nil]
2026-03-09 23:01:09,116{GMT}	INFO	[jepsen worker 1] jepsen.util: 1	:fail	:read	[1 nil]	:net-timeout
2026-03-09 23:01:09,117{GMT}	INFO	[jepsen worker 1] jepsen.util: 1	:invoke	:read	[1 nil]
2026-03-09 23:01:09,270{GMT}	INFO	[jepsen worker 3] jepsen.util: 45	:info	:cas	[1 [3 4]]	:net-timeout
2026-03-09 23:01:09,271{GMT}	INFO	[jepsen worker 3] jepsen.util: 51	:invoke	:cas	[1 [4 1]]
2026-03-09 23:01:09,456{GMT}	INFO	[jepsen worker 4] jepsen.util: 46	:info	:cas	[1 [1 3]]	:net-timeout
2026-03-09 23:01:09,457{GMT}	INFO	[jepsen worker 4] jepsen.util: 52	:invoke	:cas	[1 [0 4]]
2026-03-09 23:01:09,621{GMT}	INFO	[jepsen worker 5] jepsen.util: 47	:info	:write	[1 1]	:net-timeout
2026-03-09 23:01:09,622{GMT}	INFO	[jepsen worker 5] jepsen.util: 53	:invoke	:cas	[1 [1 1]]
2026-03-09 23:01:09,792{GMT}	INFO	[jepsen worker 0] jepsen.util: 0	:fail	:read	[1 nil]	:net-timeout
2026-03-09 23:01:09,792{GMT}	INFO	[jepsen worker 0] jepsen.util: 0	:invoke	:read	[1 nil]
2026-03-09 23:01:09,989{GMT}	INFO	[jepsen worker 2] jepsen.util: 2	:fail	:read	[1 nil]	:net-timeout
2026-03-09 23:01:09,990{GMT}	INFO	[jepsen worker 2] jepsen.util: 2	:invoke	:read	[1 nil]
2026-03-09 23:01:10,123{GMT}	INFO	[jepsen worker 1] jepsen.util: 1	:fail	:read	[1 nil]	:net-timeout
2026-03-09 23:01:10,123{GMT}	INFO	[jepsen worker 1] jepsen.util: 1	:invoke	:read	[1 nil]
2026-03-09 23:01:10,273{GMT}	INFO	[jepsen worker 3] jepsen.util: 51	:info	:cas	[1 [4 1]]	:net-timeout
2026-03-09 23:01:10,274{GMT}	INFO	[jepsen worker 3] jepsen.util: 57	:invoke	:cas	[1 [0 4]]
2026-03-09 23:01:10,463{GMT}	INFO	[jepsen worker 4] jepsen.util: 52	:info	:cas	[1 [0 4]]	:net-timeout
2026-03-09 23:01:10,464{GMT}	INFO	[jepsen worker 4] jepsen.util: 58	:invoke	:cas	[1 [0 4]]
2026-03-09 23:01:10,622{GMT}	INFO	[jepsen worker 5] jepsen.util: 53	:info	:cas	[1 [1 1]]	:net-timeout
2026-03-09 23:01:10,650{GMT}	INFO	[jepsen worker 5] jepsen.util: 59	:invoke	:cas	[1 [2 1]]
2026-03-09 23:01:10,795{GMT}	INFO	[jepsen worker 0] jepsen.util: 0	:fail	:read	[1 nil]	:net-timeout
2026-03-09 23:01:10,795{GMT}	INFO	[jepsen worker 0] jepsen.util: 0	:invoke	:read	[1 nil]
2026-03-09 23:01:10,994{GMT}	INFO	[jepsen worker 2] jepsen.util: 2	:fail	:read	[1 nil]	:net-timeout
2026-03-09 23:01:10,995{GMT}	INFO	[jepsen worker 2] jepsen.util: 2	:invoke	:read	[1 nil]
2026-03-09 23:01:11,128{GMT}	INFO	[jepsen worker 1] jepsen.util: 1	:fail	:read	[1 nil]	:net-timeout
2026-03-09 23:01:11,128{GMT}	INFO	[jepsen worker 1] jepsen.util: 1	:invoke	:read	[1 nil]
2026-03-09 23:01:11,278{GMT}	INFO	[jepsen worker 3] jepsen.util: 57	:info	:cas	[1 [0 4]]	:net-timeout
2026-03-09 23:01:11,279{GMT}	INFO	[jepsen worker 3] jepsen.util: 63	:invoke	:cas	[1 [0 2]]
2026-03-09 23:01:11,470{GMT}	INFO	[jepsen worker 4] jepsen.util: 58	:info	:cas	[1 [0 4]]	:net-timeout
2026-03-09 23:01:11,470{GMT}	INFO	[jepsen worker 4] jepsen.util: 64	:invoke	:write	[1 0]
2026-03-09 23:01:11,657{GMT}	INFO	[jepsen worker 5] jepsen.util: 59	:info	:cas	[1 [2 1]]	:net-timeout
2026-03-09 23:01:11,659{GMT}	INFO	[jepsen worker 5] jepsen.util: 65	:invoke	:cas	[2 [4 2]]
2026-03-09 23:01:11,796{GMT}	INFO	[jepsen worker 0] jepsen.util: 0	:fail	:read	[1 nil]	:net-timeout
2026-03-09 23:01:11,798{GMT}	INFO	[jepsen worker 0] jepsen.util: 0	:invoke	:read	[2 nil]
2026-03-09 23:01:12,000{GMT}	INFO	[jepsen worker 2] jepsen.util: 2	:fail	:read	[1 nil]	:net-timeout
2026-03-09 23:01:12,002{GMT}	INFO	[jepsen worker 2] jepsen.util: 2	:invoke	:read	[2 nil]
2026-03-09 23:01:12,134{GMT}	INFO	[jepsen worker 1] jepsen.util: 1	:fail	:read	[1 nil]	:net-timeout
2026-03-09 23:01:12,135{GMT}	INFO	[jepsen worker 1] jepsen.util: 1	:invoke	:read	[2 nil]
2026-03-09 23:01:12,284{GMT}	INFO	[jepsen worker 3] jepsen.util: 63	:info	:cas	[1 [0 2]]	:net-timeout
2026-03-09 23:01:12,285{GMT}	INFO	[jepsen worker 3] jepsen.util: 69	:invoke	:cas	[2 [2 1]]
2026-03-09 23:01:12,472{GMT}	INFO	[jepsen worker 4] jepsen.util: 64	:info	:write	[1 0]	:net-timeout
2026-03-09 23:01:12,472{GMT}	INFO	[jepsen worker 4] jepsen.util: 70	:invoke	:cas	[2 [2 0]]
2026-03-09 23:01:12,672{GMT}	INFO	[jepsen worker 5] jepsen.util: 65	:info	:cas	[2 [4 2]]	:net-timeout
2026-03-09 23:01:12,672{GMT}	INFO	[jepsen worker 5] jepsen.util: 71	:invoke	:cas	[2 [4 1]]
2026-03-09 23:01:12,803{GMT}	INFO	[jepsen worker 0] jepsen.util: 0	:fail	:read	[2 nil]	:net-timeout
2026-03-09 23:01:12,837{GMT}	INFO	[jepsen worker 0] jepsen.util: 0	:invoke	:read	[2 nil]
2026-03-09 23:01:13,005{GMT}	INFO	[jepsen worker 2] jepsen.util: 2	:fail	:read	[2 nil]	:net-timeout
2026-03-09 23:01:13,006{GMT}	INFO	[jepsen worker 2] jepsen.util: 2	:invoke	:read	[2 nil]
2026-03-09 23:01:13,145{GMT}	INFO	[jepsen worker 1] jepsen.util: 1	:fail	:read	[2 nil]	:net-timeout
2026-03-09 23:01:13,148{GMT}	INFO	[jepsen worker 1] jepsen.util: 1	:invoke	:read	[2 nil]
2026-03-09 23:01:13,289{GMT}	INFO	[jepsen worker 3] jepsen.util: 69	:info	:cas	[2 [2 1]]	:net-timeout
2026-03-09 23:01:13,327{GMT}	INFO	[jepsen worker 3] jepsen.util: 75	:invoke	:cas	[2 [1 3]]
2026-03-09 23:01:13,473{GMT}	INFO	[jepsen worker 4] jepsen.util: 70	:info	:cas	[2 [2 0]]	:net-timeout
2026-03-09 23:01:13,474{GMT}	INFO	[jepsen worker 4] jepsen.util: 76	:invoke	:write	[2 2]
2026-03-09 23:01:13,675{GMT}	INFO	[jepsen worker 5] jepsen.util: 71	:info	:cas	[2 [4 1]]	:net-timeout
2026-03-09 23:01:13,676{GMT}	INFO	[jepsen worker 5] jepsen.util: 77	:invoke	:cas	[2 [1 2]]
2026-03-09 23:01:13,837{GMT}	INFO	[jepsen worker 0] jepsen.util: 0	:fail	:read	[2 nil]	:net-timeout
2026-03-09 23:01:13,837{GMT}	INFO	[jepsen worker 0] jepsen.util: 0	:invoke	:read	[2 nil]
2026-03-09 23:01:14,007{GMT}	INFO	[jepsen worker 2] jepsen.util: 2	:fail	:read	[2 nil]	:net-timeout
2026-03-09 23:01:14,007{GMT}	INFO	[jepsen worker 2] jepsen.util: 2	:invoke	:read	[2 nil]
2026-03-09 23:01:14,151{GMT}	INFO	[jepsen worker 1] jepsen.util: 1	:fail	:read	[2 nil]	:net-timeout
2026-03-09 23:01:14,152{GMT}	INFO	[jepsen worker 1] jepsen.util: 1	:invoke	:read	[2 nil]
2026-03-09 23:01:14,333{GMT}	INFO	[jepsen worker 3] jepsen.util: 75	:info	:cas	[2 [1 3]]	:net-timeout
2026-03-09 23:01:14,333{GMT}	INFO	[jepsen worker 3] jepsen.util: 81	:invoke	:cas	[2 [2 2]]
2026-03-09 23:01:14,475{GMT}	INFO	[jepsen worker 4] jepsen.util: 76	:info	:write	[2 2]	:net-timeout
2026-03-09 23:01:14,476{GMT}	INFO	[jepsen worker 4] jepsen.util: 82	:invoke	:write	[2 1]
2026-03-09 23:01:14,681{GMT}	INFO	[jepsen worker 5] jepsen.util: 77	:info	:cas	[2 [1 2]]	:net-timeout
2026-03-09 23:01:14,683{GMT}	INFO	[jepsen worker 5] jepsen.util: 83	:invoke	:write	[2 3]
2026-03-09 23:01:14,842{GMT}	INFO	[jepsen worker 0] jepsen.util: 0	:fail	:read	[2 nil]	:net-timeout
2026-03-09 23:01:14,842{GMT}	INFO	[jepsen worker 0] jepsen.util: 0	:invoke	:read	[2 nil]
2026-03-09 23:01:15,012{GMT}	INFO	[jepsen worker 2] jepsen.util: 2	:fail	:read	[2 nil]	:net-timeout
2026-03-09 23:01:15,013{GMT}	INFO	[jepsen worker 2] jepsen.util: 2	:invoke	:read	[2 nil]
2026-03-09 23:01:15,155{GMT}	INFO	[jepsen worker 1] jepsen.util: 1	:fail	:read	[2 nil]	:net-timeout
2026-03-09 23:01:15,155{GMT}	INFO	[jepsen worker 1] jepsen.util: 1	:invoke	:read	[2 nil]
2026-03-09 23:01:15,338{GMT}	INFO	[jepsen worker 3] jepsen.util: 81	:info	:cas	[2 [2 2]]	:net-timeout
2026-03-09 23:01:15,339{GMT}	INFO	[jepsen worker 3] jepsen.util: 87	:invoke	:write	[2 2]
2026-03-09 23:01:15,481{GMT}	INFO	[jepsen worker 4] jepsen.util: 82	:info	:write	[2 1]	:net-timeout
2026-03-09 23:01:15,482{GMT}	INFO	[jepsen worker 4] jepsen.util: 88	:invoke	:write	[2 1]
2026-03-09 23:01:15,689{GMT}	INFO	[jepsen worker 5] jepsen.util: 83	:info	:write	[2 3]	:net-timeout
2026-03-09 23:01:15,689{GMT}	INFO	[jepsen worker 5] jepsen.util: 89	:invoke	:write	[2 4]
2026-03-09 23:01:15,848{GMT}	INFO	[jepsen worker 0] jepsen.util: 0	:fail	:read	[2 nil]	:net-timeout
2026-03-09 23:01:15,850{GMT}	INFO	[jepsen worker 0] jepsen.util: 0	:invoke	:read	[2 nil]
2026-03-09 23:01:16,019{GMT}	INFO	[jepsen worker 2] jepsen.util: 2	:fail	:read	[2 nil]	:net-timeout
2026-03-09 23:01:16,020{GMT}	INFO	[jepsen worker 2] jepsen.util: 2	:invoke	:read	[2 nil]
2026-03-09 23:01:16,170{GMT}	INFO	[jepsen worker 1] jepsen.util: 1	:fail	:read	[2 nil]	:net-timeout
2026-03-09 23:01:16,170{GMT}	INFO	[jepsen worker 1] jepsen.util: 1	:invoke	:read	[2 nil]
2026-03-09 23:01:16,346{GMT}	INFO	[jepsen worker 3] jepsen.util: 87	:info	:write	[2 2]	:net-timeout
2026-03-09 23:01:16,347{GMT}	INFO	[jepsen worker 3] jepsen.util: 93	:invoke	:cas	[2 [0 0]]
2026-03-09 23:01:16,485{GMT}	INFO	[jepsen worker 4] jepsen.util: 88	:info	:write	[2 1]	:net-timeout
2026-03-09 23:01:16,485{GMT}	INFO	[jepsen worker 4] jepsen.util: 94	:invoke	:write	[2 1]
2026-03-09 23:01:16,689{GMT}	INFO	[jepsen worker 5] jepsen.util: 89	:info	:write	[2 4]	:net-timeout
2026-03-09 23:01:16,691{GMT}	INFO	[jepsen worker 5] jepsen.util: 95	:invoke	:cas	[3 [1 2]]
2026-03-09 23:01:16,856{GMT}	INFO	[jepsen worker 0] jepsen.util: 0	:fail	:read	[2 nil]	:net-timeout
2026-03-09 23:01:16,857{GMT}	INFO	[jepsen worker 0] jepsen.util: 0	:invoke	:read	[3 nil]
2026-03-09 23:01:17,022{GMT}	INFO	[jepsen worker 2] jepsen.util: 2	:fail	:read	[2 nil]	:net-timeout
2026-03-09 23:01:17,022{GMT}	INFO	[jepsen worker 2] jepsen.util: 2	:invoke	:read	[3 nil]
2026-03-09 23:01:17,175{GMT}	INFO	[jepsen worker 1] jepsen.util: 1	:fail	:read	[2 nil]	:net-timeout
2026-03-09 23:01:17,176{GMT}	INFO	[jepsen worker 1] jepsen.util: 1	:invoke	:read	[3 nil]
2026-03-09 23:01:17,352{GMT}	INFO	[jepsen worker 3] jepsen.util: 93	:info	:cas	[2 [0 0]]	:net-timeout
2026-03-09 23:01:17,352{GMT}	INFO	[jepsen worker 3] jepsen.util: 99	:invoke	:cas	[3 [4 2]]
2026-03-09 23:01:17,490{GMT}	INFO	[jepsen worker 4] jepsen.util: 94	:info	:write	[2 1]	:net-timeout
2026-03-09 23:01:17,549{GMT}	INFO	[jepsen worker 4] jepsen.util: 100	:invoke	:write	[3 1]
2026-03-09 23:01:17,696{GMT}	INFO	[jepsen worker 5] jepsen.util: 95	:info	:cas	[3 [1 2]]	:net-timeout
2026-03-09 23:01:17,697{GMT}	INFO	[jepsen worker 5] jepsen.util: 101	:invoke	:write	[3 1]
2026-03-09 23:01:17,859{GMT}	INFO	[jepsen worker 0] jepsen.util: 0	:fail	:read	[3 nil]	:net-timeout
2026-03-09 23:01:17,867{GMT}	INFO	[jepsen worker 0] jepsen.util: 0	:invoke	:read	[3 nil]
2026-03-09 23:01:18,027{GMT}	INFO	[jepsen worker 2] jepsen.util: 2	:fail	:read	[3 nil]	:net-timeout
2026-03-09 23:01:18,028{GMT}	INFO	[jepsen worker 2] jepsen.util: 2	:invoke	:read	[3 nil]
2026-03-09 23:01:18,180{GMT}	INFO	[jepsen worker 1] jepsen.util: 1	:fail	:read	[3 nil]	:net-timeout
2026-03-09 23:01:18,181{GMT}	INFO	[jepsen worker 1] jepsen.util: 1	:invoke	:read	[3 nil]
2026-03-09 23:01:18,358{GMT}	INFO	[jepsen worker 3] jepsen.util: 99	:info	:cas	[3 [4 2]]	:net-timeout
2026-03-09 23:01:18,360{GMT}	INFO	[jepsen worker 3] jepsen.util: 105	:invoke	:cas	[3 [3 1]]
2026-03-09 23:01:18,560{GMT}	INFO	[jepsen worker 4] jepsen.util: 100	:info	:write	[3 1]	:net-timeout
2026-03-09 23:01:18,561{GMT}	INFO	[jepsen worker 4] jepsen.util: 106	:invoke	:cas	[3 [4 0]]
2026-03-09 23:01:18,702{GMT}	INFO	[jepsen worker 5] jepsen.util: 101	:info	:write	[3 1]	:net-timeout
2026-03-09 23:01:18,702{GMT}	INFO	[jepsen worker 5] jepsen.util: 107	:invoke	:cas	[3 [3 1]]
2026-03-09 23:01:18,872{GMT}	INFO	[jepsen worker 0] jepsen.util: 0	:fail	:read	[3 nil]	:net-timeout
2026-03-09 23:01:18,872{GMT}	INFO	[jepsen worker 0] jepsen.util: 0	:invoke	:read	[3 nil]
2026-03-09 23:01:19,029{GMT}	INFO	[jepsen worker 2] jepsen.util: 2	:fail	:read	[3 nil]	:net-timeout
2026-03-09 23:01:19,031{GMT}	INFO	[jepsen worker 2] jepsen.util: 2	:invoke	:read	[3 nil]
2026-03-09 23:01:19,186{GMT}	INFO	[jepsen worker 1] jepsen.util: 1	:fail	:read	[3 nil]	:net-timeout
2026-03-09 23:01:19,187{GMT}	INFO	[jepsen worker 1] jepsen.util: 1	:invoke	:read	[3 nil]
2026-03-09 23:01:19,367{GMT}	INFO	[jepsen worker 3] jepsen.util: 105	:info	:cas	[3 [3 1]]	:net-timeout
2026-03-09 23:01:19,368{GMT}	INFO	[jepsen worker 3] jepsen.util: 111	:invoke	:write	[3 0]
2026-03-09 23:01:19,562{GMT}	INFO	[jepsen worker 4] jepsen.util: 106	:info	:cas	[3 [4 0]]	:net-timeout
2026-03-09 23:01:19,562{GMT}	INFO	[jepsen worker 4] jepsen.util: 112	:invoke	:cas	[3 [1 4]]
2026-03-09 23:01:19,707{GMT}	INFO	[jepsen worker 5] jepsen.util: 107	:info	:cas	[3 [3 1]]	:net-timeout
2026-03-09 23:01:19,707{GMT}	INFO	[jepsen worker 5] jepsen.util: 113	:invoke	:cas	[3 [4 4]]
2026-03-09 23:01:19,878{GMT}	INFO	[jepsen worker 0] jepsen.util: 0	:fail	:read	[3 nil]	:net-timeout
2026-03-09 23:01:19,888{GMT}	INFO	[jepsen worker 0] jepsen.util: 0	:invoke	:read	[3 nil]
2026-03-09 23:01:20,038{GMT}	INFO	[jepsen worker 2] jepsen.util: 2	:fail	:read	[3 nil]	:net-timeout
2026-03-09 23:01:20,038{GMT}	INFO	[jepsen worker 2] jepsen.util: 2	:invoke	:read	[3 nil]
2026-03-09 23:01:20,191{GMT}	INFO	[jepsen worker 1] jepsen.util: 1	:fail	:read	[3 nil]	:net-timeout
2026-03-09 23:01:20,192{GMT}	INFO	[jepsen worker 1] jepsen.util: 1	:invoke	:read	[3 nil]
2026-03-09 23:01:20,372{GMT}	INFO	[jepsen worker 3] jepsen.util: 111	:info	:write	[3 0]	:net-timeout
2026-03-09 23:01:20,375{GMT}	INFO	[jepsen worker 3] jepsen.util: 117	:invoke	:cas	[3 [2 1]]
2026-03-09 23:01:20,564{GMT}	INFO	[jepsen worker 4] jepsen.util: 112	:info	:cas	[3 [1 4]]	:net-timeout
2026-03-09 23:01:20,565{GMT}	INFO	[jepsen worker 4] jepsen.util: 118	:invoke	:write	[3 3]
2026-03-09 23:01:20,709{GMT}	INFO	[jepsen worker 5] jepsen.util: 113	:info	:cas	[3 [4 4]]	:net-timeout
2026-03-09 23:01:20,710{GMT}	INFO	[jepsen worker 5] jepsen.util: 119	:invoke	:write	[3 0]
2026-03-09 23:01:20,892{GMT}	INFO	[jepsen worker 0] jepsen.util: 0	:fail	:read	[3 nil]	:net-timeout
2026-03-09 23:01:20,892{GMT}	INFO	[jepsen worker 0] jepsen.util: 0	:invoke	:read	[3 nil]
2026-03-09 23:01:21,039{GMT}	INFO	[jepsen worker 2] jepsen.util: 2	:fail	:read	[3 nil]	:net-timeout
2026-03-09 23:01:21,041{GMT}	INFO	[jepsen worker 2] jepsen.util: 2	:invoke	:read	[3 nil]
2026-03-09 23:01:21,195{GMT}	INFO	[jepsen worker 1] jepsen.util: 1	:fail	:read	[3 nil]	:net-timeout
2026-03-09 23:01:21,196{GMT}	INFO	[jepsen worker 1] jepsen.util: 1	:invoke	:read	[3 nil]
2026-03-09 23:01:21,379{GMT}	INFO	[jepsen worker 3] jepsen.util: 117	:info	:cas	[3 [2 1]]	:net-timeout
2026-03-09 23:01:21,380{GMT}	INFO	[jepsen worker 3] jepsen.util: 123	:invoke	:write	[3 2]
2026-03-09 23:01:21,566{GMT}	INFO	[jepsen worker 4] jepsen.util: 118	:info	:write	[3 3]	:net-timeout
2026-03-09 23:01:21,566{GMT}	INFO	[jepsen worker 4] jepsen.util: 124	:invoke	:cas	[3 [3 0]]
2026-03-09 23:01:21,715{GMT}	INFO	[jepsen worker 5] jepsen.util: 119	:info	:write	[3 0]	:net-timeout
2026-03-09 23:01:21,717{GMT}	INFO	[jepsen worker 5] jepsen.util: 125	:invoke	:write	[4 2]
2026-03-09 23:01:21,894{GMT}	INFO	[jepsen worker 0] jepsen.util: 0	:fail	:read	[3 nil]	:net-timeout
2026-03-09 23:01:21,894{GMT}	INFO	[jepsen worker 0] jepsen.util: 0	:invoke	:read	[4 nil]
2026-03-09 23:01:22,042{GMT}	INFO	[jepsen worker 2] jepsen.util: 2	:fail	:read	[3 nil]	:net-timeout
2026-03-09 23:01:22,043{GMT}	INFO	[jepsen worker 2] jepsen.util: 2	:invoke	:read	[4 nil]
2026-03-09 23:01:22,199{GMT}	INFO	[jepsen worker 1] jepsen.util: 1	:fail	:read	[3 nil]	:net-timeout
2026-03-09 23:01:22,200{GMT}	INFO	[jepsen worker 1] jepsen.util: 1	:invoke	:read	[4 nil]
2026-03-09 23:01:22,386{GMT}	INFO	[jepsen worker 3] jepsen.util: 123	:info	:write	[3 2]	:net-timeout
2026-03-09 23:01:22,386{GMT}	INFO	[jepsen worker 3] jepsen.util: 129	:invoke	:cas	[4 [0 4]]
2026-03-09 23:01:22,568{GMT}	INFO	[jepsen worker 4] jepsen.util: 124	:info	:cas	[3 [3 0]]	:net-timeout
2026-03-09 23:01:22,568{GMT}	INFO	[jepsen worker 4] jepsen.util: 130	:invoke	:cas	[4 [4 0]]
2026-03-09 23:01:22,717{GMT}	INFO	[jepsen worker 5] jepsen.util: 125	:info	:write	[4 2]	:net-timeout
2026-03-09 23:01:22,717{GMT}	INFO	[jepsen worker 5] jepsen.util: 131	:invoke	:write	[4 2]
2026-03-09 23:01:22,895{GMT}	INFO	[jepsen worker 0] jepsen.util: 0	:fail	:read	[4 nil]	:net-timeout
2026-03-09 23:01:22,895{GMT}	INFO	[jepsen worker 0] jepsen.util: 0	:invoke	:read	[4 nil]
2026-03-09 23:01:23,045{GMT}	INFO	[jepsen worker 2] jepsen.util: 2	:fail	:read	[4 nil]	:net-timeout
2026-03-09 23:01:23,046{GMT}	INFO	[jepsen worker 2] jepsen.util: 2	:invoke	:read	[4 nil]
2026-03-09 23:01:23,205{GMT}	INFO	[jepsen worker 1] jepsen.util: 1	:fail	:read	[4 nil]	:net-timeout
2026-03-09 23:01:23,205{GMT}	INFO	[jepsen worker 1] jepsen.util: 1	:invoke	:read	[4 nil]
2026-03-09 23:01:23,391{GMT}	INFO	[jepsen worker 3] jepsen.util: 129	:info	:cas	[4 [0 4]]	:net-timeout
2026-03-09 23:01:23,392{GMT}	INFO	[jepsen worker 3] jepsen.util: 135	:invoke	:cas	[4 [3 2]]
2026-03-09 23:01:23,573{GMT}	INFO	[jepsen worker 4] jepsen.util: 130	:info	:cas	[4 [4 0]]	:net-timeout
2026-03-09 23:01:23,574{GMT}	INFO	[jepsen worker 4] jepsen.util: 136	:invoke	:cas	[4 [4 1]]
2026-03-09 23:01:23,722{GMT}	INFO	[jepsen worker 5] jepsen.util: 131	:info	:write	[4 2]	:net-timeout
2026-03-09 23:01:23,777{GMT}	INFO	[jepsen worker 5] jepsen.util: 137	:invoke	:cas	[4 [0 1]]
2026-03-09 23:01:23,897{GMT}	INFO	[jepsen worker 0] jepsen.util: 0	:fail	:read	[4 nil]	:net-timeout
2026-03-09 23:01:23,902{GMT}	INFO	[jepsen worker 0] jepsen.util: 0	:invoke	:read	[4 nil]
2026-03-09 23:01:24,052{GMT}	INFO	[jepsen worker 2] jepsen.util: 2	:fail	:read	[4 nil]	:net-timeout
2026-03-09 23:01:24,052{GMT}	INFO	[jepsen worker 2] jepsen.util: 2	:invoke	:read	[4 nil]
2026-03-09 23:01:24,210{GMT}	INFO	[jepsen worker 1] jepsen.util: 1	:fail	:read	[4 nil]	:net-timeout
2026-03-09 23:01:24,228{GMT}	INFO	[jepsen worker 1] jepsen.util: 1	:invoke	:read	[4 nil]
2026-03-09 23:01:24,397{GMT}	INFO	[jepsen worker 3] jepsen.util: 135	:info	:cas	[4 [3 2]]	:net-timeout
2026-03-09 23:01:24,398{GMT}	INFO	[jepsen worker 3] jepsen.util: 141	:invoke	:write	[4 4]
2026-03-09 23:01:24,579{GMT}	INFO	[jepsen worker 4] jepsen.util: 136	:info	:cas	[4 [4 1]]	:net-timeout
2026-03-09 23:01:24,579{GMT}	INFO	[jepsen worker 4] jepsen.util: 142	:invoke	:cas	[4 [0 1]]
2026-03-09 23:01:24,781{GMT}	INFO	[jepsen worker 5] jepsen.util: 137	:info	:cas	[4 [0 1]]	:net-timeout
2026-03-09 23:01:24,782{GMT}	INFO	[jepsen worker 5] jepsen.util: 143	:invoke	:cas	[4 [0 2]]
2026-03-09 23:01:24,907{GMT}	INFO	[jepsen worker 0] jepsen.util: 0	:fail	:read	[4 nil]	:net-timeout
2026-03-09 23:01:24,908{GMT}	INFO	[jepsen worker 0] jepsen.util: 0	:invoke	:read	[4 nil]
2026-03-09 23:01:25,056{GMT}	INFO	[jepsen worker 2] jepsen.util: 2	:fail	:read	[4 nil]	:net-timeout
2026-03-09 23:01:25,095{GMT}	INFO	[jepsen worker 2] jepsen.util: 2	:invoke	:read	[4 nil]
2026-03-09 23:01:25,234{GMT}	INFO	[jepsen worker 1] jepsen.util: 1	:fail	:read	[4 nil]	:net-timeout
2026-03-09 23:01:25,256{GMT}	INFO	[jepsen worker 1] jepsen.util: 1	:invoke	:read	[4 nil]
2026-03-09 23:01:25,403{GMT}	INFO	[jepsen worker 3] jepsen.util: 141	:info	:write	[4 4]	:net-timeout
2026-03-09 23:01:25,424{GMT}	INFO	[jepsen worker 3] jepsen.util: 147	:invoke	:cas	[4 [2 1]]
2026-03-09 23:01:25,582{GMT}	INFO	[jepsen worker 4] jepsen.util: 142	:info	:cas	[4 [0 1]]	:net-timeout
2026-03-09 23:01:25,608{GMT}	INFO	[jepsen worker 4] jepsen.util: 148	:invoke	:cas	[4 [0 4]]
2026-03-09 23:01:25,788{GMT}	INFO	[jepsen worker 5] jepsen.util: 143	:info	:cas	[4 [0 2]]	:net-timeout
2026-03-09 23:01:25,793{GMT}	INFO	[jepsen worker 5] jepsen.util: 149	:invoke	:cas	[4 [1 1]]
2026-03-09 23:01:25,910{GMT}	INFO	[jepsen worker 0] jepsen.util: 0	:fail	:read	[4 nil]	:net-timeout
2026-03-09 23:01:25,911{GMT}	INFO	[jepsen worker 0] jepsen.util: 0	:invoke	:read	[4 nil]
2026-03-09 23:01:26,102{GMT}	INFO	[jepsen worker 2] jepsen.util: 2	:fail	:read	[4 nil]	:net-timeout
2026-03-09 23:01:26,103{GMT}	INFO	[jepsen worker 2] jepsen.util: 2	:invoke	:read	[4 nil]
2026-03-09 23:01:26,258{GMT}	INFO	[jepsen worker 1] jepsen.util: 1	:fail	:read	[4 nil]	:net-timeout
2026-03-09 23:01:26,259{GMT}	INFO	[jepsen worker 1] jepsen.util: 1	:invoke	:read	[4 nil]
2026-03-09 23:01:26,426{GMT}	INFO	[jepsen worker 3] jepsen.util: 147	:info	:cas	[4 [2 1]]	:net-timeout
2026-03-09 23:01:26,426{GMT}	INFO	[jepsen worker 3] jepsen.util: 153	:invoke	:cas	[4 [2 2]]
2026-03-09 23:01:26,622{GMT}	INFO	[jepsen worker 4] jepsen.util: 148	:info	:cas	[4 [0 4]]	:net-timeout
2026-03-09 23:01:26,631{GMT}	INFO	[jepsen worker 4] jepsen.util: 154	:invoke	:cas	[4 [0 0]]
2026-03-09 23:01:26,798{GMT}	INFO	[jepsen worker 5] jepsen.util: 149	:info	:cas	[4 [1 1]]	:net-timeout
2026-03-09 23:01:26,799{GMT}	INFO	[jepsen worker 5] jepsen.util: 155	:invoke	:write	[5 0]
2026-03-09 23:01:26,917{GMT}	INFO	[jepsen worker 0] jepsen.util: 0	:fail	:read	[4 nil]	:net-timeout
2026-03-09 23:01:26,945{GMT}	INFO	[jepsen worker 0] jepsen.util: 0	:invoke	:read	[5 nil]
2026-03-09 23:01:27,106{GMT}	INFO	[jepsen worker 2] jepsen.util: 2	:fail	:read	[4 nil]	:net-timeout
2026-03-09 23:01:27,106{GMT}	INFO	[jepsen worker 2] jepsen.util: 2	:invoke	:read	[5 nil]
2026-03-09 23:01:27,264{GMT}	INFO	[jepsen worker 1] jepsen.util: 1	:fail	:read	[4 nil]	:net-timeout
2026-03-09 23:01:27,282{GMT}	INFO	[jepsen worker 1] jepsen.util: 1	:invoke	:read	[5 nil]
2026-03-09 23:01:27,427{GMT}	INFO	[jepsen worker 3] jepsen.util: 153	:info	:cas	[4 [2 2]]	:net-timeout
2026-03-09 23:01:27,427{GMT}	INFO	[jepsen worker 3] jepsen.util: 159	:invoke	:write	[5 2]
2026-03-09 23:01:27,635{GMT}	INFO	[jepsen worker 4] jepsen.util: 154	:info	:cas	[4 [0 0]]	:net-timeout
2026-03-09 23:01:27,635{GMT}	INFO	[jepsen worker 4] jepsen.util: 160	:invoke	:cas	[5 [4 2]]
2026-03-09 23:01:27,804{GMT}	INFO	[jepsen worker 5] jepsen.util: 155	:info	:write	[5 0]	:net-timeout
2026-03-09 23:01:27,805{GMT}	INFO	[jepsen worker 5] jepsen.util: 161	:invoke	:cas	[5 [0 4]]
2026-03-09 23:01:27,948{GMT}	INFO	[jepsen worker 0] jepsen.util: 0	:fail	:read	[5 nil]	:net-timeout
2026-03-09 23:01:27,949{GMT}	INFO	[jepsen worker 0] jepsen.util: 0	:invoke	:read	[5 nil]
2026-03-09 23:01:28,109{GMT}	INFO	[jepsen worker 2] jepsen.util: 2	:fail	:read	[5 nil]	:net-timeout
2026-03-09 23:01:28,109{GMT}	INFO	[jepsen worker 2] jepsen.util: 2	:invoke	:read	[5 nil]
2026-03-09 23:01:28,287{GMT}	INFO	[jepsen worker 1] jepsen.util: 1	:fail	:read	[5 nil]	:net-timeout
2026-03-09 23:01:28,288{GMT}	INFO	[jepsen worker 1] jepsen.util: 1	:invoke	:read	[5 nil]
2026-03-09 23:01:28,428{GMT}	INFO	[jepsen worker 3] jepsen.util: 159	:info	:write	[5 2]	:net-timeout
2026-03-09 23:01:28,429{GMT}	INFO	[jepsen worker 3] jepsen.util: 165	:invoke	:write	[5 0]
2026-03-09 23:01:28,640{GMT}	INFO	[jepsen worker 4] jepsen.util: 160	:info	:cas	[5 [4 2]]	:net-timeout
2026-03-09 23:01:28,641{GMT}	INFO	[jepsen worker 4] jepsen.util: 166	:invoke	:cas	[5 [3 4]]
2026-03-09 23:01:28,809{GMT}	INFO	[jepsen worker 5] jepsen.util: 161	:info	:cas	[5 [0 4]]	:net-timeout
2026-03-09 23:01:28,810{GMT}	INFO	[jepsen worker 5] jepsen.util: 167	:invoke	:write	[5 3]
2026-03-09 23:01:28,952{GMT}	INFO	[jepsen worker 0] jepsen.util: 0	:fail	:read	[5 nil]	:net-timeout
2026-03-09 23:01:28,954{GMT}	INFO	[jepsen worker 0] jepsen.util: 0	:invoke	:read	[5 nil]
2026-03-09 23:01:29,114{GMT}	INFO	[jepsen worker 2] jepsen.util: 2	:fail	:read	[5 nil]	:net-timeout
2026-03-09 23:01:29,115{GMT}	INFO	[jepsen worker 2] jepsen.util: 2	:invoke	:read	[5 nil]
2026-03-09 23:01:29,293{GMT}	INFO	[jepsen worker 1] jepsen.util: 1	:fail	:read	[5 nil]	:net-timeout
2026-03-09 23:01:29,293{GMT}	INFO	[jepsen worker 1] jepsen.util: 1	:invoke	:read	[5 nil]
2026-03-09 23:01:29,434{GMT}	INFO	[jepsen worker 3] jepsen.util: 165	:info	:write	[5 0]	:net-timeout
2026-03-09 23:01:29,435{GMT}	INFO	[jepsen worker 3] jepsen.util: 171	:invoke	:cas	[5 [1 2]]
2026-03-09 23:01:29,642{GMT}	INFO	[jepsen worker 4] jepsen.util: 166	:info	:cas	[5 [3 4]]	:net-timeout
2026-03-09 23:01:29,643{GMT}	INFO	[jepsen worker 4] jepsen.util: 172	:invoke	:cas	[5 [3 0]]
2026-03-09 23:01:29,815{GMT}	INFO	[jepsen worker 5] jepsen.util: 167	:info	:write	[5 3]	:net-timeout
2026-03-09 23:01:29,816{GMT}	INFO	[jepsen worker 5] jepsen.util: 173	:invoke	:write	[5 0]
2026-03-09 23:01:29,955{GMT}	INFO	[jepsen worker 0] jepsen.util: 0	:fail	:read	[5 nil]	:net-timeout
2026-03-09 23:01:29,955{GMT}	INFO	[jepsen worker 0] jepsen.util: 0	:invoke	:read	[5 nil]
2026-03-09 23:01:30,117{GMT}	INFO	[jepsen worker 2] jepsen.util: 2	:fail	:read	[5 nil]	:net-timeout
2026-03-09 23:01:30,118{GMT}	INFO	[jepsen worker 2] jepsen.util: 2	:invoke	:read	[5 nil]
2026-03-09 23:01:30,298{GMT}	INFO	[jepsen worker 1] jepsen.util: 1	:fail	:read	[5 nil]	:net-timeout
2026-03-09 23:01:30,298{GMT}	INFO	[jepsen worker 1] jepsen.util: 1	:invoke	:read	[5 nil]
2026-03-09 23:01:30,439{GMT}	INFO	[jepsen worker 3] jepsen.util: 171	:info	:cas	[5 [1 2]]	:net-timeout
2026-03-09 23:01:30,440{GMT}	INFO	[jepsen worker 3] jepsen.util: 177	:invoke	:cas	[5 [3 3]]
2026-03-09 23:01:30,655{GMT}	INFO	[jepsen worker 4] jepsen.util: 172	:info	:cas	[5 [3 0]]	:net-timeout
2026-03-09 23:01:30,656{GMT}	INFO	[jepsen worker 4] jepsen.util: 178	:invoke	:cas	[5 [4 1]]
2026-03-09 23:01:30,822{GMT}	INFO	[jepsen worker 5] jepsen.util: 173	:info	:write	[5 0]	:net-timeout
2026-03-09 23:01:30,823{GMT}	INFO	[jepsen worker 5] jepsen.util: 179	:invoke	:cas	[5 [2 2]]
2026-03-09 23:01:30,956{GMT}	INFO	[jepsen worker 0] jepsen.util: 0	:fail	:read	[5 nil]	:net-timeout
2026-03-09 23:01:30,956{GMT}	INFO	[jepsen worker 0] jepsen.util: 0	:invoke	:read	[5 nil]
2026-03-09 23:01:31,123{GMT}	INFO	[jepsen worker 2] jepsen.util: 2	:fail	:read	[5 nil]	:net-timeout
2026-03-09 23:01:31,123{GMT}	INFO	[jepsen worker 2] jepsen.util: 2	:invoke	:read	[5 nil]
2026-03-09 23:01:31,301{GMT}	INFO	[jepsen worker 1] jepsen.util: 1	:fail	:read	[5 nil]	:net-timeout
2026-03-09 23:01:31,302{GMT}	INFO	[jepsen worker 1] jepsen.util: 1	:invoke	:read	[5 nil]
2026-03-09 23:01:31,445{GMT}	INFO	[jepsen worker 3] jepsen.util: 177	:info	:cas	[5 [3 3]]	:net-timeout
2026-03-09 23:01:31,445{GMT}	INFO	[jepsen worker 3] jepsen.util: 183	:invoke	:cas	[5 [4 2]]
2026-03-09 23:01:31,661{GMT}	INFO	[jepsen worker 4] jepsen.util: 178	:info	:cas	[5 [4 1]]	:net-timeout
2026-03-09 23:01:31,662{GMT}	INFO	[jepsen worker 4] jepsen.util: 184	:invoke	:cas	[5 [2 0]]
2026-03-09 23:01:31,828{GMT}	INFO	[jepsen worker 5] jepsen.util: 179	:info	:cas	[5 [2 2]]	:net-timeout
2026-03-09 23:01:31,829{GMT}	INFO	[jepsen worker 5] jepsen.util: 185	:invoke	:cas	[6 [4 2]]
2026-03-09 23:01:31,958{GMT}	INFO	[jepsen worker 0] jepsen.util: 0	:fail	:read	[5 nil]	:net-timeout
2026-03-09 23:01:31,959{GMT}	INFO	[jepsen worker 0] jepsen.util: 0	:invoke	:read	[6 nil]
2026-03-09 23:01:32,128{GMT}	INFO	[jepsen worker 2] jepsen.util: 2	:fail	:read	[5 nil]	:net-timeout
2026-03-09 23:01:32,129{GMT}	INFO	[jepsen worker 2] jepsen.util: 2	:invoke	:read	[6 nil]
2026-03-09 23:01:32,305{GMT}	INFO	[jepsen worker 1] jepsen.util: 1	:fail	:read	[5 nil]	:net-timeout
2026-03-09 23:01:32,305{GMT}	INFO	[jepsen worker 1] jepsen.util: 1	:invoke	:read	[6 nil]
2026-03-09 23:01:32,447{GMT}	INFO	[jepsen worker 3] jepsen.util: 183	:info	:cas	[5 [4 2]]	:net-timeout
2026-03-09 23:01:32,448{GMT}	INFO	[jepsen worker 3] jepsen.util: 189	:invoke	:cas	[6 [1 1]]
2026-03-09 23:01:32,667{GMT}	INFO	[jepsen worker 4] jepsen.util: 184	:info	:cas	[5 [2 0]]	:net-timeout
2026-03-09 23:01:32,669{GMT}	INFO	[jepsen worker 4] jepsen.util: 190	:invoke	:write	[6 1]
2026-03-09 23:01:32,834{GMT}	INFO	[jepsen worker 5] jepsen.util: 185	:info	:cas	[6 [4 2]]	:net-timeout
2026-03-09 23:01:32,847{GMT}	INFO	[jepsen worker 5] jepsen.util: 191	:invoke	:cas	[6 [2 0]]
2026-03-09 23:01:32,959{GMT}	INFO	[jepsen worker 0] jepsen.util: 0	:fail	:read	[6 nil]	:net-timeout
2026-03-09 23:01:33,052{GMT}	INFO	[jepsen worker 0] jepsen.util: 0	:invoke	:read	[6 nil]
2026-03-09 23:01:33,133{GMT}	INFO	[jepsen worker 2] jepsen.util: 2	:fail	:read	[6 nil]	:net-timeout
2026-03-09 23:01:33,133{GMT}	INFO	[jepsen worker 2] jepsen.util: 2	:invoke	:read	[6 nil]
2026-03-09 23:01:33,310{GMT}	INFO	[jepsen worker 1] jepsen.util: 1	:fail	:read	[6 nil]	:net-timeout
2026-03-09 23:01:33,320{GMT}	INFO	[jepsen worker 1] jepsen.util: 1	:invoke	:read	[6 nil]
2026-03-09 23:01:33,453{GMT}	INFO	[jepsen worker 3] jepsen.util: 189	:info	:cas	[6 [1 1]]	:net-timeout
2026-03-09 23:01:33,454{GMT}	INFO	[jepsen worker 3] jepsen.util: 195	:invoke	:cas	[6 [1 4]]
2026-03-09 23:01:33,673{GMT}	INFO	[jepsen worker 4] jepsen.util: 190	:info	:write	[6 1]	:net-timeout
2026-03-09 23:01:33,673{GMT}	INFO	[jepsen worker 4] jepsen.util: 196	:invoke	:cas	[6 [0 0]]
2026-03-09 23:01:33,852{GMT}	INFO	[jepsen worker 5] jepsen.util: 191	:info	:cas	[6 [2 0]]	:net-timeout
2026-03-09 23:01:33,852{GMT}	INFO	[jepsen worker 5] jepsen.util: 197	:invoke	:cas	[6 [3 2]]
2026-03-09 23:01:34,057{GMT}	INFO	[jepsen worker 0] jepsen.util: 0	:fail	:read	[6 nil]	:net-timeout
2026-03-09 23:01:34,058{GMT}	INFO	[jepsen worker 0] jepsen.util: 0	:invoke	:read	[6 nil]
2026-03-09 23:01:34,138{GMT}	INFO	[jepsen worker 2] jepsen.util: 2	:fail	:read	[6 nil]	:net-timeout
2026-03-09 23:01:34,139{GMT}	INFO	[jepsen worker 2] jepsen.util: 2	:invoke	:read	[6 nil]
2026-03-09 23:01:34,322{GMT}	INFO	[jepsen worker 1] jepsen.util: 1	:fail	:read	[6 nil]	:net-timeout
2026-03-09 23:01:34,322{GMT}	INFO	[jepsen worker 1] jepsen.util: 1	:invoke	:read	[6 nil]
2026-03-09 23:01:34,459{GMT}	INFO	[jepsen worker 3] jepsen.util: 195	:info	:cas	[6 [1 4]]	:net-timeout
2026-03-09 23:01:34,502{GMT}	INFO	[jepsen worker 3] jepsen.util: 201	:invoke	:cas	[6 [4 0]]
2026-03-09 23:01:34,678{GMT}	INFO	[jepsen worker 4] jepsen.util: 196	:info	:cas	[6 [0 0]]	:net-timeout
2026-03-09 23:01:34,679{GMT}	INFO	[jepsen worker 4] jepsen.util: 202	:invoke	:write	[6 0]
2026-03-09 23:01:34,857{GMT}	INFO	[jepsen worker 5] jepsen.util: 197	:info	:cas	[6 [3 2]]	:net-timeout
2026-03-09 23:01:34,858{GMT}	INFO	[jepsen worker 5] jepsen.util: 203	:invoke	:cas	[6 [1 4]]
2026-03-09 23:01:35,061{GMT}	INFO	[jepsen worker 0] jepsen.util: 0	:fail	:read	[6 nil]	:net-timeout
2026-03-09 23:01:35,062{GMT}	INFO	[jepsen worker 0] jepsen.util: 0	:invoke	:read	[6 nil]
2026-03-09 23:01:35,145{GMT}	INFO	[jepsen worker 2] jepsen.util: 2	:fail	:read	[6 nil]	:net-timeout
2026-03-09 23:01:35,146{GMT}	INFO	[jepsen worker 2] jepsen.util: 2	:invoke	:read	[6 nil]
2026-03-09 23:01:35,323{GMT}	INFO	[jepsen worker 1] jepsen.util: 1	:fail	:read	[6 nil]	:net-timeout
2026-03-09 23:01:35,324{GMT}	INFO	[jepsen worker 1] jepsen.util: 1	:invoke	:read	[6 nil]
2026-03-09 23:01:35,507{GMT}	INFO	[jepsen worker 3] jepsen.util: 201	:info	:cas	[6 [4 0]]	:net-timeout
2026-03-09 23:01:35,508{GMT}	INFO	[jepsen worker 3] jepsen.util: 207	:invoke	:cas	[6 [0 3]]
2026-03-09 23:01:35,681{GMT}	INFO	[jepsen worker 4] jepsen.util: 202	:info	:write	[6 0]	:net-timeout
2026-03-09 23:01:35,681{GMT}	INFO	[jepsen worker 4] jepsen.util: 208	:invoke	:cas	[6 [4 2]]
2026-03-09 23:01:35,861{GMT}	INFO	[jepsen worker 5] jepsen.util: 203	:info	:cas	[6 [1 4]]	:net-timeout
2026-03-09 23:01:35,862{GMT}	INFO	[jepsen worker 5] jepsen.util: 209	:invoke	:write	[6 0]
2026-03-09 23:01:36,069{GMT}	INFO	[jepsen worker 0] jepsen.util: 0	:fail	:read	[6 nil]	:net-timeout
2026-03-09 23:01:36,069{GMT}	INFO	[jepsen worker 0] jepsen.util: 0	:invoke	:read	[6 nil]
2026-03-09 23:01:36,147{GMT}	INFO	[jepsen worker 2] jepsen.util: 2	:fail	:read	[6 nil]	:net-timeout
2026-03-09 23:01:36,147{GMT}	INFO	[jepsen worker 2] jepsen.util: 2	:invoke	:read	[6 nil]
2026-03-09 23:01:36,328{GMT}	INFO	[jepsen worker 1] jepsen.util: 1	:fail	:read	[6 nil]	:net-timeout
2026-03-09 23:01:36,345{GMT}	INFO	[jepsen worker 1] jepsen.util: 1	:invoke	:read	[6 nil]
2026-03-09 23:01:36,513{GMT}	INFO	[jepsen worker 3] jepsen.util: 207	:info	:cas	[6 [0 3]]	:net-timeout
2026-03-09 23:01:36,513{GMT}	INFO	[jepsen worker 3] jepsen.util: 213	:invoke	:cas	[6 [1 2]]
2026-03-09 23:01:36,687{GMT}	INFO	[jepsen worker 4] jepsen.util: 208	:info	:cas	[6 [4 2]]	:net-timeout
2026-03-09 23:01:36,688{GMT}	INFO	[jepsen worker 4] jepsen.util: 214	:invoke	:cas	[6 [0 1]]
2026-03-09 23:01:36,867{GMT}	INFO	[jepsen worker 5] jepsen.util: 209	:info	:write	[6 0]	:net-timeout
2026-03-09 23:01:36,869{GMT}	INFO	[jepsen worker 5] jepsen.util: 215	:invoke	:cas	[7 [2 3]]
2026-03-09 23:01:37,070{GMT}	INFO	[jepsen worker 0] jepsen.util: 0	:fail	:read	[6 nil]	:net-timeout
2026-03-09 23:01:37,071{GMT}	INFO	[jepsen worker 0] jepsen.util: 0	:invoke	:read	[7 nil]
2026-03-09 23:01:37,152{GMT}	INFO	[jepsen worker 2] jepsen.util: 2	:fail	:read	[6 nil]	:net-timeout
2026-03-09 23:01:37,153{GMT}	INFO	[jepsen worker 2] jepsen.util: 2	:invoke	:read	[7 nil]
2026-03-09 23:01:37,349{GMT}	INFO	[jepsen worker 1] jepsen.util: 1	:fail	:read	[6 nil]	:net-timeout
2026-03-09 23:01:37,350{GMT}	INFO	[jepsen worker 1] jepsen.util: 1	:invoke	:read	[7 nil]
2026-03-09 23:01:37,519{GMT}	INFO	[jepsen worker 3] jepsen.util: 213	:info	:cas	[6 [1 2]]	:net-timeout
2026-03-09 23:01:37,520{GMT}	INFO	[jepsen worker 3] jepsen.util: 219	:invoke	:cas	[7 [4 2]]
2026-03-09 23:01:37,690{GMT}	INFO	[jepsen worker 4] jepsen.util: 214	:info	:cas	[6 [0 1]]	:net-timeout
2026-03-09 23:01:37,690{GMT}	INFO	[jepsen worker 4] jepsen.util: 220	:invoke	:cas	[7 [2 1]]
2026-03-09 23:01:37,871{GMT}	INFO	[jepsen worker 5] jepsen.util: 215	:info	:cas	[7 [2 3]]	:net-timeout
2026-03-09 23:01:37,871{GMT}	INFO	[jepsen worker 5] jepsen.util: 221	:invoke	:cas	[7 [3 2]]
2026-03-09 23:01:38,076{GMT}	INFO	[jepsen worker 0] jepsen.util: 0	:fail	:read	[7 nil]	:net-timeout
2026-03-09 23:01:38,076{GMT}	INFO	[jepsen worker 0] jepsen.util: 0	:invoke	:read	[7 nil]
2026-03-09 23:01:38,156{GMT}	INFO	[jepsen worker 2] jepsen.util: 2	:fail	:read	[7 nil]	:net-timeout
2026-03-09 23:01:38,278{GMT}	INFO	[jepsen worker 2] jepsen.util: 2	:invoke	:read	[7 nil]
2026-03-09 23:01:38,351{GMT}	INFO	[jepsen worker 1] jepsen.util: 1	:fail	:read	[7 nil]	:net-timeout
2026-03-09 23:01:38,352{GMT}	INFO	[jepsen worker 1] jepsen.util: 1	:invoke	:read	[7 nil]
2026-03-09 23:01:38,523{GMT}	INFO	[jepsen worker 3] jepsen.util: 219	:info	:cas	[7 [4 2]]	:net-timeout
2026-03-09 23:01:38,523{GMT}	INFO	[jepsen worker 3] jepsen.util: 225	:invoke	:write	[7 1]
2026-03-09 23:01:38,691{GMT}	INFO	[jepsen worker 4] jepsen.util: 220	:info	:cas	[7 [2 1]]	:net-timeout
2026-03-09 23:01:38,692{GMT}	INFO	[jepsen worker 4] jepsen.util: 226	:invoke	:write	[7 3]
2026-03-09 23:01:38,876{GMT}	INFO	[jepsen worker 5] jepsen.util: 221	:info	:cas	[7 [3 2]]	:net-timeout
2026-03-09 23:01:38,876{GMT}	INFO	[jepsen worker 5] jepsen.util: 227	:invoke	:cas	[7 [0 1]]
2026-03-09 23:01:39,082{GMT}	INFO	[jepsen worker 0] jepsen.util: 0	:fail	:read	[7 nil]	:net-timeout
2026-03-09 23:01:39,082{GMT}	INFO	[jepsen worker 0] jepsen.util: 0	:invoke	:read	[7 nil]
2026-03-09 23:01:39,283{GMT}	INFO	[jepsen worker 2] jepsen.util: 2	:fail	:read	[7 nil]	:net-timeout
2026-03-09 23:01:39,284{GMT}	INFO	[jepsen worker 2] jepsen.util: 2	:invoke	:read	[7 nil]
2026-03-09 23:01:39,357{GMT}	INFO	[jepsen worker 1] jepsen.util: 1	:fail	:read	[7 nil]	:net-timeout
2026-03-09 23:01:39,473{GMT}	INFO	[jepsen worker 1] jepsen.util: 1	:invoke	:read	[7 nil]
2026-03-09 23:01:39,528{GMT}	INFO	[jepsen worker 3] jepsen.util: 225	:info	:write	[7 1]	:net-timeout
2026-03-09 23:01:39,672{GMT}	INFO	[jepsen worker 3] jepsen.util: 231	:invoke	:cas	[7 [2 2]]
2026-03-09 23:01:39,693{GMT}	INFO	[jepsen worker 4] jepsen.util: 226	:info	:write	[7 3]	:net-timeout
2026-03-09 23:01:39,694{GMT}	INFO	[jepsen worker 4] jepsen.util: 232	:invoke	:cas	[7 [3 4]]
2026-03-09 23:01:39,881{GMT}	INFO	[jepsen worker 5] jepsen.util: 227	:info	:cas	[7 [0 1]]	:net-timeout
2026-03-09 23:01:39,882{GMT}	INFO	[jepsen worker 5] jepsen.util: 233	:invoke	:cas	[7 [0 3]]
2026-03-09 23:01:40,088{GMT}	INFO	[jepsen worker 0] jepsen.util: 0	:fail	:read	[7 nil]	:net-timeout
2026-03-09 23:01:40,088{GMT}	INFO	[jepsen worker 0] jepsen.util: 0	:invoke	:read	[7 nil]
2026-03-09 23:01:40,291{GMT}	INFO	[jepsen worker 2] jepsen.util: 2	:fail	:read	[7 nil]	:net-timeout
2026-03-09 23:01:40,291{GMT}	INFO	[jepsen worker 2] jepsen.util: 2	:invoke	:read	[7 nil]
2026-03-09 23:01:40,474{GMT}	INFO	[jepsen worker 1] jepsen.util: 1	:fail	:read	[7 nil]	:net-timeout
2026-03-09 23:01:40,474{GMT}	INFO	[jepsen worker 1] jepsen.util: 1	:invoke	:read	[7 nil]
2026-03-09 23:01:40,678{GMT}	INFO	[jepsen worker 3] jepsen.util: 231	:info	:cas	[7 [2 2]]	:net-timeout
2026-03-09 23:01:40,678{GMT}	INFO	[jepsen worker 3] jepsen.util: 237	:invoke	:cas	[7 [2 1]]
2026-03-09 23:01:40,699{GMT}	INFO	[jepsen worker 4] jepsen.util: 232	:info	:cas	[7 [3 4]]	:net-timeout
2026-03-09 23:01:40,756{GMT}	INFO	[jepsen worker 4] jepsen.util: 238	:invoke	:write	[7 3]
2026-03-09 23:01:40,887{GMT}	INFO	[jepsen worker 5] jepsen.util: 233	:info	:cas	[7 [0 3]]	:net-timeout
2026-03-09 23:01:40,888{GMT}	INFO	[jepsen worker 5] jepsen.util: 239	:invoke	:write	[7 3]
2026-03-09 23:01:41,089{GMT}	INFO	[jepsen worker 0] jepsen.util: 0	:fail	:read	[7 nil]	:net-timeout
2026-03-09 23:01:41,090{GMT}	INFO	[jepsen worker 0] jepsen.util: 0	:invoke	:read	[7 nil]
2026-03-09 23:01:41,296{GMT}	INFO	[jepsen worker 2] jepsen.util: 2	:fail	:read	[7 nil]	:net-timeout
2026-03-09 23:01:41,296{GMT}	INFO	[jepsen worker 2] jepsen.util: 2	:invoke	:read	[7 nil]
2026-03-09 23:01:41,479{GMT}	INFO	[jepsen worker 1] jepsen.util: 1	:fail	:read	[7 nil]	:net-timeout
2026-03-09 23:01:41,480{GMT}	INFO	[jepsen worker 1] jepsen.util: 1	:invoke	:read	[7 nil]
2026-03-09 23:01:41,679{GMT}	INFO	[jepsen worker 3] jepsen.util: 237	:info	:cas	[7 [2 1]]	:net-timeout
2026-03-09 23:01:41,679{GMT}	INFO	[jepsen worker 3] jepsen.util: 243	:invoke	:cas	[7 [1 2]]
2026-03-09 23:01:41,761{GMT}	INFO	[jepsen worker 4] jepsen.util: 238	:info	:write	[7 3]	:net-timeout
2026-03-09 23:01:41,806{GMT}	INFO	[jepsen worker 4] jepsen.util: 244	:invoke	:write	[7 4]
2026-03-09 23:01:41,889{GMT}	INFO	[jepsen worker 5] jepsen.util: 239	:info	:write	[7 3]	:net-timeout
2026-03-09 23:01:42,007{GMT}	INFO	[jepsen worker 5] jepsen.util: 245	:invoke	:write	[8 2]
2026-03-09 23:01:42,095{GMT}	INFO	[jepsen worker 0] jepsen.util: 0	:fail	:read	[7 nil]	:net-timeout
2026-03-09 23:01:42,203{GMT}	INFO	[jepsen worker 0] jepsen.util: 0	:invoke	:read	[8 nil]
2026-03-09 23:01:42,298{GMT}	INFO	[jepsen worker 2] jepsen.util: 2	:fail	:read	[7 nil]	:net-timeout
2026-03-09 23:01:42,299{GMT}	INFO	[jepsen worker 2] jepsen.util: 2	:invoke	:read	[8 nil]
2026-03-09 23:01:42,485{GMT}	INFO	[jepsen worker 1] jepsen.util: 1	:fail	:read	[7 nil]	:net-timeout
2026-03-09 23:01:42,486{GMT}	INFO	[jepsen worker 1] jepsen.util: 1	:invoke	:read	[8 nil]
2026-03-09 23:01:42,685{GMT}	INFO	[jepsen worker 3] jepsen.util: 243	:info	:cas	[7 [1 2]]	:net-timeout
2026-03-09 23:01:42,687{GMT}	INFO	[jepsen worker 3] jepsen.util: 249	:invoke	:cas	[8 [1 0]]
2026-03-09 23:01:42,810{GMT}	INFO	[jepsen worker 4] jepsen.util: 244	:info	:write	[7 4]	:net-timeout
2026-03-09 23:01:42,812{GMT}	INFO	[jepsen worker 4] jepsen.util: 250	:invoke	:cas	[8 [2 4]]
2026-03-09 23:01:43,012{GMT}	INFO	[jepsen worker 5] jepsen.util: 245	:info	:write	[8 2]	:net-timeout
2026-03-09 23:01:43,012{GMT}	INFO	[jepsen worker 5] jepsen.util: 251	:invoke	:cas	[8 [0 4]]
2026-03-09 23:01:43,206{GMT}	INFO	[jepsen worker 0] jepsen.util: 0	:fail	:read	[8 nil]	:net-timeout
2026-03-09 23:01:43,206{GMT}	INFO	[jepsen worker 0] jepsen.util: 0	:invoke	:read	[8 nil]
2026-03-09 23:01:43,304{GMT}	INFO	[jepsen worker 2] jepsen.util: 2	:fail	:read	[8 nil]	:net-timeout
2026-03-09 23:01:43,393{GMT}	INFO	[jepsen worker 2] jepsen.util: 2	:invoke	:read	[8 nil]
2026-03-09 23:01:43,490{GMT}	INFO	[jepsen worker 1] jepsen.util: 1	:fail	:read	[8 nil]	:net-timeout
2026-03-09 23:01:43,490{GMT}	INFO	[jepsen worker 1] jepsen.util: 1	:invoke	:read	[8 nil]
2026-03-09 23:01:43,692{GMT}	INFO	[jepsen worker 3] jepsen.util: 249	:info	:cas	[8 [1 0]]	:net-timeout
2026-03-09 23:01:43,692{GMT}	INFO	[jepsen worker 3] jepsen.util: 255	:invoke	:write	[8 3]
2026-03-09 23:01:43,816{GMT}	INFO	[jepsen worker 4] jepsen.util: 250	:info	:cas	[8 [2 4]]	:net-timeout
2026-03-09 23:01:43,816{GMT}	INFO	[jepsen worker 4] jepsen.util: 256	:invoke	:write	[8 0]
2026-03-09 23:01:44,013{GMT}	INFO	[jepsen worker 5] jepsen.util: 251	:info	:cas	[8 [0 4]]	:net-timeout
2026-03-09 23:01:44,014{GMT}	INFO	[jepsen worker 5] jepsen.util: 257	:invoke	:cas	[8 [2 2]]
2026-03-09 23:01:44,211{GMT}	INFO	[jepsen worker 0] jepsen.util: 0	:fail	:read	[8 nil]	:net-timeout
2026-03-09 23:01:44,212{GMT}	INFO	[jepsen worker 0] jepsen.util: 0	:invoke	:read	[8 nil]
2026-03-09 23:01:44,399{GMT}	INFO	[jepsen worker 2] jepsen.util: 2	:fail	:read	[8 nil]	:net-timeout
2026-03-09 23:01:44,400{GMT}	INFO	[jepsen worker 2] jepsen.util: 2	:invoke	:read	[8 nil]
2026-03-09 23:01:44,495{GMT}	INFO	[jepsen worker 1] jepsen.util: 1	:fail	:read	[8 nil]	:net-timeout
2026-03-09 23:01:44,496{GMT}	INFO	[jepsen worker 1] jepsen.util: 1	:invoke	:read	[8 nil]
2026-03-09 23:01:44,697{GMT}	INFO	[jepsen worker 3] jepsen.util: 255	:info	:write	[8 3]	:net-timeout
2026-03-09 23:01:44,697{GMT}	INFO	[jepsen worker 3] jepsen.util: 261	:invoke	:cas	[8 [2 4]]
2026-03-09 23:01:44,822{GMT}	INFO	[jepsen worker 4] jepsen.util: 256	:info	:write	[8 0]	:net-timeout
2026-03-09 23:01:44,823{GMT}	INFO	[jepsen worker 4] jepsen.util: 262	:invoke	:cas	[8 [0 3]]
2026-03-09 23:01:45,020{GMT}	INFO	[jepsen worker 5] jepsen.util: 257	:info	:cas	[8 [2 2]]	:net-timeout
2026-03-09 23:01:45,021{GMT}	INFO	[jepsen worker 5] jepsen.util: 263	:invoke	:cas	[8 [3 0]]
2026-03-09 23:01:45,217{GMT}	INFO	[jepsen worker 0] jepsen.util: 0	:fail	:read	[8 nil]	:net-timeout
2026-03-09 23:01:45,217{GMT}	INFO	[jepsen worker 0] jepsen.util: 0	:invoke	:read	[8 nil]
2026-03-09 23:01:45,403{GMT}	INFO	[jepsen worker 2] jepsen.util: 2	:fail	:read	[8 nil]	:net-timeout
2026-03-09 23:01:45,403{GMT}	INFO	[jepsen worker 2] jepsen.util: 2	:invoke	:read	[8 nil]
2026-03-09 23:01:45,501{GMT}	INFO	[jepsen worker 1] jepsen.util: 1	:fail	:read	[8 nil]	:net-timeout
2026-03-09 23:01:45,502{GMT}	INFO	[jepsen worker 1] jepsen.util: 1	:invoke	:read	[8 nil]
2026-03-09 23:01:45,703{GMT}	INFO	[jepsen worker 3] jepsen.util: 261	:info	:cas	[8 [2 4]]	:net-timeout
2026-03-09 23:01:45,703{GMT}	INFO	[jepsen worker 3] jepsen.util: 267	:invoke	:write	[8 1]
2026-03-09 23:01:45,828{GMT}	INFO	[jepsen worker 4] jepsen.util: 262	:info	:cas	[8 [0 3]]	:net-timeout
2026-03-09 23:01:45,829{GMT}	INFO	[jepsen worker 4] jepsen.util: 268	:invoke	:cas	[8 [0 4]]
2026-03-09 23:01:46,023{GMT}	INFO	[jepsen worker 5] jepsen.util: 263	:info	:cas	[8 [3 0]]	:net-timeout
2026-03-09 23:01:46,023{GMT}	INFO	[jepsen worker 5] jepsen.util: 269	:invoke	:cas	[8 [3 4]]
2026-03-09 23:01:46,221{GMT}	INFO	[jepsen worker 0] jepsen.util: 0	:fail	:read	[8 nil]	:net-timeout
2026-03-09 23:01:46,221{GMT}	INFO	[jepsen worker 0] jepsen.util: 0	:invoke	:read	[8 nil]
2026-03-09 23:01:46,406{GMT}	INFO	[jepsen worker 2] jepsen.util: 2	:fail	:read	[8 nil]	:net-timeout
2026-03-09 23:01:46,406{GMT}	INFO	[jepsen worker 2] jepsen.util: 2	:invoke	:read	[8 nil]
2026-03-09 23:01:46,506{GMT}	INFO	[jepsen worker 1] jepsen.util: 1	:fail	:read	[8 nil]	:net-timeout
2026-03-09 23:01:46,571{GMT}	INFO	[jepsen worker 1] jepsen.util: 1	:invoke	:read	[8 nil]
2026-03-09 23:01:46,708{GMT}	INFO	[jepsen worker 3] jepsen.util: 267	:info	:write	[8 1]	:net-timeout
2026-03-09 23:01:46,708{GMT}	INFO	[jepsen worker 3] jepsen.util: 273	:invoke	:cas	[8 [1 3]]
2026-03-09 23:01:46,833{GMT}	INFO	[jepsen worker 4] jepsen.util: 268	:info	:cas	[8 [0 4]]	:net-timeout
2026-03-09 23:01:46,855{GMT}	INFO	[jepsen worker 4] jepsen.util: 274	:invoke	:cas	[8 [0 2]]
2026-03-09 23:01:47,024{GMT}	INFO	[jepsen worker 5] jepsen.util: 269	:info	:cas	[8 [3 4]]	:net-timeout
2026-03-09 23:01:47,025{GMT}	INFO	[jepsen worker 5] jepsen.util: 275	:invoke	:cas	[9 [2 2]]
2026-03-09 23:01:47,225{GMT}	INFO	[jepsen worker 0] jepsen.util: 0	:fail	:read	[8 nil]	:net-timeout
2026-03-09 23:01:47,226{GMT}	INFO	[jepsen worker 0] jepsen.util: 0	:invoke	:read	[9 nil]
2026-03-09 23:01:47,411{GMT}	INFO	[jepsen worker 2] jepsen.util: 2	:fail	:read	[8 nil]	:net-timeout
2026-03-09 23:01:47,412{GMT}	INFO	[jepsen worker 2] jepsen.util: 2	:invoke	:read	[9 nil]
2026-03-09 23:01:47,573{GMT}	INFO	[jepsen worker 1] jepsen.util: 1	:fail	:read	[8 nil]	:net-timeout
2026-03-09 23:01:47,575{GMT}	INFO	[jepsen worker 1] jepsen.util: 1	:invoke	:read	[9 nil]
2026-03-09 23:01:47,710{GMT}	INFO	[jepsen worker 3] jepsen.util: 273	:info	:cas	[8 [1 3]]	:net-timeout
2026-03-09 23:01:47,710{GMT}	INFO	[jepsen worker 3] jepsen.util: 279	:invoke	:write	[9 0]
2026-03-09 23:01:47,860{GMT}	INFO	[jepsen worker 4] jepsen.util: 274	:info	:cas	[8 [0 2]]	:net-timeout
2026-03-09 23:01:47,861{GMT}	INFO	[jepsen worker 4] jepsen.util: 280	:invoke	:cas	[9 [3 2]]
2026-03-09 23:01:48,030{GMT}	INFO	[jepsen worker 5] jepsen.util: 275	:info	:cas	[9 [2 2]]	:net-timeout
2026-03-09 23:01:48,030{GMT}	INFO	[jepsen worker 5] jepsen.util: 281	:invoke	:cas	[9 [4 1]]
2026-03-09 23:01:48,227{GMT}	INFO	[jepsen worker 0] jepsen.util: 0	:fail	:read	[9 nil]	:net-timeout
2026-03-09 23:01:48,227{GMT}	INFO	[jepsen worker 0] jepsen.util: 0	:invoke	:read	[9 nil]
2026-03-09 23:01:48,418{GMT}	INFO	[jepsen worker 2] jepsen.util: 2	:fail	:read	[9 nil]	:net-timeout
2026-03-09 23:01:48,418{GMT}	INFO	[jepsen worker 2] jepsen.util: 2	:invoke	:read	[9 nil]
2026-03-09 23:01:48,581{GMT}	INFO	[jepsen worker 1] jepsen.util: 1	:fail	:read	[9 nil]	:net-timeout
2026-03-09 23:01:48,604{GMT}	INFO	[jepsen worker 1] jepsen.util: 1	:invoke	:read	[9 nil]
2026-03-09 23:01:48,715{GMT}	INFO	[jepsen worker 3] jepsen.util: 279	:info	:write	[9 0]	:net-timeout
2026-03-09 23:01:48,716{GMT}	INFO	[jepsen worker 3] jepsen.util: 285	:invoke	:cas	[9 [3 0]]
2026-03-09 23:01:48,866{GMT}	INFO	[jepsen worker 4] jepsen.util: 280	:info	:cas	[9 [3 2]]	:net-timeout
2026-03-09 23:01:48,866{GMT}	INFO	[jepsen worker 4] jepsen.util: 286	:invoke	:cas	[9 [0 4]]
2026-03-09 23:01:49,035{GMT}	INFO	[jepsen worker 5] jepsen.util: 281	:info	:cas	[9 [4 1]]	:net-timeout
2026-03-09 23:01:49,035{GMT}	INFO	[jepsen worker 5] jepsen.util: 287	:invoke	:write	[9 2]
2026-03-09 23:01:49,232{GMT}	INFO	[jepsen worker 0] jepsen.util: 0	:fail	:read	[9 nil]	:net-timeout
2026-03-09 23:01:49,233{GMT}	INFO	[jepsen worker 0] jepsen.util: 0	:invoke	:read	[9 nil]
2026-03-09 23:01:49,422{GMT}	INFO	[jepsen worker 2] jepsen.util: 2	:fail	:read	[9 nil]	:net-timeout
2026-03-09 23:01:49,422{GMT}	INFO	[jepsen worker 2] jepsen.util: 2	:invoke	:read	[9 nil]
2026-03-09 23:01:49,607{GMT}	INFO	[jepsen worker 1] jepsen.util: 1	:fail	:read	[9 nil]	:net-timeout
2026-03-09 23:01:49,608{GMT}	INFO	[jepsen worker 1] jepsen.util: 1	:invoke	:read	[9 nil]
2026-03-09 23:01:49,721{GMT}	INFO	[jepsen worker 3] jepsen.util: 285	:info	:cas	[9 [3 0]]	:net-timeout
2026-03-09 23:01:49,721{GMT}	INFO	[jepsen worker 3] jepsen.util: 291	:invoke	:cas	[9 [3 0]]
2026-03-09 23:01:49,871{GMT}	INFO	[jepsen worker 4] jepsen.util: 286	:info	:cas	[9 [0 4]]	:net-timeout
2026-03-09 23:01:49,871{GMT}	INFO	[jepsen worker 4] jepsen.util: 292	:invoke	:cas	[9 [2 4]]
2026-03-09 23:01:50,044{GMT}	INFO	[jepsen worker 5] jepsen.util: 287	:info	:write	[9 2]	:net-timeout
2026-03-09 23:01:50,045{GMT}	INFO	[jepsen worker 5] jepsen.util: 293	:invoke	:cas	[9 [0 2]]
2026-03-09 23:01:50,236{GMT}	INFO	[jepsen worker 0] jepsen.util: 0	:fail	:read	[9 nil]	:net-timeout
2026-03-09 23:01:50,237{GMT}	INFO	[jepsen worker 0] jepsen.util: 0	:invoke	:read	[9 nil]
2026-03-09 23:01:50,427{GMT}	INFO	[jepsen worker 2] jepsen.util: 2	:fail	:read	[9 nil]	:net-timeout
2026-03-09 23:01:50,428{GMT}	INFO	[jepsen worker 2] jepsen.util: 2	:invoke	:read	[9 nil]
2026-03-09 23:01:50,610{GMT}	INFO	[jepsen worker 1] jepsen.util: 1	:fail	:read	[9 nil]	:net-timeout
2026-03-09 23:01:50,613{GMT}	INFO	[jepsen worker 1] jepsen.util: 1	:invoke	:read	[9 nil]
2026-03-09 23:01:50,726{GMT}	INFO	[jepsen worker 3] jepsen.util: 291	:info	:cas	[9 [3 0]]	:net-timeout
2026-03-09 23:01:50,727{GMT}	INFO	[jepsen worker 3] jepsen.util: 297	:invoke	:cas	[9 [1 0]]
2026-03-09 23:01:50,872{GMT}	INFO	[jepsen worker 4] jepsen.util: 292	:info	:cas	[9 [2 4]]	:net-timeout
2026-03-09 23:01:50,929{GMT}	INFO	[jepsen worker 4] jepsen.util: 298	:invoke	:write	[9 1]
2026-03-09 23:01:51,051{GMT}	INFO	[jepsen worker 5] jepsen.util: 293	:info	:cas	[9 [0 2]]	:net-timeout
2026-03-09 23:01:51,052{GMT}	INFO	[jepsen worker 5] jepsen.util: 299	:invoke	:cas	[9 [2 4]]
2026-03-09 23:01:51,240{GMT}	INFO	[jepsen worker 0] jepsen.util: 0	:fail	:read	[9 nil]	:net-timeout
2026-03-09 23:01:51,240{GMT}	INFO	[jepsen worker 0] jepsen.util: 0	:invoke	:read	[9 nil]
2026-03-09 23:01:51,433{GMT}	INFO	[jepsen worker 2] jepsen.util: 2	:fail	:read	[9 nil]	:net-timeout
2026-03-09 23:01:51,433{GMT}	INFO	[jepsen worker 2] jepsen.util: 2	:invoke	:read	[9 nil]
2026-03-09 23:01:51,618{GMT}	INFO	[jepsen worker 1] jepsen.util: 1	:fail	:read	[9 nil]	:net-timeout
2026-03-09 23:01:51,618{GMT}	INFO	[jepsen worker 1] jepsen.util: 1	:invoke	:read	[9 nil]
2026-03-09 23:01:51,729{GMT}	INFO	[jepsen worker 3] jepsen.util: 297	:info	:cas	[9 [1 0]]	:net-timeout
2026-03-09 23:01:51,729{GMT}	INFO	[jepsen worker 3] jepsen.util: 303	:invoke	:cas	[9 [1 4]]
2026-03-09 23:01:51,934{GMT}	INFO	[jepsen worker 4] jepsen.util: 298	:info	:write	[9 1]	:net-timeout
2026-03-09 23:01:51,935{GMT}	INFO	[jepsen worker 4] jepsen.util: 304	:invoke	:write	[9 0]
2026-03-09 23:01:52,056{GMT}	INFO	[jepsen worker 5] jepsen.util: 299	:info	:cas	[9 [2 4]]	:net-timeout
2026-03-09 23:01:52,121{GMT}	INFO	[jepsen worker 5] jepsen.util: 305	:invoke	:write	[10 1]
2026-03-09 23:01:52,240{GMT}	INFO	[jepsen worker 0] jepsen.util: 0	:fail	:read	[9 nil]	:net-timeout
2026-03-09 23:01:52,241{GMT}	INFO	[jepsen worker 0] jepsen.util: 0	:invoke	:read	[10 nil]
2026-03-09 23:01:52,438{GMT}	INFO	[jepsen worker 2] jepsen.util: 2	:fail	:read	[9 nil]	:net-timeout
2026-03-09 23:01:52,438{GMT}	INFO	[jepsen worker 2] jepsen.util: 2	:invoke	:read	[10 nil]
2026-03-09 23:01:52,620{GMT}	INFO	[jepsen worker 1] jepsen.util: 1	:fail	:read	[9 nil]	:net-timeout
2026-03-09 23:01:52,624{GMT}	INFO	[jepsen worker 1] jepsen.util: 1	:invoke	:read	[10 nil]
2026-03-09 23:01:52,731{GMT}	INFO	[jepsen worker 3] jepsen.util: 303	:info	:cas	[9 [1 4]]	:net-timeout
2026-03-09 23:01:52,731{GMT}	INFO	[jepsen worker 3] jepsen.util: 309	:invoke	:cas	[10 [3 0]]
2026-03-09 23:01:52,935{GMT}	INFO	[jepsen worker 4] jepsen.util: 304	:info	:write	[9 0]	:net-timeout
2026-03-09 23:01:52,935{GMT}	INFO	[jepsen worker 4] jepsen.util: 310	:invoke	:write	[10 2]
2026-03-09 23:01:53,121{GMT}	INFO	[jepsen worker 5] jepsen.util: 305	:info	:write	[10 1]	:net-timeout
2026-03-09 23:01:53,121{GMT}	INFO	[jepsen worker 5] jepsen.util: 311	:invoke	:write	[10 3]
2026-03-09 23:01:53,245{GMT}	INFO	[jepsen worker 0] jepsen.util: 0	:fail	:read	[10 nil]	:net-timeout
2026-03-09 23:01:53,245{GMT}	INFO	[jepsen worker 0] jepsen.util: 0	:invoke	:read	[10 nil]
2026-03-09 23:01:53,443{GMT}	INFO	[jepsen worker 2] jepsen.util: 2	:fail	:read	[10 nil]	:net-timeout
2026-03-09 23:01:53,443{GMT}	INFO	[jepsen worker 2] jepsen.util: 2	:invoke	:read	[10 nil]
2026-03-09 23:01:53,624{GMT}	INFO	[jepsen worker 1] jepsen.util: 1	:fail	:read	[10 nil]	:net-timeout
2026-03-09 23:01:53,624{GMT}	INFO	[jepsen worker 1] jepsen.util: 1	:invoke	:read	[10 nil]
2026-03-09 23:01:53,734{GMT}	INFO	[jepsen worker 3] jepsen.util: 309	:info	:cas	[10 [3 0]]	:net-timeout
2026-03-09 23:01:53,822{GMT}	INFO	[jepsen worker 3] jepsen.util: 315	:invoke	:write	[10 1]
2026-03-09 23:01:53,935{GMT}	INFO	[jepsen worker 4] jepsen.util: 310	:info	:write	[10 2]	:net-timeout
2026-03-09 23:01:53,935{GMT}	INFO	[jepsen worker 4] jepsen.util: 316	:invoke	:cas	[10 [2 4]]
2026-03-09 23:01:54,123{GMT}	INFO	[jepsen worker 5] jepsen.util: 311	:info	:write	[10 3]	:net-timeout
2026-03-09 23:01:54,123{GMT}	INFO	[jepsen worker 5] jepsen.util: 317	:invoke	:cas	[10 [4 2]]
2026-03-09 23:01:54,250{GMT}	INFO	[jepsen worker 0] jepsen.util: 0	:fail	:read	[10 nil]	:net-timeout
2026-03-09 23:01:54,251{GMT}	INFO	[jepsen worker 0] jepsen.util: 0	:invoke	:read	[10 nil]
2026-03-09 23:01:54,444{GMT}	INFO	[jepsen worker 2] jepsen.util: 2	:fail	:read	[10 nil]	:net-timeout
2026-03-09 23:01:54,445{GMT}	INFO	[jepsen worker 2] jepsen.util: 2	:invoke	:read	[10 nil]
2026-03-09 23:01:54,629{GMT}	INFO	[jepsen worker 1] jepsen.util: 1	:fail	:read	[10 nil]	:net-timeout
2026-03-09 23:01:54,630{GMT}	INFO	[jepsen worker 1] jepsen.util: 1	:invoke	:read	[10 nil]
2026-03-09 23:01:54,825{GMT}	INFO	[jepsen worker 3] jepsen.util: 315	:info	:write	[10 1]	:net-timeout
2026-03-09 23:01:54,825{GMT}	INFO	[jepsen worker 3] jepsen.util: 321	:invoke	:cas	[10 [2 2]]
2026-03-09 23:01:54,940{GMT}	INFO	[jepsen worker 4] jepsen.util: 316	:info	:cas	[10 [2 4]]	:net-timeout
2026-03-09 23:01:54,941{GMT}	INFO	[jepsen worker 4] jepsen.util: 322	:invoke	:cas	[10 [0 1]]
2026-03-09 23:01:55,126{GMT}	INFO	[jepsen worker 5] jepsen.util: 317	:info	:cas	[10 [4 2]]	:net-timeout
2026-03-09 23:01:55,127{GMT}	INFO	[jepsen worker 5] jepsen.util: 323	:invoke	:write	[10 0]
2026-03-09 23:01:55,257{GMT}	INFO	[jepsen worker 0] jepsen.util: 0	:fail	:read	[10 nil]	:net-timeout
2026-03-09 23:01:55,258{GMT}	INFO	[jepsen worker 0] jepsen.util: 0	:invoke	:read	[10 nil]
2026-03-09 23:01:55,445{GMT}	INFO	[jepsen worker 2] jepsen.util: 2	:fail	:read	[10 nil]	:net-timeout
2026-03-09 23:01:55,446{GMT}	INFO	[jepsen worker 2] jepsen.util: 2	:invoke	:read	[10 nil]
2026-03-09 23:01:55,631{GMT}	INFO	[jepsen worker 1] jepsen.util: 1	:fail	:read	[10 nil]	:net-timeout
2026-03-09 23:01:55,631{GMT}	INFO	[jepsen worker 1] jepsen.util: 1	:invoke	:read	[10 nil]
2026-03-09 23:01:55,828{GMT}	INFO	[jepsen worker 3] jepsen.util: 321	:info	:cas	[10 [2 2]]	:net-timeout
2026-03-09 23:01:55,828{GMT}	INFO	[jepsen worker 3] jepsen.util: 327	:invoke	:cas	[10 [3 2]]
2026-03-09 23:01:55,943{GMT}	INFO	[jepsen worker 4] jepsen.util: 322	:info	:cas	[10 [0 1]]	:net-timeout
2026-03-09 23:01:55,944{GMT}	INFO	[jepsen worker 4] jepsen.util: 328	:invoke	:cas	[10 [1 3]]
2026-03-09 23:01:56,132{GMT}	INFO	[jepsen worker 5] jepsen.util: 323	:info	:write	[10 0]	:net-timeout
2026-03-09 23:01:56,133{GMT}	INFO	[jepsen worker 5] jepsen.util: 329	:invoke	:cas	[10 [1 1]]
2026-03-09 23:01:56,259{GMT}	INFO	[jepsen worker 0] jepsen.util: 0	:fail	:read	[10 nil]	:net-timeout
2026-03-09 23:01:56,260{GMT}	INFO	[jepsen worker 0] jepsen.util: 0	:invoke	:read	[10 nil]
2026-03-09 23:01:56,451{GMT}	INFO	[jepsen worker 2] jepsen.util: 2	:fail	:read	[10 nil]	:net-timeout
2026-03-09 23:01:56,451{GMT}	INFO	[jepsen worker 2] jepsen.util: 2	:invoke	:read	[10 nil]
2026-03-09 23:01:56,638{GMT}	INFO	[jepsen worker 1] jepsen.util: 1	:fail	:read	[10 nil]	:net-timeout
2026-03-09 23:01:56,638{GMT}	INFO	[jepsen worker 1] jepsen.util: 1	:invoke	:read	[10 nil]
2026-03-09 23:01:56,832{GMT}	INFO	[jepsen worker 3] jepsen.util: 327	:info	:cas	[10 [3 2]]	:net-timeout
2026-03-09 23:01:56,832{GMT}	INFO	[jepsen worker 3] jepsen.util: 333	:invoke	:cas	[10 [2 3]]
2026-03-09 23:01:56,949{GMT}	INFO	[jepsen worker 4] jepsen.util: 328	:info	:cas	[10 [1 3]]	:net-timeout
2026-03-09 23:01:56,949{GMT}	INFO	[jepsen worker 4] jepsen.util: 334	:invoke	:write	[10 0]
2026-03-09 23:01:57,136{GMT}	INFO	[jepsen worker 5] jepsen.util: 329	:info	:cas	[10 [1 1]]	:net-timeout
2026-03-09 23:01:57,138{GMT}	INFO	[jepsen worker 5] jepsen.util: 335	:invoke	:cas	[11 [3 0]]
2026-03-09 23:01:57,261{GMT}	INFO	[jepsen worker 0] jepsen.util: 0	:fail	:read	[10 nil]	:net-timeout
2026-03-09 23:01:57,262{GMT}	INFO	[jepsen worker 0] jepsen.util: 0	:invoke	:read	[11 nil]
2026-03-09 23:01:57,456{GMT}	INFO	[jepsen worker 2] jepsen.util: 2	:fail	:read	[10 nil]	:net-timeout
2026-03-09 23:01:57,457{GMT}	INFO	[jepsen worker 2] jepsen.util: 2	:invoke	:read	[11 nil]
2026-03-09 23:01:57,643{GMT}	INFO	[jepsen worker 1] jepsen.util: 1	:fail	:read	[10 nil]	:net-timeout
2026-03-09 23:01:57,644{GMT}	INFO	[jepsen worker 1] jepsen.util: 1	:invoke	:read	[11 nil]
2026-03-09 23:01:57,837{GMT}	INFO	[jepsen worker 3] jepsen.util: 333	:info	:cas	[10 [2 3]]	:net-timeout
2026-03-09 23:01:57,838{GMT}	INFO	[jepsen worker 3] jepsen.util: 339	:invoke	:cas	[11 [1 1]]
2026-03-09 23:01:57,952{GMT}	INFO	[jepsen worker 4] jepsen.util: 334	:info	:write	[10 0]	:net-timeout
2026-03-09 23:01:58,025{GMT}	INFO	[jepsen worker 4] jepsen.util: 340	:invoke	:cas	[11 [3 4]]
2026-03-09 23:01:58,142{GMT}	INFO	[jepsen worker 5] jepsen.util: 335	:info	:cas	[11 [3 0]]	:net-timeout
2026-03-09 23:01:58,142{GMT}	INFO	[jepsen worker 5] jepsen.util: 341	:invoke	:cas	[11 [3 4]]
2026-03-09 23:01:58,266{GMT}	INFO	[jepsen worker 0] jepsen.util: 0	:fail	:read	[11 nil]	:net-timeout
2026-03-09 23:01:58,331{GMT}	INFO	[jepsen worker 0] jepsen.util: 0	:invoke	:read	[11 nil]
2026-03-09 23:01:58,458{GMT}	INFO	[jepsen worker 2] jepsen.util: 2	:fail	:read	[11 nil]	:net-timeout
2026-03-09 23:01:58,459{GMT}	INFO	[jepsen worker 2] jepsen.util: 2	:invoke	:read	[11 nil]
2026-03-09 23:01:58,649{GMT}	INFO	[jepsen worker 1] jepsen.util: 1	:fail	:read	[11 nil]	:net-timeout
2026-03-09 23:01:58,649{GMT}	INFO	[jepsen worker 1] jepsen.util: 1	:invoke	:read	[11 nil]
2026-03-09 23:01:58,842{GMT}	INFO	[jepsen worker 3] jepsen.util: 339	:info	:cas	[11 [1 1]]	:net-timeout
2026-03-09 23:01:58,842{GMT}	INFO	[jepsen worker 3] jepsen.util: 345	:invoke	:write	[11 2]
2026-03-09 23:01:59,030{GMT}	INFO	[jepsen worker 4] jepsen.util: 340	:info	:cas	[11 [3 4]]	:net-timeout
2026-03-09 23:01:59,031{GMT}	INFO	[jepsen worker 4] jepsen.util: 346	:invoke	:write	[11 4]
2026-03-09 23:01:59,144{GMT}	INFO	[jepsen worker 5] jepsen.util: 341	:info	:cas	[11 [3 4]]	:net-timeout
2026-03-09 23:01:59,145{GMT}	INFO	[jepsen worker 5] jepsen.util: 347	:invoke	:write	[11 3]
2026-03-09 23:01:59,336{GMT}	INFO	[jepsen worker 0] jepsen.util: 0	:fail	:read	[11 nil]	:net-timeout
2026-03-09 23:01:59,336{GMT}	INFO	[jepsen worker 0] jepsen.util: 0	:invoke	:read	[11 nil]
2026-03-09 23:01:59,461{GMT}	INFO	[jepsen worker 2] jepsen.util: 2	:fail	:read	[11 nil]	:net-timeout
2026-03-09 23:01:59,462{GMT}	INFO	[jepsen worker 2] jepsen.util: 2	:invoke	:read	[11 nil]
2026-03-09 23:01:59,652{GMT}	INFO	[jepsen worker 1] jepsen.util: 1	:fail	:read	[11 nil]	:net-timeout
2026-03-09 23:01:59,653{GMT}	INFO	[jepsen worker 1] jepsen.util: 1	:invoke	:read	[11 nil]
2026-03-09 23:01:59,847{GMT}	INFO	[jepsen worker 3] jepsen.util: 345	:info	:write	[11 2]	:net-timeout
2026-03-09 23:01:59,848{GMT}	INFO	[jepsen worker 3] jepsen.util: 351	:invoke	:write	[11 4]
2026-03-09 23:02:00,035{GMT}	INFO	[jepsen worker 4] jepsen.util: 346	:info	:write	[11 4]	:net-timeout
2026-03-09 23:02:00,035{GMT}	INFO	[jepsen worker 4] jepsen.util: 352	:invoke	:cas	[11 [1 0]]
2026-03-09 23:02:00,145{GMT}	INFO	[jepsen worker 5] jepsen.util: 347	:info	:write	[11 3]	:net-timeout
2026-03-09 23:02:00,241{GMT}	INFO	[jepsen worker 5] jepsen.util: 353	:invoke	:cas	[11 [2 0]]
2026-03-09 23:02:00,337{GMT}	INFO	[jepsen worker 0] jepsen.util: 0	:fail	:read	[11 nil]	:net-timeout
2026-03-09 23:02:00,386{GMT}	INFO	[jepsen worker 0] jepsen.util: 0	:invoke	:read	[11 nil]
2026-03-09 23:02:00,465{GMT}	INFO	[jepsen worker 2] jepsen.util: 2	:fail	:read	[11 nil]	:net-timeout
2026-03-09 23:02:00,469{GMT}	INFO	[jepsen worker 2] jepsen.util: 2	:invoke	:read	[11 nil]
2026-03-09 23:02:00,655{GMT}	INFO	[jepsen worker 1] jepsen.util: 1	:fail	:read	[11 nil]	:net-timeout
2026-03-09 23:02:00,655{GMT}	INFO	[jepsen worker 1] jepsen.util: 1	:invoke	:read	[11 nil]
2026-03-09 23:02:00,858{GMT}	INFO	[jepsen worker 3] jepsen.util: 351	:info	:write	[11 4]	:net-timeout
2026-03-09 23:02:01,040{GMT}	INFO	[jepsen worker 4] jepsen.util: 352	:info	:cas	[11 [1 0]]	:net-timeout
2026-03-09 23:02:01,244{GMT}	INFO	[jepsen worker 5] jepsen.util: 353	:info	:cas	[11 [2 0]]	:net-timeout
2026-03-09 23:02:01,391{GMT}	INFO	[jepsen worker 0] jepsen.util: 0	:fail	:read	[11 nil]	:net-timeout
2026-03-09 23:02:01,469{GMT}	INFO	[jepsen worker 2] jepsen.util: 2	:fail	:read	[11 nil]	:net-timeout
2026-03-09 23:02:01,660{GMT}	INFO	[jepsen worker 1] jepsen.util: 1	:fail	:read	[11 nil]	:net-timeout
2026-03-09 23:02:01,681{GMT}	INFO	[jepsen test runner] jepsen.core: Run complete, writing
2026-03-09 23:02:01,747{GMT}	INFO	[jepsen node n0] maelstrom.db: Tearing down n0
2026-03-09 23:02:01,747{GMT}	INFO	[jepsen node n1] maelstrom.db: Tearing down n1
2026-03-09 23:02:01,748{GMT}	INFO	[jepsen node n2] maelstrom.db: Tearing down n2
2026-03-09 23:02:02,889{GMT}	INFO	[jepsen node n0] maelstrom.net: Shutting down Maelstrom network
2026-03-09 23:02:02,893{GMT}	INFO	[jepsen test runner] jepsen.core: Analyzing...
2026-03-09 23:02:03,307{GMT}	INFO	[clojure-agent-send-pool-2] jepsen.independent: Wrote /Users/singv/Desktop/omnipaxos-kv/store/lin-kv/20260309T230059.194+0100/independent/1/results.edn
2026-03-09 23:02:03,311{GMT}	INFO	[clojure-agent-send-pool-2] jepsen.independent: Wrote /Users/singv/Desktop/omnipaxos-kv/store/lin-kv/20260309T230059.194+0100/independent/1/history.edn
2026-03-09 23:02:03,316{GMT}	INFO	[clojure-agent-send-pool-3] jepsen.independent: Wrote /Users/singv/Desktop/omnipaxos-kv/store/lin-kv/20260309T230059.194+0100/independent/4/results.edn
2026-03-09 23:02:03,325{GMT}	INFO	[clojure-agent-send-pool-5] jepsen.independent: Wrote /Users/singv/Desktop/omnipaxos-kv/store/lin-kv/20260309T230059.194+0100/independent/3/results.edn
2026-03-09 23:02:03,411{GMT}	INFO	[clojure-agent-send-pool-9] jepsen.independent: Wrote /Users/singv/Desktop/omnipaxos-kv/store/lin-kv/20260309T230059.194+0100/independent/5/results.edn
2026-03-09 23:02:03,415{GMT}	INFO	[clojure-agent-send-pool-9] jepsen.independent: Wrote /Users/singv/Desktop/omnipaxos-kv/store/lin-kv/20260309T230059.194+0100/independent/5/history.edn
2026-03-09 23:02:03,461{GMT}	INFO	[clojure-agent-send-pool-7] jepsen.independent: Wrote /Users/singv/Desktop/omnipaxos-kv/store/lin-kv/20260309T230059.194+0100/independent/11/results.edn
2026-03-09 23:02:03,492{GMT}	INFO	[clojure-agent-send-pool-7] jepsen.independent: Wrote /Users/singv/Desktop/omnipaxos-kv/store/lin-kv/20260309T230059.194+0100/independent/11/history.edn
2026-03-09 23:02:03,494{GMT}	INFO	[clojure-agent-send-pool-1] jepsen.independent: Wrote /Users/singv/Desktop/omnipaxos-kv/store/lin-kv/20260309T230059.194+0100/independent/7/results.edn
2026-03-09 23:02:03,500{GMT}	INFO	[clojure-agent-send-pool-5] jepsen.independent: Wrote /Users/singv/Desktop/omnipaxos-kv/store/lin-kv/20260309T230059.194+0100/independent/3/history.edn
2026-03-09 23:02:03,503{GMT}	INFO	[clojure-agent-send-pool-3] jepsen.independent: Wrote /Users/singv/Desktop/omnipaxos-kv/store/lin-kv/20260309T230059.194+0100/independent/4/history.edn
2026-03-09 23:02:03,509{GMT}	INFO	[clojure-agent-send-pool-8] jepsen.independent: Wrote /Users/singv/Desktop/omnipaxos-kv/store/lin-kv/20260309T230059.194+0100/independent/9/results.edn
2026-03-09 23:02:03,513{GMT}	INFO	[clojure-agent-send-pool-4] jepsen.independent: Wrote /Users/singv/Desktop/omnipaxos-kv/store/lin-kv/20260309T230059.194+0100/independent/6/results.edn
2026-03-09 23:02:03,513{GMT}	INFO	[clojure-agent-send-pool-8] jepsen.independent: Wrote /Users/singv/Desktop/omnipaxos-kv/store/lin-kv/20260309T230059.194+0100/independent/9/history.edn
2026-03-09 23:02:03,509{GMT}	INFO	[clojure-agent-send-pool-1] jepsen.independent: Wrote /Users/singv/Desktop/omnipaxos-kv/store/lin-kv/20260309T230059.194+0100/independent/7/history.edn
2026-03-09 23:02:03,516{GMT}	INFO	[clojure-agent-send-pool-4] jepsen.independent: Wrote /Users/singv/Desktop/omnipaxos-kv/store/lin-kv/20260309T230059.194+0100/independent/6/history.edn
2026-03-09 23:02:03,538{GMT}	INFO	[clojure-agent-send-pool-0] jepsen.independent: Wrote /Users/singv/Desktop/omnipaxos-kv/store/lin-kv/20260309T230059.194+0100/independent/0/results.edn
2026-03-09 23:02:03,546{GMT}	INFO	[clojure-agent-send-pool-0] jepsen.independent: Wrote /Users/singv/Desktop/omnipaxos-kv/store/lin-kv/20260309T230059.194+0100/independent/0/history.edn
2026-03-09 23:02:03,558{GMT}	INFO	[clojure-agent-send-pool-6] jepsen.independent: Wrote /Users/singv/Desktop/omnipaxos-kv/store/lin-kv/20260309T230059.194+0100/independent/2/results.edn
2026-03-09 23:02:03,563{GMT}	INFO	[clojure-agent-send-pool-6] jepsen.independent: Wrote /Users/singv/Desktop/omnipaxos-kv/store/lin-kv/20260309T230059.194+0100/independent/2/history.edn
2026-03-09 23:02:03,668{GMT}	INFO	[clojure-agent-send-pool-2] jepsen.independent: Wrote /Users/singv/Desktop/omnipaxos-kv/store/lin-kv/20260309T230059.194+0100/independent/10/results.edn
2026-03-09 23:02:03,675{GMT}	INFO	[clojure-agent-send-pool-2] jepsen.independent: Wrote /Users/singv/Desktop/omnipaxos-kv/store/lin-kv/20260309T230059.194+0100/independent/10/history.edn
2026-03-09 23:02:03,690{GMT}	INFO	[clojure-agent-send-pool-9] jepsen.independent: Wrote /Users/singv/Desktop/omnipaxos-kv/store/lin-kv/20260309T230059.194+0100/independent/8/results.edn
2026-03-09 23:02:03,713{GMT}	INFO	[clojure-agent-send-pool-9] jepsen.independent: Wrote /Users/singv/Desktop/omnipaxos-kv/store/lin-kv/20260309T230059.194+0100/independent/8/history.edn
2026-03-09 23:02:04,012{GMT}	INFO	[jepsen test runner] jepsen.core: Analysis complete
2026-03-09 23:02:04,261{GMT}	INFO	[jepsen results] jepsen.store: Wrote /Users/singv/Desktop/omnipaxos-kv/store/lin-kv/20260309T230059.194+0100/results.edn
2026-03-09 23:02:04,420{GMT}	INFO	[jepsen test runner] jepsen.core: {:perf {:latency-graph {:valid? true},
        :rate-graph {:valid? true},
        :valid? true},
 :timeline {:valid? true},
 :exceptions {:valid? true},
 :stats {:valid? false,
         :count 357,
         :ok-count 0,
         :fail-count 180,
         :info-count 177,
         :by-f {:cas {:valid? false,
                      :count 119,
                      :ok-count 0,
                      :fail-count 0,
                      :info-count 119},
                :read {:valid? false,
                       :count 180,
                       :ok-count 0,
                       :fail-count 180,
                       :info-count 0},
                :write {:valid? false,
                        :count 58,
                        :ok-count 0,
                        :fail-count 0,
                        :info-count 58}}},
 :availability {:valid? true, :ok-fraction 0.0},
 :net {:all {:send-count 399,
             :recv-count 399,
             :msg-count 399,
             :msgs-per-op 1.117647},
       :clients {:send-count 399, :recv-count 399, :msg-count 399},
       :servers {:send-count 0,
                 :recv-count 0,
                 :msg-count 0,
                 :msgs-per-op 0.0},
       :valid? true},
 :workload {:valid? true,
            :results {0 {:linearizable {:valid? true,
                                        :configs ({:model #knossos.model.CASRegister{:value nil},
                                                   :last-op nil,
                                                   :pending [{:process 3,
                                                              :type :invoke,
                                                              :f :cas,
                                                              :value [1
                                                                      0],
                                                              :index 1,
                                                              :time 82793084}
                                                             {:process 4,
                                                              :type :invoke,
                                                              :f :write,
                                                              :value 3,
                                                              :index 4,
                                                              :time 209536209}
                                                             {:process 5,
                                                              :type :invoke,
                                                              :f :write,
                                                              :value 4,
                                                              :index 5,
                                                              :time 315824750}
                                                             {:process 9,
                                                              :type :invoke,
                                                              :f :write,
                                                              :value 3,
                                                              :index 15,
                                                              :time 1318528292}
                                                             {:process 10,
                                                              :type :invoke,
                                                              :f :write,
                                                              :value 2,
                                                              :index 16,
                                                              :time 1480730417}
                                                             {:process 11,
                                                              :type :invoke,
                                                              :f :cas,
                                                              :value [3
                                                                      4],
                                                              :index 17,
                                                              :time 1680711417}
                                                             {:process 15,
                                                              :type :invoke,
                                                              :f :cas,
                                                              :value [1
                                                                      0],
                                                              :index 26,
                                                              :time 2484713042}
                                                             {:process 16,
                                                              :type :invoke,
                                                              :f :cas,
                                                              :value [1
                                                                      0],
                                                              :index 27,
                                                              :time 2655884917}
                                                             {:process 17,
                                                              :type :invoke,
                                                              :f :cas,
                                                              :value [4
                                                                      3],
                                                              :index 29,
                                                              :time 2690464875}
                                                             {:process 21,
                                                              :type :invoke,
                                                              :f :write,
                                                              :value 2,
                                                              :index 37,
                                                              :time 3518451709}
                                                             {:process 22,
                                                              :type :invoke,
                                                              :f :write,
                                                              :value 2,
                                                              :index 39,
                                                              :time 3662748084}
                                                             {:process 23,
                                                              :type :invoke,
                                                              :f :cas,
                                                              :value [0
                                                                      1],
                                                              :index 41,
                                                              :time 3691882750}
                                                             {:process 27,
                                                              :type :invoke,
                                                              :f :cas,
                                                              :value [0
                                                                      3],
                                                              :index 49,
                                                              :time 4524134334}
                                                             {:process 28,
                                                              :type :invoke,
                                                              :f :cas,
                                                              :value [0
                                                                      4],
                                                              :index 52,
                                                              :time 4709993625}
                                                             {:process 29,
                                                              :type :invoke,
                                                              :f :write,
                                                              :value 1,
                                                              :index 53,
                                                              :time 4752053125}
                                                             {:process 33,
                                                              :type :invoke,
                                                              :f :cas,
                                                              :value [1
                                                                      2],
                                                              :index 61,
                                                              :time 5529501875}
                                                             {:process 34,
                                                              :type :invoke,
                                                              :f :cas,
                                                              :value [0
                                                                      0],
                                                              :index 63,
                                                              :time 5712371834}]}),
                                        :final-paths ()},
                         :timeline {:valid? true},
                         :valid? true},
                      1 {:linearizable {:valid? true,
                                        :configs ({:model #knossos.model.CASRegister{:value nil},
                                                   :last-op nil,
                                                   :pending [{:process 35,
                                                              :type :invoke,
                                                              :f :cas,
                                                              :value [2
                                                                      3],
                                                              :index 65,
                                                              :time 5876449667}
                                                             {:process 39,
                                                              :type :invoke,
                                                              :f :cas,
                                                              :value [1
                                                                      1],
                                                              :index 73,
                                                              :time 6535112167}
                                                             {:process 40,
                                                              :type :invoke,
                                                              :f :write,
                                                              :value 3,
                                                              :index 75,
                                                              :time 6723311292}
                                                             {:process 41,
                                                              :type :invoke,
                                                              :f :write,
                                                              :value 3,
                                                              :index 77,
                                                              :time 6883250625}
                                                             {:process 45,
                                                              :type :invoke,
                                                              :f :cas,
                                                              :value [3
                                                                      4],
                                                              :index 85,
                                                              :time 7538710042}
                                                             {:process 46,
                                                              :type :invoke,
                                                              :f :cas,
                                                              :value [1
                                                                      3],
                                                              :index 87,
                                                              :time 7727721875}
                                                             {:process 47,
                                                              :type :invoke,
                                                              :f :write,
                                                              :value 1,
                                                              :index 89,
                                                              :time 7888639709}
                                                             {:process 51,
                                                              :type :invoke,
                                                              :f :cas,
                                                              :value [4
                                                                      1],
                                                              :index 97,
                                                              :time 8543628125}
                                                             {:process 52,
                                                              :type :invoke,
                                                              :f :cas,
                                                              :value [0
                                                                      4],
                                                              :index 99,
                                                              :time 8730060167}
                                                             {:process 53,
                                                              :type :invoke,
                                                              :f :cas,
                                                              :value [1
                                                                      1],
                                                              :index 101,
                                                              :time 8894730709}
                                                             {:process 57,
                                                              :type :invoke,
                                                              :f :cas,
                                                              :value [0
                                                                      4],
                                                              :index 109,
                                                              :time 9546678959}
                                                             {:process 58,
                                                              :type :invoke,
                                                              :f :cas,
                                                              :value [0
                                                                      4],
                                                              :index 111,
                                                              :time 9736969834}
                                                             {:process 59,
                                                              :type :invoke,
                                                              :f :cas,
                                                              :value [2
                                                                      1],
                                                              :index 113,
                                                              :time 9922557292}
                                                             {:process 63,
                                                              :type :invoke,
                                                              :f :cas,
                                                              :value [0
                                                                      2],
                                                              :index 121,
                                                              :time 10551406875}
                                                             {:process 64,
                                                              :type :invoke,
                                                              :f :write,
                                                              :value 0,
                                                              :index 123,
                                                              :time 10743510084}]}),
                                        :final-paths ()},
                         :timeline {:valid? true},
                         :valid? true},
                      2 {:linearizable {:valid? true,
                                        :configs ({:model #knossos.model.CASRegister{:value nil},
                                                   :last-op nil,
                                                   :pending [{:process 65,
                                                              :type :invoke,
                                                              :f :cas,
                                                              :value [4
                                                                      2],
                                                              :index 125,
                                                              :time 10931132167}
                                                             {:process 69,
                                                              :type :invoke,
                                                              :f :cas,
                                                              :value [2
                                                                      1],
                                                              :index 133,
                                                              :time 11557317792}
                                                             {:process 70,
                                                              :type :invoke,
                                                              :f :cas,
                                                              :value [2
                                                                      0],
                                                              :index 135,
                                                              :time 11745621584}
                                                             {:process 71,
                                                              :type :invoke,
                                                              :f :cas,
                                                              :value [4
                                                                      1],
                                                              :index 137,
                                                              :time 11945395125}
                                                             {:process 75,
                                                              :type :invoke,
                                                              :f :cas,
                                                              :value [1
                                                                      3],
                                                              :index 145,
                                                              :time 12599739042}
                                                             {:process 76,
                                                              :type :invoke,
                                                              :f :write,
                                                              :value 2,
                                                              :index 147,
                                                              :time 12746436584}
                                                             {:process 77,
                                                              :type :invoke,
                                                              :f :cas,
                                                              :value [1
                                                                      2],
                                                              :index 149,
                                                              :time 12948807417}
                                                             {:process 81,
                                                              :type :invoke,
                                                              :f :cas,
                                                              :value [2
                                                                      2],
                                                              :index 157,
                                                              :time 13606528042}
                                                             {:process 82,
                                                              :type :invoke,
                                                              :f :write,
                                                              :value 1,
                                                              :index 159,
                                                              :time 13748839459}
                                                             {:process 83,
                                                              :type :invoke,
                                                              :f :write,
                                                              :value 3,
                                                              :index 161,
                                                              :time 13954747542}
                                                             {:process 87,
                                                              :type :invoke,
                                                              :f :write,
                                                              :value 2,
                                                              :index 169,
                                                              :time 14611736459}
                                                             {:process 88,
                                                              :type :invoke,
                                                              :f :write,
                                                              :value 1,
                                                              :index 171,
                                                              :time 14754601750}
                                                             {:process 89,
                                                              :type :invoke,
                                                              :f :write,
                                                              :value 4,
                                                              :index 173,
                                                              :time 14962633084}
                                                             {:process 93,
                                                              :type :invoke,
                                                              :f :cas,
                                                              :value [0
                                                                      0],
                                                              :index 181,
                                                              :time 15619650292}
                                                             {:process 94,
                                                              :type :invoke,
                                                              :f :write,
                                                              :value 1,
                                                              :index 183,
                                                              :time 15758578500}]}),
                                        :final-paths ()},
                         :timeline {:valid? true},
                         :valid? true},
                      3 {:linearizable {:valid? true,
                                        :configs ({:model #knossos.model.CASRegister{:value nil},
                                                   :last-op nil,
                                                   :pending [{:process 95,
                                                              :type :invoke,
                                                              :f :cas,
                                                              :value [1
                                                                      2],
                                                              :index 185,
                                                              :time 15963028459}
                                                             {:process 99,
                                                              :type :invoke,
                                                              :f :cas,
                                                              :value [4
                                                                      2],
                                                              :index 193,
                                                              :time 16625322375}
                                                             {:process 100,
                                                              :type :invoke,
                                                              :f :write,
                                                              :value 1,
                                                              :index 195,
                                                              :time 16822034542}
                                                             {:process 101,
                                                              :type :invoke,
                                                              :f :write,
                                                              :value 1,
                                                              :index 197,
                                                              :time 16969791334}
                                                             {:process 105,
                                                              :type :invoke,
                                                              :f :cas,
                                                              :value [3
                                                                      1],
                                                              :index 205,
                                                              :time 17632613500}
                                                             {:process 106,
                                                              :type :invoke,
                                                              :f :cas,
                                                              :value [4
                                                                      0],
                                                              :index 207,
                                                              :time 17833304709}
                                                             {:process 107,
                                                              :type :invoke,
                                                              :f :cas,
                                                              :value [3
                                                                      1],
                                                              :index 209,
                                                              :time 17975497750}
                                                             {:process 111,
                                                              :type :invoke,
                                                              :f :write,
                                                              :value 0,
                                                              :index 217,
                                                              :time 18640821375}
                                                             {:process 112,
                                                              :type :invoke,
                                                              :f :cas,
                                                              :value [1
                                                                      4],
                                                              :index 219,
                                                              :time 18835818584}
                                                             {:process 113,
                                                              :type :invoke,
                                                              :f :cas,
                                                              :value [4
                                                                      4],
                                                              :index 221,
                                                              :time 18980151709}
                                                             {:process 117,
                                                              :type :invoke,
                                                              :f :cas,
                                                              :value [2
                                                                      1],
                                                              :index 229,
                                                              :time 19647395959}
                                                             {:process 118,
                                                              :type :invoke,
                                                              :f :write,
                                                              :value 3,
                                                              :index 231,
                                                              :time 19837807250}
                                                             {:process 119,
                                                              :type :invoke,
                                                              :f :write,
                                                              :value 0,
                                                              :index 233,
                                                              :time 19983362084}
                                                             {:process 123,
                                                              :type :invoke,
                                                              :f :write,
                                                              :value 2,
                                                              :index 241,
                                                              :time 20652397250}
                                                             {:process 124,
                                                              :type :invoke,
                                                              :f :cas,
                                                              :value [3
                                                                      0],
                                                              :index 243,
                                                              :time 20839339709}]}),
                                        :final-paths ()},
                         :timeline {:valid? true},
                         :valid? true},
                      4 {:linearizable {:valid? true,
                                        :configs ({:model #knossos.model.CASRegister{:value nil},
                                                   :last-op nil,
                                                   :pending [{:process 125,
                                                              :type :invoke,
                                                              :f :write,
                                                              :value 2,
                                                              :index 245,
                                                              :time 20988984375}
                                                             {:process 129,
                                                              :type :invoke,
                                                              :f :cas,
                                                              :value [0
                                                                      4],
                                                              :index 253,
                                                              :time 21659210209}
                                                             {:process 130,
                                                              :type :invoke,
                                                              :f :cas,
                                                              :value [4
                                                                      0],
                                                              :index 255,
                                                              :time 21841696667}
                                                             {:process 131,
                                                              :type :invoke,
                                                              :f :write,
                                                              :value 2,
                                                              :index 257,
                                                              :time 21990628834}
                                                             {:process 135,
                                                              :type :invoke,
                                                              :f :cas,
                                                              :value [3
                                                                      2],
                                                              :index 265,
                                                              :time 22665108250}
                                                             {:process 136,
                                                              :type :invoke,
                                                              :f :cas,
                                                              :value [4
                                                                      1],
                                                              :index 267,
                                                              :time 22846583167}
                                                             {:process 137,
                                                              :type :invoke,
                                                              :f :cas,
                                                              :value [0
                                                                      1],
                                                              :index 269,
                                                              :time 23049881792}
                                                             {:process 141,
                                                              :type :invoke,
                                                              :f :write,
                                                              :value 4,
                                                              :index 277,
                                                              :time 23670584292}
                                                             {:process 142,
                                                              :type :invoke,
                                                              :f :cas,
                                                              :value [0
                                                                      1],
                                                              :index 279,
                                                              :time 23852647292}
                                                             {:process 143,
                                                              :type :invoke,
                                                              :f :cas,
                                                              :value [0
                                                                      2],
                                                              :index 281,
                                                              :time 24054539375}
                                                             {:process 147,
                                                              :type :invoke,
                                                              :f :cas,
                                                              :value [2
                                                                      1],
                                                              :index 289,
                                                              :time 24695710000}
                                                             {:process 148,
                                                              :type :invoke,
                                                              :f :cas,
                                                              :value [0
                                                                      4],
                                                              :index 291,
                                                              :time 24881389500}
                                                             {:process 149,
                                                              :type :invoke,
                                                              :f :cas,
                                                              :value [1
                                                                      1],
                                                              :index 293,
                                                              :time 25065866667}
                                                             {:process 153,
                                                              :type :invoke,
                                                              :f :cas,
                                                              :value [2
                                                                      2],
                                                              :index 301,
                                                              :time 25699659875}
                                                             {:process 154,
                                                              :type :invoke,
                                                              :f :cas,
                                                              :value [0
                                                                      0],
                                                              :index 303,
                                                              :time 25902286625}]}),
                                        :final-paths ()},
                         :timeline {:valid? true},
                         :valid? true},
                      5 {:linearizable {:valid? true,
                                        :configs ({:model #knossos.model.CASRegister{:value nil},
                                                   :last-op nil,
                                                   :pending [{:process 155,
                                                              :type :invoke,
                                                              :f :write,
                                                              :value 0,
                                                              :index 305,
                                                              :time 26071912542}
                                                             {:process 159,
                                                              :type :invoke,
                                                              :f :write,
                                                              :value 2,
                                                              :index 313,
                                                              :time 26700151959}
                                                             {:process 160,
                                                              :type :invoke,
                                                              :f :cas,
                                                              :value [4
                                                                      2],
                                                              :index 315,
                                                              :time 26908847750}
                                                             {:process 161,
                                                              :type :invoke,
                                                              :f :cas,
                                                              :value [0
                                                                      4],
                                                              :index 317,
                                                              :time 27078084167}
                                                             {:process 165,
                                                              :type :invoke,
                                                              :f :write,
                                                              :value 0,
                                                              :index 325,
                                                              :time 27701820209}
                                                             {:process 166,
                                                              :type :invoke,
                                                              :f :cas,
                                                              :value [3
                                                                      4],
                                                              :index 327,
                                                              :time 27913863334}
                                                             {:process 167,
                                                              :type :invoke,
                                                              :f :write,
                                                              :value 3,
                                                              :index 329,
                                                              :time 28083049042}
                                                             {:process 171,
                                                              :type :invoke,
                                                              :f :cas,
                                                              :value [1
                                                                      2],
                                                              :index 337,
                                                              :time 28707846625}
                                                             {:process 172,
                                                              :type :invoke,
                                                              :f :cas,
                                                              :value [3
                                                                      0],
                                                              :index 339,
                                                              :time 28915815375}
                                                             {:process 173,
                                                              :type :invoke,
                                                              :f :write,
                                                              :value 0,
                                                              :index 341,
                                                              :time 29088659209}
                                                             {:process 177,
                                                              :type :invoke,
                                                              :f :cas,
                                                              :value [3
                                                                      3],
                                                              :index 349,
                                                              :time 29713032417}
                                                             {:process 178,
                                                              :type :invoke,
                                                              :f :cas,
                                                              :value [4
                                                                      1],
                                                              :index 351,
                                                              :time 29927984209}
                                                             {:process 179,
                                                              :type :invoke,
                                                              :f :cas,
                                                              :value [2
                                                                      2],
                                                              :index 353,
                                                              :time 30095608250}
                                                             {:process 183,
                                                              :type :invoke,
                                                              :f :cas,
                                                              :value [4
                                                                      2],
                                                              :index 361,
                                                              :time 30718469542}
                                                             {:process 184,
                                                              :type :invoke,
                                                              :f :cas,
                                                              :value [2
                                                                      0],
                                                              :index 363,
                                                              :time 30934752000}]}),
                                        :final-paths ()},
                         :timeline {:valid? true},
                         :valid? true},
                      6 {:linearizable {:valid? true,
                                        :configs ({:model #knossos.model.CASRegister{:value nil},
                                                   :last-op nil,
                                                   :pending [{:process 185,
                                                              :type :invoke,
                                                              :f :cas,
                                                              :value [4
                                                                      2],
                                                              :index 365,
                                                              :time 31101380917}
                                                             {:process 189,
                                                              :type :invoke,
                                                              :f :cas,
                                                              :value [1
                                                                      1],
                                                              :index 373,
                                                              :time 31720824250}
                                                             {:process 190,
                                                              :type :invoke,
                                                              :f :write,
                                                              :value 1,
                                                              :index 375,
                                                              :time 31941734334}
                                                             {:process 191,
                                                              :type :invoke,
                                                              :f :cas,
                                                              :value [2
                                                                      0],
                                                              :index 377,
                                                              :time 32120493834}
                                                             {:process 195,
                                                              :type :invoke,
                                                              :f :cas,
                                                              :value [1
                                                                      4],
                                                              :index 385,
                                                              :time 32727104500}
                                                             {:process 196,
                                                              :type :invoke,
                                                              :f :cas,
                                                              :value [0
                                                                      0],
                                                              :index 387,
                                                              :time 32946422084}
                                                             {:process 197,
                                                              :type :invoke,
                                                              :f :cas,
                                                              :value [3
                                                                      2],
                                                              :index 389,
                                                              :time 33125395042}
                                                             {:process 201,
                                                              :type :invoke,
                                                              :f :cas,
                                                              :value [4
                                                                      0],
                                                              :index 397,
                                                              :time 33774681500}
                                                             {:process 202,
                                                              :type :invoke,
                                                              :f :write,
                                                              :value 0,
                                                              :index 399,
                                                              :time 33951676292}
                                                             {:process 203,
                                                              :type :invoke,
                                                              :f :cas,
                                                              :value [1
                                                                      4],
                                                              :index 401,
                                                              :time 34130596459}
                                                             {:process 207,
                                                              :type :invoke,
                                                              :f :cas,
                                                              :value [0
                                                                      3],
                                                              :index 409,
                                                              :time 34780791209}
                                                             {:process 208,
                                                              :type :invoke,
                                                              :f :cas,
                                                              :value [4
                                                                      2],
                                                              :index 411,
                                                              :time 34954297834}
                                                             {:process 209,
                                                              :type :invoke,
                                                              :f :write,
                                                              :value 0,
                                                              :index 413,
                                                              :time 35134803667}
                                                             {:process 213,
                                                              :type :invoke,
                                                              :f :cas,
                                                              :value [1
                                                                      2],
                                                              :index 421,
                                                              :time 35786774959}
                                                             {:process 214,
                                                              :type :invoke,
                                                              :f :cas,
                                                              :value [0
                                                                      1],
                                                              :index 423,
                                                              :time 35960237584}]}),
                                        :final-paths ()},
                         :timeline {:valid? true},
                         :valid? true},
                      7 {:linearizable {:valid? true,
                                        :configs ({:model #knossos.model.CASRegister{:value nil},
                                                   :last-op nil,
                                                   :pending [{:process 215,
                                                              :type :invoke,
                                                              :f :cas,
                                                              :value [2
                                                                      3],
                                                              :index 425,
                                                              :time 36140899084}
                                                             {:process 219,
                                                              :type :invoke,
                                                              :f :cas,
                                                              :value [4
                                                                      2],
                                                              :index 433,
                                                              :time 36792643709}
                                                             {:process 220,
                                                              :type :invoke,
                                                              :f :cas,
                                                              :value [2
                                                                      1],
                                                              :index 435,
                                                              :time 36963279834}
                                                             {:process 221,
                                                              :type :invoke,
                                                              :f :cas,
                                                              :value [3
                                                                      2],
                                                              :index 437,
                                                              :time 37144849959}
                                                             {:process 225,
                                                              :type :invoke,
                                                              :f :write,
                                                              :value 1,
                                                              :index 445,
                                                              :time 37796454417}
                                                             {:process 226,
                                                              :type :invoke,
                                                              :f :write,
                                                              :value 3,
                                                              :index 447,
                                                              :time 37965126084}
                                                             {:process 227,
                                                              :type :invoke,
                                                              :f :cas,
                                                              :value [0
                                                                      1],
                                                              :index 449,
                                                              :time 38149663334}
                                                             {:process 231,
                                                              :type :invoke,
                                                              :f :cas,
                                                              :value [2
                                                                      2],
                                                              :index 457,
                                                              :time 38944568375}
                                                             {:process 232,
                                                              :type :invoke,
                                                              :f :cas,
                                                              :value [3
                                                                      4],
                                                              :index 459,
                                                              :time 38967166417}
                                                             {:process 233,
                                                              :type :invoke,
                                                              :f :cas,
                                                              :value [0
                                                                      3],
                                                              :index 461,
                                                              :time 39155219542}
                                                             {:process 237,
                                                              :type :invoke,
                                                              :f :cas,
                                                              :value [2
                                                                      1],
                                                              :index 469,
                                                              :time 39951566750}
                                                             {:process 238,
                                                              :type :invoke,
                                                              :f :write,
                                                              :value 3,
                                                              :index 471,
                                                              :time 40029009959}
                                                             {:process 239,
                                                              :type :invoke,
                                                              :f :write,
                                                              :value 3,
                                                              :index 473,
                                                              :time 40161210625}
                                                             {:process 243,
                                                              :type :invoke,
                                                              :f :cas,
                                                              :value [1
                                                                      2],
                                                              :index 481,
                                                              :time 40952971459}
                                                             {:process 244,
                                                              :type :invoke,
                                                              :f :write,
                                                              :value 4,
                                                              :index 483,
                                                              :time 41079370667}]}),
                                        :final-paths ()},
                         :timeline {:valid? true},
                         :valid? true},
                      8 {:linearizable {:valid? true,
                                        :configs ({:model #knossos.model.CASRegister{:value nil},
                                                   :last-op nil,
                                                   :pending [{:process 245,
                                                              :type :invoke,
                                                              :f :write,
                                                              :value 2,
                                                              :index 485,
                                                              :time 41279012084}
                                                             {:process 249,
                                                              :type :invoke,
                                                              :f :cas,
                                                              :value [1
                                                                      0],
                                                              :index 493,
                                                              :time 41959104750}
                                                             {:process 250,
                                                              :type :invoke,
                                                              :f :cas,
                                                              :value [2
                                                                      4],
                                                              :index 495,
                                                              :time 42084227417}
                                                             {:process 251,
                                                              :type :invoke,
                                                              :f :cas,
                                                              :value [0
                                                                      4],
                                                              :index 497,
                                                              :time 42285793209}
                                                             {:process 255,
                                                              :type :invoke,
                                                              :f :write,
                                                              :value 3,
                                                              :index 505,
                                                              :time 42965472167}
                                                             {:process 256,
                                                              :type :invoke,
                                                              :f :write,
                                                              :value 0,
                                                              :index 507,
                                                              :time 43089821459}
                                                             {:process 257,
                                                              :type :invoke,
                                                              :f :cas,
                                                              :value [2
                                                                      2],
                                                              :index 509,
                                                              :time 43287235834}
                                                             {:process 261,
                                                              :type :invoke,
                                                              :f :cas,
                                                              :value [2
                                                                      4],
                                                              :index 517,
                                                              :time 43970767375}
                                                             {:process 262,
                                                              :type :invoke,
                                                              :f :cas,
                                                              :value [0
                                                                      3],
                                                              :index 519,
                                                              :time 44096191125}
                                                             {:process 263,
                                                              :type :invoke,
                                                              :f :cas,
                                                              :value [3
                                                                      0],
                                                              :index 521,
                                                              :time 44293888834}
                                                             {:process 267,
                                                              :type :invoke,
                                                              :f :write,
                                                              :value 1,
                                                              :index 529,
                                                              :time 44976242375}
                                                             {:process 268,
                                                              :type :invoke,
                                                              :f :cas,
                                                              :value [0
                                                                      4],
                                                              :index 531,
                                                              :time 45101870709}
                                                             {:process 269,
                                                              :type :invoke,
                                                              :f :cas,
                                                              :value [3
                                                                      4],
                                                              :index 533,
                                                              :time 45296456917}
                                                             {:process 273,
                                                              :type :invoke,
                                                              :f :cas,
                                                              :value [1
                                                                      3],
                                                              :index 541,
                                                              :time 45981785667}
                                                             {:process 274,
                                                              :type :invoke,
                                                              :f :cas,
                                                              :value [0
                                                                      2],
                                                              :index 543,
                                                              :time 46128219750}]}),
                                        :final-paths ()},
                         :timeline {:valid? true},
                         :valid? true},
                      9 {:linearizable {:valid? true,
                                        :configs ({:model #knossos.model.CASRegister{:value nil},
                                                   :last-op nil,
                                                   :pending [{:process 275,
                                                              :type :invoke,
                                                              :f :cas,
                                                              :value [2
                                                                      2],
                                                              :index 545,
                                                              :time 46298234959}
                                                             {:process 279,
                                                              :type :invoke,
                                                              :f :write,
                                                              :value 0,
                                                              :index 553,
                                                              :time 46984146917}
                                                             {:process 280,
                                                              :type :invoke,
                                                              :f :cas,
                                                              :value [3
                                                                      2],
                                                              :index 555,
                                                              :time 47134992542}
                                                             {:process 281,
                                                              :type :invoke,
                                                              :f :cas,
                                                              :value [4
                                                                      1],
                                                              :index 557,
                                                              :time 47304177750}
                                                             {:process 285,
                                                              :type :invoke,
                                                              :f :cas,
                                                              :value [3
                                                                      0],
                                                              :index 565,
                                                              :time 47989847750}
                                                             {:process 286,
                                                              :type :invoke,
                                                              :f :cas,
                                                              :value [0
                                                                      4],
                                                              :index 567,
                                                              :time 48140738292}
                                                             {:process 287,
                                                              :type :invoke,
                                                              :f :write,
                                                              :value 2,
                                                              :index 569,
                                                              :time 48309670625}
                                                             {:process 291,
                                                              :type :invoke,
                                                              :f :cas,
                                                              :value [3
                                                                      0],
                                                              :index 577,
                                                              :time 48995921000}
                                                             {:process 292,
                                                              :type :invoke,
                                                              :f :cas,
                                                              :value [2
                                                                      4],
                                                              :index 579,
                                                              :time 49145916375}
                                                             {:process 293,
                                                              :type :invoke,
                                                              :f :cas,
                                                              :value [0
                                                                      2],
                                                              :index 581,
                                                              :time 49319096667}
                                                             {:process 297,
                                                              :type :invoke,
                                                              :f :cas,
                                                              :value [1
                                                                      0],
                                                              :index 589,
                                                              :time 50001780375}
                                                             {:process 298,
                                                              :type :invoke,
                                                              :f :write,
                                                              :value 1,
                                                              :index 591,
                                                              :time 50203842959}
                                                             {:process 299,
                                                              :type :invoke,
                                                              :f :cas,
                                                              :value [2
                                                                      4],
                                                              :index 593,
                                                              :time 50326601209}
                                                             {:process 303,
                                                              :type :invoke,
                                                              :f :cas,
                                                              :value [1
                                                                      4],
                                                              :index 601,
                                                              :time 51004238709}
                                                             {:process 304,
                                                              :type :invoke,
                                                              :f :write,
                                                              :value 0,
                                                              :index 603,
                                                              :time 51209653750}]}),
                                        :final-paths ()},
                         :timeline {:valid? true},
                         :valid? true},
                      10 {:linearizable {:valid? true,
                                         :configs ({:model #knossos.model.CASRegister{:value nil},
                                                    :last-op nil,
                                                    :pending [{:process 305,
                                                               :type :invoke,
                                                               :f :write,
                                                               :value 1,
                                                               :index 605,
                                                               :time 51394863542}
                                                              {:process 309,
                                                               :type :invoke,
                                                               :f :cas,
                                                               :value [3
                                                                       0],
                                                               :index 613,
                                                               :time 52006595750}
                                                              {:process 310,
                                                               :type :invoke,
                                                               :f :write,
                                                               :value 2,
                                                               :index 615,
                                                               :time 52210521834}
                                                              {:process 311,
                                                               :type :invoke,
                                                               :f :write,
                                                               :value 3,
                                                               :index 617,
                                                               :time 52396927375}
                                                              {:process 315,
                                                               :type :invoke,
                                                               :f :write,
                                                               :value 1,
                                                               :index 625,
                                                               :time 53097273959}
                                                              {:process 316,
                                                               :type :invoke,
                                                               :f :cas,
                                                               :value [2
                                                                       4],
                                                               :index 627,
                                                               :time 53210707500}
                                                              {:process 317,
                                                               :type :invoke,
                                                               :f :cas,
                                                               :value [4
                                                                       2],
                                                               :index 629,
                                                               :time 53398748042}
                                                              {:process 321,
                                                               :type :invoke,
                                                               :f :cas,
                                                               :value [2
                                                                       2],
                                                               :index 637,
                                                               :time 54100984000}
                                                              {:process 322,
                                                               :type :invoke,
                                                               :f :cas,
                                                               :value [0
                                                                       1],
                                                               :index 639,
                                                               :time 54216419292}
                                                              {:process 323,
                                                               :type :invoke,
                                                               :f :write,
                                                               :value 0,
                                                               :index 641,
                                                               :time 54402495084}
                                                              {:process 327,
                                                               :type :invoke,
                                                               :f :cas,
                                                               :value [3
                                                                       2],
                                                               :index 649,
                                                               :time 55103986167}
                                                              {:process 328,
                                                               :type :invoke,
                                                               :f :cas,
                                                               :value [1
                                                                       3],
                                                               :index 651,
                                                               :time 55219504667}
                                                              {:process 329,
                                                               :type :invoke,
                                                               :f :cas,
                                                               :value [1
                                                                       1],
                                                               :index 653,
                                                               :time 55409037834}
                                                              {:process 333,
                                                               :type :invoke,
                                                               :f :cas,
                                                               :value [2
                                                                       3],
                                                               :index 661,
                                                               :time 56108367334}
                                                              {:process 334,
                                                               :type :invoke,
                                                               :f :write,
                                                               :value 0,
                                                               :index 663,
                                                               :time 56225327584}]}),
                                         :final-paths ()},
                          :timeline {:valid? true},
                          :valid? true},
                      11 {:linearizable {:valid? true,
                                         :configs ({:model #knossos.model.CASRegister{:value nil},
                                                    :last-op nil,
                                                    :pending [{:process 335,
                                                               :type :invoke,
                                                               :f :cas,
                                                               :value [3
                                                                       0],
                                                               :index 665,
                                                               :time 56412972834}
                                                              {:process 339,
                                                               :type :invoke,
                                                               :f :cas,
                                                               :value [1
                                                                       1],
                                                               :index 673,
                                                               :time 57114212959}
                                                              {:process 340,
                                                               :type :invoke,
                                                               :f :cas,
                                                               :value [3
                                                                       4],
                                                               :index 675,
                                                               :time 57301749417}
                                                              {:process 341,
                                                               :type :invoke,
                                                               :f :cas,
                                                               :value [3
                                                                       4],
                                                               :index 677,
                                                               :time 57418540250}
                                                              {:process 345,
                                                               :type :invoke,
                                                               :f :write,
                                                               :value 2,
                                                               :index 685,
                                                               :time 58118645167}
                                                              {:process 346,
                                                               :type :invoke,
                                                               :f :write,
                                                               :value 4,
                                                               :index 687,
                                                               :time 58307034792}
                                                              {:process 347,
                                                               :type :invoke,
                                                               :f :write,
                                                               :value 3,
                                                               :index 689,
                                                               :time 58420804000}
                                                              {:process 351,
                                                               :type :invoke,
                                                               :f :write,
                                                               :value 4,
                                                               :index 697,
                                                               :time 59124329542}
                                                              {:process 352,
                                                               :type :invoke,
                                                               :f :cas,
                                                               :value [1
                                                                       0],
                                                               :index 699,
                                                               :time 59311638084}
                                                              {:process 353,
                                                               :type :invoke,
                                                               :f :cas,
                                                               :value [2
                                                                       0],
                                                               :index 701,
                                                               :time 59517103542}]}),
                                         :final-paths ()},
                          :timeline {:valid? true},
                          :valid? true}},
            :failures []},
 :valid? false}


Analysis invalid! (ﾉಥ益ಥ）ﾉ ┻━┻
