2026-03-09 23:54:35,769{GMT}	INFO	[jepsen test runner] jepsen.core: Test version c6f93e91a319d9d3f3adbe62cadb64f7b53b436f (plus uncommitted changes)
2026-03-09 23:54:35,770{GMT}	INFO	[jepsen test runner] jepsen.core: Command line:
lein run test -w lin-kv --bin ./target/debug/maelstrom --node-count 3 --time-limit 60 --rate 10 --concurrency 2n
2026-03-09 23:54:35,888{GMT}	INFO	[jepsen test runner] jepsen.core: Running test:
{:args []
 :remote
 #jepsen.control.retry.Remote{:remote #jepsen.control.scp.Remote{:cmd-remote #jepsen.control.sshj.SSHJRemote{:concurrency-limit 6,
                                                                                                             :conn-spec nil,
                                                                                                             :client nil,
                                                                                                             :semaphore nil},
                                                                 :conn-spec nil},
                              :conn nil}
 :log-net-send false
 :node-count 3
 :availability nil
 :max-txn-length 4
 :concurrency 6
 :db
 #object[maelstrom.db$db$reify__16612
         "0x1f9b8c23"
         "maelstrom.db$db$reify__16612@1f9b8c23"]
 :max-writes-per-key 16
 :leave-db-running? false
 :name "lin-kv"
 :logging-json? false
 :start-time
 #object[org.joda.time.DateTime "0x26e74d50" "2026-03-09T23:54:35.718+01:00"]
 :nemesis-interval 10
 :net
 #object[maelstrom.net$jepsen_net$reify__15721
         "0x6bdc984"
         "maelstrom.net$jepsen_net$reify__15721@6bdc984"]
 :client
 #object[maelstrom.workload.lin_kv$client$reify__20973
         "0x1f299fc3"
         "maelstrom.workload.lin_kv$client$reify__20973@1f299fc3"]
 :barrier
 #object[java.util.concurrent.CyclicBarrier
         "0xb997735"
         "java.util.concurrent.CyclicBarrier@b997735"]
 :log-stderr false
 :pure-generators true
 :ssh {:dummy? true}
 :rate 10.0
 :checker
 #object[jepsen.checker$compose$reify__11089
         "0x178826db"
         "jepsen.checker$compose$reify__11089@178826db"]
 :argv
 ("test"
  "-w"
  "lin-kv"
  "--bin"
  "./target/debug/maelstrom"
  "--node-count"
  "3"
  "--time-limit"
  "60"
  "--rate"
  "10"
  "--concurrency"
  "2n")
 :nemesis
 (jepsen.nemesis.ReflCompose
  {:fm {:start-partition 0,
        :stop-partition 0,
        :kill 1,
        :start 1,
        :pause 1,
        :resume 1},
   :nemeses [#unprintable "jepsen.nemesis.combined$partition_nemesis$reify__16905@7f913c47"
             #unprintable "jepsen.nemesis.combined$db_nemesis$reify__16886@2c9573f1"]})
 :nodes ["n0" "n1" "n2"]
 :test-count 1
 :latency {:mean 0, :dist :constant}
 :bin "./target/debug/maelstrom"
 :generator
 #object[jepsen.util.Forgettable
         "0x37a5ac85"
         (jepsen.generator.TimeLimit
          {:limit 60000000000,
           :cutoff nil,
           :gen (jepsen.generator.Any
                 {:gens [(jepsen.generator.OnThreads
                          {:f #{:nemesis},
                           :context-filter #object[jepsen.generator.context$make_thread_filter$lazy_filter__12077
                                                   "0x239fdf8f"
                                                   "jepsen.generator.context$make_thread_filter$lazy_filter__12077@239fdf8f"],
                           :gen nil})
                         (jepsen.generator.OnThreads
                          {:f #jepsen.generator.context.AllBut{:element :nemesis},
                           :context-filter #object[jepsen.generator.context$make_thread_filter$lazy_filter__12077
                                                   "0x1acd660d"
                                                   "jepsen.generator.context$make_thread_filter$lazy_filter__12077@1acd660d"],
                           :gen (jepsen.generator.Stagger
                                 {:dt 200000000,
                                  :next-time nil,
                                  :gen (jepsen.generator.OnThreads
                                        {:f #jepsen.generator.context.AllBut{:element :nemesis},
                                         :context-filter #object[jepsen.generator.context$make_thread_filter$lazy_filter__12077
                                                                 "0x22f3b213"
                                                                 "jepsen.generator.context$make_thread_filter$lazy_filter__12077@22f3b213"],
                                         :gen (jepsen.independent.ConcurrentGenerator
                                               {:n 6,
                                                :fgen #object[jepsen.tests.linearizable_register$test$fn__17385
                                                              "0xe18848d"
                                                              "jepsen.tests.linearizable_register$test$fn__17385@e18848d"],
                                                :group->threads nil,
                                                :thread->group nil,
                                                :group->context-filter nil,
                                                :keys (0 1 2 3 4 5 6 7 ...),
                                                :gens nil})})})})]})})]
 :log-net-recv false
 :os
 #object[maelstrom.net$jepsen_os$reify__15724
         "0x22aaa811"
         "maelstrom.net$jepsen_os$reify__15724@22aaa811"]
 :time-limit 60
 :workload :lin-kv
 :consistency-models [:strict-serializable]
 :topology :grid}

2026-03-09 23:54:37,243{GMT}	INFO	[jepsen node n0] maelstrom.net: Starting Maelstrom network
2026-03-09 23:54:37,245{GMT}	INFO	[jepsen test runner] jepsen.db: Tearing down DB
2026-03-09 23:54:37,246{GMT}	INFO	[jepsen test runner] jepsen.db: Setting up DB
2026-03-09 23:54:37,246{GMT}	INFO	[jepsen node n1] maelstrom.db: Setting up n1
2026-03-09 23:54:37,246{GMT}	INFO	[jepsen node n2] maelstrom.db: Setting up n2
2026-03-09 23:54:37,247{GMT}	INFO	[jepsen node n1] maelstrom.process: launching ./target/debug/maelstrom []
2026-03-09 23:54:37,247{GMT}	INFO	[jepsen node n2] maelstrom.process: launching ./target/debug/maelstrom []
2026-03-09 23:54:37,249{GMT}	INFO	[jepsen node n0] maelstrom.service: Starting services: (lin-kv lin-tso lww-kv seq-kv)
2026-03-09 23:54:37,250{GMT}	INFO	[jepsen node n0] maelstrom.db: Setting up n0
2026-03-09 23:54:37,250{GMT}	INFO	[jepsen node n0] maelstrom.process: launching ./target/debug/maelstrom []
2026-03-09 23:54:37,431{GMT}	INFO	[jepsen test runner] jepsen.core: Relative time begins now
2026-03-09 23:54:37,452{GMT}	INFO	[jepsen worker 3] jepsen.util: 3	:invoke	:cas	[0 [0 2]]
2026-03-09 23:54:37,503{GMT}	INFO	[jepsen worker 4] jepsen.util: 4	:invoke	:cas	[0 [4 4]]
2026-03-09 23:54:37,607{GMT}	INFO	[jepsen worker 4] jepsen.util: 4	:fail	:cas	[0 [4 4]]	[:precondition-failed "expected 4 but had "]
2026-03-09 23:54:37,607{GMT}	INFO	[jepsen worker 3] jepsen.util: 3	:fail	:cas	[0 [0 2]]	[:precondition-failed "expected 0 but had "]
2026-03-09 23:54:37,669{GMT}	INFO	[jepsen worker 3] jepsen.util: 3	:invoke	:cas	[0 [1 3]]
2026-03-09 23:54:37,672{GMT}	INFO	[jepsen worker 3] jepsen.util: 3	:fail	:cas	[0 [1 3]]	[:precondition-failed "expected 1 but had "]
2026-03-09 23:54:37,859{GMT}	INFO	[jepsen worker 3] jepsen.util: 3	:invoke	:cas	[0 [1 3]]
2026-03-09 23:54:37,868{GMT}	INFO	[jepsen worker 3] jepsen.util: 3	:fail	:cas	[0 [1 3]]	[:precondition-failed "expected 1 but had "]
2026-03-09 23:54:38,004{GMT}	INFO	[jepsen worker 0] jepsen.util: 0	:invoke	:read	[0 nil]
2026-03-09 23:54:38,010{GMT}	INFO	[jepsen worker 0] jepsen.util: 0	:fail	:read	[0 nil]	[:key-does-not-exist "key not found"]
2026-03-09 23:54:38,160{GMT}	INFO	[jepsen worker 5] jepsen.util: 5	:invoke	:write	[0 4]
2026-03-09 23:54:38,167{GMT}	INFO	[jepsen worker 5] jepsen.util: 5	:ok	:write	[0 4]
2026-03-09 23:54:38,214{GMT}	INFO	[jepsen worker 0] jepsen.util: 0	:invoke	:read	[0 nil]
2026-03-09 23:54:38,218{GMT}	INFO	[jepsen worker 0] jepsen.util: 0	:ok	:read	[0 4]
2026-03-09 23:54:38,292{GMT}	INFO	[jepsen worker 0] jepsen.util: 0	:invoke	:read	[0 nil]
2026-03-09 23:54:38,298{GMT}	INFO	[jepsen worker 0] jepsen.util: 0	:ok	:read	[0 4]
2026-03-09 23:54:38,363{GMT}	INFO	[jepsen worker 3] jepsen.util: 3	:invoke	:cas	[0 [3 1]]
2026-03-09 23:54:38,370{GMT}	INFO	[jepsen worker 3] jepsen.util: 3	:fail	:cas	[0 [3 1]]	[:precondition-failed "expected 3 but had 4"]
2026-03-09 23:54:38,463{GMT}	INFO	[jepsen worker 3] jepsen.util: 3	:invoke	:write	[0 1]
2026-03-09 23:54:38,469{GMT}	INFO	[jepsen worker 3] jepsen.util: 3	:ok	:write	[0 1]
2026-03-09 23:54:38,585{GMT}	INFO	[jepsen worker 3] jepsen.util: 3	:invoke	:cas	[0 [3 0]]
2026-03-09 23:54:38,592{GMT}	INFO	[jepsen worker 3] jepsen.util: 3	:fail	:cas	[0 [3 0]]	[:precondition-failed "expected 3 but had 1"]
2026-03-09 23:54:38,740{GMT}	INFO	[jepsen worker 4] jepsen.util: 4	:invoke	:cas	[0 [3 3]]
2026-03-09 23:54:38,748{GMT}	INFO	[jepsen worker 4] jepsen.util: 4	:fail	:cas	[0 [3 3]]	[:precondition-failed "expected 3 but had 1"]
2026-03-09 23:54:38,930{GMT}	INFO	[jepsen worker 0] jepsen.util: 0	:invoke	:read	[0 nil]
2026-03-09 23:54:38,938{GMT}	INFO	[jepsen worker 0] jepsen.util: 0	:ok	:read	[0 1]
2026-03-09 23:54:38,943{GMT}	INFO	[jepsen worker 0] jepsen.util: 0	:invoke	:read	[0 nil]
2026-03-09 23:54:38,947{GMT}	INFO	[jepsen worker 0] jepsen.util: 0	:ok	:read	[0 1]
2026-03-09 23:54:39,067{GMT}	INFO	[jepsen worker 0] jepsen.util: 0	:invoke	:read	[0 nil]
2026-03-09 23:54:39,071{GMT}	INFO	[jepsen worker 0] jepsen.util: 0	:ok	:read	[0 1]
2026-03-09 23:54:39,117{GMT}	INFO	[jepsen worker 3] jepsen.util: 3	:invoke	:cas	[0 [0 3]]
2026-03-09 23:54:39,120{GMT}	INFO	[jepsen worker 3] jepsen.util: 3	:fail	:cas	[0 [0 3]]	[:precondition-failed "expected 0 but had 1"]
2026-03-09 23:54:39,263{GMT}	INFO	[jepsen worker 3] jepsen.util: 3	:invoke	:cas	[0 [4 3]]
2026-03-09 23:54:39,271{GMT}	INFO	[jepsen worker 3] jepsen.util: 3	:fail	:cas	[0 [4 3]]	[:precondition-failed "expected 4 but had 1"]
2026-03-09 23:54:39,278{GMT}	INFO	[jepsen worker 0] jepsen.util: 0	:invoke	:read	[0 nil]
2026-03-09 23:54:39,282{GMT}	INFO	[jepsen worker 0] jepsen.util: 0	:ok	:read	[0 1]
2026-03-09 23:54:39,455{GMT}	INFO	[jepsen worker 4] jepsen.util: 4	:invoke	:write	[0 3]
2026-03-09 23:54:39,462{GMT}	INFO	[jepsen worker 4] jepsen.util: 4	:ok	:write	[0 3]
2026-03-09 23:54:39,609{GMT}	INFO	[jepsen worker 5] jepsen.util: 5	:invoke	:cas	[0 [2 0]]
2026-03-09 23:54:39,616{GMT}	INFO	[jepsen worker 5] jepsen.util: 5	:fail	:cas	[0 [2 0]]	[:precondition-failed "expected 2 but had 3"]
2026-03-09 23:54:39,796{GMT}	INFO	[jepsen worker 0] jepsen.util: 0	:invoke	:read	[0 nil]
2026-03-09 23:54:39,804{GMT}	INFO	[jepsen worker 0] jepsen.util: 0	:ok	:read	[0 3]
2026-03-09 23:54:39,993{GMT}	INFO	[jepsen worker 3] jepsen.util: 3	:invoke	:cas	[0 [4 0]]
2026-03-09 23:54:39,996{GMT}	INFO	[jepsen worker 3] jepsen.util: 3	:fail	:cas	[0 [4 0]]	[:precondition-failed "expected 4 but had 3"]
2026-03-09 23:54:40,125{GMT}	INFO	[jepsen worker 3] jepsen.util: 3	:invoke	:write	[0 4]
2026-03-09 23:54:40,128{GMT}	INFO	[jepsen worker 3] jepsen.util: 3	:ok	:write	[0 4]
2026-03-09 23:54:40,158{GMT}	INFO	[jepsen worker 2] jepsen.util: 2	:invoke	:read	[0 nil]
2026-03-09 23:54:40,163{GMT}	INFO	[jepsen worker 2] jepsen.util: 2	:ok	:read	[0 4]
2026-03-09 23:54:40,223{GMT}	INFO	[jepsen worker 0] jepsen.util: 0	:invoke	:read	[0 nil]
2026-03-09 23:54:40,226{GMT}	INFO	[jepsen worker 0] jepsen.util: 0	:ok	:read	[0 4]
2026-03-09 23:54:40,266{GMT}	INFO	[jepsen worker 4] jepsen.util: 4	:invoke	:cas	[0 [3 4]]
2026-03-09 23:54:40,268{GMT}	INFO	[jepsen worker 4] jepsen.util: 4	:fail	:cas	[0 [3 4]]	[:precondition-failed "expected 3 but had 4"]
2026-03-09 23:54:40,386{GMT}	INFO	[jepsen worker 5] jepsen.util: 5	:invoke	:cas	[0 [2 1]]
2026-03-09 23:54:40,388{GMT}	INFO	[jepsen worker 5] jepsen.util: 5	:fail	:cas	[0 [2 1]]	[:precondition-failed "expected 2 but had 4"]
2026-03-09 23:54:40,458{GMT}	INFO	[jepsen worker 3] jepsen.util: 3	:invoke	:write	[0 3]
2026-03-09 23:54:40,462{GMT}	INFO	[jepsen worker 3] jepsen.util: 3	:ok	:write	[0 3]
2026-03-09 23:54:40,510{GMT}	INFO	[jepsen worker 0] jepsen.util: 0	:invoke	:read	[0 nil]
2026-03-09 23:54:40,514{GMT}	INFO	[jepsen worker 0] jepsen.util: 0	:ok	:read	[0 3]
2026-03-09 23:54:40,668{GMT}	INFO	[jepsen worker 3] jepsen.util: 3	:invoke	:cas	[0 [1 3]]
2026-03-09 23:54:40,675{GMT}	INFO	[jepsen worker 3] jepsen.util: 3	:fail	:cas	[0 [1 3]]	[:precondition-failed "expected 1 but had 3"]
2026-03-09 23:54:40,858{GMT}	INFO	[jepsen worker 3] jepsen.util: 3	:invoke	:cas	[0 [0 0]]
2026-03-09 23:54:40,865{GMT}	INFO	[jepsen worker 3] jepsen.util: 3	:fail	:cas	[0 [0 0]]	[:precondition-failed "expected 0 but had 3"]
2026-03-09 23:54:41,045{GMT}	INFO	[jepsen worker 0] jepsen.util: 0	:invoke	:read	[0 nil]
2026-03-09 23:54:41,052{GMT}	INFO	[jepsen worker 0] jepsen.util: 0	:ok	:read	[0 3]
2026-03-09 23:54:41,203{GMT}	INFO	[jepsen worker 4] jepsen.util: 4	:invoke	:cas	[0 [2 1]]
2026-03-09 23:54:41,211{GMT}	INFO	[jepsen worker 4] jepsen.util: 4	:fail	:cas	[0 [2 1]]	[:precondition-failed "expected 2 but had 3"]
2026-03-09 23:54:41,349{GMT}	INFO	[jepsen worker 5] jepsen.util: 5	:invoke	:cas	[0 [2 3]]
2026-03-09 23:54:41,353{GMT}	INFO	[jepsen worker 5] jepsen.util: 5	:fail	:cas	[0 [2 3]]	[:precondition-failed "expected 2 but had 3"]
2026-03-09 23:54:41,455{GMT}	INFO	[jepsen worker 3] jepsen.util: 3	:invoke	:cas	[0 [0 1]]
2026-03-09 23:54:41,458{GMT}	INFO	[jepsen worker 3] jepsen.util: 3	:fail	:cas	[0 [0 1]]	[:precondition-failed "expected 0 but had 3"]
2026-03-09 23:54:41,585{GMT}	INFO	[jepsen worker 3] jepsen.util: 3	:invoke	:cas	[0 [3 3]]
2026-03-09 23:54:41,593{GMT}	INFO	[jepsen worker 3] jepsen.util: 3	:ok	:cas	[0 [3 3]]
2026-03-09 23:54:41,709{GMT}	INFO	[jepsen worker 1] jepsen.util: 1	:invoke	:read	[0 nil]
2026-03-09 23:54:41,716{GMT}	INFO	[jepsen worker 1] jepsen.util: 1	:ok	:read	[0 3]
2026-03-09 23:54:41,852{GMT}	INFO	[jepsen worker 3] jepsen.util: 3	:invoke	:cas	[0 [4 4]]
2026-03-09 23:54:41,860{GMT}	INFO	[jepsen worker 3] jepsen.util: 3	:fail	:cas	[0 [4 4]]	[:precondition-failed "expected 4 but had 3"]
2026-03-09 23:54:41,990{GMT}	INFO	[jepsen worker 3] jepsen.util: 3	:invoke	:write	[0 4]
2026-03-09 23:54:41,996{GMT}	INFO	[jepsen worker 3] jepsen.util: 3	:ok	:write	[0 4]
2026-03-09 23:54:42,060{GMT}	INFO	[jepsen worker 4] jepsen.util: 4	:invoke	:cas	[0 [1 0]]
2026-03-09 23:54:42,069{GMT}	INFO	[jepsen worker 4] jepsen.util: 4	:fail	:cas	[0 [1 0]]	[:precondition-failed "expected 1 but had 4"]
2026-03-09 23:54:42,095{GMT}	INFO	[jepsen worker 5] jepsen.util: 5	:invoke	:cas	[0 [0 1]]
2026-03-09 23:54:42,100{GMT}	INFO	[jepsen worker 5] jepsen.util: 5	:fail	:cas	[0 [0 1]]	[:precondition-failed "expected 0 but had 4"]
2026-03-09 23:54:42,159{GMT}	INFO	[jepsen worker 0] jepsen.util: 0	:invoke	:read	[0 nil]
2026-03-09 23:54:42,165{GMT}	INFO	[jepsen worker 0] jepsen.util: 0	:ok	:read	[0 4]
2026-03-09 23:54:42,233{GMT}	INFO	[jepsen worker 0] jepsen.util: 0	:invoke	:read	[0 nil]
2026-03-09 23:54:42,236{GMT}	INFO	[jepsen worker 0] jepsen.util: 0	:ok	:read	[0 4]
2026-03-09 23:54:42,431{GMT}	INFO	[jepsen worker 1] jepsen.util: 1	:invoke	:read	[0 nil]
2026-03-09 23:54:42,438{GMT}	INFO	[jepsen worker 1] jepsen.util: 1	:ok	:read	[0 4]
2026-03-09 23:54:42,499{GMT}	INFO	[jepsen worker 3] jepsen.util: 3	:invoke	:cas	[0 [1 4]]
2026-03-09 23:54:42,508{GMT}	INFO	[jepsen worker 3] jepsen.util: 3	:fail	:cas	[0 [1 4]]	[:precondition-failed "expected 1 but had 4"]
2026-03-09 23:54:42,517{GMT}	INFO	[jepsen worker 0] jepsen.util: 0	:invoke	:read	[0 nil]
2026-03-09 23:54:42,522{GMT}	INFO	[jepsen worker 0] jepsen.util: 0	:ok	:read	[0 4]
2026-03-09 23:54:42,635{GMT}	INFO	[jepsen worker 0] jepsen.util: 0	:invoke	:read	[0 nil]
2026-03-09 23:54:42,642{GMT}	INFO	[jepsen worker 0] jepsen.util: 0	:ok	:read	[0 4]
2026-03-09 23:54:42,707{GMT}	INFO	[jepsen worker 5] jepsen.util: 5	:invoke	:cas	[0 [3 1]]
2026-03-09 23:54:42,710{GMT}	INFO	[jepsen worker 0] jepsen.util: 0	:invoke	:read	[0 nil]
2026-03-09 23:54:42,712{GMT}	INFO	[jepsen worker 5] jepsen.util: 5	:fail	:cas	[0 [3 1]]	[:precondition-failed "expected 3 but had 4"]
2026-03-09 23:54:42,713{GMT}	INFO	[jepsen worker 0] jepsen.util: 0	:ok	:read	[0 4]
2026-03-09 23:54:42,881{GMT}	INFO	[jepsen worker 3] jepsen.util: 3	:invoke	:cas	[0 [3 2]]
2026-03-09 23:54:42,887{GMT}	INFO	[jepsen worker 3] jepsen.util: 3	:fail	:cas	[0 [3 2]]	[:precondition-failed "expected 3 but had 4"]
2026-03-09 23:54:43,042{GMT}	INFO	[jepsen worker 1] jepsen.util: 1	:invoke	:read	[0 nil]
2026-03-09 23:54:43,048{GMT}	INFO	[jepsen worker 1] jepsen.util: 1	:ok	:read	[0 4]
2026-03-09 23:54:43,237{GMT}	INFO	[jepsen worker 2] jepsen.util: 2	:invoke	:read	[0 nil]
2026-03-09 23:54:43,242{GMT}	INFO	[jepsen worker 2] jepsen.util: 2	:ok	:read	[0 4]
2026-03-09 23:54:43,425{GMT}	INFO	[jepsen worker 0] jepsen.util: 0	:invoke	:read	[0 nil]
2026-03-09 23:54:43,431{GMT}	INFO	[jepsen worker 0] jepsen.util: 0	:ok	:read	[0 4]
2026-03-09 23:54:43,617{GMT}	INFO	[jepsen worker 4] jepsen.util: 4	:invoke	:write	[0 1]
2026-03-09 23:54:43,623{GMT}	INFO	[jepsen worker 4] jepsen.util: 4	:ok	:write	[0 1]
2026-03-09 23:54:43,720{GMT}	INFO	[jepsen worker 0] jepsen.util: 0	:invoke	:read	[0 nil]
2026-03-09 23:54:43,726{GMT}	INFO	[jepsen worker 0] jepsen.util: 0	:ok	:read	[0 1]
2026-03-09 23:54:43,868{GMT}	INFO	[jepsen worker 0] jepsen.util: 0	:invoke	:read	[0 nil]
2026-03-09 23:54:43,874{GMT}	INFO	[jepsen worker 0] jepsen.util: 0	:ok	:read	[0 1]
2026-03-09 23:54:44,057{GMT}	INFO	[jepsen worker 0] jepsen.util: 0	:invoke	:read	[0 nil]
2026-03-09 23:54:44,064{GMT}	INFO	[jepsen worker 0] jepsen.util: 0	:ok	:read	[0 1]
2026-03-09 23:54:44,203{GMT}	INFO	[jepsen worker 3] jepsen.util: 3	:invoke	:cas	[0 [0 2]]
2026-03-09 23:54:44,207{GMT}	INFO	[jepsen worker 3] jepsen.util: 3	:fail	:cas	[0 [0 2]]	[:precondition-failed "expected 0 but had 1"]
2026-03-09 23:54:44,371{GMT}	INFO	[jepsen worker 3] jepsen.util: 3	:invoke	:write	[0 2]
2026-03-09 23:54:44,374{GMT}	INFO	[jepsen worker 3] jepsen.util: 3	:ok	:write	[0 2]
2026-03-09 23:54:44,444{GMT}	INFO	[jepsen worker 0] jepsen.util: 0	:invoke	:read	[0 nil]
2026-03-09 23:54:44,452{GMT}	INFO	[jepsen worker 0] jepsen.util: 0	:ok	:read	[0 2]
2026-03-09 23:54:44,544{GMT}	INFO	[jepsen worker 4] jepsen.util: 4	:invoke	:cas	[0 [1 2]]
2026-03-09 23:54:44,552{GMT}	INFO	[jepsen worker 4] jepsen.util: 4	:fail	:cas	[0 [1 2]]	[:precondition-failed "expected 1 but had 2"]
2026-03-09 23:54:44,670{GMT}	INFO	[jepsen worker 5] jepsen.util: 5	:invoke	:cas	[0 [3 1]]
2026-03-09 23:54:44,676{GMT}	INFO	[jepsen worker 5] jepsen.util: 5	:fail	:cas	[0 [3 1]]	[:precondition-failed "expected 3 but had 2"]
2026-03-09 23:54:44,735{GMT}	INFO	[jepsen worker 0] jepsen.util: 0	:invoke	:read	[0 nil]
2026-03-09 23:54:44,743{GMT}	INFO	[jepsen worker 0] jepsen.util: 0	:ok	:read	[0 2]
2026-03-09 23:54:44,745{GMT}	INFO	[jepsen worker 0] jepsen.util: 0	:invoke	:read	[0 nil]
2026-03-09 23:54:44,749{GMT}	INFO	[jepsen worker 0] jepsen.util: 0	:ok	:read	[0 2]
2026-03-09 23:54:44,864{GMT}	INFO	[jepsen worker 3] jepsen.util: 3	:invoke	:write	[0 2]
2026-03-09 23:54:44,867{GMT}	INFO	[jepsen worker 3] jepsen.util: 3	:ok	:write	[0 2]
2026-03-09 23:54:44,973{GMT}	INFO	[jepsen worker 3] jepsen.util: 3	:invoke	:write	[0 3]
2026-03-09 23:54:44,978{GMT}	INFO	[jepsen worker 3] jepsen.util: 3	:ok	:write	[0 3]
2026-03-09 23:54:45,078{GMT}	INFO	[jepsen worker 0] jepsen.util: 0	:invoke	:read	[0 nil]
2026-03-09 23:54:45,081{GMT}	INFO	[jepsen worker 0] jepsen.util: 0	:ok	:read	[0 3]
2026-03-09 23:54:45,239{GMT}	INFO	[jepsen worker 0] jepsen.util: 0	:invoke	:read	[0 nil]
2026-03-09 23:54:45,262{GMT}	INFO	[jepsen worker 0] jepsen.util: 0	:ok	:read	[0 3]
2026-03-09 23:54:45,314{GMT}	INFO	[jepsen worker 0] jepsen.util: 0	:invoke	:read	[0 nil]
2026-03-09 23:54:45,317{GMT}	INFO	[jepsen worker 0] jepsen.util: 0	:ok	:read	[0 3]
2026-03-09 23:54:45,336{GMT}	INFO	[jepsen worker 0] jepsen.util: 0	:invoke	:read	[0 nil]
2026-03-09 23:54:45,338{GMT}	INFO	[jepsen worker 0] jepsen.util: 0	:ok	:read	[0 3]
2026-03-09 23:54:45,355{GMT}	INFO	[jepsen worker 0] jepsen.util: 0	:invoke	:read	[0 nil]
2026-03-09 23:54:45,356{GMT}	INFO	[jepsen worker 0] jepsen.util: 0	:ok	:read	[0 3]
2026-03-09 23:54:45,516{GMT}	INFO	[jepsen worker 3] jepsen.util: 3	:invoke	:write	[0 2]
2026-03-09 23:54:45,519{GMT}	INFO	[jepsen worker 3] jepsen.util: 3	:ok	:write	[0 2]
2026-03-09 23:54:45,603{GMT}	INFO	[jepsen worker 3] jepsen.util: 3	:invoke	:cas	[0 [2 0]]
2026-03-09 23:54:45,611{GMT}	INFO	[jepsen worker 3] jepsen.util: 3	:ok	:cas	[0 [2 0]]
2026-03-09 23:54:45,717{GMT}	INFO	[jepsen worker 3] jepsen.util: 3	:invoke	:write	[0 2]
2026-03-09 23:54:45,723{GMT}	INFO	[jepsen worker 3] jepsen.util: 3	:ok	:write	[0 2]
2026-03-09 23:54:45,816{GMT}	INFO	[jepsen worker 0] jepsen.util: 0	:invoke	:read	[0 nil]
2026-03-09 23:54:45,819{GMT}	INFO	[jepsen worker 0] jepsen.util: 0	:ok	:read	[0 2]
2026-03-09 23:54:45,927{GMT}	INFO	[jepsen worker 5] jepsen.util: 5	:invoke	:cas	[0 [0 0]]
2026-03-09 23:54:45,934{GMT}	INFO	[jepsen worker 5] jepsen.util: 5	:fail	:cas	[0 [0 0]]	[:precondition-failed "expected 0 but had 2"]
2026-03-09 23:54:46,011{GMT}	INFO	[jepsen worker 3] jepsen.util: 3	:invoke	:cas	[0 [3 2]]
2026-03-09 23:54:46,018{GMT}	INFO	[jepsen worker 3] jepsen.util: 3	:fail	:cas	[0 [3 2]]	[:precondition-failed "expected 3 but had 2"]
2026-03-09 23:54:46,148{GMT}	INFO	[jepsen worker 0] jepsen.util: 0	:invoke	:read	[0 nil]
2026-03-09 23:54:46,154{GMT}	INFO	[jepsen worker 0] jepsen.util: 0	:ok	:read	[0 2]
2026-03-09 23:54:46,242{GMT}	INFO	[jepsen worker 3] jepsen.util: 3	:invoke	:write	[0 0]
2026-03-09 23:54:46,248{GMT}	INFO	[jepsen worker 3] jepsen.util: 3	:ok	:write	[0 0]
2026-03-09 23:54:46,398{GMT}	INFO	[jepsen worker 3] jepsen.util: 3	:invoke	:cas	[0 [1 2]]
2026-03-09 23:54:46,401{GMT}	INFO	[jepsen worker 3] jepsen.util: 3	:fail	:cas	[0 [1 2]]	[:precondition-failed "expected 1 but had 0"]
2026-03-09 23:54:46,536{GMT}	INFO	[jepsen worker 0] jepsen.util: 0	:invoke	:read	[0 nil]
2026-03-09 23:54:46,539{GMT}	INFO	[jepsen worker 0] jepsen.util: 0	:ok	:read	[0 0]
2026-03-09 23:54:46,575{GMT}	INFO	[jepsen worker 4] jepsen.util: 4	:invoke	:cas	[0 [0 1]]
2026-03-09 23:54:46,579{GMT}	INFO	[jepsen worker 4] jepsen.util: 4	:ok	:cas	[0 [0 1]]
2026-03-09 23:54:46,590{GMT}	INFO	[jepsen worker 5] jepsen.util: 5	:invoke	:write	[0 3]
2026-03-09 23:54:46,593{GMT}	INFO	[jepsen worker 5] jepsen.util: 5	:ok	:write	[0 3]
2026-03-09 23:54:46,625{GMT}	INFO	[jepsen worker 3] jepsen.util: 3	:invoke	:cas	[0 [0 1]]
2026-03-09 23:54:46,628{GMT}	INFO	[jepsen worker 3] jepsen.util: 3	:fail	:cas	[0 [0 1]]	[:precondition-failed "expected 0 but had 3"]
2026-03-09 23:54:46,652{GMT}	INFO	[jepsen worker 3] jepsen.util: 3	:invoke	:cas	[0 [4 1]]
2026-03-09 23:54:46,656{GMT}	INFO	[jepsen worker 3] jepsen.util: 3	:fail	:cas	[0 [4 1]]	[:precondition-failed "expected 4 but had 3"]
2026-03-09 23:54:46,681{GMT}	INFO	[jepsen worker 1] jepsen.util: 1	:invoke	:read	[0 nil]
2026-03-09 23:54:46,685{GMT}	INFO	[jepsen worker 1] jepsen.util: 1	:ok	:read	[0 3]
2026-03-09 23:54:46,847{GMT}	INFO	[jepsen worker 2] jepsen.util: 2	:invoke	:read	[0 nil]
2026-03-09 23:54:46,852{GMT}	INFO	[jepsen worker 2] jepsen.util: 2	:ok	:read	[0 3]
2026-03-09 23:54:46,878{GMT}	INFO	[jepsen worker 0] jepsen.util: 0	:invoke	:read	[0 nil]
2026-03-09 23:54:46,883{GMT}	INFO	[jepsen worker 0] jepsen.util: 0	:ok	:read	[0 3]
2026-03-09 23:54:46,931{GMT}	INFO	[jepsen worker 4] jepsen.util: 4	:invoke	:cas	[0 [2 2]]
2026-03-09 23:54:46,938{GMT}	INFO	[jepsen worker 4] jepsen.util: 4	:fail	:cas	[0 [2 2]]	[:precondition-failed "expected 2 but had 3"]
2026-03-09 23:54:46,995{GMT}	INFO	[jepsen worker 5] jepsen.util: 5	:invoke	:cas	[0 [1 1]]
2026-03-09 23:54:47,002{GMT}	INFO	[jepsen worker 5] jepsen.util: 5	:fail	:cas	[0 [1 1]]	[:precondition-failed "expected 1 but had 3"]
2026-03-09 23:54:47,034{GMT}	INFO	[jepsen worker 3] jepsen.util: 3	:invoke	:cas	[0 [0 2]]
2026-03-09 23:54:47,040{GMT}	INFO	[jepsen worker 3] jepsen.util: 3	:fail	:cas	[0 [0 2]]	[:precondition-failed "expected 0 but had 3"]
2026-03-09 23:54:47,150{GMT}	INFO	[jepsen worker 3] jepsen.util: 3	:invoke	:cas	[0 [2 2]]
2026-03-09 23:54:47,156{GMT}	INFO	[jepsen worker 3] jepsen.util: 3	:fail	:cas	[0 [2 2]]	[:precondition-failed "expected 2 but had 3"]
2026-03-09 23:54:47,325{GMT}	INFO	[jepsen worker 3] jepsen.util: 3	:invoke	:cas	[0 [0 4]]
2026-03-09 23:54:47,331{GMT}	INFO	[jepsen worker 3] jepsen.util: 3	:fail	:cas	[0 [0 4]]	[:precondition-failed "expected 0 but had 3"]
2026-03-09 23:54:47,520{GMT}	INFO	[jepsen worker 3] jepsen.util: 3	:invoke	:cas	[0 [1 2]]
2026-03-09 23:54:47,526{GMT}	INFO	[jepsen worker 3] jepsen.util: 3	:fail	:cas	[0 [1 2]]	[:precondition-failed "expected 1 but had 3"]
2026-03-09 23:54:47,662{GMT}	INFO	[jepsen worker 3] jepsen.util: 3	:invoke	:cas	[0 [3 2]]
2026-03-09 23:54:47,670{GMT}	INFO	[jepsen worker 3] jepsen.util: 3	:ok	:cas	[0 [3 2]]
2026-03-09 23:54:47,762{GMT}	INFO	[jepsen worker 0] jepsen.util: 0	:invoke	:read	[0 nil]
2026-03-09 23:54:47,768{GMT}	INFO	[jepsen worker 0] jepsen.util: 0	:ok	:read	[0 2]
2026-03-09 23:54:47,957{GMT}	INFO	[jepsen worker 5] jepsen.util: 5	:invoke	:write	[0 0]
2026-03-09 23:54:47,962{GMT}	INFO	[jepsen worker 5] jepsen.util: 5	:ok	:write	[0 0]
2026-03-09 23:54:48,075{GMT}	INFO	[jepsen worker 0] jepsen.util: 0	:invoke	:read	[0 nil]
2026-03-09 23:54:48,080{GMT}	INFO	[jepsen worker 0] jepsen.util: 0	:ok	:read	[0 0]
2026-03-09 23:54:48,228{GMT}	INFO	[jepsen worker 3] jepsen.util: 3	:invoke	:cas	[0 [4 0]]
2026-03-09 23:54:48,235{GMT}	INFO	[jepsen worker 3] jepsen.util: 3	:fail	:cas	[0 [4 0]]	[:precondition-failed "expected 4 but had 0"]
2026-03-09 23:54:48,433{GMT}	INFO	[jepsen worker 1] jepsen.util: 1	:invoke	:read	[0 nil]
2026-03-09 23:54:48,441{GMT}	INFO	[jepsen worker 1] jepsen.util: 1	:ok	:read	[0 0]
2026-03-09 23:54:48,528{GMT}	INFO	[jepsen worker 2] jepsen.util: 2	:invoke	:read	[0 nil]
2026-03-09 23:54:48,535{GMT}	INFO	[jepsen worker 2] jepsen.util: 2	:ok	:read	[0 0]
2026-03-09 23:54:48,576{GMT}	INFO	[jepsen worker 0] jepsen.util: 0	:invoke	:read	[0 nil]
2026-03-09 23:54:48,580{GMT}	INFO	[jepsen worker 0] jepsen.util: 0	:ok	:read	[0 0]
2026-03-09 23:54:48,606{GMT}	INFO	[jepsen worker 4] jepsen.util: 4	:invoke	:cas	[0 [1 2]]
2026-03-09 23:54:48,609{GMT}	INFO	[jepsen worker 4] jepsen.util: 4	:fail	:cas	[0 [1 2]]	[:precondition-failed "expected 1 but had 0"]
2026-03-09 23:54:48,776{GMT}	INFO	[jepsen worker 5] jepsen.util: 5	:invoke	:cas	[0 [0 3]]
2026-03-09 23:54:48,784{GMT}	INFO	[jepsen worker 5] jepsen.util: 5	:ok	:cas	[0 [0 3]]
2026-03-09 23:54:48,851{GMT}	INFO	[jepsen worker 0] jepsen.util: 0	:invoke	:read	[0 nil]
2026-03-09 23:54:48,857{GMT}	INFO	[jepsen worker 0] jepsen.util: 0	:ok	:read	[0 3]
2026-03-09 23:54:48,901{GMT}	INFO	[jepsen worker 0] jepsen.util: 0	:invoke	:read	[0 nil]
2026-03-09 23:54:48,906{GMT}	INFO	[jepsen worker 0] jepsen.util: 0	:ok	:read	[0 3]
2026-03-09 23:54:48,929{GMT}	INFO	[jepsen worker 3] jepsen.util: 3	:invoke	:cas	[0 [2 0]]
2026-03-09 23:54:48,936{GMT}	INFO	[jepsen worker 3] jepsen.util: 3	:fail	:cas	[0 [2 0]]	[:precondition-failed "expected 2 but had 3"]
2026-03-09 23:54:48,972{GMT}	INFO	[jepsen worker 3] jepsen.util: 3	:invoke	:cas	[0 [4 0]]
2026-03-09 23:54:48,977{GMT}	INFO	[jepsen worker 3] jepsen.util: 3	:fail	:cas	[0 [4 0]]	[:precondition-failed "expected 4 but had 3"]
2026-03-09 23:54:49,112{GMT}	INFO	[jepsen worker 0] jepsen.util: 0	:invoke	:read	[0 nil]
2026-03-09 23:54:49,114{GMT}	INFO	[jepsen worker 1] jepsen.util: 1	:invoke	:read	[0 nil]
2026-03-09 23:54:49,118{GMT}	INFO	[jepsen worker 1] jepsen.util: 1	:ok	:read	[0 3]
2026-03-09 23:54:49,118{GMT}	INFO	[jepsen worker 0] jepsen.util: 0	:ok	:read	[0 3]
2026-03-09 23:54:49,176{GMT}	INFO	[jepsen worker 5] jepsen.util: 5	:invoke	:write	[0 3]
2026-03-09 23:54:49,186{GMT}	INFO	[jepsen worker 5] jepsen.util: 5	:ok	:write	[0 3]
2026-03-09 23:54:49,330{GMT}	INFO	[jepsen worker 3] jepsen.util: 3	:invoke	:write	[0 1]
2026-03-09 23:54:49,337{GMT}	INFO	[jepsen worker 3] jepsen.util: 3	:ok	:write	[0 1]
2026-03-09 23:54:49,476{GMT}	INFO	[jepsen worker 3] jepsen.util: 3	:invoke	:cas	[0 [4 4]]
2026-03-09 23:54:49,484{GMT}	INFO	[jepsen worker 3] jepsen.util: 3	:fail	:cas	[0 [4 4]]	[:precondition-failed "expected 4 but had 1"]
2026-03-09 23:54:49,497{GMT}	INFO	[jepsen worker 1] jepsen.util: 1	:invoke	:read	[0 nil]
2026-03-09 23:54:49,502{GMT}	INFO	[jepsen worker 1] jepsen.util: 1	:ok	:read	[0 1]
2026-03-09 23:54:49,681{GMT}	INFO	[jepsen worker 2] jepsen.util: 2	:invoke	:read	[0 nil]
2026-03-09 23:54:49,687{GMT}	INFO	[jepsen worker 2] jepsen.util: 2	:ok	:read	[0 1]
2026-03-09 23:54:49,732{GMT}	INFO	[jepsen worker 0] jepsen.util: 0	:invoke	:read	[0 nil]
2026-03-09 23:54:49,738{GMT}	INFO	[jepsen worker 0] jepsen.util: 0	:ok	:read	[0 1]
2026-03-09 23:54:49,781{GMT}	INFO	[jepsen worker 0] jepsen.util: 0	:invoke	:read	[0 nil]
2026-03-09 23:54:49,786{GMT}	INFO	[jepsen worker 0] jepsen.util: 0	:ok	:read	[0 1]
2026-03-09 23:54:49,982{GMT}	INFO	[jepsen worker 5] jepsen.util: 5	:invoke	:cas	[0 [4 0]]
2026-03-09 23:54:49,988{GMT}	INFO	[jepsen worker 5] jepsen.util: 5	:fail	:cas	[0 [4 0]]	[:precondition-failed "expected 4 but had 1"]
2026-03-09 23:54:50,079{GMT}	INFO	[jepsen worker 3] jepsen.util: 3	:invoke	:cas	[0 [3 4]]
2026-03-09 23:54:50,086{GMT}	INFO	[jepsen worker 3] jepsen.util: 3	:fail	:cas	[0 [3 4]]	[:precondition-failed "expected 3 but had 1"]
2026-03-09 23:54:50,094{GMT}	INFO	[jepsen worker 0] jepsen.util: 0	:invoke	:read	[0 nil]
2026-03-09 23:54:50,098{GMT}	INFO	[jepsen worker 0] jepsen.util: 0	:ok	:read	[0 1]
2026-03-09 23:54:50,125{GMT}	INFO	[jepsen worker 3] jepsen.util: 3	:invoke	:cas	[0 [3 2]]
2026-03-09 23:54:50,130{GMT}	INFO	[jepsen worker 3] jepsen.util: 3	:fail	:cas	[0 [3 2]]	[:precondition-failed "expected 3 but had 1"]
2026-03-09 23:54:50,305{GMT}	INFO	[jepsen worker 3] jepsen.util: 3	:invoke	:write	[0 3]
2026-03-09 23:54:50,313{GMT}	INFO	[jepsen worker 3] jepsen.util: 3	:ok	:write	[0 3]
2026-03-09 23:54:50,437{GMT}	INFO	[jepsen worker 3] jepsen.util: 3	:invoke	:write	[0 3]
2026-03-09 23:54:50,444{GMT}	INFO	[jepsen worker 3] jepsen.util: 3	:ok	:write	[0 3]
2026-03-09 23:54:50,476{GMT}	INFO	[jepsen worker 4] jepsen.util: 4	:invoke	:cas	[0 [3 2]]
2026-03-09 23:54:50,483{GMT}	INFO	[jepsen worker 4] jepsen.util: 4	:ok	:cas	[0 [3 2]]
2026-03-09 23:54:50,523{GMT}	INFO	[jepsen worker 5] jepsen.util: 5	:invoke	:write	[0 0]
2026-03-09 23:54:50,526{GMT}	INFO	[jepsen worker 5] jepsen.util: 5	:ok	:write	[0 0]
2026-03-09 23:54:50,717{GMT}	INFO	[jepsen worker 3] jepsen.util: 3	:invoke	:cas	[0 [1 1]]
2026-03-09 23:54:50,720{GMT}	INFO	[jepsen worker 3] jepsen.util: 3	:fail	:cas	[0 [1 1]]	[:precondition-failed "expected 1 but had 0"]
2026-03-09 23:54:50,830{GMT}	INFO	[jepsen worker 0] jepsen.util: 0	:invoke	:read	[0 nil]
2026-03-09 23:54:50,836{GMT}	INFO	[jepsen worker 0] jepsen.util: 0	:ok	:read	[0 0]
2026-03-09 23:54:50,972{GMT}	INFO	[jepsen worker 1] jepsen.util: 1	:invoke	:read	[0 nil]
2026-03-09 23:54:50,977{GMT}	INFO	[jepsen worker 1] jepsen.util: 1	:ok	:read	[0 0]
2026-03-09 23:54:51,031{GMT}	INFO	[jepsen worker 3] jepsen.util: 3	:invoke	:write	[0 4]
2026-03-09 23:54:51,037{GMT}	INFO	[jepsen worker 3] jepsen.util: 3	:ok	:write	[0 4]
2026-03-09 23:54:51,143{GMT}	INFO	[jepsen worker 0] jepsen.util: 0	:invoke	:read	[0 nil]
2026-03-09 23:54:51,148{GMT}	INFO	[jepsen worker 0] jepsen.util: 0	:ok	:read	[0 4]
2026-03-09 23:54:51,263{GMT}	INFO	[jepsen worker 0] jepsen.util: 0	:invoke	:read	[0 nil]
2026-03-09 23:54:51,269{GMT}	INFO	[jepsen worker 0] jepsen.util: 0	:ok	:read	[0 4]
2026-03-09 23:54:51,292{GMT}	INFO	[jepsen worker 5] jepsen.util: 5	:invoke	:write	[0 3]
2026-03-09 23:54:51,298{GMT}	INFO	[jepsen worker 5] jepsen.util: 5	:ok	:write	[0 3]
2026-03-09 23:54:51,484{GMT}	INFO	[jepsen worker 0] jepsen.util: 0	:invoke	:read	[0 nil]
2026-03-09 23:54:51,488{GMT}	INFO	[jepsen worker 0] jepsen.util: 0	:ok	:read	[0 3]
2026-03-09 23:54:51,539{GMT}	INFO	[jepsen worker 0] jepsen.util: 0	:invoke	:read	[0 nil]
2026-03-09 23:54:51,545{GMT}	INFO	[jepsen worker 0] jepsen.util: 0	:ok	:read	[0 3]
2026-03-09 23:54:51,617{GMT}	INFO	[jepsen worker 1] jepsen.util: 1	:invoke	:read	[0 nil]
2026-03-09 23:54:51,623{GMT}	INFO	[jepsen worker 1] jepsen.util: 1	:ok	:read	[0 3]
2026-03-09 23:54:51,642{GMT}	INFO	[jepsen worker 2] jepsen.util: 2	:invoke	:read	[0 nil]
2026-03-09 23:54:51,646{GMT}	INFO	[jepsen worker 2] jepsen.util: 2	:ok	:read	[0 3]
2026-03-09 23:54:51,736{GMT}	INFO	[jepsen worker 3] jepsen.util: 3	:invoke	:cas	[0 [3 0]]
2026-03-09 23:54:51,743{GMT}	INFO	[jepsen worker 3] jepsen.util: 3	:ok	:cas	[0 [3 0]]
2026-03-09 23:54:51,831{GMT}	INFO	[jepsen worker 4] jepsen.util: 4	:invoke	:cas	[0 [2 0]]
2026-03-09 23:54:51,836{GMT}	INFO	[jepsen worker 4] jepsen.util: 4	:fail	:cas	[0 [2 0]]	[:precondition-failed "expected 2 but had 0"]
2026-03-09 23:54:51,886{GMT}	INFO	[jepsen worker 0] jepsen.util: 0	:invoke	:read	[0 nil]
2026-03-09 23:54:51,891{GMT}	INFO	[jepsen worker 0] jepsen.util: 0	:ok	:read	[0 0]
2026-03-09 23:54:52,025{GMT}	INFO	[jepsen worker 3] jepsen.util: 3	:invoke	:cas	[0 [0 0]]
2026-03-09 23:54:52,033{GMT}	INFO	[jepsen worker 3] jepsen.util: 3	:ok	:cas	[0 [0 0]]
2026-03-09 23:54:52,210{GMT}	INFO	[jepsen worker 3] jepsen.util: 3	:invoke	:cas	[0 [4 2]]
2026-03-09 23:54:52,216{GMT}	INFO	[jepsen worker 3] jepsen.util: 3	:fail	:cas	[0 [4 2]]	[:precondition-failed "expected 4 but had 0"]
2026-03-09 23:54:52,285{GMT}	INFO	[jepsen worker 3] jepsen.util: 3	:invoke	:write	[0 4]
2026-03-09 23:54:52,291{GMT}	INFO	[jepsen worker 3] jepsen.util: 3	:ok	:write	[0 4]
2026-03-09 23:54:52,324{GMT}	INFO	[jepsen worker 3] jepsen.util: 3	:invoke	:cas	[0 [1 2]]
2026-03-09 23:54:52,330{GMT}	INFO	[jepsen worker 3] jepsen.util: 3	:fail	:cas	[0 [1 2]]	[:precondition-failed "expected 1 but had 4"]
2026-03-09 23:54:52,484{GMT}	INFO	[jepsen worker 0] jepsen.util: 0	:invoke	:read	[0 nil]
2026-03-09 23:54:52,490{GMT}	INFO	[jepsen worker 0] jepsen.util: 0	:ok	:read	[0 4]
2026-03-09 23:54:52,656{GMT}	INFO	[jepsen worker 4] jepsen.util: 4	:invoke	:cas	[0 [4 4]]
2026-03-09 23:54:52,663{GMT}	INFO	[jepsen worker 4] jepsen.util: 4	:ok	:cas	[0 [4 4]]
2026-03-09 23:54:52,722{GMT}	INFO	[jepsen worker 5] jepsen.util: 5	:invoke	:cas	[0 [4 0]]
2026-03-09 23:54:52,729{GMT}	INFO	[jepsen worker 5] jepsen.util: 5	:ok	:cas	[0 [4 0]]
2026-03-09 23:54:52,779{GMT}	INFO	[jepsen worker 3] jepsen.util: 3	:invoke	:cas	[0 [3 1]]
2026-03-09 23:54:52,785{GMT}	INFO	[jepsen worker 3] jepsen.util: 3	:fail	:cas	[0 [3 1]]	[:precondition-failed "expected 3 but had 0"]
2026-03-09 23:54:52,856{GMT}	INFO	[jepsen worker 0] jepsen.util: 0	:invoke	:read	[0 nil]
2026-03-09 23:54:52,859{GMT}	INFO	[jepsen worker 0] jepsen.util: 0	:ok	:read	[0 0]
2026-03-09 23:54:53,054{GMT}	INFO	[jepsen worker 3] jepsen.util: 3	:invoke	:cas	[0 [2 0]]
2026-03-09 23:54:53,062{GMT}	INFO	[jepsen worker 3] jepsen.util: 3	:fail	:cas	[0 [2 0]]	[:precondition-failed "expected 2 but had 0"]
2026-03-09 23:54:53,184{GMT}	INFO	[jepsen worker 2] jepsen.util: 2	:invoke	:read	[0 nil]
2026-03-09 23:54:53,187{GMT}	INFO	[jepsen worker 2] jepsen.util: 2	:ok	:read	[0 0]
2026-03-09 23:54:53,311{GMT}	INFO	[jepsen worker 0] jepsen.util: 0	:invoke	:read	[0 nil]
2026-03-09 23:54:53,317{GMT}	INFO	[jepsen worker 0] jepsen.util: 0	:ok	:read	[0 0]
2026-03-09 23:54:53,414{GMT}	INFO	[jepsen worker 0] jepsen.util: 0	:invoke	:read	[0 nil]
2026-03-09 23:54:53,421{GMT}	INFO	[jepsen worker 0] jepsen.util: 0	:ok	:read	[0 0]
2026-03-09 23:54:53,582{GMT}	INFO	[jepsen worker 0] jepsen.util: 0	:invoke	:read	[0 nil]
2026-03-09 23:54:53,589{GMT}	INFO	[jepsen worker 0] jepsen.util: 0	:ok	:read	[0 0]
2026-03-09 23:54:53,712{GMT}	INFO	[jepsen worker 0] jepsen.util: 0	:invoke	:read	[0 nil]
2026-03-09 23:54:53,729{GMT}	INFO	[jepsen worker 0] jepsen.util: 0	:ok	:read	[0 0]
2026-03-09 23:54:53,766{GMT}	INFO	[jepsen worker 0] jepsen.util: 0	:invoke	:read	[0 nil]
2026-03-09 23:54:53,768{GMT}	INFO	[jepsen worker 0] jepsen.util: 0	:ok	:read	[0 0]
2026-03-09 23:54:53,961{GMT}	INFO	[jepsen worker 1] jepsen.util: 1	:invoke	:read	[0 nil]
2026-03-09 23:54:53,965{GMT}	INFO	[jepsen worker 1] jepsen.util: 1	:ok	:read	[0 0]
2026-03-09 23:54:54,041{GMT}	INFO	[jepsen worker 2] jepsen.util: 2	:invoke	:read	[0 nil]
2026-03-09 23:54:54,048{GMT}	INFO	[jepsen worker 2] jepsen.util: 2	:ok	:read	[0 0]
2026-03-09 23:54:54,075{GMT}	INFO	[jepsen worker 0] jepsen.util: 0	:invoke	:read	[0 nil]
2026-03-09 23:54:54,079{GMT}	INFO	[jepsen worker 0] jepsen.util: 0	:ok	:read	[0 0]
2026-03-09 23:54:54,129{GMT}	INFO	[jepsen worker 4] jepsen.util: 4	:invoke	:write	[0 4]
2026-03-09 23:54:54,132{GMT}	INFO	[jepsen worker 4] jepsen.util: 4	:ok	:write	[0 4]
2026-03-09 23:54:54,228{GMT}	INFO	[jepsen worker 0] jepsen.util: 0	:invoke	:read	[0 nil]
2026-03-09 23:54:54,231{GMT}	INFO	[jepsen worker 0] jepsen.util: 0	:ok	:read	[0 4]
2026-03-09 23:54:54,269{GMT}	INFO	[jepsen worker 3] jepsen.util: 3	:invoke	:write	[0 2]
2026-03-09 23:54:54,271{GMT}	INFO	[jepsen worker 3] jepsen.util: 3	:ok	:write	[0 2]
2026-03-09 23:54:54,392{GMT}	INFO	[jepsen worker 0] jepsen.util: 0	:invoke	:read	[0 nil]
2026-03-09 23:54:54,394{GMT}	INFO	[jepsen worker 0] jepsen.util: 0	:ok	:read	[0 2]
2026-03-09 23:54:54,441{GMT}	INFO	[jepsen worker 3] jepsen.util: 3	:invoke	:cas	[0 [2 1]]
2026-03-09 23:54:54,444{GMT}	INFO	[jepsen worker 3] jepsen.util: 3	:ok	:cas	[0 [2 1]]
2026-03-09 23:54:54,453{GMT}	INFO	[jepsen worker 2] jepsen.util: 2	:invoke	:read	[0 nil]
2026-03-09 23:54:54,455{GMT}	INFO	[jepsen worker 2] jepsen.util: 2	:ok	:read	[0 1]
2026-03-09 23:54:54,639{GMT}	INFO	[jepsen worker 3] jepsen.util: 3	:invoke	:write	[0 4]
2026-03-09 23:54:54,646{GMT}	INFO	[jepsen worker 3] jepsen.util: 3	:ok	:write	[0 4]
2026-03-09 23:54:54,681{GMT}	INFO	[jepsen worker 4] jepsen.util: 4	:invoke	:write	[0 2]
2026-03-09 23:54:54,685{GMT}	INFO	[jepsen worker 4] jepsen.util: 4	:ok	:write	[0 2]
2026-03-09 23:54:54,876{GMT}	INFO	[jepsen worker 0] jepsen.util: 0	:invoke	:read	[0 nil]
2026-03-09 23:54:54,882{GMT}	INFO	[jepsen worker 0] jepsen.util: 0	:ok	:read	[0 2]
2026-03-09 23:54:55,075{GMT}	INFO	[jepsen worker 0] jepsen.util: 0	:invoke	:read	[0 nil]
2026-03-09 23:54:55,083{GMT}	INFO	[jepsen worker 0] jepsen.util: 0	:ok	:read	[0 2]
2026-03-09 23:54:55,131{GMT}	INFO	[jepsen worker 3] jepsen.util: 3	:invoke	:cas	[0 [2 3]]
2026-03-09 23:54:55,163{GMT}	INFO	[jepsen worker 3] jepsen.util: 3	:ok	:cas	[0 [2 3]]
2026-03-09 23:54:55,264{GMT}	INFO	[jepsen worker 1] jepsen.util: 1	:invoke	:read	[0 nil]
2026-03-09 23:54:55,266{GMT}	INFO	[jepsen worker 1] jepsen.util: 1	:ok	:read	[0 3]
2026-03-09 23:54:55,413{GMT}	INFO	[jepsen worker 2] jepsen.util: 2	:invoke	:read	[0 nil]
2026-03-09 23:54:55,416{GMT}	INFO	[jepsen worker 0] jepsen.util: 0	:invoke	:read	[0 nil]
2026-03-09 23:54:55,420{GMT}	INFO	[jepsen worker 0] jepsen.util: 0	:ok	:read	[0 3]
2026-03-09 23:54:55,420{GMT}	INFO	[jepsen worker 2] jepsen.util: 2	:ok	:read	[0 3]
2026-03-09 23:54:55,557{GMT}	INFO	[jepsen worker 0] jepsen.util: 0	:invoke	:read	[0 nil]
2026-03-09 23:54:55,563{GMT}	INFO	[jepsen worker 0] jepsen.util: 0	:ok	:read	[0 3]
2026-03-09 23:54:55,600{GMT}	INFO	[jepsen worker 0] jepsen.util: 0	:invoke	:read	[0 nil]
2026-03-09 23:54:55,607{GMT}	INFO	[jepsen worker 0] jepsen.util: 0	:ok	:read	[0 3]
2026-03-09 23:54:55,681{GMT}	INFO	[jepsen worker 0] jepsen.util: 0	:invoke	:read	[0 nil]
2026-03-09 23:54:55,688{GMT}	INFO	[jepsen worker 0] jepsen.util: 0	:ok	:read	[0 3]
2026-03-09 23:54:55,716{GMT}	INFO	[jepsen worker 0] jepsen.util: 0	:invoke	:read	[0 nil]
2026-03-09 23:54:55,723{GMT}	INFO	[jepsen worker 0] jepsen.util: 0	:ok	:read	[0 3]
2026-03-09 23:54:55,756{GMT}	INFO	[jepsen worker 3] jepsen.util: 3	:invoke	:cas	[0 [4 4]]
2026-03-09 23:54:55,762{GMT}	INFO	[jepsen worker 3] jepsen.util: 3	:fail	:cas	[0 [4 4]]	[:precondition-failed "expected 4 but had 3"]
2026-03-09 23:54:55,915{GMT}	INFO	[jepsen worker 3] jepsen.util: 3	:invoke	:write	[0 4]
2026-03-09 23:54:55,921{GMT}	INFO	[jepsen worker 3] jepsen.util: 3	:ok	:write	[0 4]
2026-03-09 23:54:56,004{GMT}	INFO	[jepsen worker 0] jepsen.util: 0	:invoke	:read	[0 nil]
2026-03-09 23:54:56,010{GMT}	INFO	[jepsen worker 0] jepsen.util: 0	:ok	:read	[0 4]
2026-03-09 23:54:56,042{GMT}	INFO	[jepsen worker 4] jepsen.util: 4	:invoke	:write	[0 3]
2026-03-09 23:54:56,048{GMT}	INFO	[jepsen worker 4] jepsen.util: 4	:ok	:write	[0 3]
2026-03-09 23:54:56,162{GMT}	INFO	[jepsen worker 5] jepsen.util: 5	:invoke	:cas	[0 [2 2]]
2026-03-09 23:54:56,166{GMT}	INFO	[jepsen worker 5] jepsen.util: 5	:fail	:cas	[0 [2 2]]	[:precondition-failed "expected 2 but had 3"]
2026-03-09 23:54:56,337{GMT}	INFO	[jepsen worker 0] jepsen.util: 0	:invoke	:read	[0 nil]
2026-03-09 23:54:56,340{GMT}	INFO	[jepsen worker 0] jepsen.util: 0	:ok	:read	[0 3]
2026-03-09 23:54:56,421{GMT}	INFO	[jepsen worker 0] jepsen.util: 0	:invoke	:read	[0 nil]
2026-03-09 23:54:56,423{GMT}	INFO	[jepsen worker 0] jepsen.util: 0	:ok	:read	[0 3]
2026-03-09 23:54:56,622{GMT}	INFO	[jepsen worker 1] jepsen.util: 1	:invoke	:read	[0 nil]
2026-03-09 23:54:56,627{GMT}	INFO	[jepsen worker 1] jepsen.util: 1	:ok	:read	[0 3]
2026-03-09 23:54:56,670{GMT}	INFO	[jepsen worker 2] jepsen.util: 2	:invoke	:read	[0 nil]
2026-03-09 23:54:56,675{GMT}	INFO	[jepsen worker 2] jepsen.util: 2	:ok	:read	[0 3]
2026-03-09 23:54:56,788{GMT}	INFO	[jepsen worker 3] jepsen.util: 3	:invoke	:write	[0 4]
2026-03-09 23:54:56,793{GMT}	INFO	[jepsen worker 3] jepsen.util: 3	:ok	:write	[0 4]
2026-03-09 23:54:56,942{GMT}	INFO	[jepsen worker 4] jepsen.util: 4	:invoke	:cas	[0 [4 3]]
2026-03-09 23:54:56,950{GMT}	INFO	[jepsen worker 4] jepsen.util: 4	:ok	:cas	[0 [4 3]]
2026-03-09 23:54:57,139{GMT}	INFO	[jepsen worker 5] jepsen.util: 5	:invoke	:cas	[0 [1 2]]
2026-03-09 23:54:57,142{GMT}	INFO	[jepsen worker 5] jepsen.util: 5	:fail	:cas	[0 [1 2]]	[:precondition-failed "expected 1 but had 3"]
2026-03-09 23:54:57,231{GMT}	INFO	[jepsen worker 3] jepsen.util: 3	:invoke	:write	[0 4]
2026-03-09 23:54:57,237{GMT}	INFO	[jepsen worker 3] jepsen.util: 3	:ok	:write	[0 4]
2026-03-09 23:54:57,316{GMT}	INFO	[jepsen worker 0] jepsen.util: 0	:invoke	:read	[0 nil]
2026-03-09 23:54:57,323{GMT}	INFO	[jepsen worker 0] jepsen.util: 0	:ok	:read	[0 4]
2026-03-09 23:54:57,517{GMT}	INFO	[jepsen worker 3] jepsen.util: 3	:invoke	:cas	[0 [0 4]]
2026-03-09 23:54:57,534{GMT}	INFO	[jepsen worker 3] jepsen.util: 3	:fail	:cas	[0 [0 4]]	[:precondition-failed "expected 0 but had 4"]
2026-03-09 23:54:57,609{GMT}	INFO	[jepsen worker 2] jepsen.util: 2	:invoke	:read	[0 nil]
2026-03-09 23:54:57,611{GMT}	INFO	[jepsen worker 0] jepsen.util: 0	:invoke	:read	[0 nil]
2026-03-09 23:54:57,619{GMT}	INFO	[jepsen worker 0] jepsen.util: 0	:ok	:read	[0 4]
2026-03-09 23:54:57,619{GMT}	INFO	[jepsen worker 2] jepsen.util: 2	:ok	:read	[0 4]
2026-03-09 23:54:57,758{GMT}	INFO	[jepsen worker 0] jepsen.util: 0	:invoke	:read	[0 nil]
2026-03-09 23:54:57,765{GMT}	INFO	[jepsen worker 0] jepsen.util: 0	:ok	:read	[0 4]
2026-03-09 23:54:57,897{GMT}	INFO	[jepsen worker 5] jepsen.util: 5	:invoke	:cas	[0 [3 4]]
2026-03-09 23:54:57,904{GMT}	INFO	[jepsen worker 5] jepsen.util: 5	:fail	:cas	[0 [3 4]]	[:precondition-failed "expected 3 but had 4"]
2026-03-09 23:54:57,996{GMT}	INFO	[jepsen worker 3] jepsen.util: 3	:invoke	:cas	[0 [0 3]]
2026-03-09 23:54:58,004{GMT}	INFO	[jepsen worker 3] jepsen.util: 3	:fail	:cas	[0 [0 3]]	[:precondition-failed "expected 0 but had 4"]
2026-03-09 23:54:58,112{GMT}	INFO	[jepsen worker 3] jepsen.util: 3	:invoke	:write	[0 4]
2026-03-09 23:54:58,118{GMT}	INFO	[jepsen worker 3] jepsen.util: 3	:ok	:write	[0 4]
2026-03-09 23:54:58,135{GMT}	INFO	[jepsen worker 1] jepsen.util: 1	:invoke	:read	[0 nil]
2026-03-09 23:54:58,137{GMT}	INFO	[jepsen worker 1] jepsen.util: 1	:ok	:read	[0 4]
2026-03-09 23:54:58,319{GMT}	INFO	[jepsen worker 3] jepsen.util: 3	:invoke	:cas	[0 [3 4]]
2026-03-09 23:54:58,324{GMT}	INFO	[jepsen worker 3] jepsen.util: 3	:fail	:cas	[0 [3 4]]	[:precondition-failed "expected 3 but had 4"]
2026-03-09 23:54:58,451{GMT}	INFO	[jepsen worker 3] jepsen.util: 3	:invoke	:write	[0 3]
2026-03-09 23:54:58,456{GMT}	INFO	[jepsen worker 3] jepsen.util: 3	:ok	:write	[0 3]
2026-03-09 23:54:58,465{GMT}	INFO	[jepsen worker 0] jepsen.util: 0	:invoke	:read	[0 nil]
2026-03-09 23:54:58,467{GMT}	INFO	[jepsen worker 0] jepsen.util: 0	:ok	:read	[0 3]
2026-03-09 23:54:58,583{GMT}	INFO	[jepsen worker 0] jepsen.util: 0	:invoke	:read	[0 nil]
2026-03-09 23:54:58,585{GMT}	INFO	[jepsen worker 3] jepsen.util: 3	:invoke	:cas	[0 [0 0]]
2026-03-09 23:54:58,587{GMT}	INFO	[jepsen worker 0] jepsen.util: 0	:ok	:read	[0 3]
2026-03-09 23:54:58,591{GMT}	INFO	[jepsen worker 3] jepsen.util: 3	:fail	:cas	[0 [0 0]]	[:precondition-failed "expected 0 but had 3"]
2026-03-09 23:54:58,647{GMT}	INFO	[jepsen worker 0] jepsen.util: 0	:invoke	:read	[0 nil]
2026-03-09 23:54:58,653{GMT}	INFO	[jepsen worker 0] jepsen.util: 0	:ok	:read	[0 3]
2026-03-09 23:54:58,847{GMT}	INFO	[jepsen worker 1] jepsen.util: 1	:invoke	:read	[0 nil]
2026-03-09 23:54:58,852{GMT}	INFO	[jepsen worker 1] jepsen.util: 1	:ok	:read	[0 3]
2026-03-09 23:54:58,987{GMT}	INFO	[jepsen worker 2] jepsen.util: 2	:invoke	:read	[0 nil]
2026-03-09 23:54:58,993{GMT}	INFO	[jepsen worker 2] jepsen.util: 2	:ok	:read	[0 3]
2026-03-09 23:54:59,123{GMT}	INFO	[jepsen worker 0] jepsen.util: 0	:invoke	:read	[0 nil]
2026-03-09 23:54:59,125{GMT}	INFO	[jepsen worker 0] jepsen.util: 0	:ok	:read	[0 3]
2026-03-09 23:54:59,141{GMT}	INFO	[jepsen worker 0] jepsen.util: 0	:invoke	:read	[0 nil]
2026-03-09 23:54:59,143{GMT}	INFO	[jepsen worker 0] jepsen.util: 0	:ok	:read	[0 3]
2026-03-09 23:54:59,255{GMT}	INFO	[jepsen worker 0] jepsen.util: 0	:invoke	:read	[0 nil]
2026-03-09 23:54:59,258{GMT}	INFO	[jepsen worker 0] jepsen.util: 0	:ok	:read	[0 3]
2026-03-09 23:54:59,400{GMT}	INFO	[jepsen worker 3] jepsen.util: 3	:invoke	:write	[0 1]
2026-03-09 23:54:59,404{GMT}	INFO	[jepsen worker 3] jepsen.util: 3	:ok	:write	[0 1]
2026-03-09 23:54:59,594{GMT}	INFO	[jepsen worker 3] jepsen.util: 3	:invoke	:cas	[0 [1 2]]
2026-03-09 23:54:59,602{GMT}	INFO	[jepsen worker 3] jepsen.util: 3	:ok	:cas	[0 [1 2]]
2026-03-09 23:54:59,679{GMT}	INFO	[jepsen worker 1] jepsen.util: 1	:invoke	:read	[0 nil]
2026-03-09 23:54:59,685{GMT}	INFO	[jepsen worker 1] jepsen.util: 1	:ok	:read	[0 2]
2026-03-09 23:54:59,702{GMT}	INFO	[jepsen worker 2] jepsen.util: 2	:invoke	:read	[0 nil]
2026-03-09 23:54:59,705{GMT}	INFO	[jepsen worker 2] jepsen.util: 2	:ok	:read	[0 2]
2026-03-09 23:54:59,891{GMT}	INFO	[jepsen worker 0] jepsen.util: 0	:invoke	:read	[0 nil]
2026-03-09 23:54:59,896{GMT}	INFO	[jepsen worker 0] jepsen.util: 0	:ok	:read	[0 2]
2026-03-09 23:55:00,064{GMT}	INFO	[jepsen worker 0] jepsen.util: 0	:invoke	:read	[0 nil]
2026-03-09 23:55:00,069{GMT}	INFO	[jepsen worker 0] jepsen.util: 0	:ok	:read	[0 2]
2026-03-09 23:55:00,159{GMT}	INFO	[jepsen worker 5] jepsen.util: 5	:invoke	:cas	[0 [1 3]]
2026-03-09 23:55:00,166{GMT}	INFO	[jepsen worker 5] jepsen.util: 5	:fail	:cas	[0 [1 3]]	[:precondition-failed "expected 1 but had 2"]
2026-03-09 23:55:00,166{GMT}	INFO	[jepsen worker 3] jepsen.util: 3	:invoke	:write	[0 1]
2026-03-09 23:55:00,170{GMT}	INFO	[jepsen worker 3] jepsen.util: 3	:ok	:write	[0 1]
2026-03-09 23:55:00,344{GMT}	INFO	[jepsen worker 3] jepsen.util: 3	:invoke	:cas	[0 [4 4]]
2026-03-09 23:55:00,349{GMT}	INFO	[jepsen worker 3] jepsen.util: 3	:fail	:cas	[0 [4 4]]	[:precondition-failed "expected 4 but had 1"]
2026-03-09 23:55:00,381{GMT}	INFO	[jepsen worker 3] jepsen.util: 3	:invoke	:cas	[0 [1 0]]
2026-03-09 23:55:00,388{GMT}	INFO	[jepsen worker 3] jepsen.util: 3	:ok	:cas	[0 [1 0]]
2026-03-09 23:55:00,531{GMT}	INFO	[jepsen worker 3] jepsen.util: 3	:invoke	:cas	[0 [1 0]]
2026-03-09 23:55:00,532{GMT}	INFO	[jepsen worker 0] jepsen.util: 0	:invoke	:read	[0 nil]
2026-03-09 23:55:00,532{GMT}	INFO	[jepsen worker 4] jepsen.util: 4	:invoke	:cas	[0 [0 1]]
2026-03-09 23:55:00,537{GMT}	INFO	[jepsen worker 3] jepsen.util: 3	:fail	:cas	[0 [1 0]]	[:precondition-failed "expected 1 but had 0"]
2026-03-09 23:55:00,539{GMT}	INFO	[jepsen worker 0] jepsen.util: 0	:ok	:read	[0 0]
2026-03-09 23:55:00,540{GMT}	INFO	[jepsen worker 4] jepsen.util: 4	:ok	:cas	[0 [0 1]]
2026-03-09 23:55:00,713{GMT}	INFO	[jepsen worker 0] jepsen.util: 0	:invoke	:read	[0 nil]
2026-03-09 23:55:00,719{GMT}	INFO	[jepsen worker 0] jepsen.util: 0	:ok	:read	[0 1]
2026-03-09 23:55:00,848{GMT}	INFO	[jepsen worker 3] jepsen.util: 3	:invoke	:cas	[0 [1 2]]
2026-03-09 23:55:00,857{GMT}	INFO	[jepsen worker 3] jepsen.util: 3	:ok	:cas	[0 [1 2]]
2026-03-09 23:55:00,943{GMT}	INFO	[jepsen worker 3] jepsen.util: 3	:invoke	:cas	[0 [1 1]]
2026-03-09 23:55:00,950{GMT}	INFO	[jepsen worker 3] jepsen.util: 3	:fail	:cas	[0 [1 1]]	[:precondition-failed "expected 1 but had 2"]
2026-03-09 23:55:01,075{GMT}	INFO	[jepsen worker 1] jepsen.util: 1	:invoke	:read	[0 nil]
2026-03-09 23:55:01,081{GMT}	INFO	[jepsen worker 1] jepsen.util: 1	:ok	:read	[0 2]
2026-03-09 23:55:01,117{GMT}	INFO	[jepsen worker 3] jepsen.util: 3	:invoke	:cas	[0 [1 0]]
2026-03-09 23:55:01,121{GMT}	INFO	[jepsen worker 3] jepsen.util: 3	:fail	:cas	[0 [1 0]]	[:precondition-failed "expected 1 but had 2"]
2026-03-09 23:55:01,179{GMT}	INFO	[jepsen worker 0] jepsen.util: 0	:invoke	:read	[0 nil]
2026-03-09 23:55:01,182{GMT}	INFO	[jepsen worker 0] jepsen.util: 0	:ok	:read	[0 2]
2026-03-09 23:55:01,245{GMT}	INFO	[jepsen worker 4] jepsen.util: 4	:invoke	:write	[0 1]
2026-03-09 23:55:01,249{GMT}	INFO	[jepsen worker 4] jepsen.util: 4	:ok	:write	[0 1]
2026-03-09 23:55:01,326{GMT}	INFO	[jepsen worker 0] jepsen.util: 0	:invoke	:read	[0 nil]
2026-03-09 23:55:01,331{GMT}	INFO	[jepsen worker 0] jepsen.util: 0	:ok	:read	[0 1]
2026-03-09 23:55:01,465{GMT}	INFO	[jepsen worker 0] jepsen.util: 0	:invoke	:read	[0 nil]
2026-03-09 23:55:01,468{GMT}	INFO	[jepsen worker 0] jepsen.util: 0	:ok	:read	[0 1]
2026-03-09 23:55:01,667{GMT}	INFO	[jepsen worker 3] jepsen.util: 3	:invoke	:cas	[0 [4 1]]
2026-03-09 23:55:01,681{GMT}	INFO	[jepsen worker 3] jepsen.util: 3	:fail	:cas	[0 [4 1]]	[:precondition-failed "expected 4 but had 1"]
2026-03-09 23:55:01,725{GMT}	INFO	[jepsen worker 1] jepsen.util: 1	:invoke	:read	[0 nil]
2026-03-09 23:55:01,728{GMT}	INFO	[jepsen worker 1] jepsen.util: 1	:ok	:read	[0 1]
2026-03-09 23:55:01,812{GMT}	INFO	[jepsen worker 2] jepsen.util: 2	:invoke	:read	[0 nil]
2026-03-09 23:55:01,814{GMT}	INFO	[jepsen worker 2] jepsen.util: 2	:ok	:read	[0 1]
2026-03-09 23:55:01,934{GMT}	INFO	[jepsen worker 0] jepsen.util: 0	:invoke	:read	[0 nil]
2026-03-09 23:55:01,940{GMT}	INFO	[jepsen worker 0] jepsen.util: 0	:ok	:read	[0 1]
2026-03-09 23:55:02,133{GMT}	INFO	[jepsen worker 4] jepsen.util: 4	:invoke	:cas	[0 [4 1]]
2026-03-09 23:55:02,139{GMT}	INFO	[jepsen worker 4] jepsen.util: 4	:fail	:cas	[0 [4 1]]	[:precondition-failed "expected 4 but had 1"]
2026-03-09 23:55:02,162{GMT}	INFO	[jepsen worker 5] jepsen.util: 5	:invoke	:cas	[0 [4 1]]
2026-03-09 23:55:02,165{GMT}	INFO	[jepsen worker 5] jepsen.util: 5	:fail	:cas	[0 [4 1]]	[:precondition-failed "expected 4 but had 1"]
2026-03-09 23:55:02,229{GMT}	INFO	[jepsen worker 3] jepsen.util: 3	:invoke	:cas	[0 [0 2]]
2026-03-09 23:55:02,231{GMT}	INFO	[jepsen worker 3] jepsen.util: 3	:fail	:cas	[0 [0 2]]	[:precondition-failed "expected 0 but had 1"]
2026-03-09 23:55:02,365{GMT}	INFO	[jepsen worker 0] jepsen.util: 0	:invoke	:read	[0 nil]
2026-03-09 23:55:02,371{GMT}	INFO	[jepsen worker 0] jepsen.util: 0	:ok	:read	[0 1]
2026-03-09 23:55:02,506{GMT}	INFO	[jepsen worker 3] jepsen.util: 3	:invoke	:write	[0 0]
2026-03-09 23:55:02,515{GMT}	INFO	[jepsen worker 3] jepsen.util: 3	:ok	:write	[0 0]
2026-03-09 23:55:02,633{GMT}	INFO	[jepsen worker 2] jepsen.util: 2	:invoke	:read	[0 nil]
2026-03-09 23:55:02,639{GMT}	INFO	[jepsen worker 2] jepsen.util: 2	:ok	:read	[0 0]
2026-03-09 23:55:02,828{GMT}	INFO	[jepsen worker 0] jepsen.util: 0	:invoke	:read	[0 nil]
2026-03-09 23:55:02,834{GMT}	INFO	[jepsen worker 0] jepsen.util: 0	:ok	:read	[0 0]
2026-03-09 23:55:02,875{GMT}	INFO	[jepsen worker 0] jepsen.util: 0	:invoke	:read	[0 nil]
2026-03-09 23:55:02,881{GMT}	INFO	[jepsen worker 0] jepsen.util: 0	:ok	:read	[0 0]
2026-03-09 23:55:02,882{GMT}	INFO	[jepsen worker 0] jepsen.util: 0	:invoke	:read	[0 nil]
2026-03-09 23:55:02,885{GMT}	INFO	[jepsen worker 0] jepsen.util: 0	:ok	:read	[0 0]
2026-03-09 23:55:03,025{GMT}	INFO	[jepsen worker 0] jepsen.util: 0	:invoke	:read	[0 nil]
2026-03-09 23:55:03,031{GMT}	INFO	[jepsen worker 0] jepsen.util: 0	:ok	:read	[0 0]
2026-03-09 23:55:03,068{GMT}	INFO	[jepsen worker 0] jepsen.util: 0	:invoke	:read	[0 nil]
2026-03-09 23:55:03,074{GMT}	INFO	[jepsen worker 0] jepsen.util: 0	:ok	:read	[0 0]
2026-03-09 23:55:03,183{GMT}	INFO	[jepsen worker 1] jepsen.util: 1	:invoke	:read	[0 nil]
2026-03-09 23:55:03,189{GMT}	INFO	[jepsen worker 1] jepsen.util: 1	:ok	:read	[0 0]
2026-03-09 23:55:03,293{GMT}	INFO	[jepsen worker 3] jepsen.util: 3	:invoke	:cas	[0 [4 3]]
2026-03-09 23:55:03,296{GMT}	INFO	[jepsen worker 3] jepsen.util: 3	:fail	:cas	[0 [4 3]]	[:precondition-failed "expected 4 but had 0"]
2026-03-09 23:55:03,429{GMT}	INFO	[jepsen worker 0] jepsen.util: 0	:invoke	:read	[0 nil]
2026-03-09 23:55:03,432{GMT}	INFO	[jepsen worker 0] jepsen.util: 0	:ok	:read	[0 0]
2026-03-09 23:55:03,465{GMT}	INFO	[jepsen worker 0] jepsen.util: 0	:invoke	:read	[0 nil]
2026-03-09 23:55:03,467{GMT}	INFO	[jepsen worker 0] jepsen.util: 0	:ok	:read	[0 0]
2026-03-09 23:55:03,592{GMT}	INFO	[jepsen worker 0] jepsen.util: 0	:invoke	:read	[0 nil]
2026-03-09 23:55:03,595{GMT}	INFO	[jepsen worker 0] jepsen.util: 0	:ok	:read	[0 0]
2026-03-09 23:55:03,640{GMT}	INFO	[jepsen worker 3] jepsen.util: 3	:invoke	:cas	[0 [0 2]]
2026-03-09 23:55:03,644{GMT}	INFO	[jepsen worker 3] jepsen.util: 3	:ok	:cas	[0 [0 2]]
2026-03-09 23:55:03,720{GMT}	INFO	[jepsen worker 0] jepsen.util: 0	:invoke	:read	[0 nil]
2026-03-09 23:55:03,721{GMT}	INFO	[jepsen worker 1] jepsen.util: 1	:invoke	:read	[0 nil]
2026-03-09 23:55:03,724{GMT}	INFO	[jepsen worker 3] jepsen.util: 3	:invoke	:write	[0 2]
2026-03-09 23:55:03,726{GMT}	INFO	[jepsen worker 0] jepsen.util: 0	:ok	:read	[0 2]
2026-03-09 23:55:03,726{GMT}	INFO	[jepsen worker 1] jepsen.util: 1	:ok	:read	[0 2]
2026-03-09 23:55:03,729{GMT}	INFO	[jepsen worker 3] jepsen.util: 3	:ok	:write	[0 2]
2026-03-09 23:55:03,745{GMT}	INFO	[jepsen worker 0] jepsen.util: 0	:invoke	:read	[0 nil]
2026-03-09 23:55:03,748{GMT}	INFO	[jepsen worker 0] jepsen.util: 0	:ok	:read	[0 2]
2026-03-09 23:55:03,833{GMT}	INFO	[jepsen worker 4] jepsen.util: 4	:invoke	:write	[0 4]
2026-03-09 23:55:03,838{GMT}	INFO	[jepsen worker 4] jepsen.util: 4	:ok	:write	[0 4]
2026-03-09 23:55:04,030{GMT}	INFO	[jepsen worker 5] jepsen.util: 5	:invoke	:write	[0 3]
2026-03-09 23:55:04,036{GMT}	INFO	[jepsen worker 5] jepsen.util: 5	:ok	:write	[0 3]
2026-03-09 23:55:04,044{GMT}	INFO	[jepsen worker 3] jepsen.util: 3	:invoke	:cas	[0 [1 4]]
2026-03-09 23:55:04,047{GMT}	INFO	[jepsen worker 3] jepsen.util: 3	:fail	:cas	[0 [1 4]]	[:precondition-failed "expected 1 but had 3"]
2026-03-09 23:55:04,096{GMT}	INFO	[jepsen worker 0] jepsen.util: 0	:invoke	:read	[0 nil]
2026-03-09 23:55:04,100{GMT}	INFO	[jepsen worker 0] jepsen.util: 0	:ok	:read	[0 3]
2026-03-09 23:55:04,296{GMT}	INFO	[jepsen worker 1] jepsen.util: 1	:invoke	:read	[0 nil]
2026-03-09 23:55:04,298{GMT}	INFO	[jepsen worker 1] jepsen.util: 1	:ok	:read	[0 3]
2026-03-09 23:55:04,485{GMT}	INFO	[jepsen worker 3] jepsen.util: 3	:invoke	:cas	[0 [4 2]]
2026-03-09 23:55:04,493{GMT}	INFO	[jepsen worker 3] jepsen.util: 3	:fail	:cas	[0 [4 2]]	[:precondition-failed "expected 4 but had 3"]
2026-03-09 23:55:04,536{GMT}	INFO	[jepsen worker 0] jepsen.util: 0	:invoke	:read	[0 nil]
2026-03-09 23:55:04,542{GMT}	INFO	[jepsen worker 0] jepsen.util: 0	:ok	:read	[0 3]
2026-03-09 23:55:04,639{GMT}	INFO	[jepsen worker 4] jepsen.util: 4	:invoke	:cas	[0 [1 1]]
2026-03-09 23:55:04,646{GMT}	INFO	[jepsen worker 4] jepsen.util: 4	:fail	:cas	[0 [1 1]]	[:precondition-failed "expected 1 but had 3"]
2026-03-09 23:55:04,787{GMT}	INFO	[jepsen worker 0] jepsen.util: 0	:invoke	:read	[0 nil]
2026-03-09 23:55:04,789{GMT}	INFO	[jepsen worker 0] jepsen.util: 0	:ok	:read	[0 3]
2026-03-09 23:55:04,823{GMT}	INFO	[jepsen worker 0] jepsen.util: 0	:invoke	:read	[0 nil]
2026-03-09 23:55:04,825{GMT}	INFO	[jepsen worker 0] jepsen.util: 0	:ok	:read	[0 3]
2026-03-09 23:55:05,020{GMT}	INFO	[jepsen worker 3] jepsen.util: 3	:invoke	:cas	[0 [2 3]]
2026-03-09 23:55:05,026{GMT}	INFO	[jepsen worker 3] jepsen.util: 3	:fail	:cas	[0 [2 3]]	[:precondition-failed "expected 2 but had 3"]
2026-03-09 23:55:05,213{GMT}	INFO	[jepsen worker 3] jepsen.util: 3	:invoke	:cas	[0 [0 3]]
2026-03-09 23:55:05,216{GMT}	INFO	[jepsen worker 3] jepsen.util: 3	:fail	:cas	[0 [0 3]]	[:precondition-failed "expected 0 but had 3"]
2026-03-09 23:55:05,396{GMT}	INFO	[jepsen worker 3] jepsen.util: 3	:invoke	:cas	[0 [2 4]]
2026-03-09 23:55:05,401{GMT}	INFO	[jepsen worker 3] jepsen.util: 3	:fail	:cas	[0 [2 4]]	[:precondition-failed "expected 2 but had 3"]
2026-03-09 23:55:05,523{GMT}	INFO	[jepsen worker 3] jepsen.util: 3	:invoke	:cas	[0 [3 2]]
2026-03-09 23:55:05,530{GMT}	INFO	[jepsen worker 3] jepsen.util: 3	:ok	:cas	[0 [3 2]]
2026-03-09 23:55:05,600{GMT}	INFO	[jepsen worker 0] jepsen.util: 0	:invoke	:read	[0 nil]
2026-03-09 23:55:05,605{GMT}	INFO	[jepsen worker 0] jepsen.util: 0	:ok	:read	[0 2]
2026-03-09 23:55:05,800{GMT}	INFO	[jepsen worker 0] jepsen.util: 0	:invoke	:read	[0 nil]
2026-03-09 23:55:05,806{GMT}	INFO	[jepsen worker 0] jepsen.util: 0	:ok	:read	[0 2]
2026-03-09 23:55:05,816{GMT}	INFO	[jepsen worker 3] jepsen.util: 3	:invoke	:cas	[0 [2 3]]
2026-03-09 23:55:05,820{GMT}	INFO	[jepsen worker 3] jepsen.util: 3	:ok	:cas	[0 [2 3]]
2026-03-09 23:55:05,938{GMT}	INFO	[jepsen worker 0] jepsen.util: 0	:invoke	:read	[0 nil]
2026-03-09 23:55:05,943{GMT}	INFO	[jepsen worker 0] jepsen.util: 0	:ok	:read	[0 3]
2026-03-09 23:55:06,121{GMT}	INFO	[jepsen worker 3] jepsen.util: 3	:invoke	:cas	[0 [2 2]]
2026-03-09 23:55:06,126{GMT}	INFO	[jepsen worker 3] jepsen.util: 3	:fail	:cas	[0 [2 2]]	[:precondition-failed "expected 2 but had 3"]
2026-03-09 23:55:06,309{GMT}	INFO	[jepsen worker 2] jepsen.util: 2	:invoke	:read	[0 nil]
2026-03-09 23:55:06,315{GMT}	INFO	[jepsen worker 2] jepsen.util: 2	:ok	:read	[0 3]
2026-03-09 23:55:06,419{GMT}	INFO	[jepsen worker 0] jepsen.util: 0	:invoke	:read	[0 nil]
2026-03-09 23:55:06,421{GMT}	INFO	[jepsen worker 0] jepsen.util: 0	:ok	:read	[0 3]
2026-03-09 23:55:06,587{GMT}	INFO	[jepsen worker 0] jepsen.util: 0	:invoke	:read	[0 nil]
2026-03-09 23:55:06,592{GMT}	INFO	[jepsen worker 0] jepsen.util: 0	:ok	:read	[0 3]
2026-03-09 23:55:06,745{GMT}	INFO	[jepsen worker 5] jepsen.util: 5	:invoke	:write	[0 4]
2026-03-09 23:55:06,751{GMT}	INFO	[jepsen worker 5] jepsen.util: 5	:ok	:write	[0 4]
2026-03-09 23:55:06,826{GMT}	INFO	[jepsen worker 0] jepsen.util: 0	:invoke	:read	[0 nil]
2026-03-09 23:55:06,831{GMT}	INFO	[jepsen worker 0] jepsen.util: 0	:ok	:read	[0 4]
2026-03-09 23:55:06,854{GMT}	INFO	[jepsen worker 0] jepsen.util: 0	:invoke	:read	[0 nil]
2026-03-09 23:55:06,858{GMT}	INFO	[jepsen worker 0] jepsen.util: 0	:ok	:read	[0 4]
2026-03-09 23:55:06,984{GMT}	INFO	[jepsen worker 3] jepsen.util: 3	:invoke	:cas	[0 [1 2]]
2026-03-09 23:55:06,990{GMT}	INFO	[jepsen worker 3] jepsen.util: 3	:fail	:cas	[0 [1 2]]	[:precondition-failed "expected 1 but had 4"]
2026-03-09 23:55:06,999{GMT}	INFO	[jepsen worker 3] jepsen.util: 3	:invoke	:cas	[0 [3 0]]
2026-03-09 23:55:07,002{GMT}	INFO	[jepsen worker 3] jepsen.util: 3	:fail	:cas	[0 [3 0]]	[:precondition-failed "expected 3 but had 4"]
2026-03-09 23:55:07,028{GMT}	INFO	[jepsen worker 0] jepsen.util: 0	:invoke	:read	[0 nil]
2026-03-09 23:55:07,031{GMT}	INFO	[jepsen worker 0] jepsen.util: 0	:ok	:read	[0 4]
2026-03-09 23:55:07,058{GMT}	INFO	[jepsen worker 4] jepsen.util: 4	:invoke	:cas	[0 [1 1]]
2026-03-09 23:55:07,062{GMT}	INFO	[jepsen worker 4] jepsen.util: 4	:fail	:cas	[0 [1 1]]	[:precondition-failed "expected 1 but had 4"]
2026-03-09 23:55:07,192{GMT}	INFO	[jepsen worker 0] jepsen.util: 0	:invoke	:read	[0 nil]
2026-03-09 23:55:07,197{GMT}	INFO	[jepsen worker 0] jepsen.util: 0	:ok	:read	[0 4]
2026-03-09 23:55:07,373{GMT}	INFO	[jepsen worker 3] jepsen.util: 3	:invoke	:cas	[0 [0 2]]
2026-03-09 23:55:07,381{GMT}	INFO	[jepsen worker 3] jepsen.util: 3	:fail	:cas	[0 [0 2]]	[:precondition-failed "expected 0 but had 4"]
2026-03-09 23:55:07,459{GMT}	INFO	[jepsen worker 0] jepsen.util: 0	:invoke	:read	[0 nil]
2026-03-09 23:55:07,465{GMT}	INFO	[jepsen worker 0] jepsen.util: 0	:ok	:read	[0 4]
2026-03-09 23:55:07,553{GMT}	INFO	[jepsen worker 3] jepsen.util: 3	:invoke	:write	[0 3]
2026-03-09 23:55:07,559{GMT}	INFO	[jepsen worker 3] jepsen.util: 3	:ok	:write	[0 3]
2026-03-09 23:55:07,579{GMT}	INFO	[jepsen worker 3] jepsen.util: 3	:invoke	:write	[0 3]
2026-03-09 23:55:07,585{GMT}	INFO	[jepsen worker 3] jepsen.util: 3	:ok	:write	[0 3]
2026-03-09 23:55:07,707{GMT}	INFO	[jepsen worker 3] jepsen.util: 3	:invoke	:cas	[0 [0 0]]
2026-03-09 23:55:07,718{GMT}	INFO	[jepsen worker 3] jepsen.util: 3	:fail	:cas	[0 [0 0]]	[:precondition-failed "expected 0 but had 3"]
2026-03-09 23:55:07,898{GMT}	INFO	[jepsen worker 4] jepsen.util: 4	:invoke	:cas	[0 [2 3]]
2026-03-09 23:55:07,905{GMT}	INFO	[jepsen worker 4] jepsen.util: 4	:fail	:cas	[0 [2 3]]	[:precondition-failed "expected 2 but had 3"]
2026-03-09 23:55:07,995{GMT}	INFO	[jepsen worker 5] jepsen.util: 5	:invoke	:cas	[0 [0 4]]
2026-03-09 23:55:08,001{GMT}	INFO	[jepsen worker 5] jepsen.util: 5	:fail	:cas	[0 [0 4]]	[:precondition-failed "expected 0 but had 3"]
2026-03-09 23:55:08,087{GMT}	INFO	[jepsen worker 0] jepsen.util: 0	:invoke	:read	[0 nil]
2026-03-09 23:55:08,094{GMT}	INFO	[jepsen worker 0] jepsen.util: 0	:ok	:read	[0 3]
2026-03-09 23:55:08,243{GMT}	INFO	[jepsen worker 0] jepsen.util: 0	:invoke	:read	[0 nil]
2026-03-09 23:55:08,249{GMT}	INFO	[jepsen worker 1] jepsen.util: 1	:invoke	:read	[0 nil]
2026-03-09 23:55:08,250{GMT}	INFO	[jepsen worker 0] jepsen.util: 0	:ok	:read	[0 3]
2026-03-09 23:55:08,253{GMT}	INFO	[jepsen worker 1] jepsen.util: 1	:ok	:read	[0 3]
2026-03-09 23:55:08,435{GMT}	INFO	[jepsen worker 3] jepsen.util: 3	:invoke	:cas	[0 [1 2]]
2026-03-09 23:55:08,442{GMT}	INFO	[jepsen worker 3] jepsen.util: 3	:fail	:cas	[0 [1 2]]	[:precondition-failed "expected 1 but had 3"]
2026-03-09 23:55:08,538{GMT}	INFO	[jepsen worker 3] jepsen.util: 3	:invoke	:cas	[0 [4 0]]
2026-03-09 23:55:08,545{GMT}	INFO	[jepsen worker 3] jepsen.util: 3	:fail	:cas	[0 [4 0]]	[:precondition-failed "expected 4 but had 3"]
2026-03-09 23:55:08,720{GMT}	INFO	[jepsen worker 4] jepsen.util: 4	:invoke	:cas	[0 [4 0]]
2026-03-09 23:55:08,728{GMT}	INFO	[jepsen worker 4] jepsen.util: 4	:fail	:cas	[0 [4 0]]	[:precondition-failed "expected 4 but had 3"]
2026-03-09 23:55:08,747{GMT}	INFO	[jepsen worker 5] jepsen.util: 5	:invoke	:cas	[0 [0 4]]
2026-03-09 23:55:08,752{GMT}	INFO	[jepsen worker 5] jepsen.util: 5	:fail	:cas	[0 [0 4]]	[:precondition-failed "expected 0 but had 3"]
2026-03-09 23:55:08,906{GMT}	INFO	[jepsen worker 0] jepsen.util: 0	:invoke	:read	[0 nil]
2026-03-09 23:55:08,913{GMT}	INFO	[jepsen worker 0] jepsen.util: 0	:ok	:read	[0 3]
2026-03-09 23:55:09,097{GMT}	INFO	[jepsen worker 0] jepsen.util: 0	:invoke	:read	[0 nil]
2026-03-09 23:55:09,103{GMT}	INFO	[jepsen worker 0] jepsen.util: 0	:ok	:read	[0 3]
2026-03-09 23:55:09,250{GMT}	INFO	[jepsen worker 1] jepsen.util: 1	:invoke	:read	[0 nil]
2026-03-09 23:55:09,252{GMT}	INFO	[jepsen worker 1] jepsen.util: 1	:ok	:read	[0 3]
2026-03-09 23:55:09,291{GMT}	INFO	[jepsen worker 2] jepsen.util: 2	:invoke	:read	[0 nil]
2026-03-09 23:55:09,293{GMT}	INFO	[jepsen worker 2] jepsen.util: 2	:ok	:read	[0 3]
2026-03-09 23:55:09,493{GMT}	INFO	[jepsen worker 3] jepsen.util: 3	:invoke	:write	[0 0]
2026-03-09 23:55:09,499{GMT}	INFO	[jepsen worker 3] jepsen.util: 3	:ok	:write	[0 0]
2026-03-09 23:55:09,544{GMT}	INFO	[jepsen worker 4] jepsen.util: 4	:invoke	:write	[0 1]
2026-03-09 23:55:09,549{GMT}	INFO	[jepsen worker 4] jepsen.util: 4	:ok	:write	[0 1]
2026-03-09 23:55:09,616{GMT}	INFO	[jepsen worker 0] jepsen.util: 0	:invoke	:read	[0 nil]
2026-03-09 23:55:09,622{GMT}	INFO	[jepsen worker 0] jepsen.util: 0	:ok	:read	[0 1]
2026-03-09 23:55:09,656{GMT}	INFO	[jepsen worker 0] jepsen.util: 0	:invoke	:read	[0 nil]
2026-03-09 23:55:09,659{GMT}	INFO	[jepsen worker 0] jepsen.util: 0	:ok	:read	[0 1]
2026-03-09 23:55:09,797{GMT}	INFO	[jepsen worker 0] jepsen.util: 0	:invoke	:read	[0 nil]
2026-03-09 23:55:09,802{GMT}	INFO	[jepsen worker 0] jepsen.util: 0	:ok	:read	[0 1]
2026-03-09 23:55:09,890{GMT}	INFO	[jepsen worker 1] jepsen.util: 1	:invoke	:read	[0 nil]
2026-03-09 23:55:09,893{GMT}	INFO	[jepsen worker 1] jepsen.util: 1	:ok	:read	[0 1]
2026-03-09 23:55:09,990{GMT}	INFO	[jepsen worker 3] jepsen.util: 3	:invoke	:cas	[0 [3 3]]
2026-03-09 23:55:09,994{GMT}	INFO	[jepsen worker 3] jepsen.util: 3	:fail	:cas	[0 [3 3]]	[:precondition-failed "expected 3 but had 1"]
2026-03-09 23:55:10,191{GMT}	INFO	[jepsen worker 3] jepsen.util: 3	:invoke	:cas	[0 [2 0]]
2026-03-09 23:55:10,198{GMT}	INFO	[jepsen worker 3] jepsen.util: 3	:fail	:cas	[0 [2 0]]	[:precondition-failed "expected 2 but had 1"]
2026-03-09 23:55:10,319{GMT}	INFO	[jepsen worker 4] jepsen.util: 4	:invoke	:cas	[0 [1 3]]
2026-03-09 23:55:10,327{GMT}	INFO	[jepsen worker 4] jepsen.util: 4	:ok	:cas	[0 [1 3]]
2026-03-09 23:55:10,328{GMT}	INFO	[jepsen worker 0] jepsen.util: 0	:invoke	:read	[0 nil]
2026-03-09 23:55:10,333{GMT}	INFO	[jepsen worker 0] jepsen.util: 0	:ok	:read	[0 3]
2026-03-09 23:55:10,527{GMT}	INFO	[jepsen worker 3] jepsen.util: 3	:invoke	:cas	[0 [1 4]]
2026-03-09 23:55:10,534{GMT}	INFO	[jepsen worker 3] jepsen.util: 3	:fail	:cas	[0 [1 4]]	[:precondition-failed "expected 1 but had 3"]
2026-03-09 23:55:10,685{GMT}	INFO	[jepsen worker 3] jepsen.util: 3	:invoke	:write	[0 4]
2026-03-09 23:55:10,691{GMT}	INFO	[jepsen worker 3] jepsen.util: 3	:ok	:write	[0 4]
2026-03-09 23:55:10,798{GMT}	INFO	[jepsen worker 1] jepsen.util: 1	:invoke	:read	[0 nil]
2026-03-09 23:55:10,805{GMT}	INFO	[jepsen worker 1] jepsen.util: 1	:ok	:read	[0 4]
2026-03-09 23:55:10,807{GMT}	INFO	[jepsen worker 3] jepsen.util: 3	:invoke	:cas	[0 [4 4]]
2026-03-09 23:55:10,815{GMT}	INFO	[jepsen worker 3] jepsen.util: 3	:ok	:cas	[0 [4 4]]
2026-03-09 23:55:10,853{GMT}	INFO	[jepsen worker 3] jepsen.util: 3	:invoke	:cas	[0 [0 1]]
2026-03-09 23:55:10,856{GMT}	INFO	[jepsen worker 3] jepsen.util: 3	:fail	:cas	[0 [0 1]]	[:precondition-failed "expected 0 but had 4"]
2026-03-09 23:55:10,894{GMT}	INFO	[jepsen worker 0] jepsen.util: 0	:invoke	:read	[0 nil]
2026-03-09 23:55:10,898{GMT}	INFO	[jepsen worker 1] jepsen.util: 1	:invoke	:read	[0 nil]
2026-03-09 23:55:10,898{GMT}	INFO	[jepsen worker 0] jepsen.util: 0	:ok	:read	[0 4]
2026-03-09 23:55:10,900{GMT}	INFO	[jepsen worker 1] jepsen.util: 1	:ok	:read	[0 4]
2026-03-09 23:55:11,097{GMT}	INFO	[jepsen worker 3] jepsen.util: 3	:invoke	:write	[0 2]
2026-03-09 23:55:11,103{GMT}	INFO	[jepsen worker 3] jepsen.util: 3	:ok	:write	[0 2]
2026-03-09 23:55:11,262{GMT}	INFO	[jepsen worker 3] jepsen.util: 3	:invoke	:write	[0 3]
2026-03-09 23:55:11,267{GMT}	INFO	[jepsen worker 3] jepsen.util: 3	:ok	:write	[0 3]
2026-03-09 23:55:11,463{GMT}	INFO	[jepsen worker 3] jepsen.util: 3	:invoke	:cas	[0 [3 2]]
2026-03-09 23:55:11,468{GMT}	INFO	[jepsen worker 3] jepsen.util: 3	:ok	:cas	[0 [3 2]]
2026-03-09 23:55:11,484{GMT}	INFO	[jepsen worker 3] jepsen.util: 3	:invoke	:write	[0 4]
2026-03-09 23:55:11,485{GMT}	INFO	[jepsen worker 3] jepsen.util: 3	:ok	:write	[0 4]
2026-03-09 23:55:11,584{GMT}	INFO	[jepsen worker 0] jepsen.util: 0	:invoke	:read	[0 nil]
2026-03-09 23:55:11,588{GMT}	INFO	[jepsen worker 0] jepsen.util: 0	:ok	:read	[0 4]
2026-03-09 23:55:11,698{GMT}	INFO	[jepsen worker 0] jepsen.util: 0	:invoke	:read	[0 nil]
2026-03-09 23:55:11,703{GMT}	INFO	[jepsen worker 0] jepsen.util: 0	:ok	:read	[0 4]
2026-03-09 23:55:11,882{GMT}	INFO	[jepsen worker 5] jepsen.util: 5	:invoke	:cas	[0 [1 0]]
2026-03-09 23:55:11,890{GMT}	INFO	[jepsen worker 5] jepsen.util: 5	:fail	:cas	[0 [1 0]]	[:precondition-failed "expected 1 but had 4"]
2026-03-09 23:55:12,053{GMT}	INFO	[jepsen worker 3] jepsen.util: 3	:invoke	:cas	[0 [1 2]]
2026-03-09 23:55:12,056{GMT}	INFO	[jepsen worker 3] jepsen.util: 3	:fail	:cas	[0 [1 2]]	[:precondition-failed "expected 1 but had 4"]
2026-03-09 23:55:12,168{GMT}	INFO	[jepsen worker 3] jepsen.util: 3	:invoke	:cas	[0 [4 0]]
2026-03-09 23:55:12,176{GMT}	INFO	[jepsen worker 3] jepsen.util: 3	:ok	:cas	[0 [4 0]]
2026-03-09 23:55:12,273{GMT}	INFO	[jepsen worker 3] jepsen.util: 3	:invoke	:cas	[0 [2 0]]
2026-03-09 23:55:12,279{GMT}	INFO	[jepsen worker 3] jepsen.util: 3	:fail	:cas	[0 [2 0]]	[:precondition-failed "expected 2 but had 0"]
2026-03-09 23:55:12,292{GMT}	INFO	[jepsen worker 2] jepsen.util: 2	:invoke	:read	[0 nil]
2026-03-09 23:55:12,297{GMT}	INFO	[jepsen worker 2] jepsen.util: 2	:ok	:read	[0 0]
2026-03-09 23:55:12,336{GMT}	INFO	[jepsen worker 3] jepsen.util: 3	:invoke	:cas	[0 [1 2]]
2026-03-09 23:55:12,341{GMT}	INFO	[jepsen worker 3] jepsen.util: 3	:fail	:cas	[0 [1 2]]	[:precondition-failed "expected 1 but had 0"]
2026-03-09 23:55:12,419{GMT}	INFO	[jepsen worker 4] jepsen.util: 4	:invoke	:cas	[0 [4 1]]
2026-03-09 23:55:12,425{GMT}	INFO	[jepsen worker 4] jepsen.util: 4	:fail	:cas	[0 [4 1]]	[:precondition-failed "expected 4 but had 0"]
2026-03-09 23:55:12,425{GMT}	INFO	[jepsen worker 0] jepsen.util: 0	:invoke	:read	[0 nil]
2026-03-09 23:55:12,428{GMT}	INFO	[jepsen worker 0] jepsen.util: 0	:ok	:read	[0 0]
2026-03-09 23:55:12,630{GMT}	INFO	[jepsen worker 0] jepsen.util: 0	:invoke	:read	[0 nil]
2026-03-09 23:55:12,635{GMT}	INFO	[jepsen worker 0] jepsen.util: 0	:ok	:read	[0 0]
2026-03-09 23:55:12,787{GMT}	INFO	[jepsen worker 0] jepsen.util: 0	:invoke	:read	[0 nil]
2026-03-09 23:55:12,792{GMT}	INFO	[jepsen worker 0] jepsen.util: 0	:ok	:read	[0 0]
2026-03-09 23:55:12,871{GMT}	INFO	[jepsen worker 3] jepsen.util: 3	:invoke	:write	[0 0]
2026-03-09 23:55:12,876{GMT}	INFO	[jepsen worker 3] jepsen.util: 3	:ok	:write	[0 0]
2026-03-09 23:55:12,902{GMT}	INFO	[jepsen worker 3] jepsen.util: 3	:invoke	:cas	[0 [4 0]]
2026-03-09 23:55:12,906{GMT}	INFO	[jepsen worker 3] jepsen.util: 3	:fail	:cas	[0 [4 0]]	[:precondition-failed "expected 4 but had 0"]
2026-03-09 23:55:13,076{GMT}	INFO	[jepsen worker 0] jepsen.util: 0	:invoke	:read	[0 nil]
2026-03-09 23:55:13,081{GMT}	INFO	[jepsen worker 0] jepsen.util: 0	:ok	:read	[0 0]
2026-03-09 23:55:13,236{GMT}	INFO	[jepsen worker 0] jepsen.util: 0	:invoke	:read	[0 nil]
2026-03-09 23:55:13,241{GMT}	INFO	[jepsen worker 0] jepsen.util: 0	:ok	:read	[0 0]
2026-03-09 23:55:13,331{GMT}	INFO	[jepsen worker 5] jepsen.util: 5	:invoke	:cas	[0 [3 4]]
2026-03-09 23:55:13,337{GMT}	INFO	[jepsen worker 5] jepsen.util: 5	:fail	:cas	[0 [3 4]]	[:precondition-failed "expected 3 but had 0"]
2026-03-09 23:55:13,503{GMT}	INFO	[jepsen worker 0] jepsen.util: 0	:invoke	:read	[0 nil]
2026-03-09 23:55:13,505{GMT}	INFO	[jepsen worker 3] jepsen.util: 3	:invoke	:cas	[0 [0 0]]
2026-03-09 23:55:13,508{GMT}	INFO	[jepsen worker 0] jepsen.util: 0	:ok	:read	[0 0]
2026-03-09 23:55:13,515{GMT}	INFO	[jepsen worker 3] jepsen.util: 3	:ok	:cas	[0 [0 0]]
2026-03-09 23:55:13,639{GMT}	INFO	[jepsen worker 1] jepsen.util: 1	:invoke	:read	[0 nil]
2026-03-09 23:55:13,645{GMT}	INFO	[jepsen worker 1] jepsen.util: 1	:ok	:read	[0 0]
2026-03-09 23:55:13,714{GMT}	INFO	[jepsen worker 3] jepsen.util: 3	:invoke	:write	[0 0]
2026-03-09 23:55:13,719{GMT}	INFO	[jepsen worker 3] jepsen.util: 3	:ok	:write	[0 0]
2026-03-09 23:55:13,869{GMT}	INFO	[jepsen worker 0] jepsen.util: 0	:invoke	:read	[0 nil]
2026-03-09 23:55:13,874{GMT}	INFO	[jepsen worker 0] jepsen.util: 0	:ok	:read	[0 0]
2026-03-09 23:55:14,005{GMT}	INFO	[jepsen worker 4] jepsen.util: 4	:invoke	:cas	[0 [1 4]]
2026-03-09 23:55:14,010{GMT}	INFO	[jepsen worker 5] jepsen.util: 5	:invoke	:cas	[0 [4 0]]
2026-03-09 23:55:14,010{GMT}	INFO	[jepsen worker 4] jepsen.util: 4	:fail	:cas	[0 [1 4]]	[:precondition-failed "expected 1 but had 0"]
2026-03-09 23:55:14,015{GMT}	INFO	[jepsen worker 5] jepsen.util: 5	:fail	:cas	[0 [4 0]]	[:precondition-failed "expected 4 but had 0"]
2026-03-09 23:55:14,125{GMT}	INFO	[jepsen worker 3] jepsen.util: 3	:invoke	:cas	[0 [3 4]]
2026-03-09 23:55:14,131{GMT}	INFO	[jepsen worker 3] jepsen.util: 3	:fail	:cas	[0 [3 4]]	[:precondition-failed "expected 3 but had 0"]
2026-03-09 23:55:14,147{GMT}	INFO	[jepsen worker 3] jepsen.util: 3	:invoke	:write	[0 2]
2026-03-09 23:55:14,150{GMT}	INFO	[jepsen worker 3] jepsen.util: 3	:ok	:write	[0 2]
2026-03-09 23:55:14,286{GMT}	INFO	[jepsen worker 1] jepsen.util: 1	:invoke	:read	[0 nil]
2026-03-09 23:55:14,293{GMT}	INFO	[jepsen worker 1] jepsen.util: 1	:ok	:read	[0 2]
2026-03-09 23:55:14,437{GMT}	INFO	[jepsen worker 3] jepsen.util: 3	:invoke	:write	[0 2]
2026-03-09 23:55:14,444{GMT}	INFO	[jepsen worker 3] jepsen.util: 3	:ok	:write	[0 2]
2026-03-09 23:55:14,638{GMT}	INFO	[jepsen worker 0] jepsen.util: 0	:invoke	:read	[0 nil]
2026-03-09 23:55:14,645{GMT}	INFO	[jepsen worker 0] jepsen.util: 0	:ok	:read	[0 2]
2026-03-09 23:55:14,843{GMT}	INFO	[jepsen worker 4] jepsen.util: 4	:invoke	:write	[0 4]
2026-03-09 23:55:14,850{GMT}	INFO	[jepsen worker 4] jepsen.util: 4	:ok	:write	[0 4]
2026-03-09 23:55:14,878{GMT}	INFO	[jepsen worker 5] jepsen.util: 5	:invoke	:write	[0 3]
2026-03-09 23:55:14,882{GMT}	INFO	[jepsen worker 5] jepsen.util: 5	:ok	:write	[0 3]
2026-03-09 23:55:15,040{GMT}	INFO	[jepsen worker 0] jepsen.util: 0	:invoke	:read	[0 nil]
2026-03-09 23:55:15,045{GMT}	INFO	[jepsen worker 0] jepsen.util: 0	:ok	:read	[0 3]
2026-03-09 23:55:15,065{GMT}	INFO	[jepsen worker 3] jepsen.util: 3	:invoke	:write	[0 1]
2026-03-09 23:55:15,068{GMT}	INFO	[jepsen worker 3] jepsen.util: 3	:ok	:write	[0 1]
2026-03-09 23:55:15,196{GMT}	INFO	[jepsen worker 1] jepsen.util: 1	:invoke	:read	[0 nil]
2026-03-09 23:55:15,202{GMT}	INFO	[jepsen worker 1] jepsen.util: 1	:ok	:read	[0 1]
2026-03-09 23:55:15,283{GMT}	INFO	[jepsen worker 2] jepsen.util: 2	:invoke	:read	[0 nil]
2026-03-09 23:55:15,288{GMT}	INFO	[jepsen worker 2] jepsen.util: 2	:ok	:read	[0 1]
2026-03-09 23:55:15,411{GMT}	INFO	[jepsen worker 3] jepsen.util: 3	:invoke	:cas	[0 [0 4]]
2026-03-09 23:55:15,417{GMT}	INFO	[jepsen worker 3] jepsen.util: 3	:fail	:cas	[0 [0 4]]	[:precondition-failed "expected 0 but had 1"]
2026-03-09 23:55:15,481{GMT}	INFO	[jepsen worker 4] jepsen.util: 4	:invoke	:cas	[0 [0 0]]
2026-03-09 23:55:15,486{GMT}	INFO	[jepsen worker 4] jepsen.util: 4	:fail	:cas	[0 [0 0]]	[:precondition-failed "expected 0 but had 1"]
2026-03-09 23:55:15,666{GMT}	INFO	[jepsen worker 5] jepsen.util: 5	:invoke	:cas	[0 [0 1]]
2026-03-09 23:55:15,672{GMT}	INFO	[jepsen worker 5] jepsen.util: 5	:fail	:cas	[0 [0 1]]	[:precondition-failed "expected 0 but had 1"]
2026-03-09 23:55:15,782{GMT}	INFO	[jepsen worker 0] jepsen.util: 0	:invoke	:read	[0 nil]
2026-03-09 23:55:15,788{GMT}	INFO	[jepsen worker 0] jepsen.util: 0	:ok	:read	[0 1]
2026-03-09 23:55:15,923{GMT}	INFO	[jepsen worker 3] jepsen.util: 3	:invoke	:cas	[0 [4 3]]
2026-03-09 23:55:15,929{GMT}	INFO	[jepsen worker 3] jepsen.util: 3	:fail	:cas	[0 [4 3]]	[:precondition-failed "expected 4 but had 1"]
2026-03-09 23:55:15,979{GMT}	INFO	[jepsen worker 1] jepsen.util: 1	:invoke	:read	[0 nil]
2026-03-09 23:55:15,984{GMT}	INFO	[jepsen worker 1] jepsen.util: 1	:ok	:read	[0 1]
2026-03-09 23:55:16,058{GMT}	INFO	[jepsen worker 2] jepsen.util: 2	:invoke	:read	[0 nil]
2026-03-09 23:55:16,063{GMT}	INFO	[jepsen worker 2] jepsen.util: 2	:ok	:read	[0 1]
2026-03-09 23:55:16,065{GMT}	INFO	[jepsen worker 0] jepsen.util: 0	:invoke	:read	[0 nil]
2026-03-09 23:55:16,069{GMT}	INFO	[jepsen worker 0] jepsen.util: 0	:ok	:read	[0 1]
2026-03-09 23:55:16,086{GMT}	INFO	[jepsen worker 0] jepsen.util: 0	:invoke	:read	[0 nil]
2026-03-09 23:55:16,089{GMT}	INFO	[jepsen worker 0] jepsen.util: 0	:ok	:read	[0 1]
2026-03-09 23:55:16,191{GMT}	INFO	[jepsen worker 0] jepsen.util: 0	:invoke	:read	[0 nil]
2026-03-09 23:55:16,196{GMT}	INFO	[jepsen worker 0] jepsen.util: 0	:ok	:read	[0 1]
2026-03-09 23:55:16,213{GMT}	INFO	[jepsen worker 3] jepsen.util: 3	:invoke	:write	[0 0]
2026-03-09 23:55:16,217{GMT}	INFO	[jepsen worker 3] jepsen.util: 3	:ok	:write	[0 0]
2026-03-09 23:55:16,339{GMT}	INFO	[jepsen worker 3] jepsen.util: 3	:invoke	:cas	[0 [2 1]]
2026-03-09 23:55:16,342{GMT}	INFO	[jepsen worker 3] jepsen.util: 3	:fail	:cas	[0 [2 1]]	[:precondition-failed "expected 2 but had 0"]
2026-03-09 23:55:16,537{GMT}	INFO	[jepsen worker 3] jepsen.util: 3	:invoke	:cas	[0 [1 0]]
2026-03-09 23:55:16,545{GMT}	INFO	[jepsen worker 3] jepsen.util: 3	:fail	:cas	[0 [1 0]]	[:precondition-failed "expected 1 but had 0"]
2026-03-09 23:55:16,568{GMT}	INFO	[jepsen worker 2] jepsen.util: 2	:invoke	:read	[0 nil]
2026-03-09 23:55:16,572{GMT}	INFO	[jepsen worker 2] jepsen.util: 2	:ok	:read	[0 0]
2026-03-09 23:55:16,642{GMT}	INFO	[jepsen worker 3] jepsen.util: 3	:invoke	:cas	[0 [2 3]]
2026-03-09 23:55:16,649{GMT}	INFO	[jepsen worker 3] jepsen.util: 3	:fail	:cas	[0 [2 3]]	[:precondition-failed "expected 2 but had 0"]
2026-03-09 23:55:16,817{GMT}	INFO	[jepsen worker 4] jepsen.util: 4	:invoke	:write	[0 0]
2026-03-09 23:55:16,824{GMT}	INFO	[jepsen worker 4] jepsen.util: 4	:ok	:write	[0 0]
2026-03-09 23:55:16,968{GMT}	INFO	[jepsen worker 0] jepsen.util: 0	:invoke	:read	[0 nil]
2026-03-09 23:55:16,974{GMT}	INFO	[jepsen worker 0] jepsen.util: 0	:ok	:read	[0 0]
2026-03-09 23:55:17,128{GMT}	INFO	[jepsen worker 3] jepsen.util: 3	:invoke	:write	[0 1]
2026-03-09 23:55:17,134{GMT}	INFO	[jepsen worker 3] jepsen.util: 3	:ok	:write	[0 1]
2026-03-09 23:55:17,212{GMT}	INFO	[jepsen worker 3] jepsen.util: 3	:invoke	:cas	[0 [1 1]]
2026-03-09 23:55:17,219{GMT}	INFO	[jepsen worker 3] jepsen.util: 3	:ok	:cas	[0 [1 1]]
2026-03-09 23:55:17,374{GMT}	INFO	[jepsen worker 3] jepsen.util: 3	:invoke	:write	[0 0]
2026-03-09 23:55:17,381{GMT}	INFO	[jepsen worker 3] jepsen.util: 3	:ok	:write	[0 0]
2026-03-09 23:55:17,547{GMT}	INFO	[jepsen worker 3] jepsen.util: 3	:invoke	:write	[0 4]
2026-03-09 23:55:17,552{GMT}	INFO	[jepsen worker 3] jepsen.util: 3	:ok	:write	[0 4]
2026-03-09 23:55:17,658{GMT}	INFO	[jepsen worker 0] jepsen.util: 0	:invoke	:read	[0 nil]
2026-03-09 23:55:17,665{GMT}	INFO	[jepsen worker 0] jepsen.util: 0	:ok	:read	[0 4]
2026-03-09 23:55:17,835{GMT}	INFO	[jepsen worker 0] jepsen.util: 0	:invoke	:read	[0 nil]
2026-03-09 23:55:17,842{GMT}	INFO	[jepsen worker 0] jepsen.util: 0	:ok	:read	[0 4]
2026-03-09 23:55:17,851{GMT}	INFO	[jepsen worker 0] jepsen.util: 0	:invoke	:read	[0 nil]
2026-03-09 23:55:17,855{GMT}	INFO	[jepsen worker 0] jepsen.util: 0	:ok	:read	[0 4]
2026-03-09 23:55:18,040{GMT}	INFO	[jepsen worker 3] jepsen.util: 3	:invoke	:write	[0 3]
2026-03-09 23:55:18,047{GMT}	INFO	[jepsen worker 3] jepsen.util: 3	:ok	:write	[0 3]
2026-03-09 23:55:18,229{GMT}	INFO	[jepsen worker 0] jepsen.util: 0	:invoke	:read	[0 nil]
2026-03-09 23:55:18,235{GMT}	INFO	[jepsen worker 0] jepsen.util: 0	:ok	:read	[0 3]
2026-03-09 23:55:18,410{GMT}	INFO	[jepsen worker 3] jepsen.util: 3	:invoke	:cas	[0 [4 3]]
2026-03-09 23:55:18,419{GMT}	INFO	[jepsen worker 3] jepsen.util: 3	:fail	:cas	[0 [4 3]]	[:precondition-failed "expected 4 but had 3"]
2026-03-09 23:55:18,445{GMT}	INFO	[jepsen worker 2] jepsen.util: 2	:invoke	:read	[0 nil]
2026-03-09 23:55:18,448{GMT}	INFO	[jepsen worker 2] jepsen.util: 2	:ok	:read	[0 3]
2026-03-09 23:55:18,449{GMT}	INFO	[jepsen worker 3] jepsen.util: 3	:invoke	:cas	[0 [2 1]]
2026-03-09 23:55:18,451{GMT}	INFO	[jepsen worker 3] jepsen.util: 3	:fail	:cas	[0 [2 1]]	[:precondition-failed "expected 2 but had 3"]
2026-03-09 23:55:18,652{GMT}	INFO	[jepsen worker 0] jepsen.util: 0	:invoke	:read	[0 nil]
2026-03-09 23:55:18,660{GMT}	INFO	[jepsen worker 0] jepsen.util: 0	:ok	:read	[0 3]
2026-03-09 23:55:18,661{GMT}	INFO	[jepsen worker 5] jepsen.util: 5	:invoke	:cas	[0 [1 4]]
2026-03-09 23:55:18,667{GMT}	INFO	[jepsen worker 5] jepsen.util: 5	:fail	:cas	[0 [1 4]]	[:precondition-failed "expected 1 but had 3"]
2026-03-09 23:55:18,678{GMT}	INFO	[jepsen worker 3] jepsen.util: 3	:invoke	:cas	[0 [2 4]]
2026-03-09 23:55:18,681{GMT}	INFO	[jepsen worker 3] jepsen.util: 3	:fail	:cas	[0 [2 4]]	[:precondition-failed "expected 2 but had 3"]
2026-03-09 23:55:18,707{GMT}	INFO	[jepsen worker 3] jepsen.util: 3	:invoke	:write	[0 4]
2026-03-09 23:55:18,710{GMT}	INFO	[jepsen worker 3] jepsen.util: 3	:ok	:write	[0 4]
2026-03-09 23:55:18,877{GMT}	INFO	[jepsen worker 1] jepsen.util: 1	:invoke	:read	[0 nil]
2026-03-09 23:55:18,882{GMT}	INFO	[jepsen worker 1] jepsen.util: 1	:ok	:read	[0 4]
2026-03-09 23:55:18,959{GMT}	INFO	[jepsen worker 3] jepsen.util: 3	:invoke	:cas	[0 [0 2]]
2026-03-09 23:55:18,963{GMT}	INFO	[jepsen worker 3] jepsen.util: 3	:fail	:cas	[0 [0 2]]	[:precondition-failed "expected 0 but had 4"]
2026-03-09 23:55:19,158{GMT}	INFO	[jepsen worker 3] jepsen.util: 3	:invoke	:write	[0 2]
2026-03-09 23:55:19,163{GMT}	INFO	[jepsen worker 3] jepsen.util: 3	:ok	:write	[0 2]
2026-03-09 23:55:19,163{GMT}	INFO	[jepsen worker 4] jepsen.util: 4	:invoke	:cas	[0 [1 0]]
2026-03-09 23:55:19,169{GMT}	INFO	[jepsen worker 4] jepsen.util: 4	:fail	:cas	[0 [1 0]]	[:precondition-failed "expected 1 but had 2"]
2026-03-09 23:55:19,308{GMT}	INFO	[jepsen worker 0] jepsen.util: 0	:invoke	:read	[0 nil]
2026-03-09 23:55:19,311{GMT}	INFO	[jepsen worker 0] jepsen.util: 0	:ok	:read	[0 2]
2026-03-09 23:55:19,402{GMT}	INFO	[jepsen worker 0] jepsen.util: 0	:invoke	:read	[0 nil]
2026-03-09 23:55:19,408{GMT}	INFO	[jepsen worker 0] jepsen.util: 0	:ok	:read	[0 2]
2026-03-09 23:55:19,475{GMT}	INFO	[jepsen worker 0] jepsen.util: 0	:invoke	:read	[0 nil]
2026-03-09 23:55:19,480{GMT}	INFO	[jepsen worker 0] jepsen.util: 0	:ok	:read	[0 2]
2026-03-09 23:55:19,542{GMT}	INFO	[jepsen worker 1] jepsen.util: 1	:invoke	:read	[0 nil]
2026-03-09 23:55:19,547{GMT}	INFO	[jepsen worker 1] jepsen.util: 1	:ok	:read	[0 2]
2026-03-09 23:55:19,599{GMT}	INFO	[jepsen worker 3] jepsen.util: 3	:invoke	:cas	[0 [0 3]]
2026-03-09 23:55:19,605{GMT}	INFO	[jepsen worker 3] jepsen.util: 3	:fail	:cas	[0 [0 3]]	[:precondition-failed "expected 0 but had 2"]
2026-03-09 23:55:19,653{GMT}	INFO	[jepsen worker 3] jepsen.util: 3	:invoke	:cas	[0 [3 2]]
2026-03-09 23:55:19,660{GMT}	INFO	[jepsen worker 3] jepsen.util: 3	:fail	:cas	[0 [3 2]]	[:precondition-failed "expected 3 but had 2"]
2026-03-09 23:55:19,847{GMT}	INFO	[jepsen worker 4] jepsen.util: 4	:invoke	:write	[0 4]
2026-03-09 23:55:19,853{GMT}	INFO	[jepsen worker 4] jepsen.util: 4	:ok	:write	[0 4]
2026-03-09 23:55:20,040{GMT}	INFO	[jepsen worker 5] jepsen.util: 5	:invoke	:cas	[0 [2 1]]
2026-03-09 23:55:20,045{GMT}	INFO	[jepsen worker 5] jepsen.util: 5	:fail	:cas	[0 [2 1]]	[:precondition-failed "expected 2 but had 4"]
2026-03-09 23:55:20,206{GMT}	INFO	[jepsen worker 3] jepsen.util: 3	:invoke	:cas	[0 [4 2]]
2026-03-09 23:55:20,220{GMT}	INFO	[jepsen worker 3] jepsen.util: 3	:ok	:cas	[0 [4 2]]
2026-03-09 23:55:20,274{GMT}	INFO	[jepsen worker 0] jepsen.util: 0	:invoke	:read	[0 nil]
2026-03-09 23:55:20,276{GMT}	INFO	[jepsen worker 0] jepsen.util: 0	:ok	:read	[0 2]
2026-03-09 23:55:20,335{GMT}	INFO	[jepsen worker 1] jepsen.util: 1	:invoke	:read	[0 nil]
2026-03-09 23:55:20,338{GMT}	INFO	[jepsen worker 1] jepsen.util: 1	:ok	:read	[0 2]
2026-03-09 23:55:20,395{GMT}	INFO	[jepsen worker 3] jepsen.util: 3	:invoke	:write	[0 0]
2026-03-09 23:55:20,398{GMT}	INFO	[jepsen worker 3] jepsen.util: 3	:ok	:write	[0 0]
2026-03-09 23:55:20,487{GMT}	INFO	[jepsen worker 3] jepsen.util: 3	:invoke	:cas	[0 [1 1]]
2026-03-09 23:55:20,494{GMT}	INFO	[jepsen worker 3] jepsen.util: 3	:fail	:cas	[0 [1 1]]	[:precondition-failed "expected 1 but had 0"]
2026-03-09 23:55:20,680{GMT}	INFO	[jepsen worker 0] jepsen.util: 0	:invoke	:read	[0 nil]
2026-03-09 23:55:20,684{GMT}	INFO	[jepsen worker 0] jepsen.util: 0	:ok	:read	[0 0]
2026-03-09 23:55:20,876{GMT}	INFO	[jepsen worker 0] jepsen.util: 0	:invoke	:read	[0 nil]
2026-03-09 23:55:20,879{GMT}	INFO	[jepsen worker 0] jepsen.util: 0	:ok	:read	[0 0]
2026-03-09 23:55:21,063{GMT}	INFO	[jepsen worker 3] jepsen.util: 3	:invoke	:write	[0 1]
2026-03-09 23:55:21,065{GMT}	INFO	[jepsen worker 3] jepsen.util: 3	:ok	:write	[0 1]
2026-03-09 23:55:21,069{GMT}	INFO	[jepsen worker 0] jepsen.util: 0	:invoke	:read	[0 nil]
2026-03-09 23:55:21,071{GMT}	INFO	[jepsen worker 0] jepsen.util: 0	:ok	:read	[0 1]
2026-03-09 23:55:21,126{GMT}	INFO	[jepsen worker 3] jepsen.util: 3	:invoke	:cas	[0 [2 1]]
2026-03-09 23:55:21,128{GMT}	INFO	[jepsen worker 3] jepsen.util: 3	:fail	:cas	[0 [2 1]]	[:precondition-failed "expected 2 but had 1"]
2026-03-09 23:55:21,280{GMT}	INFO	[jepsen worker 3] jepsen.util: 3	:invoke	:write	[0 1]
2026-03-09 23:55:21,283{GMT}	INFO	[jepsen worker 3] jepsen.util: 3	:ok	:write	[0 1]
2026-03-09 23:55:21,395{GMT}	INFO	[jepsen worker 3] jepsen.util: 3	:invoke	:cas	[0 [4 3]]
2026-03-09 23:55:21,399{GMT}	INFO	[jepsen worker 3] jepsen.util: 3	:fail	:cas	[0 [4 3]]	[:precondition-failed "expected 4 but had 1"]
2026-03-09 23:55:21,540{GMT}	INFO	[jepsen worker 4] jepsen.util: 4	:invoke	:cas	[0 [3 1]]
2026-03-09 23:55:21,544{GMT}	INFO	[jepsen worker 4] jepsen.util: 4	:fail	:cas	[0 [3 1]]	[:precondition-failed "expected 3 but had 1"]
2026-03-09 23:55:21,614{GMT}	INFO	[jepsen worker 0] jepsen.util: 0	:invoke	:read	[0 nil]
2026-03-09 23:55:21,619{GMT}	INFO	[jepsen worker 0] jepsen.util: 0	:ok	:read	[0 1]
2026-03-09 23:55:21,662{GMT}	INFO	[jepsen worker 0] jepsen.util: 0	:invoke	:read	[0 nil]
2026-03-09 23:55:21,668{GMT}	INFO	[jepsen worker 0] jepsen.util: 0	:ok	:read	[0 1]
2026-03-09 23:55:21,699{GMT}	INFO	[jepsen worker 3] jepsen.util: 3	:invoke	:write	[0 1]
2026-03-09 23:55:21,706{GMT}	INFO	[jepsen worker 3] jepsen.util: 3	:ok	:write	[0 1]
2026-03-09 23:55:21,723{GMT}	INFO	[jepsen worker 3] jepsen.util: 3	:invoke	:cas	[0 [2 1]]
2026-03-09 23:55:21,728{GMT}	INFO	[jepsen worker 3] jepsen.util: 3	:fail	:cas	[0 [2 1]]	[:precondition-failed "expected 2 but had 1"]
2026-03-09 23:55:21,777{GMT}	INFO	[jepsen worker 2] jepsen.util: 2	:invoke	:read	[0 nil]
2026-03-09 23:55:21,782{GMT}	INFO	[jepsen worker 2] jepsen.util: 2	:ok	:read	[0 1]
2026-03-09 23:55:21,944{GMT}	INFO	[jepsen worker 3] jepsen.util: 3	:invoke	:cas	[0 [3 1]]
2026-03-09 23:55:21,949{GMT}	INFO	[jepsen worker 3] jepsen.util: 3	:fail	:cas	[0 [3 1]]	[:precondition-failed "expected 3 but had 1"]
2026-03-09 23:55:22,018{GMT}	INFO	[jepsen worker 0] jepsen.util: 0	:invoke	:read	[0 nil]
2026-03-09 23:55:22,023{GMT}	INFO	[jepsen worker 0] jepsen.util: 0	:ok	:read	[0 1]
2026-03-09 23:55:22,078{GMT}	INFO	[jepsen worker 0] jepsen.util: 0	:invoke	:read	[0 nil]
2026-03-09 23:55:22,083{GMT}	INFO	[jepsen worker 0] jepsen.util: 0	:ok	:read	[0 1]
2026-03-09 23:55:22,184{GMT}	INFO	[jepsen worker 0] jepsen.util: 0	:invoke	:read	[0 nil]
2026-03-09 23:55:22,190{GMT}	INFO	[jepsen worker 0] jepsen.util: 0	:ok	:read	[0 1]
2026-03-09 23:55:22,216{GMT}	INFO	[jepsen worker 0] jepsen.util: 0	:invoke	:read	[0 nil]
2026-03-09 23:55:22,220{GMT}	INFO	[jepsen worker 0] jepsen.util: 0	:ok	:read	[0 1]
2026-03-09 23:55:22,306{GMT}	INFO	[jepsen worker 1] jepsen.util: 1	:invoke	:read	[0 nil]
2026-03-09 23:55:22,313{GMT}	INFO	[jepsen worker 1] jepsen.util: 1	:ok	:read	[0 1]
2026-03-09 23:55:22,501{GMT}	INFO	[jepsen worker 3] jepsen.util: 3	:invoke	:cas	[0 [3 0]]
2026-03-09 23:55:22,508{GMT}	INFO	[jepsen worker 3] jepsen.util: 3	:fail	:cas	[0 [3 0]]	[:precondition-failed "expected 3 but had 1"]
2026-03-09 23:55:22,588{GMT}	INFO	[jepsen worker 0] jepsen.util: 0	:invoke	:read	[0 nil]
2026-03-09 23:55:22,594{GMT}	INFO	[jepsen worker 0] jepsen.util: 0	:ok	:read	[0 1]
2026-03-09 23:55:22,754{GMT}	INFO	[jepsen worker 4] jepsen.util: 4	:invoke	:cas	[0 [0 1]]
2026-03-09 23:55:22,757{GMT}	INFO	[jepsen worker 4] jepsen.util: 4	:fail	:cas	[0 [0 1]]	[:precondition-failed "expected 0 but had 1"]
2026-03-09 23:55:22,781{GMT}	INFO	[jepsen worker 5] jepsen.util: 5	:invoke	:cas	[0 [0 4]]
2026-03-09 23:55:22,784{GMT}	INFO	[jepsen worker 5] jepsen.util: 5	:fail	:cas	[0 [0 4]]	[:precondition-failed "expected 0 but had 1"]
2026-03-09 23:55:22,878{GMT}	INFO	[jepsen worker 3] jepsen.util: 3	:invoke	:write	[0 4]
2026-03-09 23:55:22,883{GMT}	INFO	[jepsen worker 3] jepsen.util: 3	:ok	:write	[0 4]
2026-03-09 23:55:23,064{GMT}	INFO	[jepsen worker 0] jepsen.util: 0	:invoke	:read	[0 nil]
2026-03-09 23:55:23,070{GMT}	INFO	[jepsen worker 0] jepsen.util: 0	:ok	:read	[0 4]
2026-03-09 23:55:23,154{GMT}	INFO	[jepsen worker 1] jepsen.util: 1	:invoke	:read	[0 nil]
2026-03-09 23:55:23,159{GMT}	INFO	[jepsen worker 1] jepsen.util: 1	:ok	:read	[0 4]
2026-03-09 23:55:23,308{GMT}	INFO	[jepsen worker 3] jepsen.util: 3	:invoke	:cas	[0 [2 0]]
2026-03-09 23:55:23,313{GMT}	INFO	[jepsen worker 3] jepsen.util: 3	:fail	:cas	[0 [2 0]]	[:precondition-failed "expected 2 but had 4"]
2026-03-09 23:55:23,342{GMT}	INFO	[jepsen worker 3] jepsen.util: 3	:invoke	:write	[0 2]
2026-03-09 23:55:23,347{GMT}	INFO	[jepsen worker 3] jepsen.util: 3	:ok	:write	[0 2]
2026-03-09 23:55:23,411{GMT}	INFO	[jepsen worker 4] jepsen.util: 4	:invoke	:cas	[0 [3 1]]
2026-03-09 23:55:23,417{GMT}	INFO	[jepsen worker 4] jepsen.util: 4	:fail	:cas	[0 [3 1]]	[:precondition-failed "expected 3 but had 2"]
2026-03-09 23:55:23,425{GMT}	INFO	[jepsen worker 0] jepsen.util: 0	:invoke	:read	[0 nil]
2026-03-09 23:55:23,429{GMT}	INFO	[jepsen worker 0] jepsen.util: 0	:ok	:read	[0 2]
2026-03-09 23:55:23,555{GMT}	INFO	[jepsen worker 0] jepsen.util: 0	:invoke	:read	[0 nil]
2026-03-09 23:55:23,561{GMT}	INFO	[jepsen worker 0] jepsen.util: 0	:ok	:read	[0 2]
2026-03-09 23:55:23,680{GMT}	INFO	[jepsen worker 0] jepsen.util: 0	:invoke	:read	[0 nil]
2026-03-09 23:55:23,685{GMT}	INFO	[jepsen worker 0] jepsen.util: 0	:ok	:read	[0 2]
2026-03-09 23:55:23,753{GMT}	INFO	[jepsen worker 1] jepsen.util: 1	:invoke	:read	[0 nil]
2026-03-09 23:55:23,755{GMT}	INFO	[jepsen worker 1] jepsen.util: 1	:ok	:read	[0 2]
2026-03-09 23:55:23,759{GMT}	INFO	[jepsen worker 2] jepsen.util: 2	:invoke	:read	[0 nil]
2026-03-09 23:55:23,761{GMT}	INFO	[jepsen worker 2] jepsen.util: 2	:ok	:read	[0 2]
2026-03-09 23:55:23,939{GMT}	INFO	[jepsen worker 0] jepsen.util: 0	:invoke	:read	[0 nil]
2026-03-09 23:55:23,947{GMT}	INFO	[jepsen worker 0] jepsen.util: 0	:ok	:read	[0 2]
2026-03-09 23:55:24,142{GMT}	INFO	[jepsen worker 0] jepsen.util: 0	:invoke	:read	[0 nil]
2026-03-09 23:55:24,148{GMT}	INFO	[jepsen worker 0] jepsen.util: 0	:ok	:read	[0 2]
2026-03-09 23:55:24,333{GMT}	INFO	[jepsen worker 5] jepsen.util: 5	:invoke	:write	[0 3]
2026-03-09 23:55:24,347{GMT}	INFO	[jepsen worker 3] jepsen.util: 3	:invoke	:cas	[0 [1 1]]
2026-03-09 23:55:24,348{GMT}	INFO	[jepsen worker 5] jepsen.util: 5	:ok	:write	[0 3]
2026-03-09 23:55:24,351{GMT}	INFO	[jepsen worker 3] jepsen.util: 3	:fail	:cas	[0 [1 1]]	[:precondition-failed "expected 1 but had 3"]
2026-03-09 23:55:24,519{GMT}	INFO	[jepsen worker 0] jepsen.util: 0	:invoke	:read	[0 nil]
2026-03-09 23:55:24,526{GMT}	INFO	[jepsen worker 0] jepsen.util: 0	:ok	:read	[0 3]
2026-03-09 23:55:24,531{GMT}	INFO	[jepsen worker 3] jepsen.util: 3	:invoke	:cas	[0 [4 4]]
2026-03-09 23:55:24,534{GMT}	INFO	[jepsen worker 3] jepsen.util: 3	:fail	:cas	[0 [4 4]]	[:precondition-failed "expected 4 but had 3"]
2026-03-09 23:55:24,552{GMT}	INFO	[jepsen worker 2] jepsen.util: 2	:invoke	:read	[0 nil]
2026-03-09 23:55:24,554{GMT}	INFO	[jepsen worker 2] jepsen.util: 2	:ok	:read	[0 3]
2026-03-09 23:55:24,661{GMT}	INFO	[jepsen worker 3] jepsen.util: 3	:invoke	:cas	[0 [2 3]]
2026-03-09 23:55:24,666{GMT}	INFO	[jepsen worker 3] jepsen.util: 3	:fail	:cas	[0 [2 3]]	[:precondition-failed "expected 2 but had 3"]
2026-03-09 23:55:24,702{GMT}	INFO	[jepsen worker 0] jepsen.util: 0	:invoke	:read	[0 nil]
2026-03-09 23:55:24,707{GMT}	INFO	[jepsen worker 0] jepsen.util: 0	:ok	:read	[0 3]
2026-03-09 23:55:24,835{GMT}	INFO	[jepsen worker 5] jepsen.util: 5	:invoke	:cas	[0 [1 2]]
2026-03-09 23:55:24,838{GMT}	INFO	[jepsen worker 5] jepsen.util: 5	:fail	:cas	[0 [1 2]]	[:precondition-failed "expected 1 but had 3"]
2026-03-09 23:55:24,965{GMT}	INFO	[jepsen worker 0] jepsen.util: 0	:invoke	:read	[0 nil]
2026-03-09 23:55:24,970{GMT}	INFO	[jepsen worker 0] jepsen.util: 0	:ok	:read	[0 3]
2026-03-09 23:55:25,128{GMT}	INFO	[jepsen worker 0] jepsen.util: 0	:invoke	:read	[0 nil]
2026-03-09 23:55:25,134{GMT}	INFO	[jepsen worker 0] jepsen.util: 0	:ok	:read	[0 3]
2026-03-09 23:55:25,301{GMT}	INFO	[jepsen worker 1] jepsen.util: 1	:invoke	:read	[0 nil]
2026-03-09 23:55:25,303{GMT}	INFO	[jepsen worker 1] jepsen.util: 1	:ok	:read	[0 3]
2026-03-09 23:55:25,400{GMT}	INFO	[jepsen worker 2] jepsen.util: 2	:invoke	:read	[0 nil]
2026-03-09 23:55:25,403{GMT}	INFO	[jepsen worker 2] jepsen.util: 2	:ok	:read	[0 3]
2026-03-09 23:55:25,404{GMT}	INFO	[jepsen worker 3] jepsen.util: 3	:invoke	:cas	[0 [2 4]]
2026-03-09 23:55:25,406{GMT}	INFO	[jepsen worker 3] jepsen.util: 3	:fail	:cas	[0 [2 4]]	[:precondition-failed "expected 2 but had 3"]
2026-03-09 23:55:25,482{GMT}	INFO	[jepsen worker 0] jepsen.util: 0	:invoke	:read	[0 nil]
2026-03-09 23:55:25,487{GMT}	INFO	[jepsen worker 0] jepsen.util: 0	:ok	:read	[0 3]
2026-03-09 23:55:25,608{GMT}	INFO	[jepsen worker 5] jepsen.util: 5	:invoke	:cas	[0 [3 4]]
2026-03-09 23:55:25,615{GMT}	INFO	[jepsen worker 5] jepsen.util: 5	:ok	:cas	[0 [3 4]]
2026-03-09 23:55:25,680{GMT}	INFO	[jepsen worker 3] jepsen.util: 3	:invoke	:write	[0 0]
2026-03-09 23:55:25,680{GMT}	INFO	[jepsen worker 4] jepsen.util: 4	:invoke	:write	[0 0]
2026-03-09 23:55:25,685{GMT}	INFO	[jepsen worker 4] jepsen.util: 4	:ok	:write	[0 0]
2026-03-09 23:55:25,685{GMT}	INFO	[jepsen worker 3] jepsen.util: 3	:ok	:write	[0 0]
2026-03-09 23:55:25,704{GMT}	INFO	[jepsen worker 1] jepsen.util: 1	:invoke	:read	[0 nil]
2026-03-09 23:55:25,708{GMT}	INFO	[jepsen worker 1] jepsen.util: 1	:ok	:read	[0 0]
2026-03-09 23:55:25,724{GMT}	INFO	[jepsen worker 2] jepsen.util: 2	:invoke	:read	[0 nil]
2026-03-09 23:55:25,729{GMT}	INFO	[jepsen worker 2] jepsen.util: 2	:ok	:read	[0 0]
2026-03-09 23:55:25,853{GMT}	INFO	[jepsen worker 3] jepsen.util: 3	:invoke	:cas	[0 [4 3]]
2026-03-09 23:55:25,856{GMT}	INFO	[jepsen worker 3] jepsen.util: 3	:fail	:cas	[0 [4 3]]	[:precondition-failed "expected 4 but had 0"]
2026-03-09 23:55:26,007{GMT}	INFO	[jepsen worker 0] jepsen.util: 0	:invoke	:read	[0 nil]
2026-03-09 23:55:26,011{GMT}	INFO	[jepsen worker 0] jepsen.util: 0	:ok	:read	[0 0]
2026-03-09 23:55:26,169{GMT}	INFO	[jepsen worker 0] jepsen.util: 0	:invoke	:read	[0 nil]
2026-03-09 23:55:26,174{GMT}	INFO	[jepsen worker 0] jepsen.util: 0	:ok	:read	[0 0]
2026-03-09 23:55:26,336{GMT}	INFO	[jepsen worker 3] jepsen.util: 3	:invoke	:cas	[0 [4 3]]
2026-03-09 23:55:26,342{GMT}	INFO	[jepsen worker 3] jepsen.util: 3	:fail	:cas	[0 [4 3]]	[:precondition-failed "expected 4 but had 0"]
2026-03-09 23:55:26,350{GMT}	INFO	[jepsen worker 0] jepsen.util: 0	:invoke	:read	[0 nil]
2026-03-09 23:55:26,352{GMT}	INFO	[jepsen worker 0] jepsen.util: 0	:ok	:read	[0 0]
2026-03-09 23:55:26,438{GMT}	INFO	[jepsen worker 3] jepsen.util: 3	:invoke	:cas	[0 [4 3]]
2026-03-09 23:55:26,441{GMT}	INFO	[jepsen worker 3] jepsen.util: 3	:fail	:cas	[0 [4 3]]	[:precondition-failed "expected 4 but had 0"]
2026-03-09 23:55:26,474{GMT}	INFO	[jepsen worker 3] jepsen.util: 3	:invoke	:cas	[0 [3 1]]
2026-03-09 23:55:26,477{GMT}	INFO	[jepsen worker 3] jepsen.util: 3	:fail	:cas	[0 [3 1]]	[:precondition-failed "expected 3 but had 0"]
2026-03-09 23:55:26,532{GMT}	INFO	[jepsen worker 3] jepsen.util: 3	:invoke	:write	[0 0]
2026-03-09 23:55:26,536{GMT}	INFO	[jepsen worker 3] jepsen.util: 3	:ok	:write	[0 0]
2026-03-09 23:55:26,639{GMT}	INFO	[jepsen worker 4] jepsen.util: 4	:invoke	:cas	[0 [1 3]]
2026-03-09 23:55:26,645{GMT}	INFO	[jepsen worker 4] jepsen.util: 4	:fail	:cas	[0 [1 3]]	[:precondition-failed "expected 1 but had 0"]
2026-03-09 23:55:26,749{GMT}	INFO	[jepsen worker 0] jepsen.util: 0	:invoke	:read	[0 nil]
2026-03-09 23:55:26,755{GMT}	INFO	[jepsen worker 0] jepsen.util: 0	:ok	:read	[0 0]
2026-03-09 23:55:26,770{GMT}	INFO	[jepsen worker 0] jepsen.util: 0	:invoke	:read	[0 nil]
2026-03-09 23:55:26,773{GMT}	INFO	[jepsen worker 0] jepsen.util: 0	:ok	:read	[0 0]
2026-03-09 23:55:26,827{GMT}	INFO	[jepsen worker 3] jepsen.util: 3	:invoke	:cas	[0 [1 1]]
2026-03-09 23:55:26,832{GMT}	INFO	[jepsen worker 3] jepsen.util: 3	:fail	:cas	[0 [1 1]]	[:precondition-failed "expected 1 but had 0"]
2026-03-09 23:55:26,888{GMT}	INFO	[jepsen worker 3] jepsen.util: 3	:invoke	:cas	[0 [2 3]]
2026-03-09 23:55:26,894{GMT}	INFO	[jepsen worker 3] jepsen.util: 3	:fail	:cas	[0 [2 3]]	[:precondition-failed "expected 2 but had 0"]
2026-03-09 23:55:27,061{GMT}	INFO	[jepsen worker 2] jepsen.util: 2	:invoke	:read	[0 nil]
2026-03-09 23:55:27,066{GMT}	INFO	[jepsen worker 2] jepsen.util: 2	:ok	:read	[0 0]
2026-03-09 23:55:27,091{GMT}	INFO	[jepsen worker 3] jepsen.util: 3	:invoke	:write	[0 3]
2026-03-09 23:55:27,096{GMT}	INFO	[jepsen worker 3] jepsen.util: 3	:ok	:write	[0 3]
2026-03-09 23:55:27,173{GMT}	INFO	[jepsen worker 0] jepsen.util: 0	:invoke	:read	[0 nil]
2026-03-09 23:55:27,178{GMT}	INFO	[jepsen worker 0] jepsen.util: 0	:ok	:read	[0 3]
2026-03-09 23:55:27,219{GMT}	INFO	[jepsen worker 0] jepsen.util: 0	:invoke	:read	[0 nil]
2026-03-09 23:55:27,224{GMT}	INFO	[jepsen worker 0] jepsen.util: 0	:ok	:read	[0 3]
2026-03-09 23:55:27,266{GMT}	INFO	[jepsen worker 0] jepsen.util: 0	:invoke	:read	[0 nil]
2026-03-09 23:55:27,271{GMT}	INFO	[jepsen worker 0] jepsen.util: 0	:ok	:read	[0 3]
2026-03-09 23:55:27,284{GMT}	INFO	[jepsen worker 0] jepsen.util: 0	:invoke	:read	[0 nil]
2026-03-09 23:55:27,285{GMT}	INFO	[jepsen worker 3] jepsen.util: 3	:invoke	:cas	[0 [4 3]]
2026-03-09 23:55:27,291{GMT}	INFO	[jepsen worker 0] jepsen.util: 0	:ok	:read	[0 3]
2026-03-09 23:55:27,296{GMT}	INFO	[jepsen worker 3] jepsen.util: 3	:fail	:cas	[0 [4 3]]	[:precondition-failed "expected 4 but had 3"]
2026-03-09 23:55:27,476{GMT}	INFO	[jepsen worker 3] jepsen.util: 3	:invoke	:cas	[0 [0 2]]
2026-03-09 23:55:27,482{GMT}	INFO	[jepsen worker 3] jepsen.util: 3	:fail	:cas	[0 [0 2]]	[:precondition-failed "expected 0 but had 3"]
2026-03-09 23:55:27,536{GMT}	INFO	[jepsen worker 3] jepsen.util: 3	:invoke	:cas	[0 [1 1]]
2026-03-09 23:55:27,541{GMT}	INFO	[jepsen worker 3] jepsen.util: 3	:fail	:cas	[0 [1 1]]	[:precondition-failed "expected 1 but had 3"]
2026-03-09 23:55:27,647{GMT}	INFO	[jepsen worker 0] jepsen.util: 0	:invoke	:read	[0 nil]
2026-03-09 23:55:27,652{GMT}	INFO	[jepsen worker 0] jepsen.util: 0	:ok	:read	[0 3]
2026-03-09 23:55:27,749{GMT}	INFO	[jepsen worker 5] jepsen.util: 5	:invoke	:cas	[0 [0 0]]
2026-03-09 23:55:27,755{GMT}	INFO	[jepsen worker 5] jepsen.util: 5	:fail	:cas	[0 [0 0]]	[:precondition-failed "expected 0 but had 3"]
2026-03-09 23:55:27,948{GMT}	INFO	[jepsen worker 0] jepsen.util: 0	:invoke	:read	[0 nil]
2026-03-09 23:55:27,954{GMT}	INFO	[jepsen worker 0] jepsen.util: 0	:ok	:read	[0 3]
2026-03-09 23:55:28,109{GMT}	INFO	[jepsen worker 3] jepsen.util: 3	:invoke	:cas	[0 [1 0]]
2026-03-09 23:55:28,115{GMT}	INFO	[jepsen worker 3] jepsen.util: 3	:fail	:cas	[0 [1 0]]	[:precondition-failed "expected 1 but had 3"]
2026-03-09 23:55:28,293{GMT}	INFO	[jepsen worker 1] jepsen.util: 1	:invoke	:read	[0 nil]
2026-03-09 23:55:28,299{GMT}	INFO	[jepsen worker 1] jepsen.util: 1	:ok	:read	[0 3]
2026-03-09 23:55:28,475{GMT}	INFO	[jepsen worker 2] jepsen.util: 2	:invoke	:read	[0 nil]
2026-03-09 23:55:28,480{GMT}	INFO	[jepsen worker 2] jepsen.util: 2	:ok	:read	[0 3]
2026-03-09 23:55:28,591{GMT}	INFO	[jepsen worker 0] jepsen.util: 0	:invoke	:read	[0 nil]
2026-03-09 23:55:28,597{GMT}	INFO	[jepsen worker 0] jepsen.util: 0	:ok	:read	[0 3]
2026-03-09 23:55:28,793{GMT}	INFO	[jepsen worker 0] jepsen.util: 0	:invoke	:read	[0 nil]
2026-03-09 23:55:28,798{GMT}	INFO	[jepsen worker 0] jepsen.util: 0	:ok	:read	[0 3]
2026-03-09 23:55:28,814{GMT}	INFO	[jepsen worker 0] jepsen.util: 0	:invoke	:read	[0 nil]
2026-03-09 23:55:28,817{GMT}	INFO	[jepsen worker 0] jepsen.util: 0	:ok	:read	[0 3]
2026-03-09 23:55:28,893{GMT}	INFO	[jepsen worker 0] jepsen.util: 0	:invoke	:read	[0 nil]
2026-03-09 23:55:28,897{GMT}	INFO	[jepsen worker 0] jepsen.util: 0	:ok	:read	[0 3]
2026-03-09 23:55:28,951{GMT}	INFO	[jepsen worker 3] jepsen.util: 3	:invoke	:write	[0 1]
2026-03-09 23:55:28,956{GMT}	INFO	[jepsen worker 3] jepsen.util: 3	:ok	:write	[0 1]
2026-03-09 23:55:29,007{GMT}	INFO	[jepsen worker 1] jepsen.util: 1	:invoke	:read	[0 nil]
2026-03-09 23:55:29,012{GMT}	INFO	[jepsen worker 1] jepsen.util: 1	:ok	:read	[0 1]
2026-03-09 23:55:29,106{GMT}	INFO	[jepsen worker 2] jepsen.util: 2	:invoke	:read	[0 nil]
2026-03-09 23:55:29,108{GMT}	INFO	[jepsen worker 2] jepsen.util: 2	:ok	:read	[0 1]
2026-03-09 23:55:29,206{GMT}	INFO	[jepsen worker 3] jepsen.util: 3	:invoke	:write	[0 2]
2026-03-09 23:55:29,211{GMT}	INFO	[jepsen worker 3] jepsen.util: 3	:ok	:write	[0 2]
2026-03-09 23:55:29,243{GMT}	INFO	[jepsen worker 0] jepsen.util: 0	:invoke	:read	[0 nil]
2026-03-09 23:55:29,248{GMT}	INFO	[jepsen worker 0] jepsen.util: 0	:ok	:read	[0 2]
2026-03-09 23:55:29,399{GMT}	INFO	[jepsen worker 5] jepsen.util: 5	:invoke	:write	[0 4]
2026-03-09 23:55:29,404{GMT}	INFO	[jepsen worker 5] jepsen.util: 5	:ok	:write	[0 4]
2026-03-09 23:55:29,576{GMT}	INFO	[jepsen worker 3] jepsen.util: 3	:invoke	:cas	[0 [3 2]]
2026-03-09 23:55:29,582{GMT}	INFO	[jepsen worker 3] jepsen.util: 3	:fail	:cas	[0 [3 2]]	[:precondition-failed "expected 3 but had 4"]
2026-03-09 23:55:29,755{GMT}	INFO	[jepsen worker 0] jepsen.util: 0	:invoke	:read	[0 nil]
2026-03-09 23:55:29,760{GMT}	INFO	[jepsen worker 0] jepsen.util: 0	:ok	:read	[0 4]
2026-03-09 23:55:29,833{GMT}	INFO	[jepsen worker 3] jepsen.util: 3	:invoke	:write	[0 3]
2026-03-09 23:55:29,838{GMT}	INFO	[jepsen worker 3] jepsen.util: 3	:ok	:write	[0 3]
2026-03-09 23:55:29,951{GMT}	INFO	[jepsen worker 3] jepsen.util: 3	:invoke	:write	[0 4]
2026-03-09 23:55:29,957{GMT}	INFO	[jepsen worker 3] jepsen.util: 3	:ok	:write	[0 4]
2026-03-09 23:55:30,053{GMT}	INFO	[jepsen worker 0] jepsen.util: 0	:invoke	:read	[0 nil]
2026-03-09 23:55:30,058{GMT}	INFO	[jepsen worker 0] jepsen.util: 0	:ok	:read	[0 4]
2026-03-09 23:55:30,252{GMT}	INFO	[jepsen worker 4] jepsen.util: 4	:invoke	:cas	[0 [0 2]]
2026-03-09 23:55:30,259{GMT}	INFO	[jepsen worker 4] jepsen.util: 4	:fail	:cas	[0 [0 2]]	[:precondition-failed "expected 0 but had 4"]
2026-03-09 23:55:30,344{GMT}	INFO	[jepsen worker 0] jepsen.util: 0	:invoke	:read	[0 nil]
2026-03-09 23:55:30,350{GMT}	INFO	[jepsen worker 0] jepsen.util: 0	:ok	:read	[0 4]
2026-03-09 23:55:30,371{GMT}	INFO	[jepsen worker 0] jepsen.util: 0	:invoke	:read	[0 nil]
2026-03-09 23:55:30,376{GMT}	INFO	[jepsen worker 0] jepsen.util: 0	:ok	:read	[0 4]
2026-03-09 23:55:30,408{GMT}	INFO	[jepsen worker 3] jepsen.util: 3	:invoke	:write	[0 2]
2026-03-09 23:55:30,414{GMT}	INFO	[jepsen worker 3] jepsen.util: 3	:ok	:write	[0 2]
2026-03-09 23:55:30,483{GMT}	INFO	[jepsen worker 3] jepsen.util: 3	:invoke	:cas	[0 [0 0]]
2026-03-09 23:55:30,490{GMT}	INFO	[jepsen worker 3] jepsen.util: 3	:fail	:cas	[0 [0 0]]	[:precondition-failed "expected 0 but had 2"]
2026-03-09 23:55:30,686{GMT}	INFO	[jepsen worker 2] jepsen.util: 2	:invoke	:read	[0 nil]
2026-03-09 23:55:30,693{GMT}	INFO	[jepsen worker 2] jepsen.util: 2	:ok	:read	[0 2]
2026-03-09 23:55:30,841{GMT}	INFO	[jepsen worker 0] jepsen.util: 0	:invoke	:read	[0 nil]
2026-03-09 23:55:30,848{GMT}	INFO	[jepsen worker 0] jepsen.util: 0	:ok	:read	[0 2]
2026-03-09 23:55:31,016{GMT}	INFO	[jepsen worker 0] jepsen.util: 0	:invoke	:read	[0 nil]
2026-03-09 23:55:31,023{GMT}	INFO	[jepsen worker 0] jepsen.util: 0	:ok	:read	[0 2]
2026-03-09 23:55:31,142{GMT}	INFO	[jepsen worker 5] jepsen.util: 5	:invoke	:cas	[0 [1 0]]
2026-03-09 23:55:31,149{GMT}	INFO	[jepsen worker 5] jepsen.util: 5	:fail	:cas	[0 [1 0]]	[:precondition-failed "expected 1 but had 2"]
2026-03-09 23:55:31,256{GMT}	INFO	[jepsen worker 0] jepsen.util: 0	:invoke	:read	[0 nil]
2026-03-09 23:55:31,259{GMT}	INFO	[jepsen worker 0] jepsen.util: 0	:ok	:read	[0 2]
2026-03-09 23:55:31,402{GMT}	INFO	[jepsen worker 0] jepsen.util: 0	:invoke	:read	[0 nil]
2026-03-09 23:55:31,404{GMT}	INFO	[jepsen worker 0] jepsen.util: 0	:ok	:read	[0 2]
2026-03-09 23:55:31,489{GMT}	INFO	[jepsen worker 1] jepsen.util: 1	:invoke	:read	[0 nil]
2026-03-09 23:55:31,491{GMT}	INFO	[jepsen worker 1] jepsen.util: 1	:ok	:read	[0 2]
2026-03-09 23:55:31,690{GMT}	INFO	[jepsen worker 2] jepsen.util: 2	:invoke	:read	[0 nil]
2026-03-09 23:55:31,696{GMT}	INFO	[jepsen worker 2] jepsen.util: 2	:ok	:read	[0 2]
2026-03-09 23:55:31,696{GMT}	INFO	[jepsen worker 0] jepsen.util: 0	:invoke	:read	[0 nil]
2026-03-09 23:55:31,701{GMT}	INFO	[jepsen worker 0] jepsen.util: 0	:ok	:read	[0 2]
2026-03-09 23:55:31,847{GMT}	INFO	[jepsen worker 0] jepsen.util: 0	:invoke	:read	[0 nil]
2026-03-09 23:55:31,853{GMT}	INFO	[jepsen worker 0] jepsen.util: 0	:ok	:read	[0 2]
2026-03-09 23:55:31,924{GMT}	INFO	[jepsen worker 5] jepsen.util: 5	:invoke	:write	[0 4]
2026-03-09 23:55:31,930{GMT}	INFO	[jepsen worker 5] jepsen.util: 5	:ok	:write	[0 4]
2026-03-09 23:55:32,019{GMT}	INFO	[jepsen worker 0] jepsen.util: 0	:invoke	:read	[0 nil]
2026-03-09 23:55:32,025{GMT}	INFO	[jepsen worker 0] jepsen.util: 0	:ok	:read	[0 4]
2026-03-09 23:55:32,201{GMT}	INFO	[jepsen worker 3] jepsen.util: 3	:invoke	:cas	[0 [0 0]]
2026-03-09 23:55:32,203{GMT}	INFO	[jepsen worker 3] jepsen.util: 3	:fail	:cas	[0 [0 0]]	[:precondition-failed "expected 0 but had 4"]
2026-03-09 23:55:32,389{GMT}	INFO	[jepsen worker 1] jepsen.util: 1	:invoke	:read	[0 nil]
2026-03-09 23:55:32,503{GMT}	INFO	[jepsen worker 2] jepsen.util: 2	:invoke	:read	[0 nil]
2026-03-09 23:55:32,521{GMT}	INFO	[jepsen worker 3] jepsen.util: 3	:invoke	:cas	[0 [1 1]]
2026-03-09 23:55:32,642{GMT}	INFO	[jepsen worker 4] jepsen.util: 4	:invoke	:write	[0 3]
2026-03-09 23:55:32,763{GMT}	INFO	[jepsen worker 5] jepsen.util: 5	:invoke	:write	[0 2]
2026-03-09 23:55:32,945{GMT}	INFO	[jepsen worker 0] jepsen.util: 0	:invoke	:read	[0 nil]
2026-03-09 23:55:33,390{GMT}	INFO	[jepsen worker 1] jepsen.util: 1	:fail	:read	[0 nil]	:net-timeout
2026-03-09 23:55:33,390{GMT}	INFO	[jepsen worker 1] jepsen.util: 1	:invoke	:read	[0 nil]
2026-03-09 23:55:33,508{GMT}	INFO	[jepsen worker 2] jepsen.util: 2	:fail	:read	[0 nil]	:net-timeout
2026-03-09 23:55:33,508{GMT}	INFO	[jepsen worker 2] jepsen.util: 2	:invoke	:read	[0 nil]
2026-03-09 23:55:33,525{GMT}	INFO	[jepsen worker 3] jepsen.util: 3	:info	:cas	[0 [1 1]]	:net-timeout
2026-03-09 23:55:33,574{GMT}	INFO	[jepsen worker 3] jepsen.util: 9	:invoke	:write	[0 2]
2026-03-09 23:55:33,646{GMT}	INFO	[jepsen worker 4] jepsen.util: 4	:info	:write	[0 3]	:net-timeout
2026-03-09 23:55:33,759{GMT}	INFO	[jepsen worker 4] jepsen.util: 10	:invoke	:cas	[0 [3 0]]
2026-03-09 23:55:33,765{GMT}	INFO	[jepsen worker 5] jepsen.util: 5	:info	:write	[0 2]	:net-timeout
2026-03-09 23:55:33,832{GMT}	INFO	[jepsen worker 5] jepsen.util: 11	:invoke	:write	[0 0]
2026-03-09 23:55:33,946{GMT}	INFO	[jepsen worker 0] jepsen.util: 0	:fail	:read	[0 nil]	:net-timeout
2026-03-09 23:55:34,030{GMT}	INFO	[jepsen worker 0] jepsen.util: 0	:invoke	:read	[0 nil]
2026-03-09 23:55:34,391{GMT}	INFO	[jepsen worker 1] jepsen.util: 1	:fail	:read	[0 nil]	:net-timeout
2026-03-09 23:55:34,392{GMT}	INFO	[jepsen worker 1] jepsen.util: 1	:invoke	:read	[0 nil]
2026-03-09 23:55:34,514{GMT}	INFO	[jepsen worker 2] jepsen.util: 2	:fail	:read	[0 nil]	:net-timeout
2026-03-09 23:55:34,520{GMT}	INFO	[jepsen worker 2] jepsen.util: 2	:invoke	:read	[0 nil]
2026-03-09 23:55:34,579{GMT}	INFO	[jepsen worker 3] jepsen.util: 9	:info	:write	[0 2]	:net-timeout
2026-03-09 23:55:34,643{GMT}	INFO	[jepsen worker 3] jepsen.util: 15	:invoke	:write	[0 3]
2026-03-09 23:55:34,764{GMT}	INFO	[jepsen worker 4] jepsen.util: 10	:info	:cas	[0 [3 0]]	:net-timeout
2026-03-09 23:55:34,802{GMT}	INFO	[jepsen worker 4] jepsen.util: 16	:invoke	:cas	[0 [3 3]]
2026-03-09 23:55:34,834{GMT}	INFO	[jepsen worker 5] jepsen.util: 11	:info	:write	[0 0]	:net-timeout
2026-03-09 23:55:34,999{GMT}	INFO	[jepsen worker 5] jepsen.util: 17	:invoke	:cas	[0 [0 2]]
2026-03-09 23:55:35,031{GMT}	INFO	[jepsen worker 0] jepsen.util: 0	:fail	:read	[0 nil]	:net-timeout
2026-03-09 23:55:35,083{GMT}	INFO	[jepsen worker 0] jepsen.util: 0	:invoke	:read	[0 nil]
2026-03-09 23:55:35,317{GMT}	INFO	[jepsen worker 3] jepsen.util: 15	:ok	:write	[0 3]
2026-03-09 23:55:35,317{GMT}	INFO	[jepsen worker 1] jepsen.util: 1	:ok	:read	[0 3]
2026-03-09 23:55:35,317{GMT}	INFO	[jepsen worker 2] jepsen.util: 2	:ok	:read	[0 3]
2026-03-09 23:55:35,317{GMT}	INFO	[jepsen worker 3] jepsen.util: 15	:invoke	:cas	[0 [0 1]]
2026-03-09 23:55:35,318{GMT}	INFO	[jepsen worker 0] jepsen.util: 0	:ok	:read	[0 3]
2026-03-09 23:55:35,319{GMT}	INFO	[jepsen worker 5] jepsen.util: 17	:fail	:cas	[0 [0 2]]	[:precondition-failed "expected 0 but had 3"]
2026-03-09 23:55:35,319{GMT}	INFO	[jepsen worker 4] jepsen.util: 16	:ok	:cas	[0 [3 3]]
2026-03-09 23:55:35,320{GMT}	INFO	[jepsen worker 3] jepsen.util: 15	:fail	:cas	[0 [0 1]]	[:precondition-failed "expected 0 but had 3"]
2026-03-09 23:55:35,384{GMT}	INFO	[jepsen worker 0] jepsen.util: 0	:invoke	:read	[0 nil]
2026-03-09 23:55:35,387{GMT}	INFO	[jepsen worker 0] jepsen.util: 0	:ok	:read	[0 3]
2026-03-09 23:55:35,444{GMT}	INFO	[jepsen worker 0] jepsen.util: 0	:invoke	:read	[0 nil]
2026-03-09 23:55:35,448{GMT}	INFO	[jepsen worker 0] jepsen.util: 0	:ok	:read	[0 3]
2026-03-09 23:55:35,589{GMT}	INFO	[jepsen worker 3] jepsen.util: 15	:invoke	:write	[0 4]
2026-03-09 23:55:35,594{GMT}	INFO	[jepsen worker 3] jepsen.util: 15	:ok	:write	[0 4]
2026-03-09 23:55:35,611{GMT}	INFO	[jepsen worker 3] jepsen.util: 15	:invoke	:cas	[0 [2 3]]
2026-03-09 23:55:35,614{GMT}	INFO	[jepsen worker 3] jepsen.util: 15	:fail	:cas	[0 [2 3]]	[:precondition-failed "expected 2 but had 4"]
2026-03-09 23:55:35,685{GMT}	INFO	[jepsen worker 3] jepsen.util: 15	:invoke	:cas	[0 [3 2]]
2026-03-09 23:55:35,689{GMT}	INFO	[jepsen worker 3] jepsen.util: 15	:fail	:cas	[0 [3 2]]	[:precondition-failed "expected 3 but had 4"]
2026-03-09 23:55:35,827{GMT}	INFO	[jepsen worker 4] jepsen.util: 16	:invoke	:cas	[0 [0 3]]
2026-03-09 23:55:35,832{GMT}	INFO	[jepsen worker 4] jepsen.util: 16	:fail	:cas	[0 [0 3]]	[:precondition-failed "expected 0 but had 4"]
2026-03-09 23:55:35,976{GMT}	INFO	[jepsen worker 0] jepsen.util: 0	:invoke	:read	[0 nil]
2026-03-09 23:55:35,981{GMT}	INFO	[jepsen worker 0] jepsen.util: 0	:ok	:read	[0 4]
2026-03-09 23:55:36,033{GMT}	INFO	[jepsen worker 3] jepsen.util: 15	:invoke	:cas	[0 [0 1]]
2026-03-09 23:55:36,039{GMT}	INFO	[jepsen worker 3] jepsen.util: 15	:fail	:cas	[0 [0 1]]	[:precondition-failed "expected 0 but had 4"]
2026-03-09 23:55:36,155{GMT}	INFO	[jepsen worker 0] jepsen.util: 0	:invoke	:read	[0 nil]
2026-03-09 23:55:36,156{GMT}	INFO	[jepsen worker 3] jepsen.util: 15	:invoke	:write	[0 2]
2026-03-09 23:55:36,159{GMT}	INFO	[jepsen worker 2] jepsen.util: 2	:invoke	:read	[0 nil]
2026-03-09 23:55:36,160{GMT}	INFO	[jepsen worker 0] jepsen.util: 0	:ok	:read	[0 4]
2026-03-09 23:55:36,163{GMT}	INFO	[jepsen worker 3] jepsen.util: 15	:ok	:write	[0 2]
2026-03-09 23:55:36,163{GMT}	INFO	[jepsen worker 2] jepsen.util: 2	:ok	:read	[0 2]
2026-03-09 23:55:36,358{GMT}	INFO	[jepsen worker 3] jepsen.util: 15	:invoke	:cas	[0 [2 2]]
2026-03-09 23:55:36,364{GMT}	INFO	[jepsen worker 3] jepsen.util: 15	:ok	:cas	[0 [2 2]]
2026-03-09 23:55:36,444{GMT}	INFO	[jepsen worker 0] jepsen.util: 0	:invoke	:read	[0 nil]
2026-03-09 23:55:36,447{GMT}	INFO	[jepsen worker 0] jepsen.util: 0	:ok	:read	[0 2]
2026-03-09 23:55:36,534{GMT}	INFO	[jepsen worker 0] jepsen.util: 0	:invoke	:read	[0 nil]
2026-03-09 23:55:36,537{GMT}	INFO	[jepsen worker 0] jepsen.util: 0	:ok	:read	[0 2]
2026-03-09 23:55:36,633{GMT}	INFO	[jepsen worker 3] jepsen.util: 15	:invoke	:cas	[0 [2 4]]
2026-03-09 23:55:36,641{GMT}	INFO	[jepsen worker 3] jepsen.util: 15	:ok	:cas	[0 [2 4]]
2026-03-09 23:55:36,672{GMT}	INFO	[jepsen worker 3] jepsen.util: 15	:invoke	:write	[0 2]
2026-03-09 23:55:36,675{GMT}	INFO	[jepsen worker 3] jepsen.util: 15	:ok	:write	[0 2]
2026-03-09 23:55:36,717{GMT}	INFO	[jepsen worker 1] jepsen.util: 1	:invoke	:read	[0 nil]
2026-03-09 23:55:36,720{GMT}	INFO	[jepsen worker 1] jepsen.util: 1	:ok	:read	[0 2]
2026-03-09 23:55:36,899{GMT}	INFO	[jepsen worker 2] jepsen.util: 2	:invoke	:read	[0 nil]
2026-03-09 23:55:36,905{GMT}	INFO	[jepsen worker 2] jepsen.util: 2	:ok	:read	[0 2]
2026-03-09 23:55:36,979{GMT}	INFO	[jepsen worker 0] jepsen.util: 0	:invoke	:read	[0 nil]
2026-03-09 23:55:36,982{GMT}	INFO	[jepsen worker 4] jepsen.util: 16	:invoke	:write	[0 4]
2026-03-09 23:55:36,985{GMT}	INFO	[jepsen worker 0] jepsen.util: 0	:ok	:read	[0 2]
2026-03-09 23:55:36,985{GMT}	INFO	[jepsen worker 4] jepsen.util: 16	:ok	:write	[0 4]
2026-03-09 23:55:37,057{GMT}	INFO	[jepsen worker 0] jepsen.util: 0	:invoke	:read	[0 nil]
2026-03-09 23:55:37,063{GMT}	INFO	[jepsen worker 0] jepsen.util: 0	:ok	:read	[0 4]
2026-03-09 23:55:37,121{GMT}	INFO	[jepsen worker 0] jepsen.util: 0	:invoke	:read	[0 nil]
2026-03-09 23:55:37,127{GMT}	INFO	[jepsen worker 0] jepsen.util: 0	:ok	:read	[0 4]
2026-03-09 23:55:37,308{GMT}	INFO	[jepsen worker 3] jepsen.util: 15	:invoke	:cas	[0 [1 1]]
2026-03-09 23:55:37,310{GMT}	INFO	[jepsen worker 1] jepsen.util: 1	:invoke	:read	[0 nil]
2026-03-09 23:55:37,313{GMT}	INFO	[jepsen worker 1] jepsen.util: 1	:ok	:read	[0 4]
2026-03-09 23:55:37,313{GMT}	INFO	[jepsen worker 3] jepsen.util: 15	:fail	:cas	[0 [1 1]]	[:precondition-failed "expected 1 but had 4"]
2026-03-09 23:55:37,328{GMT}	INFO	[jepsen worker 3] jepsen.util: 15	:invoke	:cas	[0 [4 3]]
2026-03-09 23:55:37,335{GMT}	INFO	[jepsen worker 3] jepsen.util: 15	:ok	:cas	[0 [4 3]]
2026-03-09 23:55:37,357{GMT}	INFO	[jepsen test runner] jepsen.core: Run complete, writing
2026-03-09 23:55:37,432{GMT}	INFO	[jepsen node n2] maelstrom.db: Tearing down n2
2026-03-09 23:55:37,432{GMT}	INFO	[jepsen node n1] maelstrom.db: Tearing down n1
2026-03-09 23:55:37,432{GMT}	INFO	[jepsen node n0] maelstrom.db: Tearing down n0
2026-03-09 23:55:38,484{GMT}	INFO	[jepsen node n0] maelstrom.net: Shutting down Maelstrom network
2026-03-09 23:55:38,488{GMT}	INFO	[jepsen test runner] jepsen.core: Analyzing...
2026-03-09 23:55:38,712{GMT}	INFO	[clojure-agent-send-pool-0] jepsen.independent: Wrote /Users/singv/Desktop/omnipaxos-kv/store/lin-kv/20260309T235435.718+0100/independent/0/results.edn
2026-03-09 23:55:38,734{GMT}	INFO	[clojure-agent-send-pool-0] jepsen.independent: Wrote /Users/singv/Desktop/omnipaxos-kv/store/lin-kv/20260309T235435.718+0100/independent/0/history.edn
2026-03-09 23:55:38,995{GMT}	INFO	[jepsen test runner] jepsen.core: Analysis complete
2026-03-09 23:55:39,006{GMT}	INFO	[jepsen results] jepsen.store: Wrote /Users/singv/Desktop/omnipaxos-kv/store/lin-kv/20260309T235435.718+0100/results.edn
2026-03-09 23:55:39,021{GMT}	INFO	[jepsen test runner] jepsen.core: {:perf {:latency-graph {:valid? true},
        :rate-graph {:valid? true},
        :valid? true},
 :timeline {:valid? true},
 :exceptions {:valid? true},
 :stats {:valid? true,
         :count 570,
         :ok-count 399,
         :fail-count 165,
         :info-count 6,
         :by-f {:cas {:valid? true,
                      :count 192,
                      :ok-count 32,
                      :fail-count 158,
                      :info-count 2},
                :read {:valid? true,
                       :count 286,
                       :ok-count 279,
                       :fail-count 7,
                       :info-count 0},
                :write {:valid? true,
                        :count 92,
                        :ok-count 88,
                        :fail-count 0,
                        :info-count 4}}},
 :availability {:valid? true, :ok-fraction 0.7},
 :net {:all {:send-count 1146,
             :recv-count 1146,
             :msg-count 1146,
             :msgs-per-op 2.0105264},
       :clients {:send-count 1146, :recv-count 1146, :msg-count 1146},
       :servers {:send-count 0,
                 :recv-count 0,
                 :msg-count 0,
                 :msgs-per-op 0.0},
       :valid? true},
 :workload {:valid? true,
            :results {0 {:linearizable {:valid? true,
                                        :model #knossos.model.CASRegister{:value 3},
                                        :final-paths (),
                                        :configs ()},
                         :timeline {:valid? true},
                         :valid? true}},
            :failures []},
 :valid? true}


Everything looks good! ヽ(‘ー`)ノ
