2026-03-16 21:27:48,316{GMT}	INFO	[jepsen test runner] jepsen.core: Test version 0275c0edb313c5feae28ee9f9a7b0cc5f89dd1c0 (plus uncommitted changes)
2026-03-16 21:27:48,316{GMT}	INFO	[jepsen test runner] jepsen.core: Command line:
lein run test -w lin-kv --bin ./target/debug/maelstrom --node-count 3 --time-limit 60 --rate 20 --concurrency 4n
2026-03-16 21:27:48,377{GMT}	INFO	[jepsen test runner] jepsen.core: Running test:
{:args []
 :remote
 #jepsen.control.retry.Remote{:remote #jepsen.control.scp.Remote{:cmd-remote #jepsen.control.sshj.SSHJRemote{:concurrency-limit 6,
                                                                                                             :conn-spec nil,
                                                                                                             :client nil,
                                                                                                             :semaphore nil},
                                                                 :conn-spec nil},
                              :conn nil}
 :log-net-send false
 :node-count 3
 :availability nil
 :max-txn-length 4
 :concurrency 12
 :db
 #object[maelstrom.db$db$reify__16612
         "0x1f299fc3"
         "maelstrom.db$db$reify__16612@1f299fc3"]
 :max-writes-per-key 16
 :leave-db-running? false
 :name "lin-kv"
 :logging-json? false
 :start-time
 #object[org.joda.time.DateTime "0x2c9573f1" "2026-03-16T21:27:48.146+01:00"]
 :nemesis-interval 10
 :net
 #object[maelstrom.net$jepsen_net$reify__15721
         "0x6cf58989"
         "maelstrom.net$jepsen_net$reify__15721@6cf58989"]
 :client
 #object[maelstrom.workload.lin_kv$client$reify__20973
         "0x3a1dc432"
         "maelstrom.workload.lin_kv$client$reify__20973@3a1dc432"]
 :barrier
 #object[java.util.concurrent.CyclicBarrier
         "0x4c18b432"
         "java.util.concurrent.CyclicBarrier@4c18b432"]
 :log-stderr false
 :pure-generators true
 :ssh {:dummy? true}
 :rate 20.0
 :checker
 #object[jepsen.checker$compose$reify__11089
         "0x4b954cbb"
         "jepsen.checker$compose$reify__11089@4b954cbb"]
 :argv
 ("test"
  "-w"
  "lin-kv"
  "--bin"
  "./target/debug/maelstrom"
  "--node-count"
  "3"
  "--time-limit"
  "60"
  "--rate"
  "20"
  "--concurrency"
  "4n")
 :nemesis
 (jepsen.nemesis.ReflCompose
  {:fm {:start-partition 0,
        :stop-partition 0,
        :kill 1,
        :start 1,
        :pause 1,
        :resume 1},
   :nemeses [#unprintable "jepsen.nemesis.combined$partition_nemesis$reify__16905@bec2d81"
             #unprintable "jepsen.nemesis.combined$db_nemesis$reify__16886@5f04449a"]})
 :nodes ["n0" "n1" "n2"]
 :test-count 1
 :latency {:mean 0, :dist :constant}
 :bin "./target/debug/maelstrom"
 :generator
 #object[jepsen.util.Forgettable
         "0x5aaecd25"
         (jepsen.generator.TimeLimit
          {:limit 60000000000,
           :cutoff nil,
           :gen (jepsen.generator.Any
                 {:gens [(jepsen.generator.OnThreads
                          {:f #{:nemesis},
                           :context-filter #object[jepsen.generator.context$make_thread_filter$lazy_filter__12077
                                                   "0x1df6f57d"
                                                   "jepsen.generator.context$make_thread_filter$lazy_filter__12077@1df6f57d"],
                           :gen nil})
                         (jepsen.generator.OnThreads
                          {:f #jepsen.generator.context.AllBut{:element :nemesis},
                           :context-filter #object[jepsen.generator.context$make_thread_filter$lazy_filter__12077
                                                   "0x578036a2"
                                                   "jepsen.generator.context$make_thread_filter$lazy_filter__12077@578036a2"],
                           :gen (jepsen.generator.Stagger
                                 {:dt 100000000,
                                  :next-time nil,
                                  :gen (jepsen.generator.OnThreads
                                        {:f #jepsen.generator.context.AllBut{:element :nemesis},
                                         :context-filter #object[jepsen.generator.context$make_thread_filter$lazy_filter__12077
                                                                 "0x36cc6055"
                                                                 "jepsen.generator.context$make_thread_filter$lazy_filter__12077@36cc6055"],
                                         :gen (jepsen.independent.ConcurrentGenerator
                                               {:n 6,
                                                :fgen #object[jepsen.tests.linearizable_register$test$fn__17385
                                                              "0x41d1bcbd"
                                                              "jepsen.tests.linearizable_register$test$fn__17385@41d1bcbd"],
                                                :group->threads nil,
                                                :thread->group nil,
                                                :group->context-filter nil,
                                                :keys (0 1 2 3 4 5 6 7 ...),
                                                :gens nil})})})})]})})]
 :log-net-recv false
 :os
 #object[maelstrom.net$jepsen_os$reify__15724
         "0x3d45ea17"
         "maelstrom.net$jepsen_os$reify__15724@3d45ea17"]
 :time-limit 60
 :workload :lin-kv
 :consistency-models [:strict-serializable]
 :topology :grid}

2026-03-16 21:27:49,915{GMT}	INFO	[jepsen node n0] maelstrom.net: Starting Maelstrom network
2026-03-16 21:27:49,916{GMT}	INFO	[jepsen test runner] jepsen.db: Tearing down DB
2026-03-16 21:27:49,917{GMT}	INFO	[jepsen test runner] jepsen.db: Setting up DB
2026-03-16 21:27:49,918{GMT}	INFO	[jepsen node n2] maelstrom.db: Setting up n2
2026-03-16 21:27:49,918{GMT}	INFO	[jepsen node n1] maelstrom.db: Setting up n1
2026-03-16 21:27:49,918{GMT}	INFO	[jepsen node n2] maelstrom.process: launching ./target/debug/maelstrom []
2026-03-16 21:27:49,918{GMT}	INFO	[jepsen node n1] maelstrom.process: launching ./target/debug/maelstrom []
2026-03-16 21:27:49,919{GMT}	INFO	[jepsen node n0] maelstrom.service: Starting services: (lin-kv lin-tso lww-kv seq-kv)
2026-03-16 21:27:49,920{GMT}	INFO	[jepsen node n0] maelstrom.db: Setting up n0
2026-03-16 21:27:49,920{GMT}	INFO	[jepsen node n0] maelstrom.process: launching ./target/debug/maelstrom []
2026-03-16 21:27:50,552{GMT}	INFO	[jepsen test runner] jepsen.core: Relative time begins now
2026-03-16 21:27:50,570{GMT}	INFO	[jepsen worker 6] jepsen.util: 6	:invoke	:cas	[1 [2 4]]
2026-03-16 21:27:50,615{GMT}	INFO	[jepsen worker 7] jepsen.util: 7	:invoke	:cas	[1 [4 0]]
2026-03-16 21:27:50,627{GMT}	INFO	[jepsen worker 6] jepsen.util: 6	:fail	:cas	[1 [2 4]]	[:precondition-failed "cas precondition failed"]
2026-03-16 21:27:50,627{GMT}	INFO	[jepsen worker 7] jepsen.util: 7	:fail	:cas	[1 [4 0]]	[:precondition-failed "cas precondition failed"]
2026-03-16 21:27:50,642{GMT}	INFO	[jepsen worker 3] jepsen.util: 3	:invoke	:cas	[0 [2 4]]
2026-03-16 21:27:50,647{GMT}	INFO	[jepsen worker 3] jepsen.util: 3	:fail	:cas	[0 [2 4]]	[:precondition-failed "cas precondition failed"]
2026-03-16 21:27:50,682{GMT}	INFO	[jepsen worker 6] jepsen.util: 6	:invoke	:cas	[1 [4 4]]
2026-03-16 21:27:50,687{GMT}	INFO	[jepsen worker 6] jepsen.util: 6	:fail	:cas	[1 [4 4]]	[:precondition-failed "cas precondition failed"]
2026-03-16 21:27:50,759{GMT}	INFO	[jepsen worker 6] jepsen.util: 6	:invoke	:cas	[1 [2 2]]
2026-03-16 21:27:50,764{GMT}	INFO	[jepsen worker 6] jepsen.util: 6	:fail	:cas	[1 [2 2]]	[:precondition-failed "cas precondition failed"]
2026-03-16 21:27:50,844{GMT}	INFO	[jepsen worker 6] jepsen.util: 6	:invoke	:cas	[1 [3 2]]
2026-03-16 21:27:50,850{GMT}	INFO	[jepsen worker 6] jepsen.util: 6	:fail	:cas	[1 [3 2]]	[:precondition-failed "cas precondition failed"]
2026-03-16 21:27:50,879{GMT}	INFO	[jepsen worker 0] jepsen.util: 0	:invoke	:read	[0 nil]
2026-03-16 21:27:50,886{GMT}	INFO	[jepsen worker 0] jepsen.util: 0	:fail	:read	[0 nil]	[:key-does-not-exist "key not found"]
2026-03-16 21:27:50,947{GMT}	INFO	[jepsen worker 3] jepsen.util: 3	:invoke	:cas	[0 [4 0]]
2026-03-16 21:27:50,951{GMT}	INFO	[jepsen worker 3] jepsen.util: 3	:fail	:cas	[0 [4 0]]	[:precondition-failed "cas precondition failed"]
2026-03-16 21:27:51,011{GMT}	INFO	[jepsen worker 8] jepsen.util: 8	:invoke	:cas	[1 [3 4]]
2026-03-16 21:27:51,016{GMT}	INFO	[jepsen worker 8] jepsen.util: 8	:fail	:cas	[1 [3 4]]	[:precondition-failed "cas precondition failed"]
2026-03-16 21:27:51,113{GMT}	INFO	[jepsen worker 3] jepsen.util: 3	:invoke	:cas	[0 [3 1]]
2026-03-16 21:27:51,119{GMT}	INFO	[jepsen worker 3] jepsen.util: 3	:fail	:cas	[0 [3 1]]	[:precondition-failed "cas precondition failed"]
2026-03-16 21:27:51,168{GMT}	INFO	[jepsen worker 10] jepsen.util: 10	:invoke	:cas	[1 [3 3]]
2026-03-16 21:27:51,181{GMT}	INFO	[jepsen worker 10] jepsen.util: 10	:fail	:cas	[1 [3 3]]	[:precondition-failed "cas precondition failed"]
2026-03-16 21:27:51,183{GMT}	INFO	[jepsen worker 11] jepsen.util: 11	:invoke	:cas	[1 [1 0]]
2026-03-16 21:27:51,190{GMT}	INFO	[jepsen worker 11] jepsen.util: 11	:fail	:cas	[1 [1 0]]	[:precondition-failed "cas precondition failed"]
2026-03-16 21:27:51,250{GMT}	INFO	[jepsen worker 3] jepsen.util: 3	:invoke	:cas	[0 [1 0]]
2026-03-16 21:27:51,257{GMT}	INFO	[jepsen worker 3] jepsen.util: 3	:fail	:cas	[0 [1 0]]	[:precondition-failed "cas precondition failed"]
2026-03-16 21:27:51,272{GMT}	INFO	[jepsen worker 6] jepsen.util: 6	:invoke	:cas	[1 [2 1]]
2026-03-16 21:27:51,279{GMT}	INFO	[jepsen worker 6] jepsen.util: 6	:fail	:cas	[1 [2 1]]	[:precondition-failed "cas precondition failed"]
2026-03-16 21:27:51,333{GMT}	INFO	[jepsen worker 3] jepsen.util: 3	:invoke	:write	[0 4]
2026-03-16 21:27:51,352{GMT}	INFO	[jepsen worker 3] jepsen.util: 3	:ok	:write	[0 4]
2026-03-16 21:27:51,432{GMT}	INFO	[jepsen worker 6] jepsen.util: 6	:invoke	:cas	[1 [2 2]]
2026-03-16 21:27:51,447{GMT}	INFO	[jepsen worker 3] jepsen.util: 3	:invoke	:cas	[0 [1 3]]
2026-03-16 21:27:51,455{GMT}	INFO	[jepsen worker 6] jepsen.util: 6	:fail	:cas	[1 [2 2]]	[:precondition-failed "cas precondition failed"]
2026-03-16 21:27:51,459{GMT}	INFO	[jepsen worker 3] jepsen.util: 3	:fail	:cas	[0 [1 3]]	[:precondition-failed "cas precondition failed"]
2026-03-16 21:27:51,464{GMT}	INFO	[jepsen worker 6] jepsen.util: 6	:invoke	:write	[1 0]
2026-03-16 21:27:51,472{GMT}	INFO	[jepsen worker 6] jepsen.util: 6	:ok	:write	[1 0]
2026-03-16 21:27:51,497{GMT}	INFO	[jepsen worker 5] jepsen.util: 5	:invoke	:cas	[0 [0 1]]
2026-03-16 21:27:51,502{GMT}	INFO	[jepsen worker 5] jepsen.util: 5	:fail	:cas	[0 [0 1]]	[:precondition-failed "cas precondition failed"]
2026-03-16 21:27:51,552{GMT}	INFO	[jepsen worker 3] jepsen.util: 3	:invoke	:write	[0 3]
2026-03-16 21:27:51,559{GMT}	INFO	[jepsen worker 3] jepsen.util: 3	:ok	:write	[0 3]
2026-03-16 21:27:51,560{GMT}	INFO	[jepsen worker 7] jepsen.util: 7	:invoke	:cas	[1 [4 1]]
2026-03-16 21:27:51,562{GMT}	INFO	[jepsen worker 7] jepsen.util: 7	:fail	:cas	[1 [4 1]]	[:precondition-failed "cas precondition failed"]
2026-03-16 21:27:51,566{GMT}	INFO	[jepsen worker 8] jepsen.util: 8	:invoke	:write	[1 1]
2026-03-16 21:27:51,573{GMT}	INFO	[jepsen worker 8] jepsen.util: 8	:ok	:write	[1 1]
2026-03-16 21:27:51,619{GMT}	INFO	[jepsen worker 0] jepsen.util: 0	:invoke	:read	[0 nil]
2026-03-16 21:27:51,622{GMT}	INFO	[jepsen worker 0] jepsen.util: 0	:ok	:read	[0 3]
2026-03-16 21:27:51,661{GMT}	INFO	[jepsen worker 10] jepsen.util: 10	:invoke	:cas	[1 [2 1]]
2026-03-16 21:27:51,665{GMT}	INFO	[jepsen worker 10] jepsen.util: 10	:fail	:cas	[1 [2 1]]	[:precondition-failed "cas precondition failed"]
2026-03-16 21:27:51,668{GMT}	INFO	[jepsen worker 11] jepsen.util: 11	:invoke	:cas	[1 [1 2]]
2026-03-16 21:27:51,675{GMT}	INFO	[jepsen worker 11] jepsen.util: 11	:ok	:cas	[1 [1 2]]
2026-03-16 21:27:51,754{GMT}	INFO	[jepsen worker 0] jepsen.util: 0	:invoke	:read	[0 nil]
2026-03-16 21:27:51,758{GMT}	INFO	[jepsen worker 0] jepsen.util: 0	:ok	:read	[0 3]
2026-03-16 21:27:51,782{GMT}	INFO	[jepsen worker 6] jepsen.util: 6	:invoke	:write	[1 4]
2026-03-16 21:27:51,789{GMT}	INFO	[jepsen worker 6] jepsen.util: 6	:ok	:write	[1 4]
2026-03-16 21:27:51,801{GMT}	INFO	[jepsen worker 3] jepsen.util: 3	:invoke	:cas	[0 [4 0]]
2026-03-16 21:27:51,806{GMT}	INFO	[jepsen worker 3] jepsen.util: 3	:fail	:cas	[0 [4 0]]	[:precondition-failed "cas precondition failed"]
2026-03-16 21:27:51,857{GMT}	INFO	[jepsen worker 6] jepsen.util: 6	:invoke	:cas	[1 [0 4]]
2026-03-16 21:27:51,864{GMT}	INFO	[jepsen worker 6] jepsen.util: 6	:fail	:cas	[1 [0 4]]	[:precondition-failed "cas precondition failed"]
2026-03-16 21:27:51,944{GMT}	INFO	[jepsen worker 0] jepsen.util: 0	:invoke	:read	[0 nil]
2026-03-16 21:27:51,964{GMT}	INFO	[jepsen worker 0] jepsen.util: 0	:ok	:read	[0 3]
2026-03-16 21:27:52,007{GMT}	INFO	[jepsen worker 6] jepsen.util: 6	:invoke	:write	[1 4]
2026-03-16 21:27:52,017{GMT}	INFO	[jepsen worker 6] jepsen.util: 6	:ok	:write	[1 4]
2026-03-16 21:27:52,050{GMT}	INFO	[jepsen worker 6] jepsen.util: 6	:invoke	:cas	[1 [4 1]]
2026-03-16 21:27:52,062{GMT}	INFO	[jepsen worker 6] jepsen.util: 6	:ok	:cas	[1 [4 1]]
2026-03-16 21:27:52,113{GMT}	INFO	[jepsen worker 0] jepsen.util: 0	:invoke	:read	[0 nil]
2026-03-16 21:27:52,120{GMT}	INFO	[jepsen worker 0] jepsen.util: 0	:ok	:read	[0 3]
2026-03-16 21:27:52,136{GMT}	INFO	[jepsen worker 0] jepsen.util: 0	:invoke	:read	[0 nil]
2026-03-16 21:27:52,141{GMT}	INFO	[jepsen worker 0] jepsen.util: 0	:ok	:read	[0 3]
2026-03-16 21:27:52,167{GMT}	INFO	[jepsen worker 0] jepsen.util: 0	:invoke	:read	[0 nil]
2026-03-16 21:27:52,173{GMT}	INFO	[jepsen worker 0] jepsen.util: 0	:ok	:read	[0 3]
2026-03-16 21:27:52,248{GMT}	INFO	[jepsen worker 9] jepsen.util: 9	:invoke	:cas	[1 [4 0]]
2026-03-16 21:27:52,257{GMT}	INFO	[jepsen worker 9] jepsen.util: 9	:fail	:cas	[1 [4 0]]	[:precondition-failed "cas precondition failed"]
2026-03-16 21:27:52,333{GMT}	INFO	[jepsen worker 3] jepsen.util: 3	:invoke	:write	[0 4]
2026-03-16 21:27:52,345{GMT}	INFO	[jepsen worker 3] jepsen.util: 3	:ok	:write	[0 4]
2026-03-16 21:27:52,394{GMT}	INFO	[jepsen worker 11] jepsen.util: 11	:invoke	:write	[1 3]
2026-03-16 21:27:52,405{GMT}	INFO	[jepsen worker 11] jepsen.util: 11	:ok	:write	[1 3]
2026-03-16 21:27:52,414{GMT}	INFO	[jepsen worker 3] jepsen.util: 3	:invoke	:cas	[0 [3 1]]
2026-03-16 21:27:52,419{GMT}	INFO	[jepsen worker 3] jepsen.util: 3	:fail	:cas	[0 [3 1]]	[:precondition-failed "cas precondition failed"]
2026-03-16 21:27:52,450{GMT}	INFO	[jepsen worker 6] jepsen.util: 6	:invoke	:cas	[1 [1 0]]
2026-03-16 21:27:52,454{GMT}	INFO	[jepsen worker 6] jepsen.util: 6	:fail	:cas	[1 [1 0]]	[:precondition-failed "cas precondition failed"]
2026-03-16 21:27:52,457{GMT}	INFO	[jepsen worker 6] jepsen.util: 6	:invoke	:cas	[1 [1 4]]
2026-03-16 21:27:52,462{GMT}	INFO	[jepsen worker 6] jepsen.util: 6	:fail	:cas	[1 [1 4]]	[:precondition-failed "cas precondition failed"]
2026-03-16 21:27:52,553{GMT}	INFO	[jepsen worker 6] jepsen.util: 6	:invoke	:cas	[1 [1 3]]
2026-03-16 21:27:52,560{GMT}	INFO	[jepsen worker 6] jepsen.util: 6	:fail	:cas	[1 [1 3]]	[:precondition-failed "cas precondition failed"]
2026-03-16 21:27:52,565{GMT}	INFO	[jepsen worker 3] jepsen.util: 3	:invoke	:write	[0 4]
2026-03-16 21:27:52,575{GMT}	INFO	[jepsen worker 3] jepsen.util: 3	:ok	:write	[0 4]
2026-03-16 21:27:52,632{GMT}	INFO	[jepsen worker 0] jepsen.util: 0	:invoke	:read	[0 nil]
2026-03-16 21:27:52,641{GMT}	INFO	[jepsen worker 0] jepsen.util: 0	:ok	:read	[0 4]
2026-03-16 21:27:52,691{GMT}	INFO	[jepsen worker 5] jepsen.util: 5	:invoke	:cas	[0 [4 1]]
2026-03-16 21:27:52,700{GMT}	INFO	[jepsen worker 5] jepsen.util: 5	:ok	:cas	[0 [4 1]]
2026-03-16 21:27:52,745{GMT}	INFO	[jepsen worker 6] jepsen.util: 6	:invoke	:cas	[1 [0 2]]
2026-03-16 21:27:52,752{GMT}	INFO	[jepsen worker 6] jepsen.util: 6	:fail	:cas	[1 [0 2]]	[:precondition-failed "cas precondition failed"]
2026-03-16 21:27:52,838{GMT}	INFO	[jepsen worker 7] jepsen.util: 7	:invoke	:cas	[1 [0 1]]
2026-03-16 21:27:52,845{GMT}	INFO	[jepsen worker 7] jepsen.util: 7	:fail	:cas	[1 [0 1]]	[:precondition-failed "cas precondition failed"]
2026-03-16 21:27:52,936{GMT}	INFO	[jepsen worker 8] jepsen.util: 8	:invoke	:cas	[1 [2 3]]
2026-03-16 21:27:52,945{GMT}	INFO	[jepsen worker 8] jepsen.util: 8	:fail	:cas	[1 [2 3]]	[:precondition-failed "cas precondition failed"]
2026-03-16 21:27:53,013{GMT}	INFO	[jepsen worker 9] jepsen.util: 9	:invoke	:cas	[1 [0 2]]
2026-03-16 21:27:53,021{GMT}	INFO	[jepsen worker 9] jepsen.util: 9	:fail	:cas	[1 [0 2]]	[:precondition-failed "cas precondition failed"]
2026-03-16 21:27:53,059{GMT}	INFO	[jepsen worker 10] jepsen.util: 10	:invoke	:cas	[1 [4 4]]
2026-03-16 21:27:53,065{GMT}	INFO	[jepsen worker 10] jepsen.util: 10	:fail	:cas	[1 [4 4]]	[:precondition-failed "cas precondition failed"]
2026-03-16 21:27:53,144{GMT}	INFO	[jepsen worker 11] jepsen.util: 11	:invoke	:cas	[1 [3 3]]
2026-03-16 21:27:53,162{GMT}	INFO	[jepsen worker 11] jepsen.util: 11	:ok	:cas	[1 [3 3]]
2026-03-16 21:27:53,204{GMT}	INFO	[jepsen worker 6] jepsen.util: 6	:invoke	:cas	[1 [4 4]]
2026-03-16 21:27:53,210{GMT}	INFO	[jepsen worker 6] jepsen.util: 6	:fail	:cas	[1 [4 4]]	[:precondition-failed "cas precondition failed"]
2026-03-16 21:27:53,271{GMT}	INFO	[jepsen worker 6] jepsen.util: 6	:invoke	:cas	[1 [4 2]]
2026-03-16 21:27:53,277{GMT}	INFO	[jepsen worker 6] jepsen.util: 6	:fail	:cas	[1 [4 2]]	[:precondition-failed "cas precondition failed"]
2026-03-16 21:27:53,344{GMT}	INFO	[jepsen worker 6] jepsen.util: 6	:invoke	:cas	[1 [0 0]]
2026-03-16 21:27:53,349{GMT}	INFO	[jepsen worker 6] jepsen.util: 6	:fail	:cas	[1 [0 0]]	[:precondition-failed "cas precondition failed"]
2026-03-16 21:27:53,423{GMT}	INFO	[jepsen worker 2] jepsen.util: 2	:invoke	:read	[0 nil]
2026-03-16 21:27:53,428{GMT}	INFO	[jepsen worker 2] jepsen.util: 2	:ok	:read	[0 1]
2026-03-16 21:27:53,496{GMT}	INFO	[jepsen worker 6] jepsen.util: 6	:invoke	:cas	[1 [2 3]]
2026-03-16 21:27:53,501{GMT}	INFO	[jepsen worker 6] jepsen.util: 6	:fail	:cas	[1 [2 3]]	[:precondition-failed "cas precondition failed"]
2026-03-16 21:27:53,501{GMT}	INFO	[jepsen worker 0] jepsen.util: 0	:invoke	:read	[0 nil]
2026-03-16 21:27:53,505{GMT}	INFO	[jepsen worker 0] jepsen.util: 0	:ok	:read	[0 1]
2026-03-16 21:27:53,599{GMT}	INFO	[jepsen worker 0] jepsen.util: 0	:invoke	:read	[0 nil]
2026-03-16 21:27:53,605{GMT}	INFO	[jepsen worker 0] jepsen.util: 0	:ok	:read	[0 1]
2026-03-16 21:27:53,667{GMT}	INFO	[jepsen worker 0] jepsen.util: 0	:invoke	:read	[0 nil]
2026-03-16 21:27:53,672{GMT}	INFO	[jepsen worker 0] jepsen.util: 0	:ok	:read	[0 1]
2026-03-16 21:27:53,729{GMT}	INFO	[jepsen worker 3] jepsen.util: 3	:invoke	:write	[0 3]
2026-03-16 21:27:53,742{GMT}	INFO	[jepsen worker 3] jepsen.util: 3	:ok	:write	[0 3]
2026-03-16 21:27:53,771{GMT}	INFO	[jepsen worker 8] jepsen.util: 8	:invoke	:cas	[1 [4 2]]
2026-03-16 21:27:53,778{GMT}	INFO	[jepsen worker 8] jepsen.util: 8	:fail	:cas	[1 [4 2]]	[:precondition-failed "cas precondition failed"]
2026-03-16 21:27:53,843{GMT}	INFO	[jepsen worker 0] jepsen.util: 0	:invoke	:read	[0 nil]
2026-03-16 21:27:53,850{GMT}	INFO	[jepsen worker 0] jepsen.util: 0	:ok	:read	[0 3]
2026-03-16 21:27:53,911{GMT}	INFO	[jepsen worker 3] jepsen.util: 3	:invoke	:cas	[0 [3 3]]
2026-03-16 21:27:53,923{GMT}	INFO	[jepsen worker 3] jepsen.util: 3	:ok	:cas	[0 [3 3]]
2026-03-16 21:27:54,010{GMT}	INFO	[jepsen worker 11] jepsen.util: 11	:invoke	:cas	[1 [3 2]]
2026-03-16 21:27:54,018{GMT}	INFO	[jepsen worker 11] jepsen.util: 11	:ok	:cas	[1 [3 2]]
2026-03-16 21:27:54,041{GMT}	INFO	[jepsen worker 3] jepsen.util: 3	:invoke	:write	[0 4]
2026-03-16 21:27:54,052{GMT}	INFO	[jepsen worker 3] jepsen.util: 3	:ok	:write	[0 4]
2026-03-16 21:27:54,126{GMT}	INFO	[jepsen worker 6] jepsen.util: 6	:invoke	:cas	[1 [3 3]]
2026-03-16 21:27:54,131{GMT}	INFO	[jepsen worker 6] jepsen.util: 6	:fail	:cas	[1 [3 3]]	[:precondition-failed "cas precondition failed"]
2026-03-16 21:27:54,209{GMT}	INFO	[jepsen worker 6] jepsen.util: 6	:invoke	:cas	[1 [0 0]]
2026-03-16 21:27:54,214{GMT}	INFO	[jepsen worker 6] jepsen.util: 6	:fail	:cas	[1 [0 0]]	[:precondition-failed "cas precondition failed"]
2026-03-16 21:27:54,269{GMT}	INFO	[jepsen worker 2] jepsen.util: 2	:invoke	:read	[0 nil]
2026-03-16 21:27:54,275{GMT}	INFO	[jepsen worker 2] jepsen.util: 2	:ok	:read	[0 4]
2026-03-16 21:27:54,350{GMT}	INFO	[jepsen worker 0] jepsen.util: 0	:invoke	:read	[0 nil]
2026-03-16 21:27:54,355{GMT}	INFO	[jepsen worker 0] jepsen.util: 0	:ok	:read	[0 4]
2026-03-16 21:27:54,440{GMT}	INFO	[jepsen worker 6] jepsen.util: 6	:invoke	:cas	[1 [1 4]]
2026-03-16 21:27:54,446{GMT}	INFO	[jepsen worker 6] jepsen.util: 6	:fail	:cas	[1 [1 4]]	[:precondition-failed "cas precondition failed"]
2026-03-16 21:27:54,492{GMT}	INFO	[jepsen worker 0] jepsen.util: 0	:invoke	:read	[0 nil]
2026-03-16 21:27:54,497{GMT}	INFO	[jepsen worker 0] jepsen.util: 0	:ok	:read	[0 4]
2026-03-16 21:27:54,539{GMT}	INFO	[jepsen worker 0] jepsen.util: 0	:invoke	:read	[0 nil]
2026-03-16 21:27:54,544{GMT}	INFO	[jepsen worker 0] jepsen.util: 0	:ok	:read	[0 4]
2026-03-16 21:27:54,568{GMT}	INFO	[jepsen worker 3] jepsen.util: 3	:invoke	:cas	[0 [2 1]]
2026-03-16 21:27:54,573{GMT}	INFO	[jepsen worker 3] jepsen.util: 3	:fail	:cas	[0 [2 1]]	[:precondition-failed "cas precondition failed"]
2026-03-16 21:27:54,653{GMT}	INFO	[jepsen worker 0] jepsen.util: 0	:invoke	:read	[0 nil]
2026-03-16 21:27:54,658{GMT}	INFO	[jepsen worker 0] jepsen.util: 0	:ok	:read	[0 4]
2026-03-16 21:27:54,681{GMT}	INFO	[jepsen worker 9] jepsen.util: 9	:invoke	:write	[1 1]
2026-03-16 21:27:54,690{GMT}	INFO	[jepsen worker 10] jepsen.util: 10	:invoke	:cas	[1 [1 4]]
2026-03-16 21:27:54,691{GMT}	INFO	[jepsen worker 9] jepsen.util: 9	:ok	:write	[1 1]
2026-03-16 21:27:54,699{GMT}	INFO	[jepsen worker 10] jepsen.util: 10	:ok	:cas	[1 [1 4]]
2026-03-16 21:27:54,741{GMT}	INFO	[jepsen worker 0] jepsen.util: 0	:invoke	:read	[0 nil]
2026-03-16 21:27:54,749{GMT}	INFO	[jepsen worker 0] jepsen.util: 0	:ok	:read	[0 4]
2026-03-16 21:27:54,771{GMT}	INFO	[jepsen worker 6] jepsen.util: 6	:invoke	:write	[1 0]
2026-03-16 21:27:54,780{GMT}	INFO	[jepsen worker 6] jepsen.util: 6	:ok	:write	[1 0]
2026-03-16 21:27:54,817{GMT}	INFO	[jepsen worker 6] jepsen.util: 6	:invoke	:cas	[1 [0 4]]
2026-03-16 21:27:54,824{GMT}	INFO	[jepsen worker 6] jepsen.util: 6	:ok	:cas	[1 [0 4]]
2026-03-16 21:27:54,861{GMT}	INFO	[jepsen worker 6] jepsen.util: 6	:invoke	:cas	[1 [3 4]]
2026-03-16 21:27:54,867{GMT}	INFO	[jepsen worker 6] jepsen.util: 6	:fail	:cas	[1 [3 4]]	[:precondition-failed "cas precondition failed"]
2026-03-16 21:27:54,924{GMT}	INFO	[jepsen worker 6] jepsen.util: 6	:invoke	:cas	[1 [1 2]]
2026-03-16 21:27:54,929{GMT}	INFO	[jepsen worker 6] jepsen.util: 6	:fail	:cas	[1 [1 2]]	[:precondition-failed "cas precondition failed"]
2026-03-16 21:27:55,026{GMT}	INFO	[jepsen worker 3] jepsen.util: 3	:invoke	:write	[0 0]
2026-03-16 21:27:55,036{GMT}	INFO	[jepsen worker 3] jepsen.util: 3	:ok	:write	[0 0]
2026-03-16 21:27:55,117{GMT}	INFO	[jepsen worker 6] jepsen.util: 6	:invoke	:write	[1 2]
2026-03-16 21:27:55,126{GMT}	INFO	[jepsen worker 6] jepsen.util: 6	:ok	:write	[1 2]
2026-03-16 21:27:55,188{GMT}	INFO	[jepsen worker 6] jepsen.util: 6	:invoke	:cas	[1 [4 2]]
2026-03-16 21:27:55,194{GMT}	INFO	[jepsen worker 6] jepsen.util: 6	:fail	:cas	[1 [4 2]]	[:precondition-failed "cas precondition failed"]
2026-03-16 21:27:55,198{GMT}	INFO	[jepsen worker 3] jepsen.util: 3	:invoke	:write	[0 4]
2026-03-16 21:27:55,207{GMT}	INFO	[jepsen worker 3] jepsen.util: 3	:ok	:write	[0 4]
2026-03-16 21:27:55,220{GMT}	INFO	[jepsen worker 0] jepsen.util: 0	:invoke	:read	[0 nil]
2026-03-16 21:27:55,224{GMT}	INFO	[jepsen worker 0] jepsen.util: 0	:ok	:read	[0 4]
2026-03-16 21:27:55,241{GMT}	INFO	[jepsen worker 8] jepsen.util: 8	:invoke	:cas	[1 [3 4]]
2026-03-16 21:27:55,245{GMT}	INFO	[jepsen worker 8] jepsen.util: 8	:fail	:cas	[1 [3 4]]	[:precondition-failed "cas precondition failed"]
2026-03-16 21:27:55,310{GMT}	INFO	[jepsen worker 3] jepsen.util: 3	:invoke	:cas	[0 [1 3]]
2026-03-16 21:27:55,314{GMT}	INFO	[jepsen worker 3] jepsen.util: 3	:fail	:cas	[0 [1 3]]	[:precondition-failed "cas precondition failed"]
2026-03-16 21:27:55,355{GMT}	INFO	[jepsen worker 10] jepsen.util: 10	:invoke	:cas	[1 [4 3]]
2026-03-16 21:27:55,358{GMT}	INFO	[jepsen worker 10] jepsen.util: 10	:fail	:cas	[1 [4 3]]	[:precondition-failed "cas precondition failed"]
2026-03-16 21:27:55,435{GMT}	INFO	[jepsen worker 3] jepsen.util: 3	:invoke	:cas	[0 [1 4]]
2026-03-16 21:27:55,439{GMT}	INFO	[jepsen worker 3] jepsen.util: 3	:fail	:cas	[0 [1 4]]	[:precondition-failed "cas precondition failed"]
2026-03-16 21:27:55,504{GMT}	INFO	[jepsen worker 6] jepsen.util: 6	:invoke	:cas	[1 [3 0]]
2026-03-16 21:27:55,510{GMT}	INFO	[jepsen worker 6] jepsen.util: 6	:fail	:cas	[1 [3 0]]	[:precondition-failed "cas precondition failed"]
2026-03-16 21:27:55,541{GMT}	INFO	[jepsen worker 6] jepsen.util: 6	:invoke	:cas	[1 [2 4]]
2026-03-16 21:27:55,547{GMT}	INFO	[jepsen worker 7] jepsen.util: 7	:invoke	:write	[1 0]
2026-03-16 21:27:55,549{GMT}	INFO	[jepsen worker 6] jepsen.util: 6	:ok	:cas	[1 [2 4]]
2026-03-16 21:27:55,553{GMT}	INFO	[jepsen worker 7] jepsen.util: 7	:ok	:write	[1 0]
2026-03-16 21:27:55,609{GMT}	INFO	[jepsen worker 2] jepsen.util: 2	:invoke	:read	[0 nil]
2026-03-16 21:27:55,614{GMT}	INFO	[jepsen worker 2] jepsen.util: 2	:ok	:read	[0 4]
2026-03-16 21:27:55,650{GMT}	INFO	[jepsen worker 6] jepsen.util: 6	:invoke	:write	[1 2]
2026-03-16 21:27:55,657{GMT}	INFO	[jepsen worker 6] jepsen.util: 6	:ok	:write	[1 2]
2026-03-16 21:27:55,697{GMT}	INFO	[jepsen worker 0] jepsen.util: 0	:invoke	:read	[0 nil]
2026-03-16 21:27:55,703{GMT}	INFO	[jepsen worker 0] jepsen.util: 0	:ok	:read	[0 4]
2026-03-16 21:27:55,750{GMT}	INFO	[jepsen worker 0] jepsen.util: 0	:invoke	:read	[0 nil]
2026-03-16 21:27:55,755{GMT}	INFO	[jepsen worker 0] jepsen.util: 0	:ok	:read	[0 4]
2026-03-16 21:27:55,851{GMT}	INFO	[jepsen worker 6] jepsen.util: 6	:invoke	:cas	[1 [3 1]]
2026-03-16 21:27:55,858{GMT}	INFO	[jepsen worker 6] jepsen.util: 6	:fail	:cas	[1 [3 1]]	[:precondition-failed "cas precondition failed"]
2026-03-16 21:27:55,899{GMT}	INFO	[jepsen worker 0] jepsen.util: 0	:invoke	:read	[0 nil]
2026-03-16 21:27:55,900{GMT}	INFO	[jepsen worker 1] jepsen.util: 1	:invoke	:read	[0 nil]
2026-03-16 21:27:55,904{GMT}	INFO	[jepsen worker 0] jepsen.util: 0	:ok	:read	[0 4]
2026-03-16 21:27:55,905{GMT}	INFO	[jepsen worker 1] jepsen.util: 1	:ok	:read	[0 4]
2026-03-16 21:27:55,992{GMT}	INFO	[jepsen worker 9] jepsen.util: 9	:invoke	:write	[1 4]
2026-03-16 21:27:56,001{GMT}	INFO	[jepsen worker 9] jepsen.util: 9	:ok	:write	[1 4]
2026-03-16 21:27:56,086{GMT}	INFO	[jepsen worker 3] jepsen.util: 3	:invoke	:cas	[0 [3 1]]
2026-03-16 21:27:56,092{GMT}	INFO	[jepsen worker 3] jepsen.util: 3	:fail	:cas	[0 [3 1]]	[:precondition-failed "cas precondition failed"]
2026-03-16 21:27:56,177{GMT}	INFO	[jepsen worker 0] jepsen.util: 0	:invoke	:read	[0 nil]
2026-03-16 21:27:56,182{GMT}	INFO	[jepsen worker 0] jepsen.util: 0	:ok	:read	[0 4]
2026-03-16 21:27:56,250{GMT}	INFO	[jepsen worker 3] jepsen.util: 3	:invoke	:cas	[0 [2 3]]
2026-03-16 21:27:56,257{GMT}	INFO	[jepsen worker 3] jepsen.util: 3	:fail	:cas	[0 [2 3]]	[:precondition-failed "cas precondition failed"]
2026-03-16 21:27:56,352{GMT}	INFO	[jepsen worker 0] jepsen.util: 0	:invoke	:read	[0 nil]
2026-03-16 21:27:56,404{GMT}	INFO	[jepsen worker 0] jepsen.util: 0	:ok	:read	[0 4]
2026-03-16 21:27:56,454{GMT}	INFO	[jepsen worker 6] jepsen.util: 6	:invoke	:write	[1 1]
2026-03-16 21:27:56,499{GMT}	INFO	[jepsen worker 6] jepsen.util: 6	:ok	:write	[1 1]
2026-03-16 21:27:56,515{GMT}	INFO	[jepsen worker 2] jepsen.util: 2	:invoke	:read	[0 nil]
2026-03-16 21:27:56,519{GMT}	INFO	[jepsen worker 2] jepsen.util: 2	:ok	:read	[0 4]
2026-03-16 21:27:56,530{GMT}	INFO	[jepsen worker 3] jepsen.util: 3	:invoke	:write	[0 2]
2026-03-16 21:27:56,539{GMT}	INFO	[jepsen worker 3] jepsen.util: 3	:ok	:write	[0 2]
2026-03-16 21:27:56,575{GMT}	INFO	[jepsen worker 0] jepsen.util: 0	:invoke	:read	[0 nil]
2026-03-16 21:27:56,583{GMT}	INFO	[jepsen worker 0] jepsen.util: 0	:ok	:read	[0 2]
2026-03-16 21:27:56,591{GMT}	INFO	[jepsen worker 5] jepsen.util: 5	:invoke	:write	[0 3]
2026-03-16 21:27:56,602{GMT}	INFO	[jepsen worker 5] jepsen.util: 5	:ok	:write	[0 3]
2026-03-16 21:27:56,605{GMT}	INFO	[jepsen worker 0] jepsen.util: 0	:invoke	:read	[0 nil]
2026-03-16 21:27:56,613{GMT}	INFO	[jepsen worker 0] jepsen.util: 0	:ok	:read	[0 3]
2026-03-16 21:27:56,675{GMT}	INFO	[jepsen worker 7] jepsen.util: 7	:invoke	:cas	[1 [0 4]]
2026-03-16 21:27:56,683{GMT}	INFO	[jepsen worker 7] jepsen.util: 7	:fail	:cas	[1 [0 4]]	[:precondition-failed "cas precondition failed"]
2026-03-16 21:27:56,699{GMT}	INFO	[jepsen worker 0] jepsen.util: 0	:invoke	:read	[0 nil]
2026-03-16 21:27:56,704{GMT}	INFO	[jepsen worker 0] jepsen.util: 0	:ok	:read	[0 3]
2026-03-16 21:27:56,799{GMT}	INFO	[jepsen worker 9] jepsen.util: 9	:invoke	:cas	[1 [0 0]]
2026-03-16 21:27:56,808{GMT}	INFO	[jepsen worker 9] jepsen.util: 9	:fail	:cas	[1 [0 0]]	[:precondition-failed "cas precondition failed"]
2026-03-16 21:27:56,876{GMT}	INFO	[jepsen worker 10] jepsen.util: 10	:invoke	:cas	[1 [1 0]]
2026-03-16 21:27:56,885{GMT}	INFO	[jepsen worker 10] jepsen.util: 10	:ok	:cas	[1 [1 0]]
2026-03-16 21:27:56,963{GMT}	INFO	[jepsen worker 11] jepsen.util: 11	:invoke	:cas	[1 [3 4]]
2026-03-16 21:27:56,969{GMT}	INFO	[jepsen worker 11] jepsen.util: 11	:fail	:cas	[1 [3 4]]	[:precondition-failed "cas precondition failed"]
2026-03-16 21:27:57,027{GMT}	INFO	[jepsen worker 3] jepsen.util: 3	:invoke	:write	[0 4]
2026-03-16 21:27:57,036{GMT}	INFO	[jepsen worker 3] jepsen.util: 3	:ok	:write	[0 4]
2026-03-16 21:27:57,043{GMT}	INFO	[jepsen worker 6] jepsen.util: 6	:invoke	:cas	[1 [3 3]]
2026-03-16 21:27:57,048{GMT}	INFO	[jepsen worker 6] jepsen.util: 6	:fail	:cas	[1 [3 3]]	[:precondition-failed "cas precondition failed"]
2026-03-16 21:27:57,071{GMT}	INFO	[jepsen worker 6] jepsen.util: 6	:invoke	:write	[1 1]
2026-03-16 21:27:57,080{GMT}	INFO	[jepsen worker 6] jepsen.util: 6	:ok	:write	[1 1]
2026-03-16 21:27:57,109{GMT}	INFO	[jepsen worker 3] jepsen.util: 3	:invoke	:cas	[0 [3 0]]
2026-03-16 21:27:57,114{GMT}	INFO	[jepsen worker 3] jepsen.util: 3	:fail	:cas	[0 [3 0]]	[:precondition-failed "cas precondition failed"]
2026-03-16 21:27:57,194{GMT}	INFO	[jepsen worker 6] jepsen.util: 6	:invoke	:cas	[1 [4 3]]
2026-03-16 21:27:57,199{GMT}	INFO	[jepsen worker 6] jepsen.util: 6	:fail	:cas	[1 [4 3]]	[:precondition-failed "cas precondition failed"]
2026-03-16 21:27:57,205{GMT}	INFO	[jepsen worker 6] jepsen.util: 6	:invoke	:cas	[1 [0 2]]
2026-03-16 21:27:57,211{GMT}	INFO	[jepsen worker 6] jepsen.util: 6	:fail	:cas	[1 [0 2]]	[:precondition-failed "cas precondition failed"]
2026-03-16 21:27:57,289{GMT}	INFO	[jepsen worker 6] jepsen.util: 6	:invoke	:cas	[1 [4 3]]
2026-03-16 21:27:57,294{GMT}	INFO	[jepsen worker 6] jepsen.util: 6	:fail	:cas	[1 [4 3]]	[:precondition-failed "cas precondition failed"]
2026-03-16 21:27:57,294{GMT}	INFO	[jepsen worker 0] jepsen.util: 0	:invoke	:read	[0 nil]
2026-03-16 21:27:57,298{GMT}	INFO	[jepsen worker 0] jepsen.util: 0	:ok	:read	[0 4]
2026-03-16 21:27:57,368{GMT}	INFO	[jepsen worker 7] jepsen.util: 7	:invoke	:cas	[1 [1 2]]
2026-03-16 21:27:57,379{GMT}	INFO	[jepsen worker 7] jepsen.util: 7	:ok	:cas	[1 [1 2]]
2026-03-16 21:27:57,381{GMT}	INFO	[jepsen worker 8] jepsen.util: 8	:invoke	:cas	[1 [0 0]]
2026-03-16 21:27:57,385{GMT}	INFO	[jepsen worker 8] jepsen.util: 8	:fail	:cas	[1 [0 0]]	[:precondition-failed "cas precondition failed"]
2026-03-16 21:27:57,402{GMT}	INFO	[jepsen worker 9] jepsen.util: 9	:invoke	:cas	[1 [3 1]]
2026-03-16 21:27:57,404{GMT}	INFO	[jepsen worker 9] jepsen.util: 9	:fail	:cas	[1 [3 1]]	[:precondition-failed "cas precondition failed"]
2026-03-16 21:27:57,456{GMT}	INFO	[jepsen worker 10] jepsen.util: 10	:invoke	:cas	[1 [2 4]]
2026-03-16 21:27:57,466{GMT}	INFO	[jepsen worker 10] jepsen.util: 10	:ok	:cas	[1 [2 4]]
2026-03-16 21:27:57,531{GMT}	INFO	[jepsen worker 11] jepsen.util: 11	:invoke	:cas	[1 [1 3]]
2026-03-16 21:27:57,536{GMT}	INFO	[jepsen worker 11] jepsen.util: 11	:fail	:cas	[1 [1 3]]	[:precondition-failed "cas precondition failed"]
2026-03-16 21:27:57,631{GMT}	INFO	[jepsen worker 6] jepsen.util: 6	:invoke	:cas	[1 [2 0]]
2026-03-16 21:27:57,636{GMT}	INFO	[jepsen worker 6] jepsen.util: 6	:fail	:cas	[1 [2 0]]	[:precondition-failed "cas precondition failed"]
2026-03-16 21:27:57,695{GMT}	INFO	[jepsen worker 0] jepsen.util: 0	:invoke	:read	[0 nil]
2026-03-16 21:27:57,701{GMT}	INFO	[jepsen worker 0] jepsen.util: 0	:ok	:read	[0 4]
2026-03-16 21:27:57,750{GMT}	INFO	[jepsen worker 3] jepsen.util: 3	:invoke	:write	[0 0]
2026-03-16 21:27:57,758{GMT}	INFO	[jepsen worker 3] jepsen.util: 3	:ok	:write	[0 0]
2026-03-16 21:27:57,829{GMT}	INFO	[jepsen worker 3] jepsen.util: 3	:invoke	:cas	[0 [4 0]]
2026-03-16 21:27:57,834{GMT}	INFO	[jepsen worker 3] jepsen.util: 3	:fail	:cas	[0 [4 0]]	[:precondition-failed "cas precondition failed"]
2026-03-16 21:27:57,876{GMT}	INFO	[jepsen worker 0] jepsen.util: 0	:invoke	:read	[0 nil]
2026-03-16 21:27:57,880{GMT}	INFO	[jepsen worker 0] jepsen.util: 0	:ok	:read	[0 0]
2026-03-16 21:27:57,938{GMT}	INFO	[jepsen worker 0] jepsen.util: 0	:invoke	:read	[0 nil]
2026-03-16 21:27:57,941{GMT}	INFO	[jepsen worker 0] jepsen.util: 0	:ok	:read	[0 0]
2026-03-16 21:27:57,970{GMT}	INFO	[jepsen worker 5] jepsen.util: 5	:invoke	:cas	[0 [4 1]]
2026-03-16 21:27:57,974{GMT}	INFO	[jepsen worker 5] jepsen.util: 5	:fail	:cas	[0 [4 1]]	[:precondition-failed "cas precondition failed"]
2026-03-16 21:27:57,975{GMT}	INFO	[jepsen worker 3] jepsen.util: 3	:invoke	:cas	[0 [4 1]]
2026-03-16 21:27:57,979{GMT}	INFO	[jepsen worker 3] jepsen.util: 3	:fail	:cas	[0 [4 1]]	[:precondition-failed "cas precondition failed"]
2026-03-16 21:27:57,999{GMT}	INFO	[jepsen worker 7] jepsen.util: 7	:invoke	:cas	[1 [1 0]]
2026-03-16 21:27:58,004{GMT}	INFO	[jepsen worker 7] jepsen.util: 7	:fail	:cas	[1 [1 0]]	[:precondition-failed "cas precondition failed"]
2026-03-16 21:27:58,037{GMT}	INFO	[jepsen worker 8] jepsen.util: 8	:invoke	:cas	[1 [3 0]]
2026-03-16 21:27:58,040{GMT}	INFO	[jepsen worker 8] jepsen.util: 8	:fail	:cas	[1 [3 0]]	[:precondition-failed "cas precondition failed"]
2026-03-16 21:27:58,048{GMT}	INFO	[jepsen worker 9] jepsen.util: 9	:invoke	:cas	[1 [3 0]]
2026-03-16 21:27:58,053{GMT}	INFO	[jepsen worker 9] jepsen.util: 9	:fail	:cas	[1 [3 0]]	[:precondition-failed "cas precondition failed"]
2026-03-16 21:27:58,151{GMT}	INFO	[jepsen worker 10] jepsen.util: 10	:invoke	:cas	[1 [3 0]]
2026-03-16 21:27:58,155{GMT}	INFO	[jepsen worker 10] jepsen.util: 10	:fail	:cas	[1 [3 0]]	[:precondition-failed "cas precondition failed"]
2026-03-16 21:27:58,171{GMT}	INFO	[jepsen worker 0] jepsen.util: 0	:invoke	:read	[0 nil]
2026-03-16 21:27:58,174{GMT}	INFO	[jepsen worker 0] jepsen.util: 0	:ok	:read	[0 0]
2026-03-16 21:27:58,251{GMT}	INFO	[jepsen worker 6] jepsen.util: 6	:invoke	:write	[1 3]
2026-03-16 21:27:58,258{GMT}	INFO	[jepsen worker 6] jepsen.util: 6	:ok	:write	[1 3]
2026-03-16 21:27:58,269{GMT}	INFO	[jepsen worker 6] jepsen.util: 6	:invoke	:cas	[1 [3 4]]
2026-03-16 21:27:58,275{GMT}	INFO	[jepsen worker 6] jepsen.util: 6	:ok	:cas	[1 [3 4]]
2026-03-16 21:27:58,298{GMT}	INFO	[jepsen worker 6] jepsen.util: 6	:invoke	:cas	[1 [0 2]]
2026-03-16 21:27:58,302{GMT}	INFO	[jepsen worker 6] jepsen.util: 6	:fail	:cas	[1 [0 2]]	[:precondition-failed "cas precondition failed"]
2026-03-16 21:27:58,321{GMT}	INFO	[jepsen worker 2] jepsen.util: 2	:invoke	:read	[0 nil]
2026-03-16 21:27:58,324{GMT}	INFO	[jepsen worker 2] jepsen.util: 2	:ok	:read	[0 0]
2026-03-16 21:27:58,392{GMT}	INFO	[jepsen worker 6] jepsen.util: 6	:invoke	:write	[1 1]
2026-03-16 21:27:58,398{GMT}	INFO	[jepsen worker 6] jepsen.util: 6	:ok	:write	[1 1]
2026-03-16 21:27:58,404{GMT}	INFO	[jepsen worker 6] jepsen.util: 6	:invoke	:cas	[1 [3 4]]
2026-03-16 21:27:58,407{GMT}	INFO	[jepsen worker 6] jepsen.util: 6	:fail	:cas	[1 [3 4]]	[:precondition-failed "cas precondition failed"]
2026-03-16 21:27:58,455{GMT}	INFO	[jepsen worker 6] jepsen.util: 6	:invoke	:cas	[1 [0 3]]
2026-03-16 21:27:58,459{GMT}	INFO	[jepsen worker 6] jepsen.util: 6	:fail	:cas	[1 [0 3]]	[:precondition-failed "cas precondition failed"]
2026-03-16 21:27:58,469{GMT}	INFO	[jepsen worker 6] jepsen.util: 6	:invoke	:write	[1 1]
2026-03-16 21:27:58,475{GMT}	INFO	[jepsen worker 6] jepsen.util: 6	:ok	:write	[1 1]
2026-03-16 21:27:58,526{GMT}	INFO	[jepsen worker 7] jepsen.util: 7	:invoke	:write	[1 3]
2026-03-16 21:27:58,532{GMT}	INFO	[jepsen worker 7] jepsen.util: 7	:ok	:write	[1 3]
2026-03-16 21:27:58,628{GMT}	INFO	[jepsen worker 0] jepsen.util: 0	:invoke	:read	[0 nil]
2026-03-16 21:27:58,634{GMT}	INFO	[jepsen worker 0] jepsen.util: 0	:ok	:read	[0 0]
2026-03-16 21:27:58,720{GMT}	INFO	[jepsen worker 0] jepsen.util: 0	:invoke	:read	[0 nil]
2026-03-16 21:27:58,727{GMT}	INFO	[jepsen worker 0] jepsen.util: 0	:ok	:read	[0 0]
2026-03-16 21:27:58,763{GMT}	INFO	[jepsen worker 3] jepsen.util: 3	:invoke	:cas	[0 [2 1]]
2026-03-16 21:27:58,793{GMT}	INFO	[jepsen worker 3] jepsen.util: 3	:fail	:cas	[0 [2 1]]	[:precondition-failed "cas precondition failed"]
2026-03-16 21:27:58,823{GMT}	INFO	[jepsen worker 11] jepsen.util: 11	:invoke	:cas	[1 [2 2]]
2026-03-16 21:27:58,833{GMT}	INFO	[jepsen worker 11] jepsen.util: 11	:fail	:cas	[1 [2 2]]	[:precondition-failed "cas precondition failed"]
2026-03-16 21:27:58,846{GMT}	INFO	[jepsen worker 6] jepsen.util: 6	:invoke	:cas	[1 [1 3]]
2026-03-16 21:27:58,850{GMT}	INFO	[jepsen worker 6] jepsen.util: 6	:fail	:cas	[1 [1 3]]	[:precondition-failed "cas precondition failed"]
2026-03-16 21:27:58,921{GMT}	INFO	[jepsen worker 3] jepsen.util: 3	:invoke	:cas	[0 [1 2]]
2026-03-16 21:27:58,926{GMT}	INFO	[jepsen worker 3] jepsen.util: 3	:fail	:cas	[0 [1 2]]	[:precondition-failed "cas precondition failed"]
2026-03-16 21:27:58,975{GMT}	INFO	[jepsen worker 6] jepsen.util: 6	:invoke	:cas	[1 [1 2]]
2026-03-16 21:27:58,979{GMT}	INFO	[jepsen worker 6] jepsen.util: 6	:fail	:cas	[1 [1 2]]	[:precondition-failed "cas precondition failed"]
2026-03-16 21:27:58,988{GMT}	INFO	[jepsen worker 6] jepsen.util: 6	:invoke	:cas	[1 [4 4]]
2026-03-16 21:27:58,993{GMT}	INFO	[jepsen worker 6] jepsen.util: 6	:fail	:cas	[1 [4 4]]	[:precondition-failed "cas precondition failed"]
2026-03-16 21:27:59,019{GMT}	INFO	[jepsen worker 6] jepsen.util: 6	:invoke	:cas	[1 [0 0]]
2026-03-16 21:27:59,022{GMT}	INFO	[jepsen worker 6] jepsen.util: 6	:fail	:cas	[1 [0 0]]	[:precondition-failed "cas precondition failed"]
2026-03-16 21:27:59,068{GMT}	INFO	[jepsen worker 4] jepsen.util: 4	:invoke	:cas	[0 [0 2]]
2026-03-16 21:27:59,077{GMT}	INFO	[jepsen worker 4] jepsen.util: 4	:ok	:cas	[0 [0 2]]
2026-03-16 21:27:59,109{GMT}	INFO	[jepsen worker 6] jepsen.util: 6	:invoke	:write	[1 1]
2026-03-16 21:27:59,115{GMT}	INFO	[jepsen worker 6] jepsen.util: 6	:ok	:write	[1 1]
2026-03-16 21:27:59,197{GMT}	INFO	[jepsen worker 0] jepsen.util: 0	:invoke	:read	[0 nil]
2026-03-16 21:27:59,203{GMT}	INFO	[jepsen worker 0] jepsen.util: 0	:ok	:read	[0 2]
2026-03-16 21:27:59,278{GMT}	INFO	[jepsen worker 7] jepsen.util: 7	:invoke	:cas	[1 [1 3]]
2026-03-16 21:27:59,286{GMT}	INFO	[jepsen worker 7] jepsen.util: 7	:ok	:cas	[1 [1 3]]
2026-03-16 21:27:59,362{GMT}	INFO	[jepsen worker 0] jepsen.util: 0	:invoke	:read	[0 nil]
2026-03-16 21:27:59,367{GMT}	INFO	[jepsen worker 0] jepsen.util: 0	:ok	:read	[0 2]
2026-03-16 21:27:59,431{GMT}	INFO	[jepsen worker 9] jepsen.util: 9	:invoke	:cas	[1 [3 3]]
2026-03-16 21:27:59,441{GMT}	INFO	[jepsen worker 9] jepsen.util: 9	:ok	:cas	[1 [3 3]]
2026-03-16 21:27:59,498{GMT}	INFO	[jepsen worker 0] jepsen.util: 0	:invoke	:read	[0 nil]
2026-03-16 21:27:59,504{GMT}	INFO	[jepsen worker 0] jepsen.util: 0	:ok	:read	[0 2]
2026-03-16 21:27:59,576{GMT}	INFO	[jepsen worker 11] jepsen.util: 11	:invoke	:cas	[1 [4 2]]
2026-03-16 21:27:59,582{GMT}	INFO	[jepsen worker 11] jepsen.util: 11	:fail	:cas	[1 [4 2]]	[:precondition-failed "cas precondition failed"]
2026-03-16 21:27:59,662{GMT}	INFO	[jepsen worker 6] jepsen.util: 6	:invoke	:cas	[1 [3 2]]
2026-03-16 21:27:59,669{GMT}	INFO	[jepsen worker 6] jepsen.util: 6	:ok	:cas	[1 [3 2]]
2026-03-16 21:27:59,720{GMT}	INFO	[jepsen worker 0] jepsen.util: 0	:invoke	:read	[0 nil]
2026-03-16 21:27:59,723{GMT}	INFO	[jepsen worker 0] jepsen.util: 0	:ok	:read	[0 2]
2026-03-16 21:27:59,782{GMT}	INFO	[jepsen worker 3] jepsen.util: 3	:invoke	:cas	[0 [4 3]]
2026-03-16 21:27:59,786{GMT}	INFO	[jepsen worker 3] jepsen.util: 3	:fail	:cas	[0 [4 3]]	[:precondition-failed "cas precondition failed"]
2026-03-16 21:27:59,854{GMT}	INFO	[jepsen worker 6] jepsen.util: 6	:invoke	:cas	[1 [0 3]]
2026-03-16 21:27:59,858{GMT}	INFO	[jepsen worker 6] jepsen.util: 6	:fail	:cas	[1 [0 3]]	[:precondition-failed "cas precondition failed"]
2026-03-16 21:27:59,938{GMT}	INFO	[jepsen worker 6] jepsen.util: 6	:invoke	:cas	[1 [4 4]]
2026-03-16 21:27:59,942{GMT}	INFO	[jepsen worker 6] jepsen.util: 6	:fail	:cas	[1 [4 4]]	[:precondition-failed "cas precondition failed"]
2026-03-16 21:28:00,004{GMT}	INFO	[jepsen worker 4] jepsen.util: 4	:invoke	:cas	[0 [3 0]]
2026-03-16 21:28:00,010{GMT}	INFO	[jepsen worker 4] jepsen.util: 4	:fail	:cas	[0 [3 0]]	[:precondition-failed "cas precondition failed"]
2026-03-16 21:28:00,047{GMT}	INFO	[jepsen worker 6] jepsen.util: 6	:invoke	:cas	[1 [0 0]]
2026-03-16 21:28:00,051{GMT}	INFO	[jepsen worker 6] jepsen.util: 6	:fail	:cas	[1 [0 0]]	[:precondition-failed "cas precondition failed"]
2026-03-16 21:28:00,052{GMT}	INFO	[jepsen worker 0] jepsen.util: 0	:invoke	:read	[0 nil]
2026-03-16 21:28:00,054{GMT}	INFO	[jepsen worker 0] jepsen.util: 0	:ok	:read	[0 2]
2026-03-16 21:28:00,147{GMT}	INFO	[jepsen worker 3] jepsen.util: 3	:invoke	:write	[0 4]
2026-03-16 21:28:00,153{GMT}	INFO	[jepsen worker 3] jepsen.util: 3	:ok	:write	[0 4]
2026-03-16 21:28:00,179{GMT}	INFO	[jepsen worker 8] jepsen.util: 8	:invoke	:cas	[1 [1 0]]
2026-03-16 21:28:00,183{GMT}	INFO	[jepsen worker 8] jepsen.util: 8	:fail	:cas	[1 [1 0]]	[:precondition-failed "cas precondition failed"]
2026-03-16 21:28:00,236{GMT}	INFO	[jepsen worker 0] jepsen.util: 0	:invoke	:read	[0 nil]
2026-03-16 21:28:00,242{GMT}	INFO	[jepsen worker 0] jepsen.util: 0	:ok	:read	[0 4]
2026-03-16 21:28:00,253{GMT}	INFO	[jepsen worker 3] jepsen.util: 3	:invoke	:cas	[0 [4 1]]
2026-03-16 21:28:00,259{GMT}	INFO	[jepsen worker 3] jepsen.util: 3	:ok	:cas	[0 [4 1]]
2026-03-16 21:28:00,310{GMT}	INFO	[jepsen worker 3] jepsen.util: 3	:invoke	:write	[0 2]
2026-03-16 21:28:00,317{GMT}	INFO	[jepsen worker 3] jepsen.util: 3	:ok	:write	[0 2]
2026-03-16 21:28:00,390{GMT}	INFO	[jepsen worker 6] jepsen.util: 6	:invoke	:write	[1 0]
2026-03-16 21:28:00,395{GMT}	INFO	[jepsen worker 6] jepsen.util: 6	:ok	:write	[1 0]
2026-03-16 21:28:00,465{GMT}	INFO	[jepsen worker 6] jepsen.util: 6	:invoke	:cas	[1 [3 4]]
2026-03-16 21:28:00,470{GMT}	INFO	[jepsen worker 6] jepsen.util: 6	:fail	:cas	[1 [3 4]]	[:precondition-failed "cas precondition failed"]
2026-03-16 21:28:00,523{GMT}	INFO	[jepsen worker 6] jepsen.util: 6	:invoke	:cas	[1 [2 4]]
2026-03-16 21:28:00,528{GMT}	INFO	[jepsen worker 6] jepsen.util: 6	:fail	:cas	[1 [2 4]]	[:precondition-failed "cas precondition failed"]
2026-03-16 21:28:00,583{GMT}	INFO	[jepsen worker 6] jepsen.util: 6	:invoke	:cas	[1 [3 0]]
2026-03-16 21:28:00,587{GMT}	INFO	[jepsen worker 6] jepsen.util: 6	:fail	:cas	[1 [3 0]]	[:precondition-failed "cas precondition failed"]
2026-03-16 21:28:00,636{GMT}	INFO	[jepsen worker 0] jepsen.util: 0	:invoke	:read	[0 nil]
2026-03-16 21:28:00,638{GMT}	INFO	[jepsen worker 0] jepsen.util: 0	:ok	:read	[0 2]
2026-03-16 21:28:00,707{GMT}	INFO	[jepsen worker 6] jepsen.util: 6	:invoke	:cas	[1 [1 1]]
2026-03-16 21:28:00,711{GMT}	INFO	[jepsen worker 6] jepsen.util: 6	:fail	:cas	[1 [1 1]]	[:precondition-failed "cas precondition failed"]
2026-03-16 21:28:00,713{GMT}	INFO	[jepsen worker 6] jepsen.util: 6	:invoke	:write	[1 4]
2026-03-16 21:28:00,718{GMT}	INFO	[jepsen worker 6] jepsen.util: 6	:ok	:write	[1 4]
2026-03-16 21:28:00,763{GMT}	INFO	[jepsen worker 0] jepsen.util: 0	:invoke	:read	[0 nil]
2026-03-16 21:28:00,769{GMT}	INFO	[jepsen worker 0] jepsen.util: 0	:ok	:read	[0 2]
2026-03-16 21:28:00,848{GMT}	INFO	[jepsen worker 7] jepsen.util: 7	:invoke	:cas	[1 [0 1]]
2026-03-16 21:28:00,853{GMT}	INFO	[jepsen worker 7] jepsen.util: 7	:fail	:cas	[1 [0 1]]	[:precondition-failed "cas precondition failed"]
2026-03-16 21:28:00,911{GMT}	INFO	[jepsen worker 8] jepsen.util: 8	:invoke	:write	[1 3]
2026-03-16 21:28:00,937{GMT}	INFO	[jepsen worker 8] jepsen.util: 8	:fail	:write	[1 3]	[:abort "Response channel closed"]
2026-03-16 21:28:00,995{GMT}	INFO	[jepsen worker 9] jepsen.util: 9	:invoke	:cas	[1 [2 3]]
2026-03-16 21:28:01,048{GMT}	INFO	[jepsen worker 3] jepsen.util: 3	:invoke	:cas	[0 [0 4]]
2026-03-16 21:28:01,066{GMT}	INFO	[jepsen worker 11] jepsen.util: 11	:invoke	:cas	[1 [0 3]]
2026-03-16 21:28:01,169{GMT}	INFO	[jepsen worker 6] jepsen.util: 6	:invoke	:write	[1 4]
2026-03-16 21:28:01,269{GMT}	INFO	[jepsen worker 7] jepsen.util: 7	:invoke	:cas	[1 [1 0]]
2026-03-16 21:28:01,279{GMT}	INFO	[jepsen worker 4] jepsen.util: 4	:invoke	:write	[0 1]
2026-03-16 21:28:01,378{GMT}	INFO	[jepsen worker 8] jepsen.util: 8	:invoke	:cas	[1 [4 1]]
2026-03-16 21:28:01,419{GMT}	INFO	[jepsen worker 5] jepsen.util: 5	:invoke	:cas	[0 [4 3]]
2026-03-16 21:28:01,444{GMT}	INFO	[jepsen worker 0] jepsen.util: 0	:invoke	:read	[0 nil]
2026-03-16 21:28:01,469{GMT}	INFO	[jepsen worker 10] jepsen.util: 10	:invoke	:cas	[1 [0 4]]
2026-03-16 21:28:01,503{GMT}	INFO	[jepsen worker 1] jepsen.util: 1	:invoke	:read	[0 nil]
2026-03-16 21:28:01,543{GMT}	INFO	[jepsen worker 2] jepsen.util: 2	:invoke	:read	[0 nil]
2026-03-16 21:28:02,004{GMT}	INFO	[jepsen worker 9] jepsen.util: 9	:info	:cas	[1 [2 3]]	:net-timeout
2026-03-16 21:28:02,006{GMT}	INFO	[jepsen worker 9] jepsen.util: 21	:invoke	:cas	[1 [3 1]]
2026-03-16 21:28:02,054{GMT}	INFO	[jepsen worker 3] jepsen.util: 3	:info	:cas	[0 [0 4]]	:net-timeout
2026-03-16 21:28:02,055{GMT}	INFO	[jepsen worker 3] jepsen.util: 15	:invoke	:cas	[0 [2 0]]
2026-03-16 21:28:02,071{GMT}	INFO	[jepsen worker 11] jepsen.util: 11	:info	:cas	[1 [0 3]]	:net-timeout
2026-03-16 21:28:02,089{GMT}	INFO	[jepsen worker 11] jepsen.util: 23	:invoke	:cas	[1 [3 1]]
2026-03-16 21:28:02,175{GMT}	INFO	[jepsen worker 6] jepsen.util: 6	:info	:write	[1 4]	:net-timeout
2026-03-16 21:28:02,176{GMT}	INFO	[jepsen worker 6] jepsen.util: 18	:invoke	:cas	[1 [3 1]]
2026-03-16 21:28:02,269{GMT}	INFO	[jepsen worker 7] jepsen.util: 7	:info	:cas	[1 [1 0]]	:net-timeout
2026-03-16 21:28:02,269{GMT}	INFO	[jepsen worker 7] jepsen.util: 19	:invoke	:cas	[1 [3 1]]
2026-03-16 21:28:02,281{GMT}	INFO	[jepsen worker 4] jepsen.util: 4	:info	:write	[0 1]	:net-timeout
2026-03-16 21:28:02,352{GMT}	INFO	[jepsen worker 4] jepsen.util: 16	:invoke	:cas	[0 [4 3]]
2026-03-16 21:28:02,381{GMT}	INFO	[jepsen worker 8] jepsen.util: 8	:info	:cas	[1 [4 1]]	:net-timeout
2026-03-16 21:28:02,402{GMT}	INFO	[jepsen worker 8] jepsen.util: 20	:invoke	:cas	[1 [2 3]]
2026-03-16 21:28:02,419{GMT}	INFO	[jepsen worker 5] jepsen.util: 5	:info	:cas	[0 [4 3]]	:net-timeout
2026-03-16 21:28:02,444{GMT}	INFO	[jepsen worker 0] jepsen.util: 0	:fail	:read	[0 nil]	:net-timeout
2026-03-16 21:28:02,471{GMT}	INFO	[jepsen worker 10] jepsen.util: 10	:info	:cas	[1 [0 4]]	:net-timeout
2026-03-16 21:28:02,491{GMT}	INFO	[jepsen worker 10] jepsen.util: 22	:invoke	:cas	[1 [0 1]]
2026-03-16 21:28:02,507{GMT}	INFO	[jepsen worker 1] jepsen.util: 1	:fail	:read	[0 nil]	:net-timeout
2026-03-16 21:28:02,547{GMT}	INFO	[jepsen worker 2] jepsen.util: 2	:fail	:read	[0 nil]	:net-timeout
2026-03-16 21:28:02,585{GMT}	INFO	[jepsen worker 0] jepsen.util: 0	:invoke	:read	[0 nil]
2026-03-16 21:28:02,668{GMT}	INFO	[jepsen worker 5] jepsen.util: 17	:invoke	:cas	[0 [0 4]]
2026-03-16 21:28:02,723{GMT}	INFO	[jepsen worker 1] jepsen.util: 1	:invoke	:read	[0 nil]
2026-03-16 21:28:02,732{GMT}	INFO	[jepsen worker 2] jepsen.util: 2	:invoke	:read	[0 nil]
2026-03-16 21:28:03,009{GMT}	INFO	[jepsen worker 9] jepsen.util: 21	:info	:cas	[1 [3 1]]	:net-timeout
2026-03-16 21:28:03,009{GMT}	INFO	[jepsen worker 9] jepsen.util: 33	:invoke	:write	[1 2]
2026-03-16 21:28:03,060{GMT}	INFO	[jepsen worker 3] jepsen.util: 15	:info	:cas	[0 [2 0]]	:net-timeout
2026-03-16 21:28:03,061{GMT}	INFO	[jepsen worker 3] jepsen.util: 27	:invoke	:write	[0 4]
2026-03-16 21:28:03,092{GMT}	INFO	[jepsen worker 11] jepsen.util: 23	:info	:cas	[1 [3 1]]	:net-timeout
2026-03-16 21:28:03,093{GMT}	INFO	[jepsen worker 11] jepsen.util: 35	:invoke	:cas	[1 [2 1]]
2026-03-16 21:28:03,181{GMT}	INFO	[jepsen worker 6] jepsen.util: 18	:info	:cas	[1 [3 1]]	:net-timeout
2026-03-16 21:28:03,182{GMT}	INFO	[jepsen worker 6] jepsen.util: 30	:invoke	:cas	[1 [1 0]]
2026-03-16 21:28:03,272{GMT}	INFO	[jepsen worker 7] jepsen.util: 19	:info	:cas	[1 [3 1]]	:net-timeout
2026-03-16 21:28:03,272{GMT}	INFO	[jepsen worker 7] jepsen.util: 31	:invoke	:cas	[1 [4 4]]
2026-03-16 21:28:03,357{GMT}	INFO	[jepsen worker 4] jepsen.util: 16	:info	:cas	[0 [4 3]]	:net-timeout
2026-03-16 21:28:03,358{GMT}	INFO	[jepsen worker 4] jepsen.util: 28	:invoke	:cas	[0 [1 0]]
2026-03-16 21:28:03,407{GMT}	INFO	[jepsen worker 8] jepsen.util: 20	:info	:cas	[1 [2 3]]	:net-timeout
2026-03-16 21:28:03,413{GMT}	INFO	[jepsen worker 8] jepsen.util: 32	:invoke	:cas	[1 [2 1]]
2026-03-16 21:28:03,496{GMT}	INFO	[jepsen worker 10] jepsen.util: 22	:info	:cas	[1 [0 1]]	:net-timeout
2026-03-16 21:28:03,498{GMT}	INFO	[jepsen worker 10] jepsen.util: 34	:invoke	:write	[1 3]
2026-03-16 21:28:03,589{GMT}	INFO	[jepsen worker 0] jepsen.util: 0	:fail	:read	[0 nil]	:net-timeout
2026-03-16 21:28:03,591{GMT}	INFO	[jepsen worker 0] jepsen.util: 0	:invoke	:read	[0 nil]
2026-03-16 21:28:03,673{GMT}	INFO	[jepsen worker 5] jepsen.util: 17	:info	:cas	[0 [0 4]]	:net-timeout
2026-03-16 21:28:03,673{GMT}	INFO	[jepsen worker 5] jepsen.util: 29	:invoke	:cas	[0 [1 0]]
2026-03-16 21:28:03,728{GMT}	INFO	[jepsen worker 1] jepsen.util: 1	:fail	:read	[0 nil]	:net-timeout
2026-03-16 21:28:03,733{GMT}	INFO	[jepsen worker 2] jepsen.util: 2	:fail	:read	[0 nil]	:net-timeout
2026-03-16 21:28:03,770{GMT}	INFO	[jepsen worker 1] jepsen.util: 1	:invoke	:read	[0 nil]
2026-03-16 21:28:03,855{GMT}	INFO	[jepsen worker 2] jepsen.util: 2	:invoke	:read	[0 nil]
2026-03-16 21:28:04,017{GMT}	INFO	[jepsen worker 9] jepsen.util: 33	:info	:write	[1 2]	:net-timeout
2026-03-16 21:28:04,019{GMT}	INFO	[jepsen worker 9] jepsen.util: 45	:invoke	:cas	[1 [3 0]]
2026-03-16 21:28:04,062{GMT}	INFO	[jepsen worker 3] jepsen.util: 27	:info	:write	[0 4]	:net-timeout
2026-03-16 21:28:04,096{GMT}	INFO	[jepsen worker 11] jepsen.util: 35	:info	:cas	[1 [2 1]]	:net-timeout
2026-03-16 21:28:04,097{GMT}	INFO	[jepsen worker 11] jepsen.util: 47	:invoke	:cas	[1 [0 3]]
2026-03-16 21:28:04,155{GMT}	INFO	[jepsen worker 3] jepsen.util: 39	:invoke	:cas	[0 [1 2]]
2026-03-16 21:28:04,185{GMT}	INFO	[jepsen worker 6] jepsen.util: 30	:info	:cas	[1 [1 0]]	:net-timeout
2026-03-16 21:28:04,187{GMT}	INFO	[jepsen worker 6] jepsen.util: 42	:invoke	:cas	[2 [2 1]]
2026-03-16 21:28:04,277{GMT}	INFO	[jepsen worker 7] jepsen.util: 31	:info	:cas	[1 [4 4]]	:net-timeout
2026-03-16 21:28:04,278{GMT}	INFO	[jepsen worker 7] jepsen.util: 43	:invoke	:cas	[2 [4 0]]
2026-03-16 21:28:04,360{GMT}	INFO	[jepsen worker 4] jepsen.util: 28	:info	:cas	[0 [1 0]]	:net-timeout
2026-03-16 21:28:04,360{GMT}	INFO	[jepsen worker 4] jepsen.util: 40	:invoke	:cas	[0 [1 2]]
2026-03-16 21:28:04,414{GMT}	INFO	[jepsen worker 8] jepsen.util: 32	:info	:cas	[1 [2 1]]	:net-timeout
2026-03-16 21:28:04,414{GMT}	INFO	[jepsen worker 8] jepsen.util: 44	:invoke	:cas	[2 [0 1]]
2026-03-16 21:28:04,502{GMT}	INFO	[jepsen worker 10] jepsen.util: 34	:info	:write	[1 3]	:net-timeout
2026-03-16 21:28:04,504{GMT}	INFO	[jepsen worker 10] jepsen.util: 46	:invoke	:write	[2 3]
2026-03-16 21:28:04,595{GMT}	INFO	[jepsen worker 0] jepsen.util: 0	:fail	:read	[0 nil]	:net-timeout
2026-03-16 21:28:04,597{GMT}	INFO	[jepsen worker 0] jepsen.util: 0	:invoke	:read	[0 nil]
2026-03-16 21:28:04,681{GMT}	INFO	[jepsen worker 5] jepsen.util: 29	:info	:cas	[0 [1 0]]	:net-timeout
2026-03-16 21:28:04,681{GMT}	INFO	[jepsen worker 5] jepsen.util: 41	:invoke	:write	[0 0]
2026-03-16 21:28:04,774{GMT}	INFO	[jepsen worker 1] jepsen.util: 1	:fail	:read	[0 nil]	:net-timeout
2026-03-16 21:28:04,785{GMT}	INFO	[jepsen worker 1] jepsen.util: 1	:invoke	:read	[0 nil]
2026-03-16 21:28:04,861{GMT}	INFO	[jepsen worker 2] jepsen.util: 2	:fail	:read	[0 nil]	:net-timeout
2026-03-16 21:28:04,864{GMT}	INFO	[jepsen worker 2] jepsen.util: 2	:invoke	:read	[0 nil]
2026-03-16 21:28:05,021{GMT}	INFO	[jepsen worker 9] jepsen.util: 45	:info	:cas	[1 [3 0]]	:net-timeout
2026-03-16 21:28:05,021{GMT}	INFO	[jepsen worker 9] jepsen.util: 57	:invoke	:cas	[2 [1 2]]
2026-03-16 21:28:05,101{GMT}	INFO	[jepsen worker 11] jepsen.util: 47	:info	:cas	[1 [0 3]]	:net-timeout
2026-03-16 21:28:05,101{GMT}	INFO	[jepsen worker 11] jepsen.util: 59	:invoke	:cas	[2 [2 3]]
2026-03-16 21:28:05,160{GMT}	INFO	[jepsen worker 3] jepsen.util: 39	:info	:cas	[0 [1 2]]	:net-timeout
2026-03-16 21:28:05,160{GMT}	INFO	[jepsen worker 3] jepsen.util: 51	:invoke	:cas	[0 [3 4]]
2026-03-16 21:28:05,191{GMT}	INFO	[jepsen worker 6] jepsen.util: 42	:info	:cas	[2 [2 1]]	:net-timeout
2026-03-16 21:28:05,231{GMT}	INFO	[jepsen worker 6] jepsen.util: 54	:invoke	:write	[2 4]
2026-03-16 21:28:05,278{GMT}	INFO	[jepsen worker 7] jepsen.util: 43	:info	:cas	[2 [4 0]]	:net-timeout
2026-03-16 21:28:05,279{GMT}	INFO	[jepsen worker 7] jepsen.util: 55	:invoke	:cas	[2 [0 4]]
2026-03-16 21:28:05,362{GMT}	INFO	[jepsen worker 4] jepsen.util: 40	:info	:cas	[0 [1 2]]	:net-timeout
2026-03-16 21:28:05,362{GMT}	INFO	[jepsen worker 4] jepsen.util: 52	:invoke	:write	[0 1]
2026-03-16 21:28:05,420{GMT}	INFO	[jepsen worker 8] jepsen.util: 44	:info	:cas	[2 [0 1]]	:net-timeout
2026-03-16 21:28:05,429{GMT}	INFO	[jepsen worker 8] jepsen.util: 56	:invoke	:cas	[2 [2 0]]
2026-03-16 21:28:05,510{GMT}	INFO	[jepsen worker 10] jepsen.util: 46	:info	:write	[2 3]	:net-timeout
2026-03-16 21:28:05,510{GMT}	INFO	[jepsen worker 10] jepsen.util: 58	:invoke	:write	[2 0]
2026-03-16 21:28:05,598{GMT}	INFO	[jepsen worker 0] jepsen.util: 0	:fail	:read	[0 nil]	:net-timeout
2026-03-16 21:28:05,599{GMT}	INFO	[jepsen worker 0] jepsen.util: 0	:invoke	:read	[0 nil]
2026-03-16 21:28:05,690{GMT}	INFO	[jepsen worker 5] jepsen.util: 41	:info	:write	[0 0]	:net-timeout
2026-03-16 21:28:05,694{GMT}	INFO	[jepsen worker 5] jepsen.util: 53	:invoke	:cas	[0 [4 2]]
2026-03-16 21:28:05,789{GMT}	INFO	[jepsen worker 1] jepsen.util: 1	:fail	:read	[0 nil]	:net-timeout
2026-03-16 21:28:05,790{GMT}	INFO	[jepsen worker 1] jepsen.util: 1	:invoke	:read	[0 nil]
2026-03-16 21:28:05,874{GMT}	INFO	[jepsen worker 2] jepsen.util: 2	:fail	:read	[0 nil]	:net-timeout
2026-03-16 21:28:05,881{GMT}	INFO	[jepsen worker 2] jepsen.util: 2	:invoke	:read	[0 nil]
2026-03-16 21:28:06,013{GMT}	INFO	[jepsen worker 9] jepsen.util: 57	:fail	:cas	[2 [1 2]]	[:abort "TCP sender unavailable"]
2026-03-16 21:28:06,014{GMT}	INFO	[jepsen worker 3] jepsen.util: 51	:fail	:cas	[0 [3 4]]	[:abort "TCP sender unavailable"]
2026-03-16 21:28:06,014{GMT}	INFO	[jepsen worker 9] jepsen.util: 57	:invoke	:write	[2 2]
2026-03-16 21:28:06,015{GMT}	INFO	[jepsen worker 6] jepsen.util: 54	:fail	:write	[2 4]	[:abort "TCP sender unavailable"]
2026-03-16 21:28:06,016{GMT}	INFO	[jepsen worker 0] jepsen.util: 0	:fail	:read	[0 nil]	[:key-does-not-exist "not found"]
2026-03-16 21:28:06,017{GMT}	INFO	[jepsen worker 9] jepsen.util: 57	:fail	:write	[2 2]	[:abort "TCP sender unavailable"]
2026-03-16 21:28:06,059{GMT}	INFO	[jepsen worker 0] jepsen.util: 0	:invoke	:read	[0 nil]
2026-03-16 21:28:06,060{GMT}	INFO	[jepsen worker 0] jepsen.util: 0	:fail	:read	[0 nil]	[:key-does-not-exist "not found"]
2026-03-16 21:28:06,080{GMT}	INFO	[jepsen worker 11] jepsen.util: 59	:fail	:cas	[2 [2 3]]	[:abort "TCP sender unavailable"]
2026-03-16 21:28:06,080{GMT}	INFO	[jepsen worker 8] jepsen.util: 56	:fail	:cas	[2 [2 0]]	[:abort "TCP sender unavailable"]
2026-03-16 21:28:06,080{GMT}	INFO	[jepsen worker 5] jepsen.util: 53	:fail	:cas	[0 [4 2]]	[:abort "TCP sender unavailable"]
2026-03-16 21:28:06,081{GMT}	INFO	[jepsen worker 2] jepsen.util: 2	:fail	:read	[0 nil]	[:key-does-not-exist "not found"]
2026-03-16 21:28:06,130{GMT}	INFO	[jepsen worker 3] jepsen.util: 51	:invoke	:cas	[0 [1 4]]
2026-03-16 21:28:06,132{GMT}	INFO	[jepsen worker 3] jepsen.util: 51	:fail	:cas	[0 [1 4]]	[:abort "TCP sender unavailable"]
2026-03-16 21:28:06,215{GMT}	INFO	[jepsen worker 0] jepsen.util: 0	:invoke	:read	[0 nil]
2026-03-16 21:28:06,216{GMT}	INFO	[jepsen worker 0] jepsen.util: 0	:fail	:read	[0 nil]	[:key-does-not-exist "not found"]
2026-03-16 21:28:06,279{GMT}	INFO	[jepsen worker 7] jepsen.util: 55	:info	:cas	[2 [0 4]]	:net-timeout
2026-03-16 21:28:06,305{GMT}	INFO	[jepsen worker 8] jepsen.util: 56	:invoke	:cas	[2 [4 4]]
2026-03-16 21:28:06,322{GMT}	INFO	[jepsen worker 8] jepsen.util: 56	:fail	:cas	[2 [4 4]]	[:abort "TCP sender unavailable"]
2026-03-16 21:28:06,343{GMT}	INFO	[jepsen worker 4] jepsen.util: 52	:fail	:write	[0 1]	[:abort "TCP sender unavailable"]
2026-03-16 21:28:06,345{GMT}	INFO	[jepsen worker 10] jepsen.util: 58	:fail	:write	[2 0]	[:abort "TCP sender unavailable"]
2026-03-16 21:28:06,345{GMT}	INFO	[jepsen worker 1] jepsen.util: 1	:fail	:read	[0 nil]	[:key-does-not-exist "not found"]
2026-03-16 21:28:06,396{GMT}	INFO	[jepsen worker 9] jepsen.util: 57	:invoke	:write	[2 0]
2026-03-16 21:28:06,399{GMT}	INFO	[jepsen worker 9] jepsen.util: 57	:fail	:write	[2 0]	[:abort "TCP sender unavailable"]
2026-03-16 21:28:06,459{GMT}	INFO	[jepsen worker 10] jepsen.util: 58	:invoke	:write	[2 2]
2026-03-16 21:28:06,462{GMT}	INFO	[jepsen worker 10] jepsen.util: 58	:fail	:write	[2 2]	[:abort "TCP sender unavailable"]
2026-03-16 21:28:06,513{GMT}	INFO	[jepsen worker 11] jepsen.util: 59	:invoke	:cas	[2 [0 1]]
2026-03-16 21:28:06,519{GMT}	INFO	[jepsen worker 11] jepsen.util: 59	:fail	:cas	[2 [0 1]]	[:abort "TCP sender unavailable"]
2026-03-16 21:28:06,584{GMT}	INFO	[jepsen worker 0] jepsen.util: 0	:invoke	:read	[0 nil]
2026-03-16 21:28:06,587{GMT}	INFO	[jepsen worker 0] jepsen.util: 0	:fail	:read	[0 nil]	[:key-does-not-exist "not found"]
2026-03-16 21:28:06,687{GMT}	INFO	[jepsen worker 6] jepsen.util: 54	:invoke	:cas	[2 [0 4]]
2026-03-16 21:28:06,690{GMT}	INFO	[jepsen worker 6] jepsen.util: 54	:fail	:cas	[2 [0 4]]	[:abort "TCP sender unavailable"]
2026-03-16 21:28:06,735{GMT}	INFO	[jepsen worker 6] jepsen.util: 54	:invoke	:cas	[2 [4 0]]
2026-03-16 21:28:06,738{GMT}	INFO	[jepsen worker 6] jepsen.util: 54	:fail	:cas	[2 [4 0]]	[:abort "TCP sender unavailable"]
2026-03-16 21:28:06,800{GMT}	INFO	[jepsen worker 3] jepsen.util: 51	:invoke	:cas	[0 [3 3]]
2026-03-16 21:28:06,805{GMT}	INFO	[jepsen worker 3] jepsen.util: 51	:fail	:cas	[0 [3 3]]	[:abort "TCP sender unavailable"]
2026-03-16 21:28:06,851{GMT}	INFO	[jepsen worker 3] jepsen.util: 51	:invoke	:write	[0 3]
2026-03-16 21:28:06,860{GMT}	INFO	[jepsen worker 3] jepsen.util: 51	:fail	:write	[0 3]	[:abort "TCP sender unavailable"]
2026-03-16 21:28:06,951{GMT}	INFO	[jepsen worker 0] jepsen.util: 0	:invoke	:read	[0 nil]
2026-03-16 21:28:06,954{GMT}	INFO	[jepsen worker 0] jepsen.util: 0	:fail	:read	[0 nil]	[:key-does-not-exist "not found"]
2026-03-16 21:28:07,025{GMT}	INFO	[jepsen worker 0] jepsen.util: 0	:invoke	:read	[0 nil]
2026-03-16 21:28:07,030{GMT}	INFO	[jepsen worker 0] jepsen.util: 0	:fail	:read	[0 nil]	[:key-does-not-exist "not found"]
2026-03-16 21:28:07,090{GMT}	INFO	[jepsen worker 6] jepsen.util: 54	:invoke	:cas	[2 [4 3]]
2026-03-16 21:28:07,094{GMT}	INFO	[jepsen worker 6] jepsen.util: 54	:fail	:cas	[2 [4 3]]	[:abort "TCP sender unavailable"]
2026-03-16 21:28:07,131{GMT}	INFO	[jepsen worker 3] jepsen.util: 51	:invoke	:write	[0 1]
2026-03-16 21:28:07,133{GMT}	INFO	[jepsen worker 3] jepsen.util: 51	:fail	:write	[0 1]	[:abort "TCP sender unavailable"]
2026-03-16 21:28:07,199{GMT}	INFO	[jepsen worker 8] jepsen.util: 56	:invoke	:write	[2 1]
2026-03-16 21:28:07,201{GMT}	INFO	[jepsen worker 8] jepsen.util: 56	:fail	:write	[2 1]	[:abort "TCP sender unavailable"]
2026-03-16 21:28:07,222{GMT}	INFO	[jepsen worker 9] jepsen.util: 57	:invoke	:cas	[2 [0 3]]
2026-03-16 21:28:07,224{GMT}	INFO	[jepsen worker 9] jepsen.util: 57	:fail	:cas	[2 [0 3]]	[:abort "TCP sender unavailable"]
2026-03-16 21:28:07,302{GMT}	INFO	[jepsen worker 10] jepsen.util: 58	:invoke	:write	[2 4]
2026-03-16 21:28:07,304{GMT}	INFO	[jepsen worker 10] jepsen.util: 58	:fail	:write	[2 4]	[:abort "TCP sender unavailable"]
2026-03-16 21:28:07,307{GMT}	INFO	[jepsen worker 3] jepsen.util: 51	:invoke	:cas	[0 [4 2]]
2026-03-16 21:28:07,308{GMT}	INFO	[jepsen worker 3] jepsen.util: 51	:fail	:cas	[0 [4 2]]	[:abort "TCP sender unavailable"]
2026-03-16 21:28:07,353{GMT}	INFO	[jepsen worker 0] jepsen.util: 0	:invoke	:read	[0 nil]
2026-03-16 21:28:07,355{GMT}	INFO	[jepsen worker 0] jepsen.util: 0	:fail	:read	[0 nil]	[:key-does-not-exist "not found"]
2026-03-16 21:28:07,396{GMT}	INFO	[jepsen worker 6] jepsen.util: 54	:invoke	:write	[2 2]
2026-03-16 21:28:07,398{GMT}	INFO	[jepsen worker 6] jepsen.util: 54	:fail	:write	[2 2]	[:abort "TCP sender unavailable"]
2026-03-16 21:28:07,495{GMT}	INFO	[jepsen worker 3] jepsen.util: 51	:invoke	:write	[0 4]
2026-03-16 21:28:07,497{GMT}	INFO	[jepsen worker 3] jepsen.util: 51	:fail	:write	[0 4]	[:abort "TCP sender unavailable"]
2026-03-16 21:28:07,534{GMT}	INFO	[jepsen worker 6] jepsen.util: 54	:invoke	:write	[2 2]
2026-03-16 21:28:07,536{GMT}	INFO	[jepsen worker 6] jepsen.util: 54	:fail	:write	[2 2]	[:abort "TCP sender unavailable"]
2026-03-16 21:28:07,595{GMT}	INFO	[jepsen worker 0] jepsen.util: 0	:invoke	:read	[0 nil]
2026-03-16 21:28:07,597{GMT}	INFO	[jepsen worker 0] jepsen.util: 0	:fail	:read	[0 nil]	[:key-does-not-exist "not found"]
2026-03-16 21:28:07,657{GMT}	INFO	[jepsen worker 6] jepsen.util: 54	:invoke	:cas	[2 [3 2]]
2026-03-16 21:28:07,660{GMT}	INFO	[jepsen worker 6] jepsen.util: 54	:fail	:cas	[2 [3 2]]	[:abort "TCP sender unavailable"]
2026-03-16 21:28:07,668{GMT}	INFO	[jepsen worker 6] jepsen.util: 54	:invoke	:write	[2 4]
2026-03-16 21:28:07,670{GMT}	INFO	[jepsen worker 6] jepsen.util: 54	:fail	:write	[2 4]	[:abort "TCP sender unavailable"]
2026-03-16 21:28:07,679{GMT}	INFO	[jepsen worker 3] jepsen.util: 51	:invoke	:cas	[0 [1 1]]
2026-03-16 21:28:07,682{GMT}	INFO	[jepsen worker 3] jepsen.util: 51	:fail	:cas	[0 [1 1]]	[:abort "TCP sender unavailable"]
2026-03-16 21:28:07,708{GMT}	INFO	[jepsen worker 7] jepsen.util: 67	:invoke	:write	[2 0]
2026-03-16 21:28:07,710{GMT}	INFO	[jepsen worker 7] jepsen.util: 67	:fail	:write	[2 0]	[:abort "TCP sender unavailable"]
2026-03-16 21:28:07,748{GMT}	INFO	[jepsen worker 8] jepsen.util: 56	:invoke	:write	[2 2]
2026-03-16 21:28:07,750{GMT}	INFO	[jepsen worker 8] jepsen.util: 56	:fail	:write	[2 2]	[:abort "TCP sender unavailable"]
2026-03-16 21:28:07,809{GMT}	INFO	[jepsen worker 9] jepsen.util: 57	:invoke	:write	[2 1]
2026-03-16 21:28:07,811{GMT}	INFO	[jepsen worker 9] jepsen.util: 57	:fail	:write	[2 1]	[:abort "TCP sender unavailable"]
2026-03-16 21:28:07,861{GMT}	INFO	[jepsen worker 0] jepsen.util: 0	:invoke	:read	[0 nil]
2026-03-16 21:28:07,863{GMT}	INFO	[jepsen worker 0] jepsen.util: 0	:fail	:read	[0 nil]	[:key-does-not-exist "not found"]
2026-03-16 21:28:07,936{GMT}	INFO	[jepsen worker 11] jepsen.util: 59	:invoke	:write	[2 2]
2026-03-16 21:28:07,938{GMT}	INFO	[jepsen worker 11] jepsen.util: 59	:fail	:write	[2 2]	[:abort "TCP sender unavailable"]
2026-03-16 21:28:08,015{GMT}	INFO	[jepsen worker 6] jepsen.util: 54	:invoke	:cas	[2 [0 4]]
2026-03-16 21:28:08,017{GMT}	INFO	[jepsen worker 6] jepsen.util: 54	:fail	:cas	[2 [0 4]]	[:abort "TCP sender unavailable"]
2026-03-16 21:28:08,093{GMT}	INFO	[jepsen worker 6] jepsen.util: 54	:invoke	:write	[2 3]
2026-03-16 21:28:08,095{GMT}	INFO	[jepsen worker 6] jepsen.util: 54	:fail	:write	[2 3]	[:abort "TCP sender unavailable"]
2026-03-16 21:28:08,132{GMT}	INFO	[jepsen worker 1] jepsen.util: 1	:invoke	:read	[0 nil]
2026-03-16 21:28:08,133{GMT}	INFO	[jepsen worker 1] jepsen.util: 1	:fail	:read	[0 nil]	[:key-does-not-exist "not found"]
2026-03-16 21:28:08,155{GMT}	INFO	[jepsen worker 2] jepsen.util: 2	:invoke	:read	[0 nil]
2026-03-16 21:28:08,156{GMT}	INFO	[jepsen worker 2] jepsen.util: 2	:fail	:read	[0 nil]	[:key-does-not-exist "not found"]
2026-03-16 21:28:08,170{GMT}	INFO	[jepsen worker 6] jepsen.util: 54	:invoke	:write	[2 2]
2026-03-16 21:28:08,172{GMT}	INFO	[jepsen worker 6] jepsen.util: 54	:fail	:write	[2 2]	[:abort "TCP sender unavailable"]
2026-03-16 21:28:08,250{GMT}	INFO	[jepsen worker 6] jepsen.util: 54	:invoke	:cas	[2 [4 4]]
2026-03-16 21:28:08,253{GMT}	INFO	[jepsen worker 6] jepsen.util: 54	:fail	:cas	[2 [4 4]]	[:abort "TCP sender unavailable"]
2026-03-16 21:28:08,327{GMT}	INFO	[jepsen worker 6] jepsen.util: 54	:invoke	:write	[2 1]
2026-03-16 21:28:08,329{GMT}	INFO	[jepsen worker 6] jepsen.util: 54	:fail	:write	[2 1]	[:abort "TCP sender unavailable"]
2026-03-16 21:28:08,377{GMT}	INFO	[jepsen worker 3] jepsen.util: 51	:invoke	:cas	[0 [1 0]]
2026-03-16 21:28:08,379{GMT}	INFO	[jepsen worker 3] jepsen.util: 51	:fail	:cas	[0 [1 0]]	[:abort "TCP sender unavailable"]
2026-03-16 21:28:08,472{GMT}	INFO	[jepsen worker 3] jepsen.util: 51	:invoke	:write	[0 1]
2026-03-16 21:28:08,477{GMT}	INFO	[jepsen worker 3] jepsen.util: 51	:fail	:write	[0 1]	[:abort "TCP sender unavailable"]
2026-03-16 21:28:08,518{GMT}	INFO	[jepsen worker 8] jepsen.util: 56	:invoke	:write	[2 1]
2026-03-16 21:28:08,522{GMT}	INFO	[jepsen worker 8] jepsen.util: 56	:fail	:write	[2 1]	[:abort "TCP sender unavailable"]
2026-03-16 21:28:08,559{GMT}	INFO	[jepsen worker 3] jepsen.util: 51	:invoke	:cas	[0 [4 1]]
2026-03-16 21:28:08,561{GMT}	INFO	[jepsen worker 3] jepsen.util: 51	:fail	:cas	[0 [4 1]]	[:abort "TCP sender unavailable"]
2026-03-16 21:28:08,650{GMT}	INFO	[jepsen worker 0] jepsen.util: 0	:invoke	:read	[0 nil]
2026-03-16 21:28:08,652{GMT}	INFO	[jepsen worker 0] jepsen.util: 0	:fail	:read	[0 nil]	[:key-does-not-exist "not found"]
2026-03-16 21:28:08,668{GMT}	INFO	[jepsen worker 11] jepsen.util: 59	:invoke	:cas	[2 [1 3]]
2026-03-16 21:28:08,669{GMT}	INFO	[jepsen worker 11] jepsen.util: 59	:fail	:cas	[2 [1 3]]	[:abort "TCP sender unavailable"]
2026-03-16 21:28:08,693{GMT}	INFO	[jepsen worker 6] jepsen.util: 54	:invoke	:write	[2 1]
2026-03-16 21:28:08,695{GMT}	INFO	[jepsen worker 6] jepsen.util: 54	:fail	:write	[2 1]	[:abort "TCP sender unavailable"]
2026-03-16 21:28:08,787{GMT}	INFO	[jepsen worker 6] jepsen.util: 54	:invoke	:write	[2 4]
2026-03-16 21:28:08,791{GMT}	INFO	[jepsen worker 6] jepsen.util: 54	:fail	:write	[2 4]	[:abort "TCP sender unavailable"]
2026-03-16 21:28:08,862{GMT}	INFO	[jepsen worker 6] jepsen.util: 54	:invoke	:cas	[2 [4 1]]
2026-03-16 21:28:08,864{GMT}	INFO	[jepsen worker 6] jepsen.util: 54	:fail	:cas	[2 [4 1]]	[:abort "TCP sender unavailable"]
2026-03-16 21:28:08,911{GMT}	INFO	[jepsen worker 6] jepsen.util: 54	:invoke	:cas	[2 [3 1]]
2026-03-16 21:28:08,915{GMT}	INFO	[jepsen worker 6] jepsen.util: 54	:fail	:cas	[2 [3 1]]	[:abort "TCP sender unavailable"]
2026-03-16 21:28:08,938{GMT}	INFO	[jepsen worker 0] jepsen.util: 0	:invoke	:read	[0 nil]
2026-03-16 21:28:08,943{GMT}	INFO	[jepsen worker 0] jepsen.util: 0	:fail	:read	[0 nil]	[:key-does-not-exist "not found"]
2026-03-16 21:28:08,949{GMT}	INFO	[jepsen worker 4] jepsen.util: 52	:invoke	:write	[0 3]
2026-03-16 21:28:08,951{GMT}	INFO	[jepsen worker 4] jepsen.util: 52	:fail	:write	[0 3]	[:abort "TCP sender unavailable"]
2026-03-16 21:28:09,009{GMT}	INFO	[jepsen worker 6] jepsen.util: 54	:invoke	:cas	[2 [1 0]]
2026-03-16 21:28:09,012{GMT}	INFO	[jepsen worker 6] jepsen.util: 54	:fail	:cas	[2 [1 0]]	[:abort "TCP sender unavailable"]
2026-03-16 21:28:09,037{GMT}	INFO	[jepsen worker 0] jepsen.util: 0	:invoke	:read	[0 nil]
2026-03-16 21:28:09,039{GMT}	INFO	[jepsen worker 0] jepsen.util: 0	:fail	:read	[0 nil]	[:key-does-not-exist "not found"]
2026-03-16 21:28:09,063{GMT}	INFO	[jepsen worker 7] jepsen.util: 67	:invoke	:cas	[2 [4 3]]
2026-03-16 21:28:09,065{GMT}	INFO	[jepsen worker 7] jepsen.util: 67	:fail	:cas	[2 [4 3]]	[:abort "TCP sender unavailable"]
2026-03-16 21:28:09,089{GMT}	INFO	[jepsen worker 8] jepsen.util: 56	:invoke	:write	[2 3]
2026-03-16 21:28:09,090{GMT}	INFO	[jepsen worker 8] jepsen.util: 56	:fail	:write	[2 3]	[:abort "TCP sender unavailable"]
2026-03-16 21:28:09,153{GMT}	INFO	[jepsen worker 0] jepsen.util: 0	:invoke	:read	[0 nil]
2026-03-16 21:28:09,154{GMT}	INFO	[jepsen worker 0] jepsen.util: 0	:fail	:read	[0 nil]	[:key-does-not-exist "not found"]
2026-03-16 21:28:09,251{GMT}	INFO	[jepsen worker 3] jepsen.util: 51	:invoke	:cas	[0 [4 2]]
2026-03-16 21:28:09,253{GMT}	INFO	[jepsen worker 3] jepsen.util: 51	:fail	:cas	[0 [4 2]]	[:abort "TCP sender unavailable"]
2026-03-16 21:28:09,299{GMT}	INFO	[jepsen worker 0] jepsen.util: 0	:invoke	:read	[0 nil]
2026-03-16 21:28:09,300{GMT}	INFO	[jepsen worker 0] jepsen.util: 0	:fail	:read	[0 nil]	[:key-does-not-exist "not found"]
2026-03-16 21:28:09,368{GMT}	INFO	[jepsen worker 3] jepsen.util: 51	:invoke	:cas	[0 [3 2]]
2026-03-16 21:28:09,369{GMT}	INFO	[jepsen worker 3] jepsen.util: 51	:fail	:cas	[0 [3 2]]	[:abort "TCP sender unavailable"]
2026-03-16 21:28:09,429{GMT}	INFO	[jepsen worker 6] jepsen.util: 54	:invoke	:write	[2 1]
2026-03-16 21:28:09,430{GMT}	INFO	[jepsen worker 6] jepsen.util: 54	:fail	:write	[2 1]	[:abort "TCP sender unavailable"]
2026-03-16 21:28:09,490{GMT}	INFO	[jepsen worker 1] jepsen.util: 1	:invoke	:read	[0 nil]
2026-03-16 21:28:09,492{GMT}	INFO	[jepsen worker 1] jepsen.util: 1	:fail	:read	[0 nil]	[:key-does-not-exist "not found"]
2026-03-16 21:28:09,523{GMT}	INFO	[jepsen worker 6] jepsen.util: 54	:invoke	:cas	[2 [2 3]]
2026-03-16 21:28:09,525{GMT}	INFO	[jepsen worker 6] jepsen.util: 54	:fail	:cas	[2 [2 3]]	[:abort "TCP sender unavailable"]
2026-03-16 21:28:09,599{GMT}	INFO	[jepsen worker 6] jepsen.util: 54	:invoke	:cas	[2 [2 2]]
2026-03-16 21:28:09,601{GMT}	INFO	[jepsen worker 6] jepsen.util: 54	:fail	:cas	[2 [2 2]]	[:abort "TCP sender unavailable"]
2026-03-16 21:28:09,671{GMT}	INFO	[jepsen worker 6] jepsen.util: 54	:invoke	:write	[2 4]
2026-03-16 21:28:09,673{GMT}	INFO	[jepsen worker 6] jepsen.util: 54	:fail	:write	[2 4]	[:abort "TCP sender unavailable"]
2026-03-16 21:28:09,726{GMT}	INFO	[jepsen worker 6] jepsen.util: 54	:invoke	:write	[2 0]
2026-03-16 21:28:09,727{GMT}	INFO	[jepsen worker 6] jepsen.util: 54	:fail	:write	[2 0]	[:abort "TCP sender unavailable"]
2026-03-16 21:28:09,811{GMT}	INFO	[jepsen worker 0] jepsen.util: 0	:invoke	:read	[0 nil]
2026-03-16 21:28:09,813{GMT}	INFO	[jepsen worker 0] jepsen.util: 0	:fail	:read	[0 nil]	[:key-does-not-exist "not found"]
2026-03-16 21:28:09,849{GMT}	INFO	[jepsen worker 7] jepsen.util: 67	:invoke	:write	[2 3]
2026-03-16 21:28:09,851{GMT}	INFO	[jepsen worker 7] jepsen.util: 67	:fail	:write	[2 3]	[:abort "TCP sender unavailable"]
2026-03-16 21:28:09,865{GMT}	INFO	[jepsen worker 8] jepsen.util: 56	:invoke	:write	[2 4]
2026-03-16 21:28:09,867{GMT}	INFO	[jepsen worker 8] jepsen.util: 56	:fail	:write	[2 4]	[:abort "TCP sender unavailable"]
2026-03-16 21:28:09,910{GMT}	INFO	[jepsen worker 9] jepsen.util: 57	:invoke	:write	[2 0]
2026-03-16 21:28:09,911{GMT}	INFO	[jepsen worker 9] jepsen.util: 57	:fail	:write	[2 0]	[:abort "TCP sender unavailable"]
2026-03-16 21:28:09,948{GMT}	INFO	[jepsen worker 10] jepsen.util: 58	:invoke	:write	[2 2]
2026-03-16 21:28:09,949{GMT}	INFO	[jepsen worker 10] jepsen.util: 58	:fail	:write	[2 2]	[:abort "TCP sender unavailable"]
2026-03-16 21:28:10,002{GMT}	INFO	[jepsen worker 3] jepsen.util: 51	:invoke	:cas	[0 [3 0]]
2026-03-16 21:28:10,003{GMT}	INFO	[jepsen worker 3] jepsen.util: 51	:fail	:cas	[0 [3 0]]	[:abort "TCP sender unavailable"]
2026-03-16 21:28:10,037{GMT}	INFO	[jepsen worker 6] jepsen.util: 54	:invoke	:write	[2 4]
2026-03-16 21:28:10,039{GMT}	INFO	[jepsen worker 6] jepsen.util: 54	:fail	:write	[2 4]	[:abort "TCP sender unavailable"]
2026-03-16 21:28:10,052{GMT}	INFO	[jepsen worker 6] jepsen.util: 54	:invoke	:cas	[2 [2 4]]
2026-03-16 21:28:10,053{GMT}	INFO	[jepsen worker 6] jepsen.util: 54	:fail	:cas	[2 [2 4]]	[:abort "TCP sender unavailable"]
2026-03-16 21:28:10,136{GMT}	INFO	[jepsen worker 6] jepsen.util: 54	:invoke	:cas	[2 [3 1]]
2026-03-16 21:28:10,139{GMT}	INFO	[jepsen worker 6] jepsen.util: 54	:fail	:cas	[2 [3 1]]	[:abort "TCP sender unavailable"]
2026-03-16 21:28:10,192{GMT}	INFO	[jepsen worker 6] jepsen.util: 54	:invoke	:cas	[2 [1 2]]
2026-03-16 21:28:10,193{GMT}	INFO	[jepsen worker 6] jepsen.util: 54	:fail	:cas	[2 [1 2]]	[:abort "TCP sender unavailable"]
2026-03-16 21:28:10,225{GMT}	INFO	[jepsen worker 3] jepsen.util: 51	:invoke	:cas	[0 [4 3]]
2026-03-16 21:28:10,227{GMT}	INFO	[jepsen worker 3] jepsen.util: 51	:fail	:cas	[0 [4 3]]	[:abort "TCP sender unavailable"]
2026-03-16 21:28:10,321{GMT}	INFO	[jepsen worker 0] jepsen.util: 0	:invoke	:read	[0 nil]
2026-03-16 21:28:10,322{GMT}	INFO	[jepsen worker 0] jepsen.util: 0	:fail	:read	[0 nil]	[:key-does-not-exist "not found"]
2026-03-16 21:28:10,331{GMT}	INFO	[jepsen worker 6] jepsen.util: 54	:invoke	:write	[2 3]
2026-03-16 21:28:10,332{GMT}	INFO	[jepsen worker 6] jepsen.util: 54	:fail	:write	[2 3]	[:abort "TCP sender unavailable"]
2026-03-16 21:28:10,430{GMT}	INFO	[jepsen worker 6] jepsen.util: 54	:invoke	:cas	[2 [2 1]]
2026-03-16 21:28:10,432{GMT}	INFO	[jepsen worker 6] jepsen.util: 54	:fail	:cas	[2 [2 1]]	[:abort "TCP sender unavailable"]
2026-03-16 21:28:10,447{GMT}	INFO	[jepsen worker 7] jepsen.util: 67	:invoke	:write	[2 3]
2026-03-16 21:28:10,448{GMT}	INFO	[jepsen worker 7] jepsen.util: 67	:fail	:write	[2 3]	[:abort "TCP sender unavailable"]
2026-03-16 21:28:10,482{GMT}	INFO	[jepsen worker 0] jepsen.util: 0	:invoke	:read	[0 nil]
2026-03-16 21:28:10,483{GMT}	INFO	[jepsen worker 0] jepsen.util: 0	:fail	:read	[0 nil]	[:key-does-not-exist "not found"]
2026-03-16 21:28:10,494{GMT}	INFO	[jepsen worker 9] jepsen.util: 57	:invoke	:cas	[2 [0 1]]
2026-03-16 21:28:10,495{GMT}	INFO	[jepsen worker 9] jepsen.util: 57	:fail	:cas	[2 [0 1]]	[:abort "TCP sender unavailable"]
2026-03-16 21:28:10,508{GMT}	INFO	[jepsen worker 10] jepsen.util: 58	:invoke	:cas	[2 [2 3]]
2026-03-16 21:28:10,509{GMT}	INFO	[jepsen worker 10] jepsen.util: 58	:fail	:cas	[2 [2 3]]	[:abort "TCP sender unavailable"]
2026-03-16 21:28:10,585{GMT}	INFO	[jepsen worker 11] jepsen.util: 59	:invoke	:write	[2 3]
2026-03-16 21:28:10,587{GMT}	INFO	[jepsen worker 11] jepsen.util: 59	:fail	:write	[2 3]	[:abort "TCP sender unavailable"]
2026-03-16 21:28:10,657{GMT}	INFO	[jepsen worker 6] jepsen.util: 54	:invoke	:cas	[2 [2 2]]
2026-03-16 21:28:10,661{GMT}	INFO	[jepsen worker 6] jepsen.util: 54	:fail	:cas	[2 [2 2]]	[:abort "TCP sender unavailable"]
2026-03-16 21:28:10,731{GMT}	INFO	[jepsen worker 0] jepsen.util: 0	:invoke	:read	[0 nil]
2026-03-16 21:28:10,736{GMT}	INFO	[jepsen worker 0] jepsen.util: 0	:fail	:read	[0 nil]	[:key-does-not-exist "not found"]
2026-03-16 21:28:10,770{GMT}	INFO	[jepsen worker 3] jepsen.util: 51	:invoke	:cas	[0 [1 2]]
2026-03-16 21:28:10,773{GMT}	INFO	[jepsen worker 3] jepsen.util: 51	:fail	:cas	[0 [1 2]]	[:abort "TCP sender unavailable"]
2026-03-16 21:28:10,840{GMT}	INFO	[jepsen worker 3] jepsen.util: 51	:invoke	:cas	[0 [3 2]]
2026-03-16 21:28:10,842{GMT}	INFO	[jepsen worker 3] jepsen.util: 51	:fail	:cas	[0 [3 2]]	[:abort "TCP sender unavailable"]
2026-03-16 21:28:10,903{GMT}	INFO	[jepsen worker 0] jepsen.util: 0	:invoke	:read	[0 nil]
2026-03-16 21:28:10,906{GMT}	INFO	[jepsen worker 0] jepsen.util: 0	:fail	:read	[0 nil]	[:key-does-not-exist "not found"]
2026-03-16 21:28:10,988{GMT}	INFO	[jepsen worker 6] jepsen.util: 54	:invoke	:cas	[2 [0 2]]
2026-03-16 21:28:10,993{GMT}	INFO	[jepsen worker 6] jepsen.util: 54	:fail	:cas	[2 [0 2]]	[:abort "TCP sender unavailable"]
2026-03-16 21:28:11,006{GMT}	INFO	[jepsen worker 6] jepsen.util: 54	:invoke	:cas	[2 [3 3]]
2026-03-16 21:28:11,011{GMT}	INFO	[jepsen worker 6] jepsen.util: 54	:fail	:cas	[2 [3 3]]	[:abort "TCP sender unavailable"]
2026-03-16 21:28:11,055{GMT}	INFO	[jepsen worker 6] jepsen.util: 54	:invoke	:cas	[2 [3 0]]
2026-03-16 21:28:11,058{GMT}	INFO	[jepsen worker 6] jepsen.util: 54	:fail	:cas	[2 [3 0]]	[:abort "TCP sender unavailable"]
2026-03-16 21:28:11,090{GMT}	INFO	[jepsen worker 3] jepsen.util: 51	:invoke	:write	[0 4]
2026-03-16 21:28:11,096{GMT}	INFO	[jepsen worker 3] jepsen.util: 51	:fail	:write	[0 4]	[:abort "TCP sender unavailable"]
2026-03-16 21:28:11,155{GMT}	INFO	[jepsen worker 0] jepsen.util: 0	:invoke	:read	[0 nil]
2026-03-16 21:28:11,159{GMT}	INFO	[jepsen worker 0] jepsen.util: 0	:fail	:read	[0 nil]	[:key-does-not-exist "not found"]
2026-03-16 21:28:11,241{GMT}	INFO	[jepsen worker 0] jepsen.util: 0	:invoke	:read	[0 nil]
2026-03-16 21:28:11,245{GMT}	INFO	[jepsen worker 0] jepsen.util: 0	:fail	:read	[0 nil]	[:key-does-not-exist "not found"]
2026-03-16 21:28:11,316{GMT}	INFO	[jepsen worker 3] jepsen.util: 51	:invoke	:cas	[0 [0 0]]
2026-03-16 21:28:11,318{GMT}	INFO	[jepsen worker 3] jepsen.util: 51	:fail	:cas	[0 [0 0]]	[:abort "TCP sender unavailable"]
2026-03-16 21:28:11,407{GMT}	INFO	[jepsen worker 3] jepsen.util: 51	:invoke	:write	[0 1]
2026-03-16 21:28:11,411{GMT}	INFO	[jepsen worker 3] jepsen.util: 51	:fail	:write	[0 1]	[:abort "TCP sender unavailable"]
2026-03-16 21:28:11,484{GMT}	INFO	[jepsen worker 6] jepsen.util: 54	:invoke	:write	[2 3]
2026-03-16 21:28:11,488{GMT}	INFO	[jepsen worker 6] jepsen.util: 54	:fail	:write	[2 3]	[:abort "TCP sender unavailable"]
2026-03-16 21:28:11,574{GMT}	INFO	[jepsen worker 0] jepsen.util: 0	:invoke	:read	[0 nil]
2026-03-16 21:28:11,578{GMT}	INFO	[jepsen worker 0] jepsen.util: 0	:fail	:read	[0 nil]	[:key-does-not-exist "not found"]
2026-03-16 21:28:11,677{GMT}	INFO	[jepsen worker 6] jepsen.util: 54	:invoke	:write	[2 4]
2026-03-16 21:28:11,682{GMT}	INFO	[jepsen worker 6] jepsen.util: 54	:fail	:write	[2 4]	[:abort "TCP sender unavailable"]
2026-03-16 21:28:11,775{GMT}	INFO	[jepsen worker 3] jepsen.util: 51	:invoke	:write	[0 3]
2026-03-16 21:28:11,780{GMT}	INFO	[jepsen worker 3] jepsen.util: 51	:fail	:write	[0 3]	[:abort "TCP sender unavailable"]
2026-03-16 21:28:11,847{GMT}	INFO	[jepsen worker 6] jepsen.util: 54	:invoke	:write	[2 2]
2026-03-16 21:28:11,849{GMT}	INFO	[jepsen worker 7] jepsen.util: 67	:invoke	:cas	[2 [4 0]]
2026-03-16 21:28:11,853{GMT}	INFO	[jepsen worker 6] jepsen.util: 54	:fail	:write	[2 2]	[:abort "TCP sender unavailable"]
2026-03-16 21:28:11,853{GMT}	INFO	[jepsen worker 7] jepsen.util: 67	:fail	:cas	[2 [4 0]]	[:abort "TCP sender unavailable"]
2026-03-16 21:28:11,893{GMT}	INFO	[jepsen worker 6] jepsen.util: 54	:invoke	:write	[2 2]
2026-03-16 21:28:11,899{GMT}	INFO	[jepsen worker 6] jepsen.util: 54	:fail	:write	[2 2]	[:abort "TCP sender unavailable"]
2026-03-16 21:28:11,943{GMT}	INFO	[jepsen worker 3] jepsen.util: 51	:invoke	:write	[0 1]
2026-03-16 21:28:11,948{GMT}	INFO	[jepsen worker 3] jepsen.util: 51	:fail	:write	[0 1]	[:abort "TCP sender unavailable"]
2026-03-16 21:28:11,965{GMT}	INFO	[jepsen worker 7] jepsen.util: 67	:invoke	:write	[2 4]
2026-03-16 21:28:11,970{GMT}	INFO	[jepsen worker 7] jepsen.util: 67	:fail	:write	[2 4]	[:abort "TCP sender unavailable"]
2026-03-16 21:28:12,039{GMT}	INFO	[jepsen worker 3] jepsen.util: 51	:invoke	:write	[0 2]
2026-03-16 21:28:12,045{GMT}	INFO	[jepsen worker 3] jepsen.util: 51	:fail	:write	[0 2]	[:abort "TCP sender unavailable"]
2026-03-16 21:28:12,048{GMT}	INFO	[jepsen worker 9] jepsen.util: 57	:invoke	:cas	[2 [2 0]]
2026-03-16 21:28:12,051{GMT}	INFO	[jepsen worker 9] jepsen.util: 57	:fail	:cas	[2 [2 0]]	[:abort "TCP sender unavailable"]
2026-03-16 21:28:12,085{GMT}	INFO	[jepsen worker 3] jepsen.util: 51	:invoke	:cas	[0 [4 4]]
2026-03-16 21:28:12,089{GMT}	INFO	[jepsen worker 3] jepsen.util: 51	:fail	:cas	[0 [4 4]]	[:abort "TCP sender unavailable"]
2026-03-16 21:28:12,116{GMT}	INFO	[jepsen worker 3] jepsen.util: 51	:invoke	:cas	[0 [3 2]]
2026-03-16 21:28:12,121{GMT}	INFO	[jepsen worker 3] jepsen.util: 51	:fail	:cas	[0 [3 2]]	[:abort "TCP sender unavailable"]
2026-03-16 21:28:12,149{GMT}	INFO	[jepsen worker 6] jepsen.util: 54	:invoke	:write	[2 2]
2026-03-16 21:28:12,153{GMT}	INFO	[jepsen worker 6] jepsen.util: 54	:fail	:write	[2 2]	[:abort "TCP sender unavailable"]
2026-03-16 21:28:12,178{GMT}	INFO	[jepsen worker 0] jepsen.util: 0	:invoke	:read	[0 nil]
2026-03-16 21:28:12,182{GMT}	INFO	[jepsen worker 0] jepsen.util: 0	:fail	:read	[0 nil]	[:key-does-not-exist "not found"]
2026-03-16 21:28:12,215{GMT}	INFO	[jepsen worker 1] jepsen.util: 1	:invoke	:read	[0 nil]
2026-03-16 21:28:12,219{GMT}	INFO	[jepsen worker 1] jepsen.util: 1	:fail	:read	[0 nil]	[:key-does-not-exist "not found"]
2026-03-16 21:28:12,296{GMT}	INFO	[jepsen worker 6] jepsen.util: 54	:invoke	:cas	[2 [4 1]]
2026-03-16 21:28:12,298{GMT}	INFO	[jepsen worker 6] jepsen.util: 54	:fail	:cas	[2 [4 1]]	[:abort "TCP sender unavailable"]
2026-03-16 21:28:12,332{GMT}	INFO	[jepsen worker 0] jepsen.util: 0	:invoke	:read	[0 nil]
2026-03-16 21:28:12,334{GMT}	INFO	[jepsen worker 0] jepsen.util: 0	:fail	:read	[0 nil]	[:key-does-not-exist "not found"]
2026-03-16 21:28:12,374{GMT}	INFO	[jepsen worker 6] jepsen.util: 54	:invoke	:cas	[2 [3 4]]
2026-03-16 21:28:12,378{GMT}	INFO	[jepsen worker 6] jepsen.util: 54	:fail	:cas	[2 [3 4]]	[:abort "TCP sender unavailable"]
2026-03-16 21:28:12,462{GMT}	INFO	[jepsen worker 0] jepsen.util: 0	:invoke	:read	[0 nil]
2026-03-16 21:28:12,467{GMT}	INFO	[jepsen worker 0] jepsen.util: 0	:fail	:read	[0 nil]	[:key-does-not-exist "not found"]
2026-03-16 21:28:12,478{GMT}	INFO	[jepsen worker 6] jepsen.util: 54	:invoke	:cas	[2 [2 2]]
2026-03-16 21:28:12,483{GMT}	INFO	[jepsen worker 6] jepsen.util: 54	:fail	:cas	[2 [2 2]]	[:abort "TCP sender unavailable"]
2026-03-16 21:28:12,545{GMT}	INFO	[jepsen worker 3] jepsen.util: 51	:invoke	:cas	[0 [2 2]]
2026-03-16 21:28:12,549{GMT}	INFO	[jepsen worker 3] jepsen.util: 51	:fail	:cas	[0 [2 2]]	[:abort "TCP sender unavailable"]
2026-03-16 21:28:12,616{GMT}	INFO	[jepsen worker 0] jepsen.util: 0	:invoke	:read	[0 nil]
2026-03-16 21:28:12,618{GMT}	INFO	[jepsen worker 0] jepsen.util: 0	:fail	:read	[0 nil]	[:key-does-not-exist "not found"]
2026-03-16 21:28:12,647{GMT}	INFO	[jepsen worker 0] jepsen.util: 0	:invoke	:read	[0 nil]
2026-03-16 21:28:12,650{GMT}	INFO	[jepsen worker 0] jepsen.util: 0	:fail	:read	[0 nil]	[:key-does-not-exist "not found"]
2026-03-16 21:28:12,722{GMT}	INFO	[jepsen worker 3] jepsen.util: 51	:invoke	:write	[0 3]
2026-03-16 21:28:12,724{GMT}	INFO	[jepsen worker 3] jepsen.util: 51	:fail	:write	[0 3]	[:abort "TCP sender unavailable"]
2026-03-16 21:28:12,735{GMT}	INFO	[jepsen worker 0] jepsen.util: 0	:invoke	:read	[0 nil]
2026-03-16 21:28:12,736{GMT}	INFO	[jepsen worker 0] jepsen.util: 0	:fail	:read	[0 nil]	[:key-does-not-exist "not found"]
2026-03-16 21:28:12,763{GMT}	INFO	[jepsen worker 0] jepsen.util: 0	:invoke	:read	[0 nil]
2026-03-16 21:28:12,765{GMT}	INFO	[jepsen worker 0] jepsen.util: 0	:fail	:read	[0 nil]	[:key-does-not-exist "not found"]
2026-03-16 21:28:12,859{GMT}	INFO	[jepsen worker 6] jepsen.util: 54	:invoke	:write	[2 3]
2026-03-16 21:28:12,863{GMT}	INFO	[jepsen worker 6] jepsen.util: 54	:fail	:write	[2 3]	[:abort "TCP sender unavailable"]
2026-03-16 21:28:12,892{GMT}	INFO	[jepsen worker 6] jepsen.util: 54	:invoke	:cas	[2 [2 4]]
2026-03-16 21:28:12,894{GMT}	INFO	[jepsen worker 6] jepsen.util: 54	:fail	:cas	[2 [2 4]]	[:abort "TCP sender unavailable"]
2026-03-16 21:28:12,991{GMT}	INFO	[jepsen worker 6] jepsen.util: 54	:invoke	:cas	[2 [0 0]]
2026-03-16 21:28:12,995{GMT}	INFO	[jepsen worker 6] jepsen.util: 54	:fail	:cas	[2 [0 0]]	[:abort "TCP sender unavailable"]
2026-03-16 21:28:13,064{GMT}	INFO	[jepsen worker 0] jepsen.util: 0	:invoke	:read	[0 nil]
2026-03-16 21:28:13,066{GMT}	INFO	[jepsen worker 0] jepsen.util: 0	:fail	:read	[0 nil]	[:key-does-not-exist "not found"]
2026-03-16 21:28:13,067{GMT}	INFO	[jepsen worker 0] jepsen.util: 0	:invoke	:read	[0 nil]
2026-03-16 21:28:13,068{GMT}	INFO	[jepsen worker 0] jepsen.util: 0	:fail	:read	[0 nil]	[:key-does-not-exist "not found"]
2026-03-16 21:28:13,168{GMT}	INFO	[jepsen worker 0] jepsen.util: 0	:invoke	:read	[0 nil]
2026-03-16 21:28:13,170{GMT}	INFO	[jepsen worker 0] jepsen.util: 0	:fail	:read	[0 nil]	[:key-does-not-exist "not found"]
2026-03-16 21:28:13,223{GMT}	INFO	[jepsen worker 3] jepsen.util: 51	:invoke	:cas	[0 [2 1]]
2026-03-16 21:28:13,227{GMT}	INFO	[jepsen worker 3] jepsen.util: 51	:fail	:cas	[0 [2 1]]	[:abort "TCP sender unavailable"]
2026-03-16 21:28:13,269{GMT}	INFO	[jepsen worker 7] jepsen.util: 67	:invoke	:write	[2 4]
2026-03-16 21:28:13,271{GMT}	INFO	[jepsen worker 7] jepsen.util: 67	:fail	:write	[2 4]	[:abort "TCP sender unavailable"]
2026-03-16 21:28:13,275{GMT}	INFO	[jepsen worker 8] jepsen.util: 56	:invoke	:cas	[2 [4 1]]
2026-03-16 21:28:13,276{GMT}	INFO	[jepsen worker 8] jepsen.util: 56	:fail	:cas	[2 [4 1]]	[:abort "TCP sender unavailable"]
2026-03-16 21:28:13,338{GMT}	INFO	[jepsen worker 9] jepsen.util: 57	:invoke	:cas	[2 [2 3]]
2026-03-16 21:28:13,340{GMT}	INFO	[jepsen worker 9] jepsen.util: 57	:fail	:cas	[2 [2 3]]	[:abort "TCP sender unavailable"]
2026-03-16 21:28:13,400{GMT}	INFO	[jepsen worker 0] jepsen.util: 0	:invoke	:read	[0 nil]
2026-03-16 21:28:13,402{GMT}	INFO	[jepsen worker 0] jepsen.util: 0	:fail	:read	[0 nil]	[:key-does-not-exist "not found"]
2026-03-16 21:28:13,441{GMT}	INFO	[jepsen worker 11] jepsen.util: 59	:invoke	:write	[2 1]
2026-03-16 21:28:13,443{GMT}	INFO	[jepsen worker 11] jepsen.util: 59	:fail	:write	[2 1]	[:abort "TCP sender unavailable"]
2026-03-16 21:28:13,529{GMT}	INFO	[jepsen worker 6] jepsen.util: 54	:invoke	:cas	[2 [2 3]]
2026-03-16 21:28:13,531{GMT}	INFO	[jepsen worker 6] jepsen.util: 54	:fail	:cas	[2 [2 3]]	[:abort "TCP sender unavailable"]
2026-03-16 21:28:13,578{GMT}	INFO	[jepsen worker 6] jepsen.util: 54	:invoke	:cas	[2 [3 4]]
2026-03-16 21:28:13,579{GMT}	INFO	[jepsen worker 6] jepsen.util: 54	:fail	:cas	[2 [3 4]]	[:abort "TCP sender unavailable"]
2026-03-16 21:28:13,629{GMT}	INFO	[jepsen worker 3] jepsen.util: 51	:invoke	:cas	[0 [4 3]]
2026-03-16 21:28:13,631{GMT}	INFO	[jepsen worker 3] jepsen.util: 51	:fail	:cas	[0 [4 3]]	[:abort "TCP sender unavailable"]
2026-03-16 21:28:13,643{GMT}	INFO	[jepsen worker 6] jepsen.util: 54	:invoke	:cas	[2 [4 0]]
2026-03-16 21:28:13,644{GMT}	INFO	[jepsen worker 6] jepsen.util: 54	:fail	:cas	[2 [4 0]]	[:abort "TCP sender unavailable"]
2026-03-16 21:28:13,687{GMT}	INFO	[jepsen worker 0] jepsen.util: 0	:invoke	:read	[0 nil]
2026-03-16 21:28:13,689{GMT}	INFO	[jepsen worker 0] jepsen.util: 0	:fail	:read	[0 nil]	[:key-does-not-exist "not found"]
2026-03-16 21:28:13,704{GMT}	INFO	[jepsen worker 6] jepsen.util: 54	:invoke	:write	[2 3]
2026-03-16 21:28:13,706{GMT}	INFO	[jepsen worker 6] jepsen.util: 54	:fail	:write	[2 3]	[:abort "TCP sender unavailable"]
2026-03-16 21:28:13,790{GMT}	INFO	[jepsen worker 0] jepsen.util: 0	:invoke	:read	[0 nil]
2026-03-16 21:28:13,794{GMT}	INFO	[jepsen worker 0] jepsen.util: 0	:fail	:read	[0 nil]	[:key-does-not-exist "not found"]
2026-03-16 21:28:13,858{GMT}	INFO	[jepsen worker 6] jepsen.util: 54	:invoke	:write	[2 3]
2026-03-16 21:28:13,860{GMT}	INFO	[jepsen worker 6] jepsen.util: 54	:fail	:write	[2 3]	[:abort "TCP sender unavailable"]
2026-03-16 21:28:13,934{GMT}	INFO	[jepsen worker 7] jepsen.util: 67	:invoke	:write	[2 4]
2026-03-16 21:28:13,936{GMT}	INFO	[jepsen worker 7] jepsen.util: 67	:fail	:write	[2 4]	[:abort "TCP sender unavailable"]
2026-03-16 21:28:14,003{GMT}	INFO	[jepsen worker 3] jepsen.util: 51	:invoke	:cas	[0 [2 4]]
2026-03-16 21:28:14,004{GMT}	INFO	[jepsen worker 3] jepsen.util: 51	:fail	:cas	[0 [2 4]]	[:abort "TCP sender unavailable"]
2026-03-16 21:28:14,024{GMT}	INFO	[jepsen worker 9] jepsen.util: 57	:invoke	:cas	[2 [3 3]]
2026-03-16 21:28:14,025{GMT}	INFO	[jepsen worker 9] jepsen.util: 57	:fail	:cas	[2 [3 3]]	[:abort "TCP sender unavailable"]
2026-03-16 21:28:14,098{GMT}	INFO	[jepsen worker 10] jepsen.util: 58	:invoke	:cas	[2 [4 0]]
2026-03-16 21:28:14,100{GMT}	INFO	[jepsen worker 10] jepsen.util: 58	:fail	:cas	[2 [4 0]]	[:abort "TCP sender unavailable"]
2026-03-16 21:28:14,159{GMT}	INFO	[jepsen worker 3] jepsen.util: 51	:invoke	:cas	[0 [3 0]]
2026-03-16 21:28:14,161{GMT}	INFO	[jepsen worker 3] jepsen.util: 51	:fail	:cas	[0 [3 0]]	[:abort "TCP sender unavailable"]
2026-03-16 21:28:14,246{GMT}	INFO	[jepsen worker 3] jepsen.util: 51	:invoke	:write	[0 4]
2026-03-16 21:28:14,248{GMT}	INFO	[jepsen worker 3] jepsen.util: 51	:fail	:write	[0 4]	[:abort "TCP sender unavailable"]
2026-03-16 21:28:14,308{GMT}	INFO	[jepsen worker 3] jepsen.util: 51	:invoke	:cas	[0 [0 1]]
2026-03-16 21:28:14,310{GMT}	INFO	[jepsen worker 3] jepsen.util: 51	:fail	:cas	[0 [0 1]]	[:abort "TCP sender unavailable"]
2026-03-16 21:28:14,357{GMT}	INFO	[jepsen worker 6] jepsen.util: 54	:invoke	:write	[2 2]
2026-03-16 21:28:14,359{GMT}	INFO	[jepsen worker 6] jepsen.util: 54	:fail	:write	[2 2]	[:abort "TCP sender unavailable"]
2026-03-16 21:28:14,396{GMT}	INFO	[jepsen worker 3] jepsen.util: 51	:invoke	:write	[0 3]
2026-03-16 21:28:14,398{GMT}	INFO	[jepsen worker 3] jepsen.util: 51	:fail	:write	[0 3]	[:abort "TCP sender unavailable"]
2026-03-16 21:28:14,484{GMT}	INFO	[jepsen worker 0] jepsen.util: 0	:invoke	:read	[0 nil]
2026-03-16 21:28:14,486{GMT}	INFO	[jepsen worker 0] jepsen.util: 0	:fail	:read	[0 nil]	[:key-does-not-exist "not found"]
2026-03-16 21:28:14,518{GMT}	INFO	[jepsen worker 4] jepsen.util: 52	:invoke	:write	[0 3]
2026-03-16 21:28:14,520{GMT}	INFO	[jepsen worker 4] jepsen.util: 52	:fail	:write	[0 3]	[:abort "TCP sender unavailable"]
2026-03-16 21:28:14,540{GMT}	INFO	[jepsen worker 5] jepsen.util: 53	:invoke	:write	[0 2]
2026-03-16 21:28:14,542{GMT}	INFO	[jepsen worker 5] jepsen.util: 53	:fail	:write	[0 2]	[:abort "TCP sender unavailable"]
2026-03-16 21:28:14,581{GMT}	INFO	[jepsen worker 6] jepsen.util: 54	:invoke	:write	[2 0]
2026-03-16 21:28:14,583{GMT}	INFO	[jepsen worker 6] jepsen.util: 54	:fail	:write	[2 0]	[:abort "TCP sender unavailable"]
2026-03-16 21:28:14,631{GMT}	INFO	[jepsen worker 7] jepsen.util: 67	:invoke	:write	[2 2]
2026-03-16 21:28:14,632{GMT}	INFO	[jepsen worker 7] jepsen.util: 67	:fail	:write	[2 2]	[:abort "TCP sender unavailable"]
2026-03-16 21:28:14,732{GMT}	INFO	[jepsen worker 0] jepsen.util: 0	:invoke	:read	[0 nil]
2026-03-16 21:28:14,734{GMT}	INFO	[jepsen worker 0] jepsen.util: 0	:fail	:read	[0 nil]	[:key-does-not-exist "not found"]
2026-03-16 21:28:14,801{GMT}	INFO	[jepsen worker 0] jepsen.util: 0	:invoke	:read	[0 nil]
2026-03-16 21:28:14,804{GMT}	INFO	[jepsen worker 0] jepsen.util: 0	:fail	:read	[0 nil]	[:key-does-not-exist "not found"]
2026-03-16 21:28:14,812{GMT}	INFO	[jepsen worker 10] jepsen.util: 58	:invoke	:cas	[2 [4 1]]
2026-03-16 21:28:14,814{GMT}	INFO	[jepsen worker 10] jepsen.util: 58	:fail	:cas	[2 [4 1]]	[:abort "TCP sender unavailable"]
2026-03-16 21:28:14,881{GMT}	INFO	[jepsen worker 11] jepsen.util: 59	:invoke	:cas	[2 [1 3]]
2026-03-16 21:28:14,883{GMT}	INFO	[jepsen worker 11] jepsen.util: 59	:fail	:cas	[2 [1 3]]	[:abort "TCP sender unavailable"]
2026-03-16 21:28:14,948{GMT}	INFO	[jepsen worker 0] jepsen.util: 0	:invoke	:read	[0 nil]
2026-03-16 21:28:14,951{GMT}	INFO	[jepsen worker 0] jepsen.util: 0	:fail	:read	[0 nil]	[:key-does-not-exist "not found"]
2026-03-16 21:28:15,019{GMT}	INFO	[jepsen worker 6] jepsen.util: 54	:invoke	:cas	[2 [4 1]]
2026-03-16 21:28:15,023{GMT}	INFO	[jepsen worker 6] jepsen.util: 54	:fail	:cas	[2 [4 1]]	[:abort "TCP sender unavailable"]
2026-03-16 21:28:15,095{GMT}	INFO	[jepsen worker 6] jepsen.util: 54	:invoke	:cas	[2 [3 3]]
2026-03-16 21:28:15,100{GMT}	INFO	[jepsen worker 6] jepsen.util: 54	:fail	:cas	[2 [3 3]]	[:abort "TCP sender unavailable"]
2026-03-16 21:28:15,118{GMT}	INFO	[jepsen worker 6] jepsen.util: 54	:invoke	:write	[2 3]
2026-03-16 21:28:15,132{GMT}	INFO	[jepsen worker 6] jepsen.util: 54	:fail	:write	[2 3]	[:abort "TCP sender unavailable"]
2026-03-16 21:28:15,163{GMT}	INFO	[jepsen worker 6] jepsen.util: 54	:invoke	:cas	[2 [1 3]]
2026-03-16 21:28:15,165{GMT}	INFO	[jepsen worker 6] jepsen.util: 54	:fail	:cas	[2 [1 3]]	[:abort "TCP sender unavailable"]
2026-03-16 21:28:15,206{GMT}	INFO	[jepsen worker 0] jepsen.util: 0	:invoke	:read	[0 nil]
2026-03-16 21:28:15,208{GMT}	INFO	[jepsen worker 0] jepsen.util: 0	:fail	:read	[0 nil]	[:key-does-not-exist "not found"]
2026-03-16 21:28:15,260{GMT}	INFO	[jepsen worker 5] jepsen.util: 53	:invoke	:cas	[0 [1 4]]
2026-03-16 21:28:15,262{GMT}	INFO	[jepsen worker 5] jepsen.util: 53	:fail	:cas	[0 [1 4]]	[:abort "TCP sender unavailable"]
2026-03-16 21:28:15,352{GMT}	INFO	[jepsen worker 3] jepsen.util: 51	:invoke	:cas	[0 [3 1]]
2026-03-16 21:28:15,355{GMT}	INFO	[jepsen worker 3] jepsen.util: 51	:fail	:cas	[0 [3 1]]	[:abort "TCP sender unavailable"]
2026-03-16 21:28:15,422{GMT}	INFO	[jepsen worker 3] jepsen.util: 51	:invoke	:cas	[0 [3 1]]
2026-03-16 21:28:15,424{GMT}	INFO	[jepsen worker 8] jepsen.util: 56	:invoke	:cas	[2 [1 0]]
2026-03-16 21:28:15,424{GMT}	INFO	[jepsen worker 3] jepsen.util: 51	:fail	:cas	[0 [3 1]]	[:abort "TCP sender unavailable"]
2026-03-16 21:28:15,426{GMT}	INFO	[jepsen worker 8] jepsen.util: 56	:fail	:cas	[2 [1 0]]	[:abort "TCP sender unavailable"]
2026-03-16 21:28:15,478{GMT}	INFO	[jepsen worker 9] jepsen.util: 57	:invoke	:cas	[2 [4 0]]
2026-03-16 21:28:15,479{GMT}	INFO	[jepsen worker 9] jepsen.util: 57	:fail	:cas	[2 [4 0]]	[:abort "TCP sender unavailable"]
2026-03-16 21:28:15,540{GMT}	INFO	[jepsen worker 3] jepsen.util: 51	:invoke	:write	[0 2]
2026-03-16 21:28:15,542{GMT}	INFO	[jepsen worker 3] jepsen.util: 51	:fail	:write	[0 2]	[:abort "TCP sender unavailable"]
2026-03-16 21:28:15,607{GMT}	INFO	[jepsen worker 11] jepsen.util: 59	:invoke	:write	[2 2]
2026-03-16 21:28:15,608{GMT}	INFO	[jepsen worker 11] jepsen.util: 59	:fail	:write	[2 2]	[:abort "TCP sender unavailable"]
2026-03-16 21:28:15,693{GMT}	INFO	[jepsen worker 6] jepsen.util: 54	:invoke	:cas	[2 [4 4]]
2026-03-16 21:28:15,695{GMT}	INFO	[jepsen worker 6] jepsen.util: 54	:fail	:cas	[2 [4 4]]	[:abort "TCP sender unavailable"]
2026-03-16 21:28:15,699{GMT}	INFO	[jepsen worker 0] jepsen.util: 0	:invoke	:read	[0 nil]
2026-03-16 21:28:15,701{GMT}	INFO	[jepsen worker 0] jepsen.util: 0	:fail	:read	[0 nil]	[:key-does-not-exist "not found"]
2026-03-16 21:28:15,720{GMT}	INFO	[jepsen worker 6] jepsen.util: 54	:invoke	:cas	[2 [1 0]]
2026-03-16 21:28:15,722{GMT}	INFO	[jepsen worker 6] jepsen.util: 54	:fail	:cas	[2 [1 0]]	[:abort "TCP sender unavailable"]
2026-03-16 21:28:15,822{GMT}	INFO	[jepsen worker 6] jepsen.util: 54	:invoke	:write	[2 3]
2026-03-16 21:28:15,824{GMT}	INFO	[jepsen worker 7] jepsen.util: 67	:invoke	:cas	[2 [4 3]]
2026-03-16 21:28:15,827{GMT}	INFO	[jepsen worker 6] jepsen.util: 54	:fail	:write	[2 3]	[:abort "TCP sender unavailable"]
2026-03-16 21:28:15,828{GMT}	INFO	[jepsen worker 7] jepsen.util: 67	:fail	:cas	[2 [4 3]]	[:abort "TCP sender unavailable"]
2026-03-16 21:28:15,859{GMT}	INFO	[jepsen worker 6] jepsen.util: 54	:invoke	:cas	[2 [4 3]]
2026-03-16 21:28:15,863{GMT}	INFO	[jepsen worker 6] jepsen.util: 54	:fail	:cas	[2 [4 3]]	[:abort "TCP sender unavailable"]
2026-03-16 21:28:15,934{GMT}	INFO	[jepsen worker 6] jepsen.util: 54	:invoke	:write	[2 1]
2026-03-16 21:28:15,938{GMT}	INFO	[jepsen worker 6] jepsen.util: 54	:fail	:write	[2 1]	[:abort "TCP sender unavailable"]
2026-03-16 21:28:15,993{GMT}	INFO	[jepsen worker 0] jepsen.util: 0	:invoke	:read	[0 nil]
2026-03-16 21:28:16,004{GMT}	INFO	[jepsen worker 0] jepsen.util: 0	:fail	:read	[0 nil]	[:key-does-not-exist "not found"]
2026-03-16 21:28:16,092{GMT}	INFO	[jepsen worker 3] jepsen.util: 51	:invoke	:cas	[0 [2 2]]
2026-03-16 21:28:16,094{GMT}	INFO	[jepsen worker 3] jepsen.util: 51	:fail	:cas	[0 [2 2]]	[:abort "TCP sender unavailable"]
2026-03-16 21:28:16,177{GMT}	INFO	[jepsen worker 8] jepsen.util: 56	:invoke	:cas	[2 [4 4]]
2026-03-16 21:28:16,180{GMT}	INFO	[jepsen worker 8] jepsen.util: 56	:fail	:cas	[2 [4 4]]	[:abort "TCP sender unavailable"]
2026-03-16 21:28:16,260{GMT}	INFO	[jepsen worker 3] jepsen.util: 51	:invoke	:write	[0 3]
2026-03-16 21:28:16,264{GMT}	INFO	[jepsen worker 3] jepsen.util: 51	:fail	:write	[0 3]	[:abort "TCP sender unavailable"]
2026-03-16 21:28:16,274{GMT}	INFO	[jepsen worker 0] jepsen.util: 0	:invoke	:read	[0 nil]
2026-03-16 21:28:16,276{GMT}	INFO	[jepsen worker 0] jepsen.util: 0	:fail	:read	[0 nil]	[:key-does-not-exist "not found"]
2026-03-16 21:28:16,341{GMT}	INFO	[jepsen worker 3] jepsen.util: 51	:invoke	:cas	[0 [1 3]]
2026-03-16 21:28:16,344{GMT}	INFO	[jepsen worker 3] jepsen.util: 51	:fail	:cas	[0 [1 3]]	[:abort "TCP sender unavailable"]
2026-03-16 21:28:16,432{GMT}	INFO	[jepsen worker 0] jepsen.util: 0	:invoke	:read	[0 nil]
2026-03-16 21:28:16,437{GMT}	INFO	[jepsen worker 0] jepsen.util: 0	:fail	:read	[0 nil]	[:key-does-not-exist "not found"]
2026-03-16 21:28:16,491{GMT}	INFO	[jepsen worker 6] jepsen.util: 54	:invoke	:cas	[2 [3 0]]
2026-03-16 21:28:16,494{GMT}	INFO	[jepsen worker 6] jepsen.util: 54	:fail	:cas	[2 [3 0]]	[:abort "TCP sender unavailable"]
2026-03-16 21:28:16,542{GMT}	INFO	[jepsen worker 1] jepsen.util: 1	:invoke	:read	[0 nil]
2026-03-16 21:28:16,545{GMT}	INFO	[jepsen worker 1] jepsen.util: 1	:fail	:read	[0 nil]	[:key-does-not-exist "not found"]
2026-03-16 21:28:16,610{GMT}	INFO	[jepsen worker 3] jepsen.util: 51	:invoke	:cas	[0 [4 2]]
2026-03-16 21:28:16,613{GMT}	INFO	[jepsen worker 3] jepsen.util: 51	:fail	:cas	[0 [4 2]]	[:abort "TCP sender unavailable"]
2026-03-16 21:28:16,694{GMT}	INFO	[jepsen worker 0] jepsen.util: 0	:invoke	:read	[0 nil]
2026-03-16 21:28:16,699{GMT}	INFO	[jepsen worker 0] jepsen.util: 0	:fail	:read	[0 nil]	[:key-does-not-exist "not found"]
2026-03-16 21:28:16,712{GMT}	INFO	[jepsen worker 6] jepsen.util: 54	:invoke	:cas	[2 [4 3]]
2026-03-16 21:28:16,720{GMT}	INFO	[jepsen worker 6] jepsen.util: 54	:fail	:cas	[2 [4 3]]	[:abort "TCP sender unavailable"]
2026-03-16 21:28:16,745{GMT}	INFO	[jepsen worker 5] jepsen.util: 53	:invoke	:cas	[0 [2 1]]
2026-03-16 21:28:16,749{GMT}	INFO	[jepsen worker 5] jepsen.util: 53	:fail	:cas	[0 [2 1]]	[:abort "TCP sender unavailable"]
2026-03-16 21:28:16,795{GMT}	INFO	[jepsen worker 6] jepsen.util: 54	:invoke	:write	[2 1]
2026-03-16 21:28:16,799{GMT}	INFO	[jepsen worker 6] jepsen.util: 54	:fail	:write	[2 1]	[:abort "TCP sender unavailable"]
2026-03-16 21:28:16,824{GMT}	INFO	[jepsen worker 7] jepsen.util: 67	:invoke	:cas	[2 [4 3]]
2026-03-16 21:28:16,827{GMT}	INFO	[jepsen worker 7] jepsen.util: 67	:fail	:cas	[2 [4 3]]	[:abort "TCP sender unavailable"]
2026-03-16 21:28:16,864{GMT}	INFO	[jepsen worker 8] jepsen.util: 56	:invoke	:cas	[2 [3 1]]
2026-03-16 21:28:16,866{GMT}	INFO	[jepsen worker 8] jepsen.util: 56	:fail	:cas	[2 [3 1]]	[:abort "TCP sender unavailable"]
2026-03-16 21:28:16,957{GMT}	INFO	[jepsen worker 0] jepsen.util: 0	:invoke	:read	[0 nil]
2026-03-16 21:28:16,959{GMT}	INFO	[jepsen worker 0] jepsen.util: 0	:fail	:read	[0 nil]	[:key-does-not-exist "not found"]
2026-03-16 21:28:16,964{GMT}	INFO	[jepsen worker 3] jepsen.util: 51	:invoke	:cas	[0 [4 2]]
2026-03-16 21:28:16,965{GMT}	INFO	[jepsen worker 3] jepsen.util: 51	:fail	:cas	[0 [4 2]]	[:abort "TCP sender unavailable"]
2026-03-16 21:28:17,006{GMT}	INFO	[jepsen worker 11] jepsen.util: 59	:invoke	:write	[2 2]
2026-03-16 21:28:17,007{GMT}	INFO	[jepsen worker 11] jepsen.util: 59	:fail	:write	[2 2]	[:abort "TCP sender unavailable"]
2026-03-16 21:28:17,016{GMT}	INFO	[jepsen worker 0] jepsen.util: 0	:invoke	:read	[0 nil]
2026-03-16 21:28:17,017{GMT}	INFO	[jepsen worker 0] jepsen.util: 0	:fail	:read	[0 nil]	[:key-does-not-exist "not found"]
2026-03-16 21:28:17,046{GMT}	INFO	[jepsen worker 0] jepsen.util: 0	:invoke	:read	[0 nil]
2026-03-16 21:28:17,047{GMT}	INFO	[jepsen worker 0] jepsen.util: 0	:fail	:read	[0 nil]	[:key-does-not-exist "not found"]
2026-03-16 21:28:17,138{GMT}	INFO	[jepsen worker 3] jepsen.util: 51	:invoke	:cas	[0 [3 0]]
2026-03-16 21:28:17,142{GMT}	INFO	[jepsen worker 3] jepsen.util: 51	:fail	:cas	[0 [3 0]]	[:abort "TCP sender unavailable"]
2026-03-16 21:28:17,192{GMT}	INFO	[jepsen worker 6] jepsen.util: 54	:invoke	:write	[2 0]
2026-03-16 21:28:17,196{GMT}	INFO	[jepsen worker 6] jepsen.util: 54	:fail	:write	[2 0]	[:abort "TCP sender unavailable"]
2026-03-16 21:28:17,197{GMT}	INFO	[jepsen worker 3] jepsen.util: 51	:invoke	:write	[0 2]
2026-03-16 21:28:17,199{GMT}	INFO	[jepsen worker 3] jepsen.util: 51	:fail	:write	[0 2]	[:abort "TCP sender unavailable"]
2026-03-16 21:28:17,299{GMT}	INFO	[jepsen worker 6] jepsen.util: 54	:invoke	:cas	[2 [4 3]]
2026-03-16 21:28:17,303{GMT}	INFO	[jepsen worker 6] jepsen.util: 54	:fail	:cas	[2 [4 3]]	[:abort "TCP sender unavailable"]
2026-03-16 21:28:17,395{GMT}	INFO	[jepsen worker 6] jepsen.util: 54	:invoke	:cas	[2 [3 2]]
2026-03-16 21:28:17,399{GMT}	INFO	[jepsen worker 6] jepsen.util: 54	:fail	:cas	[2 [3 2]]	[:abort "TCP sender unavailable"]
2026-03-16 21:28:17,456{GMT}	INFO	[jepsen worker 3] jepsen.util: 51	:invoke	:cas	[0 [2 4]]
2026-03-16 21:28:17,460{GMT}	INFO	[jepsen worker 3] jepsen.util: 51	:fail	:cas	[0 [2 4]]	[:abort "TCP sender unavailable"]
2026-03-16 21:28:17,464{GMT}	INFO	[jepsen worker 7] jepsen.util: 67	:invoke	:write	[2 4]
2026-03-16 21:28:17,467{GMT}	INFO	[jepsen worker 7] jepsen.util: 67	:fail	:write	[2 4]	[:abort "TCP sender unavailable"]
2026-03-16 21:28:17,526{GMT}	INFO	[jepsen worker 8] jepsen.util: 56	:invoke	:write	[2 4]
2026-03-16 21:28:17,531{GMT}	INFO	[jepsen worker 8] jepsen.util: 56	:fail	:write	[2 4]	[:abort "TCP sender unavailable"]
2026-03-16 21:28:17,608{GMT}	INFO	[jepsen worker 9] jepsen.util: 57	:invoke	:cas	[2 [0 2]]
2026-03-16 21:28:17,608{GMT}	INFO	[jepsen worker 0] jepsen.util: 0	:invoke	:read	[0 nil]
2026-03-16 21:28:17,612{GMT}	INFO	[jepsen worker 0] jepsen.util: 0	:fail	:read	[0 nil]	[:key-does-not-exist "not found"]
2026-03-16 21:28:17,613{GMT}	INFO	[jepsen worker 9] jepsen.util: 57	:fail	:cas	[2 [0 2]]	[:abort "TCP sender unavailable"]
2026-03-16 21:28:17,680{GMT}	INFO	[jepsen worker 3] jepsen.util: 51	:invoke	:write	[0 2]
2026-03-16 21:28:17,685{GMT}	INFO	[jepsen worker 3] jepsen.util: 51	:fail	:write	[0 2]	[:abort "TCP sender unavailable"]
2026-03-16 21:28:17,763{GMT}	INFO	[jepsen worker 6] jepsen.util: 54	:invoke	:cas	[2 [3 0]]
2026-03-16 21:28:17,765{GMT}	INFO	[jepsen worker 6] jepsen.util: 54	:fail	:cas	[2 [3 0]]	[:abort "TCP sender unavailable"]
2026-03-16 21:28:17,840{GMT}	INFO	[jepsen worker 3] jepsen.util: 51	:invoke	:write	[0 4]
2026-03-16 21:28:17,842{GMT}	INFO	[jepsen worker 3] jepsen.util: 51	:fail	:write	[0 4]	[:abort "TCP sender unavailable"]
2026-03-16 21:28:17,856{GMT}	INFO	[jepsen worker 6] jepsen.util: 54	:invoke	:cas	[2 [0 4]]
2026-03-16 21:28:17,858{GMT}	INFO	[jepsen worker 6] jepsen.util: 54	:fail	:cas	[2 [0 4]]	[:abort "TCP sender unavailable"]
2026-03-16 21:28:17,860{GMT}	INFO	[jepsen worker 3] jepsen.util: 51	:invoke	:write	[0 4]
2026-03-16 21:28:17,861{GMT}	INFO	[jepsen worker 3] jepsen.util: 51	:fail	:write	[0 4]	[:abort "TCP sender unavailable"]
2026-03-16 21:28:17,963{GMT}	INFO	[jepsen worker 3] jepsen.util: 51	:invoke	:cas	[0 [4 2]]
2026-03-16 21:28:17,969{GMT}	INFO	[jepsen worker 3] jepsen.util: 51	:fail	:cas	[0 [4 2]]	[:abort "TCP sender unavailable"]
2026-03-16 21:28:18,033{GMT}	INFO	[jepsen worker 6] jepsen.util: 54	:invoke	:cas	[2 [3 1]]
2026-03-16 21:28:18,038{GMT}	INFO	[jepsen worker 6] jepsen.util: 54	:fail	:cas	[2 [3 1]]	[:abort "TCP sender unavailable"]
2026-03-16 21:28:18,134{GMT}	INFO	[jepsen worker 0] jepsen.util: 0	:invoke	:read	[0 nil]
2026-03-16 21:28:18,139{GMT}	INFO	[jepsen worker 0] jepsen.util: 0	:fail	:read	[0 nil]	[:key-does-not-exist "not found"]
2026-03-16 21:28:18,211{GMT}	INFO	[jepsen worker 6] jepsen.util: 54	:invoke	:cas	[2 [0 2]]
2026-03-16 21:28:18,214{GMT}	INFO	[jepsen worker 6] jepsen.util: 54	:fail	:cas	[2 [0 2]]	[:abort "TCP sender unavailable"]
2026-03-16 21:28:18,243{GMT}	INFO	[jepsen worker 7] jepsen.util: 67	:invoke	:cas	[2 [0 0]]
2026-03-16 21:28:18,246{GMT}	INFO	[jepsen worker 7] jepsen.util: 67	:fail	:cas	[2 [0 0]]	[:abort "TCP sender unavailable"]
2026-03-16 21:28:18,254{GMT}	INFO	[jepsen worker 8] jepsen.util: 56	:invoke	:cas	[2 [3 1]]
2026-03-16 21:28:18,256{GMT}	INFO	[jepsen worker 8] jepsen.util: 56	:fail	:cas	[2 [3 1]]	[:abort "TCP sender unavailable"]
2026-03-16 21:28:18,347{GMT}	INFO	[jepsen worker 9] jepsen.util: 57	:invoke	:write	[2 2]
2026-03-16 21:28:18,350{GMT}	INFO	[jepsen worker 9] jepsen.util: 57	:fail	:write	[2 2]	[:abort "TCP sender unavailable"]
2026-03-16 21:28:18,441{GMT}	INFO	[jepsen worker 0] jepsen.util: 0	:invoke	:read	[0 nil]
2026-03-16 21:28:18,443{GMT}	INFO	[jepsen worker 0] jepsen.util: 0	:fail	:read	[0 nil]	[:key-does-not-exist "not found"]
2026-03-16 21:28:18,452{GMT}	INFO	[jepsen worker 11] jepsen.util: 59	:invoke	:cas	[2 [1 3]]
2026-03-16 21:28:18,455{GMT}	INFO	[jepsen worker 11] jepsen.util: 59	:fail	:cas	[2 [1 3]]	[:abort "TCP sender unavailable"]
2026-03-16 21:28:18,491{GMT}	INFO	[jepsen worker 6] jepsen.util: 54	:invoke	:cas	[2 [1 0]]
2026-03-16 21:28:18,495{GMT}	INFO	[jepsen worker 6] jepsen.util: 54	:fail	:cas	[2 [1 0]]	[:abort "TCP sender unavailable"]
2026-03-16 21:28:18,502{GMT}	INFO	[jepsen worker 3] jepsen.util: 51	:invoke	:write	[0 3]
2026-03-16 21:28:18,506{GMT}	INFO	[jepsen worker 3] jepsen.util: 51	:fail	:write	[0 3]	[:abort "TCP sender unavailable"]
2026-03-16 21:28:18,512{GMT}	INFO	[jepsen worker 1] jepsen.util: 1	:invoke	:read	[0 nil]
2026-03-16 21:28:18,513{GMT}	INFO	[jepsen worker 1] jepsen.util: 1	:fail	:read	[0 nil]	[:key-does-not-exist "not found"]
2026-03-16 21:28:18,523{GMT}	INFO	[jepsen worker 6] jepsen.util: 54	:invoke	:cas	[2 [1 2]]
2026-03-16 21:28:18,524{GMT}	INFO	[jepsen worker 6] jepsen.util: 54	:fail	:cas	[2 [1 2]]	[:abort "TCP sender unavailable"]
2026-03-16 21:28:18,604{GMT}	INFO	[jepsen worker 6] jepsen.util: 54	:invoke	:cas	[2 [0 2]]
2026-03-16 21:28:18,608{GMT}	INFO	[jepsen worker 6] jepsen.util: 54	:fail	:cas	[2 [0 2]]	[:abort "TCP sender unavailable"]
2026-03-16 21:28:18,657{GMT}	INFO	[jepsen worker 6] jepsen.util: 54	:invoke	:write	[2 1]
2026-03-16 21:28:18,660{GMT}	INFO	[jepsen worker 6] jepsen.util: 54	:fail	:write	[2 1]	[:abort "TCP sender unavailable"]
2026-03-16 21:28:18,681{GMT}	INFO	[jepsen worker 6] jepsen.util: 54	:invoke	:cas	[2 [0 3]]
2026-03-16 21:28:18,684{GMT}	INFO	[jepsen worker 6] jepsen.util: 54	:fail	:cas	[2 [0 3]]	[:abort "TCP sender unavailable"]
2026-03-16 21:28:18,706{GMT}	INFO	[jepsen worker 6] jepsen.util: 54	:invoke	:cas	[2 [4 1]]
2026-03-16 21:28:18,709{GMT}	INFO	[jepsen worker 6] jepsen.util: 54	:fail	:cas	[2 [4 1]]	[:abort "TCP sender unavailable"]
2026-03-16 21:28:18,755{GMT}	INFO	[jepsen worker 3] jepsen.util: 51	:invoke	:cas	[0 [2 3]]
2026-03-16 21:28:18,757{GMT}	INFO	[jepsen worker 3] jepsen.util: 51	:fail	:cas	[0 [2 3]]	[:abort "TCP sender unavailable"]
2026-03-16 21:28:18,789{GMT}	INFO	[jepsen worker 8] jepsen.util: 56	:invoke	:cas	[2 [3 1]]
2026-03-16 21:28:18,790{GMT}	INFO	[jepsen worker 8] jepsen.util: 56	:fail	:cas	[2 [3 1]]	[:abort "TCP sender unavailable"]
2026-03-16 21:28:18,882{GMT}	INFO	[jepsen worker 0] jepsen.util: 0	:invoke	:read	[0 nil]
2026-03-16 21:28:18,885{GMT}	INFO	[jepsen worker 0] jepsen.util: 0	:fail	:read	[0 nil]	[:key-does-not-exist "not found"]
2026-03-16 21:28:18,891{GMT}	INFO	[jepsen worker 0] jepsen.util: 0	:invoke	:read	[0 nil]
2026-03-16 21:28:18,893{GMT}	INFO	[jepsen worker 0] jepsen.util: 0	:fail	:read	[0 nil]	[:key-does-not-exist "not found"]
2026-03-16 21:28:18,975{GMT}	INFO	[jepsen worker 11] jepsen.util: 59	:invoke	:cas	[2 [3 2]]
2026-03-16 21:28:18,980{GMT}	INFO	[jepsen worker 11] jepsen.util: 59	:fail	:cas	[2 [3 2]]	[:abort "TCP sender unavailable"]
2026-03-16 21:28:19,048{GMT}	INFO	[jepsen worker 6] jepsen.util: 54	:invoke	:cas	[2 [4 2]]
2026-03-16 21:28:19,052{GMT}	INFO	[jepsen worker 6] jepsen.util: 54	:fail	:cas	[2 [4 2]]	[:abort "TCP sender unavailable"]
2026-03-16 21:28:19,133{GMT}	INFO	[jepsen worker 6] jepsen.util: 54	:invoke	:write	[2 3]
2026-03-16 21:28:19,135{GMT}	INFO	[jepsen worker 6] jepsen.util: 54	:fail	:write	[2 3]	[:abort "TCP sender unavailable"]
2026-03-16 21:28:19,199{GMT}	INFO	[jepsen worker 3] jepsen.util: 51	:invoke	:cas	[0 [2 0]]
2026-03-16 21:28:19,199{GMT}	INFO	[jepsen worker 6] jepsen.util: 54	:invoke	:cas	[2 [3 0]]
2026-03-16 21:28:19,202{GMT}	INFO	[jepsen worker 3] jepsen.util: 51	:fail	:cas	[0 [2 0]]	[:abort "TCP sender unavailable"]
2026-03-16 21:28:19,202{GMT}	INFO	[jepsen worker 6] jepsen.util: 54	:fail	:cas	[2 [3 0]]	[:abort "TCP sender unavailable"]
2026-03-16 21:28:19,206{GMT}	INFO	[jepsen worker 6] jepsen.util: 54	:invoke	:cas	[2 [4 0]]
2026-03-16 21:28:19,207{GMT}	INFO	[jepsen worker 6] jepsen.util: 54	:fail	:cas	[2 [4 0]]	[:abort "TCP sender unavailable"]
2026-03-16 21:28:19,253{GMT}	INFO	[jepsen worker 6] jepsen.util: 54	:invoke	:write	[2 2]
2026-03-16 21:28:19,255{GMT}	INFO	[jepsen worker 6] jepsen.util: 54	:fail	:write	[2 2]	[:abort "TCP sender unavailable"]
2026-03-16 21:28:19,288{GMT}	INFO	[jepsen worker 6] jepsen.util: 54	:invoke	:cas	[2 [2 0]]
2026-03-16 21:28:19,290{GMT}	INFO	[jepsen worker 6] jepsen.util: 54	:fail	:cas	[2 [2 0]]	[:abort "TCP sender unavailable"]
2026-03-16 21:28:19,334{GMT}	INFO	[jepsen worker 6] jepsen.util: 54	:invoke	:write	[2 2]
2026-03-16 21:28:19,335{GMT}	INFO	[jepsen worker 6] jepsen.util: 54	:fail	:write	[2 2]	[:abort "TCP sender unavailable"]
2026-03-16 21:28:19,346{GMT}	INFO	[jepsen worker 7] jepsen.util: 67	:invoke	:cas	[2 [3 3]]
2026-03-16 21:28:19,351{GMT}	INFO	[jepsen worker 7] jepsen.util: 67	:fail	:cas	[2 [3 3]]	[:abort "TCP sender unavailable"]
2026-03-16 21:28:19,351{GMT}	INFO	[jepsen worker 8] jepsen.util: 56	:invoke	:write	[2 4]
2026-03-16 21:28:19,353{GMT}	INFO	[jepsen worker 8] jepsen.util: 56	:fail	:write	[2 4]	[:abort "TCP sender unavailable"]
2026-03-16 21:28:19,428{GMT}	INFO	[jepsen worker 3] jepsen.util: 51	:invoke	:write	[0 4]
2026-03-16 21:28:19,431{GMT}	INFO	[jepsen worker 3] jepsen.util: 51	:fail	:write	[0 4]	[:abort "TCP sender unavailable"]
2026-03-16 21:28:19,475{GMT}	INFO	[jepsen worker 3] jepsen.util: 51	:invoke	:cas	[0 [4 2]]
2026-03-16 21:28:19,478{GMT}	INFO	[jepsen worker 3] jepsen.util: 51	:fail	:cas	[0 [4 2]]	[:abort "TCP sender unavailable"]
2026-03-16 21:28:19,487{GMT}	INFO	[jepsen worker 11] jepsen.util: 59	:invoke	:cas	[2 [1 2]]
2026-03-16 21:28:19,490{GMT}	INFO	[jepsen worker 11] jepsen.util: 59	:fail	:cas	[2 [1 2]]	[:abort "TCP sender unavailable"]
2026-03-16 21:28:19,586{GMT}	INFO	[jepsen worker 0] jepsen.util: 0	:invoke	:read	[0 nil]
2026-03-16 21:28:19,588{GMT}	INFO	[jepsen worker 0] jepsen.util: 0	:fail	:read	[0 nil]	[:key-does-not-exist "not found"]
2026-03-16 21:28:19,618{GMT}	INFO	[jepsen worker 0] jepsen.util: 0	:invoke	:read	[0 nil]
2026-03-16 21:28:19,620{GMT}	INFO	[jepsen worker 0] jepsen.util: 0	:fail	:read	[0 nil]	[:key-does-not-exist "not found"]
2026-03-16 21:28:19,656{GMT}	INFO	[jepsen worker 3] jepsen.util: 51	:invoke	:cas	[0 [4 1]]
2026-03-16 21:28:19,659{GMT}	INFO	[jepsen worker 3] jepsen.util: 51	:fail	:cas	[0 [4 1]]	[:abort "TCP sender unavailable"]
2026-03-16 21:28:19,675{GMT}	INFO	[jepsen worker 2] jepsen.util: 2	:invoke	:read	[0 nil]
2026-03-16 21:28:19,677{GMT}	INFO	[jepsen worker 2] jepsen.util: 2	:fail	:read	[0 nil]	[:key-does-not-exist "not found"]
2026-03-16 21:28:19,693{GMT}	INFO	[jepsen worker 6] jepsen.util: 54	:invoke	:cas	[2 [4 3]]
2026-03-16 21:28:19,694{GMT}	INFO	[jepsen worker 6] jepsen.util: 54	:fail	:cas	[2 [4 3]]	[:abort "TCP sender unavailable"]
2026-03-16 21:28:19,753{GMT}	INFO	[jepsen worker 6] jepsen.util: 54	:invoke	:write	[2 1]
2026-03-16 21:28:19,757{GMT}	INFO	[jepsen worker 6] jepsen.util: 54	:fail	:write	[2 1]	[:abort "TCP sender unavailable"]
2026-03-16 21:28:19,845{GMT}	INFO	[jepsen worker 0] jepsen.util: 0	:invoke	:read	[0 nil]
2026-03-16 21:28:19,848{GMT}	INFO	[jepsen worker 0] jepsen.util: 0	:fail	:read	[0 nil]	[:key-does-not-exist "not found"]
2026-03-16 21:28:19,934{GMT}	INFO	[jepsen worker 3] jepsen.util: 51	:invoke	:write	[0 3]
2026-03-16 21:28:19,936{GMT}	INFO	[jepsen worker 3] jepsen.util: 51	:fail	:write	[0 3]	[:abort "TCP sender unavailable"]
2026-03-16 21:28:19,984{GMT}	INFO	[jepsen worker 7] jepsen.util: 67	:invoke	:cas	[2 [2 2]]
2026-03-16 21:28:19,986{GMT}	INFO	[jepsen worker 7] jepsen.util: 67	:fail	:cas	[2 [2 2]]	[:abort "TCP sender unavailable"]
2026-03-16 21:28:20,020{GMT}	INFO	[jepsen worker 8] jepsen.util: 56	:invoke	:cas	[2 [3 1]]
2026-03-16 21:28:20,021{GMT}	INFO	[jepsen worker 8] jepsen.util: 56	:fail	:cas	[2 [3 1]]	[:abort "TCP sender unavailable"]
2026-03-16 21:28:20,052{GMT}	INFO	[jepsen worker 9] jepsen.util: 57	:invoke	:write	[2 2]
2026-03-16 21:28:20,054{GMT}	INFO	[jepsen worker 9] jepsen.util: 57	:fail	:write	[2 2]	[:abort "TCP sender unavailable"]
2026-03-16 21:28:20,116{GMT}	INFO	[jepsen worker 3] jepsen.util: 51	:invoke	:cas	[0 [1 4]]
2026-03-16 21:28:20,119{GMT}	INFO	[jepsen worker 3] jepsen.util: 51	:fail	:cas	[0 [1 4]]	[:abort "TCP sender unavailable"]
2026-03-16 21:28:20,190{GMT}	INFO	[jepsen worker 3] jepsen.util: 51	:invoke	:cas	[0 [1 2]]
2026-03-16 21:28:20,192{GMT}	INFO	[jepsen worker 3] jepsen.util: 51	:fail	:cas	[0 [1 2]]	[:abort "TCP sender unavailable"]
2026-03-16 21:28:20,266{GMT}	INFO	[jepsen worker 6] jepsen.util: 54	:invoke	:cas	[2 [1 0]]
2026-03-16 21:28:20,269{GMT}	INFO	[jepsen worker 6] jepsen.util: 54	:fail	:cas	[2 [1 0]]	[:abort "TCP sender unavailable"]
2026-03-16 21:28:20,307{GMT}	INFO	[jepsen worker 6] jepsen.util: 54	:invoke	:cas	[2 [0 0]]
2026-03-16 21:28:20,310{GMT}	INFO	[jepsen worker 6] jepsen.util: 54	:fail	:cas	[2 [0 0]]	[:abort "TCP sender unavailable"]
2026-03-16 21:28:20,355{GMT}	INFO	[jepsen worker 3] jepsen.util: 51	:invoke	:write	[0 0]
2026-03-16 21:28:20,358{GMT}	INFO	[jepsen worker 3] jepsen.util: 51	:fail	:write	[0 0]	[:abort "TCP sender unavailable"]
2026-03-16 21:28:20,425{GMT}	INFO	[jepsen worker 3] jepsen.util: 51	:invoke	:cas	[0 [1 0]]
2026-03-16 21:28:20,427{GMT}	INFO	[jepsen worker 3] jepsen.util: 51	:fail	:cas	[0 [1 0]]	[:abort "TCP sender unavailable"]
2026-03-16 21:28:20,445{GMT}	INFO	[jepsen worker 6] jepsen.util: 54	:invoke	:cas	[2 [4 4]]
2026-03-16 21:28:20,447{GMT}	INFO	[jepsen worker 6] jepsen.util: 54	:fail	:cas	[2 [4 4]]	[:abort "TCP sender unavailable"]
2026-03-16 21:28:20,525{GMT}	INFO	[jepsen worker 6] jepsen.util: 54	:invoke	:cas	[2 [4 0]]
2026-03-16 21:28:20,527{GMT}	INFO	[jepsen worker 6] jepsen.util: 54	:fail	:cas	[2 [4 0]]	[:abort "TCP sender unavailable"]
2026-03-16 21:28:20,585{GMT}	INFO	[jepsen worker 6] jepsen.util: 54	:invoke	:cas	[2 [3 4]]
2026-03-16 21:28:20,587{GMT}	INFO	[jepsen worker 6] jepsen.util: 54	:fail	:cas	[2 [3 4]]	[:abort "TCP sender unavailable"]
2026-03-16 21:28:20,657{GMT}	INFO	[jepsen worker 0] jepsen.util: 0	:invoke	:read	[0 nil]
2026-03-16 21:28:20,660{GMT}	INFO	[jepsen worker 0] jepsen.util: 0	:fail	:read	[0 nil]	[:key-does-not-exist "not found"]
2026-03-16 21:28:20,750{GMT}	INFO	[jepsen worker 7] jepsen.util: 67	:invoke	:write	[2 0]
2026-03-16 21:28:20,752{GMT}	INFO	[jepsen worker 7] jepsen.util: 67	:fail	:write	[2 0]	[:abort "TCP sender unavailable"]
2026-03-16 21:28:20,756{GMT}	INFO	[jepsen worker 8] jepsen.util: 56	:invoke	:write	[2 1]
2026-03-16 21:28:20,757{GMT}	INFO	[jepsen worker 8] jepsen.util: 56	:fail	:write	[2 1]	[:abort "TCP sender unavailable"]
2026-03-16 21:28:20,773{GMT}	INFO	[jepsen worker 0] jepsen.util: 0	:invoke	:read	[0 nil]
2026-03-16 21:28:20,773{GMT}	INFO	[jepsen worker 3] jepsen.util: 51	:invoke	:write	[0 3]
2026-03-16 21:28:20,775{GMT}	INFO	[jepsen worker 0] jepsen.util: 0	:fail	:read	[0 nil]	[:key-does-not-exist "not found"]
2026-03-16 21:28:20,776{GMT}	INFO	[jepsen worker 3] jepsen.util: 51	:fail	:write	[0 3]	[:abort "TCP sender unavailable"]
2026-03-16 21:28:20,867{GMT}	INFO	[jepsen worker 0] jepsen.util: 0	:invoke	:read	[0 nil]
2026-03-16 21:28:20,869{GMT}	INFO	[jepsen worker 0] jepsen.util: 0	:fail	:read	[0 nil]	[:key-does-not-exist "not found"]
2026-03-16 21:28:20,957{GMT}	INFO	[jepsen worker 0] jepsen.util: 0	:invoke	:read	[0 nil]
2026-03-16 21:28:20,959{GMT}	INFO	[jepsen worker 0] jepsen.util: 0	:fail	:read	[0 nil]	[:key-does-not-exist "not found"]
2026-03-16 21:28:21,031{GMT}	INFO	[jepsen worker 3] jepsen.util: 51	:invoke	:write	[0 2]
2026-03-16 21:28:21,033{GMT}	INFO	[jepsen worker 3] jepsen.util: 51	:fail	:write	[0 2]	[:abort "TCP sender unavailable"]
2026-03-16 21:28:21,082{GMT}	INFO	[jepsen worker 1] jepsen.util: 1	:invoke	:read	[0 nil]
2026-03-16 21:28:21,084{GMT}	INFO	[jepsen worker 1] jepsen.util: 1	:fail	:read	[0 nil]	[:key-does-not-exist "not found"]
2026-03-16 21:28:21,139{GMT}	INFO	[jepsen worker 3] jepsen.util: 51	:invoke	:cas	[0 [3 0]]
2026-03-16 21:28:21,140{GMT}	INFO	[jepsen worker 3] jepsen.util: 51	:fail	:cas	[0 [3 0]]	[:abort "TCP sender unavailable"]
2026-03-16 21:28:21,237{GMT}	INFO	[jepsen worker 6] jepsen.util: 54	:invoke	:cas	[2 [3 0]]
2026-03-16 21:28:21,241{GMT}	INFO	[jepsen worker 7] jepsen.util: 67	:invoke	:cas	[2 [3 4]]
2026-03-16 21:28:21,243{GMT}	INFO	[jepsen worker 6] jepsen.util: 54	:fail	:cas	[2 [3 0]]	[:abort "TCP sender unavailable"]
2026-03-16 21:28:21,247{GMT}	INFO	[jepsen worker 7] jepsen.util: 67	:fail	:cas	[2 [3 4]]	[:abort "TCP sender unavailable"]
2026-03-16 21:28:21,301{GMT}	INFO	[jepsen worker 6] jepsen.util: 54	:invoke	:cas	[2 [1 3]]
2026-03-16 21:28:21,305{GMT}	INFO	[jepsen worker 6] jepsen.util: 54	:fail	:cas	[2 [1 3]]	[:abort "TCP sender unavailable"]
2026-03-16 21:28:21,323{GMT}	INFO	[jepsen worker 0] jepsen.util: 0	:invoke	:read	[0 nil]
2026-03-16 21:28:21,326{GMT}	INFO	[jepsen worker 0] jepsen.util: 0	:fail	:read	[0 nil]	[:key-does-not-exist "not found"]
2026-03-16 21:28:21,406{GMT}	INFO	[jepsen worker 7] jepsen.util: 67	:invoke	:cas	[2 [2 2]]
2026-03-16 21:28:21,411{GMT}	INFO	[jepsen worker 7] jepsen.util: 67	:fail	:cas	[2 [2 2]]	[:abort "TCP sender unavailable"]
2026-03-16 21:28:21,435{GMT}	INFO	[jepsen worker 8] jepsen.util: 56	:invoke	:cas	[2 [1 1]]
2026-03-16 21:28:21,438{GMT}	INFO	[jepsen worker 8] jepsen.util: 56	:fail	:cas	[2 [1 1]]	[:abort "TCP sender unavailable"]
2026-03-16 21:28:21,460{GMT}	INFO	[jepsen worker 0] jepsen.util: 0	:invoke	:read	[0 nil]
2026-03-16 21:28:21,462{GMT}	INFO	[jepsen worker 0] jepsen.util: 0	:fail	:read	[0 nil]	[:key-does-not-exist "not found"]
2026-03-16 21:28:21,491{GMT}	INFO	[jepsen worker 10] jepsen.util: 58	:invoke	:cas	[2 [1 1]]
2026-03-16 21:28:21,493{GMT}	INFO	[jepsen worker 10] jepsen.util: 58	:fail	:cas	[2 [1 1]]	[:abort "TCP sender unavailable"]
2026-03-16 21:28:21,516{GMT}	INFO	[jepsen worker 11] jepsen.util: 59	:invoke	:write	[2 2]
2026-03-16 21:28:21,518{GMT}	INFO	[jepsen worker 11] jepsen.util: 59	:fail	:write	[2 2]	[:abort "TCP sender unavailable"]
2026-03-16 21:28:21,567{GMT}	INFO	[jepsen worker 3] jepsen.util: 51	:invoke	:cas	[0 [2 4]]
2026-03-16 21:28:21,569{GMT}	INFO	[jepsen worker 3] jepsen.util: 51	:fail	:cas	[0 [2 4]]	[:abort "TCP sender unavailable"]
2026-03-16 21:28:21,621{GMT}	INFO	[jepsen worker 6] jepsen.util: 54	:invoke	:write	[2 4]
2026-03-16 21:28:21,623{GMT}	INFO	[jepsen worker 6] jepsen.util: 54	:fail	:write	[2 4]	[:abort "TCP sender unavailable"]
2026-03-16 21:28:21,719{GMT}	INFO	[jepsen worker 6] jepsen.util: 54	:invoke	:cas	[2 [2 4]]
2026-03-16 21:28:21,724{GMT}	INFO	[jepsen worker 6] jepsen.util: 54	:fail	:cas	[2 [2 4]]	[:abort "TCP sender unavailable"]
2026-03-16 21:28:21,775{GMT}	INFO	[jepsen worker 2] jepsen.util: 2	:invoke	:read	[0 nil]
2026-03-16 21:28:21,779{GMT}	INFO	[jepsen worker 2] jepsen.util: 2	:fail	:read	[0 nil]	[:key-does-not-exist "not found"]
2026-03-16 21:28:21,820{GMT}	INFO	[jepsen worker 0] jepsen.util: 0	:invoke	:read	[0 nil]
2026-03-16 21:28:21,823{GMT}	INFO	[jepsen worker 0] jepsen.util: 0	:fail	:read	[0 nil]	[:key-does-not-exist "not found"]
2026-03-16 21:28:21,840{GMT}	INFO	[jepsen worker 4] jepsen.util: 52	:invoke	:cas	[0 [4 3]]
2026-03-16 21:28:21,842{GMT}	INFO	[jepsen worker 4] jepsen.util: 52	:fail	:cas	[0 [4 3]]	[:abort "TCP sender unavailable"]
2026-03-16 21:28:21,928{GMT}	INFO	[jepsen worker 5] jepsen.util: 53	:invoke	:cas	[0 [1 4]]
2026-03-16 21:28:21,932{GMT}	INFO	[jepsen worker 5] jepsen.util: 53	:fail	:cas	[0 [1 4]]	[:abort "TCP sender unavailable"]
2026-03-16 21:28:21,936{GMT}	INFO	[jepsen worker 6] jepsen.util: 54	:invoke	:cas	[2 [1 2]]
2026-03-16 21:28:21,939{GMT}	INFO	[jepsen worker 6] jepsen.util: 54	:fail	:cas	[2 [1 2]]	[:abort "TCP sender unavailable"]
2026-03-16 21:28:22,008{GMT}	INFO	[jepsen worker 7] jepsen.util: 67	:invoke	:cas	[2 [0 2]]
2026-03-16 21:28:22,017{GMT}	INFO	[jepsen worker 7] jepsen.util: 67	:fail	:cas	[2 [0 2]]	[:abort "TCP sender unavailable"]
2026-03-16 21:28:22,092{GMT}	INFO	[jepsen worker 0] jepsen.util: 0	:invoke	:read	[0 nil]
2026-03-16 21:28:22,096{GMT}	INFO	[jepsen worker 0] jepsen.util: 0	:fail	:read	[0 nil]	[:key-does-not-exist "not found"]
2026-03-16 21:28:22,106{GMT}	INFO	[jepsen worker 3] jepsen.util: 51	:invoke	:write	[0 0]
2026-03-16 21:28:22,108{GMT}	INFO	[jepsen worker 3] jepsen.util: 51	:fail	:write	[0 0]	[:abort "TCP sender unavailable"]
2026-03-16 21:28:22,200{GMT}	INFO	[jepsen worker 3] jepsen.util: 51	:invoke	:write	[0 0]
2026-03-16 21:28:22,204{GMT}	INFO	[jepsen worker 3] jepsen.util: 51	:fail	:write	[0 0]	[:abort "TCP sender unavailable"]
2026-03-16 21:28:22,259{GMT}	INFO	[jepsen worker 3] jepsen.util: 51	:invoke	:cas	[0 [1 1]]
2026-03-16 21:28:22,262{GMT}	INFO	[jepsen worker 4] jepsen.util: 52	:invoke	:cas	[0 [4 0]]
2026-03-16 21:28:22,264{GMT}	INFO	[jepsen worker 3] jepsen.util: 51	:fail	:cas	[0 [1 1]]	[:abort "TCP sender unavailable"]
2026-03-16 21:28:22,265{GMT}	INFO	[jepsen worker 4] jepsen.util: 52	:fail	:cas	[0 [4 0]]	[:abort "TCP sender unavailable"]
2026-03-16 21:28:22,364{GMT}	INFO	[jepsen worker 6] jepsen.util: 54	:invoke	:write	[2 3]
2026-03-16 21:28:22,367{GMT}	INFO	[jepsen worker 6] jepsen.util: 54	:fail	:write	[2 3]	[:abort "TCP sender unavailable"]
2026-03-16 21:28:22,444{GMT}	INFO	[jepsen worker 6] jepsen.util: 54	:invoke	:cas	[2 [0 0]]
2026-03-16 21:28:22,449{GMT}	INFO	[jepsen worker 6] jepsen.util: 54	:fail	:cas	[2 [0 0]]	[:abort "TCP sender unavailable"]
2026-03-16 21:28:22,486{GMT}	INFO	[jepsen worker 6] jepsen.util: 54	:invoke	:cas	[2 [3 3]]
2026-03-16 21:28:22,490{GMT}	INFO	[jepsen worker 6] jepsen.util: 54	:fail	:cas	[2 [3 3]]	[:abort "TCP sender unavailable"]
2026-03-16 21:28:22,570{GMT}	INFO	[jepsen worker 0] jepsen.util: 0	:invoke	:read	[0 nil]
2026-03-16 21:28:22,572{GMT}	INFO	[jepsen worker 0] jepsen.util: 0	:fail	:read	[0 nil]	[:key-does-not-exist "not found"]
2026-03-16 21:28:22,620{GMT}	INFO	[jepsen worker 6] jepsen.util: 54	:invoke	:cas	[2 [0 0]]
2026-03-16 21:28:22,621{GMT}	INFO	[jepsen worker 6] jepsen.util: 54	:fail	:cas	[2 [0 0]]	[:abort "TCP sender unavailable"]
2026-03-16 21:28:22,722{GMT}	INFO	[jepsen worker 6] jepsen.util: 54	:invoke	:write	[2 3]
2026-03-16 21:28:22,724{GMT}	INFO	[jepsen worker 6] jepsen.util: 54	:fail	:write	[2 3]	[:abort "TCP sender unavailable"]
2026-03-16 21:28:22,817{GMT}	INFO	[jepsen worker 6] jepsen.util: 54	:invoke	:cas	[2 [3 4]]
2026-03-16 21:28:22,819{GMT}	INFO	[jepsen worker 6] jepsen.util: 54	:fail	:cas	[2 [3 4]]	[:abort "TCP sender unavailable"]
2026-03-16 21:28:22,900{GMT}	INFO	[jepsen worker 7] jepsen.util: 67	:invoke	:write	[2 1]
2026-03-16 21:28:22,903{GMT}	INFO	[jepsen worker 7] jepsen.util: 67	:fail	:write	[2 1]	[:abort "TCP sender unavailable"]
2026-03-16 21:28:22,948{GMT}	INFO	[jepsen worker 3] jepsen.util: 51	:invoke	:cas	[0 [2 0]]
2026-03-16 21:28:22,950{GMT}	INFO	[jepsen worker 3] jepsen.util: 51	:fail	:cas	[0 [2 0]]	[:abort "TCP sender unavailable"]
2026-03-16 21:28:23,008{GMT}	INFO	[jepsen worker 3] jepsen.util: 51	:invoke	:write	[0 3]
2026-03-16 21:28:23,009{GMT}	INFO	[jepsen worker 3] jepsen.util: 51	:fail	:write	[0 3]	[:abort "TCP sender unavailable"]
2026-03-16 21:28:23,039{GMT}	INFO	[jepsen worker 3] jepsen.util: 51	:invoke	:write	[0 2]
2026-03-16 21:28:23,039{GMT}	INFO	[jepsen worker 4] jepsen.util: 52	:invoke	:write	[0 3]
2026-03-16 21:28:23,040{GMT}	INFO	[jepsen worker 3] jepsen.util: 51	:fail	:write	[0 2]	[:abort "TCP sender unavailable"]
2026-03-16 21:28:23,040{GMT}	INFO	[jepsen worker 4] jepsen.util: 52	:fail	:write	[0 3]	[:abort "TCP sender unavailable"]
2026-03-16 21:28:23,072{GMT}	INFO	[jepsen worker 3] jepsen.util: 51	:invoke	:write	[0 2]
2026-03-16 21:28:23,074{GMT}	INFO	[jepsen worker 3] jepsen.util: 51	:fail	:write	[0 2]	[:abort "TCP sender unavailable"]
2026-03-16 21:28:23,110{GMT}	INFO	[jepsen worker 6] jepsen.util: 54	:invoke	:cas	[2 [0 4]]
2026-03-16 21:28:23,112{GMT}	INFO	[jepsen worker 6] jepsen.util: 54	:fail	:cas	[2 [0 4]]	[:abort "TCP sender unavailable"]
2026-03-16 21:28:23,183{GMT}	INFO	[jepsen worker 1] jepsen.util: 1	:invoke	:read	[0 nil]
2026-03-16 21:28:23,185{GMT}	INFO	[jepsen worker 1] jepsen.util: 1	:fail	:read	[0 nil]	[:key-does-not-exist "not found"]
2026-03-16 21:28:23,285{GMT}	INFO	[jepsen worker 6] jepsen.util: 54	:invoke	:write	[2 1]
2026-03-16 21:28:23,287{GMT}	INFO	[jepsen worker 6] jepsen.util: 54	:fail	:write	[2 1]	[:abort "TCP sender unavailable"]
2026-03-16 21:28:23,306{GMT}	INFO	[jepsen worker 3] jepsen.util: 51	:invoke	:cas	[0 [1 1]]
2026-03-16 21:28:23,307{GMT}	INFO	[jepsen worker 3] jepsen.util: 51	:fail	:cas	[0 [1 1]]	[:abort "TCP sender unavailable"]
2026-03-16 21:28:23,367{GMT}	INFO	[jepsen worker 6] jepsen.util: 54	:invoke	:cas	[2 [0 3]]
2026-03-16 21:28:23,369{GMT}	INFO	[jepsen worker 6] jepsen.util: 54	:fail	:cas	[2 [0 3]]	[:abort "TCP sender unavailable"]
2026-03-16 21:28:23,383{GMT}	INFO	[jepsen worker 0] jepsen.util: 0	:invoke	:read	[0 nil]
2026-03-16 21:28:23,383{GMT}	INFO	[jepsen worker 0] jepsen.util: 0	:fail	:read	[0 nil]	[:key-does-not-exist "not found"]
2026-03-16 21:28:23,407{GMT}	INFO	[jepsen worker 0] jepsen.util: 0	:invoke	:read	[0 nil]
2026-03-16 21:28:23,408{GMT}	INFO	[jepsen worker 0] jepsen.util: 0	:fail	:read	[0 nil]	[:key-does-not-exist "not found"]
2026-03-16 21:28:23,442{GMT}	INFO	[jepsen worker 7] jepsen.util: 67	:invoke	:cas	[2 [0 0]]
2026-03-16 21:28:23,444{GMT}	INFO	[jepsen worker 7] jepsen.util: 67	:fail	:cas	[2 [0 0]]	[:abort "TCP sender unavailable"]
2026-03-16 21:28:23,449{GMT}	INFO	[jepsen worker 8] jepsen.util: 56	:invoke	:cas	[2 [3 3]]
2026-03-16 21:28:23,452{GMT}	INFO	[jepsen worker 8] jepsen.util: 56	:fail	:cas	[2 [3 3]]	[:abort "TCP sender unavailable"]
2026-03-16 21:28:23,468{GMT}	INFO	[jepsen worker 0] jepsen.util: 0	:invoke	:read	[0 nil]
2026-03-16 21:28:23,469{GMT}	INFO	[jepsen worker 0] jepsen.util: 0	:fail	:read	[0 nil]	[:key-does-not-exist "not found"]
2026-03-16 21:28:23,480{GMT}	INFO	[jepsen worker 10] jepsen.util: 58	:invoke	:write	[2 4]
2026-03-16 21:28:23,481{GMT}	INFO	[jepsen worker 10] jepsen.util: 58	:fail	:write	[2 4]	[:abort "TCP sender unavailable"]
2026-03-16 21:28:23,579{GMT}	INFO	[jepsen worker 0] jepsen.util: 0	:invoke	:read	[0 nil]
2026-03-16 21:28:23,581{GMT}	INFO	[jepsen worker 0] jepsen.util: 0	:fail	:read	[0 nil]	[:key-does-not-exist "not found"]
2026-03-16 21:28:23,651{GMT}	INFO	[jepsen worker 0] jepsen.util: 0	:invoke	:read	[0 nil]
2026-03-16 21:28:23,652{GMT}	INFO	[jepsen worker 0] jepsen.util: 0	:fail	:read	[0 nil]	[:key-does-not-exist "not found"]
2026-03-16 21:28:23,724{GMT}	INFO	[jepsen worker 0] jepsen.util: 0	:invoke	:read	[0 nil]
2026-03-16 21:28:23,726{GMT}	INFO	[jepsen worker 0] jepsen.util: 0	:fail	:read	[0 nil]	[:key-does-not-exist "not found"]
2026-03-16 21:28:23,775{GMT}	INFO	[jepsen worker 1] jepsen.util: 1	:invoke	:read	[0 nil]
2026-03-16 21:28:23,776{GMT}	INFO	[jepsen worker 1] jepsen.util: 1	:fail	:read	[0 nil]	[:key-does-not-exist "not found"]
2026-03-16 21:28:23,861{GMT}	INFO	[jepsen worker 6] jepsen.util: 54	:invoke	:write	[2 3]
2026-03-16 21:28:23,862{GMT}	INFO	[jepsen worker 6] jepsen.util: 54	:fail	:write	[2 3]	[:abort "TCP sender unavailable"]
2026-03-16 21:28:23,953{GMT}	INFO	[jepsen worker 3] jepsen.util: 51	:invoke	:write	[0 4]
2026-03-16 21:28:23,957{GMT}	INFO	[jepsen worker 3] jepsen.util: 51	:fail	:write	[0 4]	[:abort "TCP sender unavailable"]
2026-03-16 21:28:24,018{GMT}	INFO	[jepsen worker 6] jepsen.util: 54	:invoke	:cas	[2 [4 0]]
2026-03-16 21:28:24,021{GMT}	INFO	[jepsen worker 6] jepsen.util: 54	:fail	:cas	[2 [4 0]]	[:abort "TCP sender unavailable"]
2026-03-16 21:28:24,110{GMT}	INFO	[jepsen worker 6] jepsen.util: 54	:invoke	:cas	[2 [4 1]]
2026-03-16 21:28:24,113{GMT}	INFO	[jepsen worker 6] jepsen.util: 54	:fail	:cas	[2 [4 1]]	[:abort "TCP sender unavailable"]
2026-03-16 21:28:24,159{GMT}	INFO	[jepsen worker 3] jepsen.util: 51	:invoke	:cas	[0 [4 3]]
2026-03-16 21:28:24,161{GMT}	INFO	[jepsen worker 3] jepsen.util: 51	:fail	:cas	[0 [4 3]]	[:abort "TCP sender unavailable"]
2026-03-16 21:28:24,165{GMT}	INFO	[jepsen worker 3] jepsen.util: 51	:invoke	:cas	[0 [3 4]]
2026-03-16 21:28:24,166{GMT}	INFO	[jepsen worker 3] jepsen.util: 51	:fail	:cas	[0 [3 4]]	[:abort "TCP sender unavailable"]
2026-03-16 21:28:24,199{GMT}	INFO	[jepsen worker 8] jepsen.util: 56	:invoke	:cas	[2 [1 3]]
2026-03-16 21:28:24,201{GMT}	INFO	[jepsen worker 8] jepsen.util: 56	:fail	:cas	[2 [1 3]]	[:abort "TCP sender unavailable"]
2026-03-16 21:28:24,258{GMT}	INFO	[jepsen worker 9] jepsen.util: 57	:invoke	:write	[2 1]
2026-03-16 21:28:24,259{GMT}	INFO	[jepsen worker 9] jepsen.util: 57	:fail	:write	[2 1]	[:abort "TCP sender unavailable"]
2026-03-16 21:28:24,301{GMT}	INFO	[jepsen worker 10] jepsen.util: 58	:invoke	:cas	[2 [2 1]]
2026-03-16 21:28:24,303{GMT}	INFO	[jepsen worker 10] jepsen.util: 58	:fail	:cas	[2 [2 1]]	[:abort "TCP sender unavailable"]
2026-03-16 21:28:24,322{GMT}	INFO	[jepsen worker 3] jepsen.util: 51	:invoke	:cas	[0 [1 1]]
2026-03-16 21:28:24,324{GMT}	INFO	[jepsen worker 3] jepsen.util: 51	:fail	:cas	[0 [1 1]]	[:abort "TCP sender unavailable"]
2026-03-16 21:28:24,426{GMT}	INFO	[jepsen worker 3] jepsen.util: 51	:invoke	:write	[0 0]
2026-03-16 21:28:24,428{GMT}	INFO	[jepsen worker 3] jepsen.util: 51	:fail	:write	[0 0]	[:abort "TCP sender unavailable"]
2026-03-16 21:28:24,520{GMT}	INFO	[jepsen worker 0] jepsen.util: 0	:invoke	:read	[0 nil]
2026-03-16 21:28:24,521{GMT}	INFO	[jepsen worker 0] jepsen.util: 0	:fail	:read	[0 nil]	[:key-does-not-exist "not found"]
2026-03-16 21:28:24,602{GMT}	INFO	[jepsen worker 1] jepsen.util: 1	:invoke	:read	[0 nil]
2026-03-16 21:28:24,603{GMT}	INFO	[jepsen worker 1] jepsen.util: 1	:fail	:read	[0 nil]	[:key-does-not-exist "not found"]
2026-03-16 21:28:24,645{GMT}	INFO	[jepsen worker 6] jepsen.util: 54	:invoke	:cas	[2 [4 0]]
2026-03-16 21:28:24,647{GMT}	INFO	[jepsen worker 6] jepsen.util: 54	:fail	:cas	[2 [4 0]]	[:abort "TCP sender unavailable"]
2026-03-16 21:28:24,679{GMT}	INFO	[jepsen worker 6] jepsen.util: 54	:invoke	:cas	[2 [1 4]]
2026-03-16 21:28:24,681{GMT}	INFO	[jepsen worker 6] jepsen.util: 54	:fail	:cas	[2 [1 4]]	[:abort "TCP sender unavailable"]
2026-03-16 21:28:24,746{GMT}	INFO	[jepsen worker 4] jepsen.util: 52	:invoke	:write	[0 2]
2026-03-16 21:28:24,749{GMT}	INFO	[jepsen worker 4] jepsen.util: 52	:fail	:write	[0 2]	[:abort "TCP sender unavailable"]
2026-03-16 21:28:24,749{GMT}	INFO	[jepsen worker 0] jepsen.util: 0	:invoke	:read	[0 nil]
2026-03-16 21:28:24,752{GMT}	INFO	[jepsen worker 0] jepsen.util: 0	:fail	:read	[0 nil]	[:key-does-not-exist "not found"]
2026-03-16 21:28:24,780{GMT}	INFO	[jepsen worker 0] jepsen.util: 0	:invoke	:read	[0 nil]
2026-03-16 21:28:24,782{GMT}	INFO	[jepsen worker 0] jepsen.util: 0	:fail	:read	[0 nil]	[:key-does-not-exist "not found"]
2026-03-16 21:28:24,834{GMT}	INFO	[jepsen worker 7] jepsen.util: 67	:invoke	:write	[2 4]
2026-03-16 21:28:24,836{GMT}	INFO	[jepsen worker 7] jepsen.util: 67	:fail	:write	[2 4]	[:abort "TCP sender unavailable"]
2026-03-16 21:28:24,882{GMT}	INFO	[jepsen worker 8] jepsen.util: 56	:invoke	:cas	[2 [1 3]]
2026-03-16 21:28:24,883{GMT}	INFO	[jepsen worker 8] jepsen.util: 56	:fail	:cas	[2 [1 3]]	[:abort "TCP sender unavailable"]
2026-03-16 21:28:24,955{GMT}	INFO	[jepsen worker 9] jepsen.util: 57	:invoke	:write	[2 0]
2026-03-16 21:28:24,957{GMT}	INFO	[jepsen worker 9] jepsen.util: 57	:fail	:write	[2 0]	[:abort "TCP sender unavailable"]
2026-03-16 21:28:24,988{GMT}	INFO	[jepsen worker 0] jepsen.util: 0	:invoke	:read	[0 nil]
2026-03-16 21:28:24,990{GMT}	INFO	[jepsen worker 0] jepsen.util: 0	:fail	:read	[0 nil]	[:key-does-not-exist "not found"]
2026-03-16 21:28:25,060{GMT}	INFO	[jepsen worker 0] jepsen.util: 0	:invoke	:read	[0 nil]
2026-03-16 21:28:25,062{GMT}	INFO	[jepsen worker 0] jepsen.util: 0	:fail	:read	[0 nil]	[:key-does-not-exist "not found"]
2026-03-16 21:28:25,090{GMT}	INFO	[jepsen worker 0] jepsen.util: 0	:invoke	:read	[0 nil]
2026-03-16 21:28:25,091{GMT}	INFO	[jepsen worker 0] jepsen.util: 0	:fail	:read	[0 nil]	[:key-does-not-exist "not found"]
2026-03-16 21:28:25,177{GMT}	INFO	[jepsen worker 3] jepsen.util: 51	:invoke	:cas	[0 [4 1]]
2026-03-16 21:28:25,179{GMT}	INFO	[jepsen worker 3] jepsen.util: 51	:fail	:cas	[0 [4 1]]	[:abort "TCP sender unavailable"]
2026-03-16 21:28:25,193{GMT}	INFO	[jepsen worker 3] jepsen.util: 51	:invoke	:write	[0 2]
2026-03-16 21:28:25,194{GMT}	INFO	[jepsen worker 3] jepsen.util: 51	:fail	:write	[0 2]	[:abort "TCP sender unavailable"]
2026-03-16 21:28:25,270{GMT}	INFO	[jepsen worker 3] jepsen.util: 51	:invoke	:write	[0 2]
2026-03-16 21:28:25,272{GMT}	INFO	[jepsen worker 3] jepsen.util: 51	:fail	:write	[0 2]	[:abort "TCP sender unavailable"]
2026-03-16 21:28:25,315{GMT}	INFO	[jepsen worker 6] jepsen.util: 54	:invoke	:write	[2 3]
2026-03-16 21:28:25,317{GMT}	INFO	[jepsen worker 6] jepsen.util: 54	:fail	:write	[2 3]	[:abort "TCP sender unavailable"]
2026-03-16 21:28:25,333{GMT}	INFO	[jepsen worker 4] jepsen.util: 52	:invoke	:write	[0 2]
2026-03-16 21:28:25,334{GMT}	INFO	[jepsen worker 4] jepsen.util: 52	:fail	:write	[0 2]	[:abort "TCP sender unavailable"]
2026-03-16 21:28:25,384{GMT}	INFO	[jepsen worker 6] jepsen.util: 54	:invoke	:cas	[2 [0 2]]
2026-03-16 21:28:25,386{GMT}	INFO	[jepsen worker 6] jepsen.util: 54	:fail	:cas	[2 [0 2]]	[:abort "TCP sender unavailable"]
2026-03-16 21:28:25,447{GMT}	INFO	[jepsen worker 3] jepsen.util: 51	:invoke	:write	[0 2]
2026-03-16 21:28:25,449{GMT}	INFO	[jepsen worker 3] jepsen.util: 51	:fail	:write	[0 2]	[:abort "TCP sender unavailable"]
2026-03-16 21:28:25,491{GMT}	INFO	[jepsen worker 3] jepsen.util: 51	:invoke	:write	[0 3]
2026-03-16 21:28:25,493{GMT}	INFO	[jepsen worker 3] jepsen.util: 51	:fail	:write	[0 3]	[:abort "TCP sender unavailable"]
2026-03-16 21:28:25,547{GMT}	INFO	[jepsen worker 8] jepsen.util: 56	:invoke	:cas	[2 [0 1]]
2026-03-16 21:28:25,549{GMT}	INFO	[jepsen worker 8] jepsen.util: 56	:fail	:cas	[2 [0 1]]	[:abort "TCP sender unavailable"]
2026-03-16 21:28:25,636{GMT}	INFO	[jepsen worker 9] jepsen.util: 57	:invoke	:write	[2 2]
2026-03-16 21:28:25,642{GMT}	INFO	[jepsen worker 9] jepsen.util: 57	:fail	:write	[2 2]	[:abort "TCP sender unavailable"]
2026-03-16 21:28:25,645{GMT}	INFO	[jepsen worker 10] jepsen.util: 58	:invoke	:cas	[2 [3 1]]
2026-03-16 21:28:25,648{GMT}	INFO	[jepsen worker 10] jepsen.util: 58	:fail	:cas	[2 [3 1]]	[:abort "TCP sender unavailable"]
2026-03-16 21:28:25,721{GMT}	INFO	[jepsen worker 11] jepsen.util: 59	:invoke	:write	[2 2]
2026-03-16 21:28:25,725{GMT}	INFO	[jepsen worker 11] jepsen.util: 59	:fail	:write	[2 2]	[:abort "TCP sender unavailable"]
2026-03-16 21:28:25,737{GMT}	INFO	[jepsen worker 3] jepsen.util: 51	:invoke	:cas	[0 [3 2]]
2026-03-16 21:28:25,740{GMT}	INFO	[jepsen worker 3] jepsen.util: 51	:fail	:cas	[0 [3 2]]	[:abort "TCP sender unavailable"]
2026-03-16 21:28:25,750{GMT}	INFO	[jepsen worker 6] jepsen.util: 54	:invoke	:cas	[2 [1 1]]
2026-03-16 21:28:25,751{GMT}	INFO	[jepsen worker 6] jepsen.util: 54	:fail	:cas	[2 [1 1]]	[:abort "TCP sender unavailable"]
2026-03-16 21:28:25,803{GMT}	INFO	[jepsen worker 3] jepsen.util: 51	:invoke	:cas	[0 [4 3]]
2026-03-16 21:28:25,806{GMT}	INFO	[jepsen worker 3] jepsen.util: 51	:fail	:cas	[0 [4 3]]	[:abort "TCP sender unavailable"]
2026-03-16 21:28:25,866{GMT}	INFO	[jepsen worker 6] jepsen.util: 54	:invoke	:write	[2 1]
2026-03-16 21:28:25,871{GMT}	INFO	[jepsen worker 6] jepsen.util: 54	:fail	:write	[2 1]	[:abort "TCP sender unavailable"]
2026-03-16 21:28:25,917{GMT}	INFO	[jepsen worker 6] jepsen.util: 54	:invoke	:cas	[2 [1 1]]
2026-03-16 21:28:25,921{GMT}	INFO	[jepsen worker 6] jepsen.util: 54	:fail	:cas	[2 [1 1]]	[:abort "TCP sender unavailable"]
2026-03-16 21:28:26,007{GMT}	INFO	[jepsen worker 6] jepsen.util: 54	:invoke	:cas	[2 [3 3]]
2026-03-16 21:28:26,009{GMT}	INFO	[jepsen worker 6] jepsen.util: 54	:fail	:cas	[2 [3 3]]	[:abort "TCP sender unavailable"]
2026-03-16 21:28:26,045{GMT}	INFO	[jepsen worker 6] jepsen.util: 54	:invoke	:write	[2 1]
2026-03-16 21:28:26,046{GMT}	INFO	[jepsen worker 6] jepsen.util: 54	:fail	:write	[2 1]	[:abort "TCP sender unavailable"]
2026-03-16 21:28:26,140{GMT}	INFO	[jepsen worker 0] jepsen.util: 0	:invoke	:read	[0 nil]
2026-03-16 21:28:26,144{GMT}	INFO	[jepsen worker 0] jepsen.util: 0	:fail	:read	[0 nil]	[:key-does-not-exist "not found"]
2026-03-16 21:28:26,188{GMT}	INFO	[jepsen worker 0] jepsen.util: 0	:invoke	:read	[0 nil]
2026-03-16 21:28:26,193{GMT}	INFO	[jepsen worker 0] jepsen.util: 0	:fail	:read	[0 nil]	[:key-does-not-exist "not found"]
2026-03-16 21:28:26,229{GMT}	INFO	[jepsen worker 0] jepsen.util: 0	:invoke	:read	[0 nil]
2026-03-16 21:28:26,234{GMT}	INFO	[jepsen worker 0] jepsen.util: 0	:fail	:read	[0 nil]	[:key-does-not-exist "not found"]
2026-03-16 21:28:26,277{GMT}	INFO	[jepsen worker 0] jepsen.util: 0	:invoke	:read	[0 nil]
2026-03-16 21:28:26,281{GMT}	INFO	[jepsen worker 0] jepsen.util: 0	:fail	:read	[0 nil]	[:key-does-not-exist "not found"]
2026-03-16 21:28:26,361{GMT}	INFO	[jepsen worker 10] jepsen.util: 58	:invoke	:write	[2 3]
2026-03-16 21:28:26,363{GMT}	INFO	[jepsen worker 10] jepsen.util: 58	:fail	:write	[2 3]	[:abort "TCP sender unavailable"]
2026-03-16 21:28:26,442{GMT}	INFO	[jepsen worker 0] jepsen.util: 0	:invoke	:read	[0 nil]
2026-03-16 21:28:26,447{GMT}	INFO	[jepsen worker 0] jepsen.util: 0	:fail	:read	[0 nil]	[:key-does-not-exist "not found"]
2026-03-16 21:28:26,537{GMT}	INFO	[jepsen worker 0] jepsen.util: 0	:invoke	:read	[0 nil]
2026-03-16 21:28:26,539{GMT}	INFO	[jepsen worker 0] jepsen.util: 0	:fail	:read	[0 nil]	[:key-does-not-exist "not found"]
2026-03-16 21:28:26,641{GMT}	INFO	[jepsen worker 0] jepsen.util: 0	:invoke	:read	[0 nil]
2026-03-16 21:28:26,644{GMT}	INFO	[jepsen worker 0] jepsen.util: 0	:fail	:read	[0 nil]	[:key-does-not-exist "not found"]
2026-03-16 21:28:26,709{GMT}	INFO	[jepsen worker 1] jepsen.util: 1	:invoke	:read	[0 nil]
2026-03-16 21:28:26,714{GMT}	INFO	[jepsen worker 1] jepsen.util: 1	:fail	:read	[0 nil]	[:key-does-not-exist "not found"]
2026-03-16 21:28:26,778{GMT}	INFO	[jepsen worker 3] jepsen.util: 51	:invoke	:cas	[0 [4 1]]
2026-03-16 21:28:26,780{GMT}	INFO	[jepsen worker 3] jepsen.util: 51	:fail	:cas	[0 [4 1]]	[:abort "TCP sender unavailable"]
2026-03-16 21:28:26,868{GMT}	INFO	[jepsen worker 3] jepsen.util: 51	:invoke	:cas	[0 [1 0]]
2026-03-16 21:28:26,870{GMT}	INFO	[jepsen worker 3] jepsen.util: 51	:fail	:cas	[0 [1 0]]	[:abort "TCP sender unavailable"]
2026-03-16 21:28:26,889{GMT}	INFO	[jepsen worker 4] jepsen.util: 52	:invoke	:cas	[0 [2 3]]
2026-03-16 21:28:26,890{GMT}	INFO	[jepsen worker 4] jepsen.util: 52	:fail	:cas	[0 [2 3]]	[:abort "TCP sender unavailable"]
2026-03-16 21:28:26,892{GMT}	INFO	[jepsen worker 0] jepsen.util: 0	:invoke	:read	[0 nil]
2026-03-16 21:28:26,893{GMT}	INFO	[jepsen worker 0] jepsen.util: 0	:fail	:read	[0 nil]	[:key-does-not-exist "not found"]
2026-03-16 21:28:26,988{GMT}	INFO	[jepsen worker 0] jepsen.util: 0	:invoke	:read	[0 nil]
2026-03-16 21:28:26,990{GMT}	INFO	[jepsen worker 0] jepsen.util: 0	:fail	:read	[0 nil]	[:key-does-not-exist "not found"]
2026-03-16 21:28:27,035{GMT}	INFO	[jepsen worker 0] jepsen.util: 0	:invoke	:read	[0 nil]
2026-03-16 21:28:27,037{GMT}	INFO	[jepsen worker 0] jepsen.util: 0	:fail	:read	[0 nil]	[:key-does-not-exist "not found"]
2026-03-16 21:28:27,131{GMT}	INFO	[jepsen worker 8] jepsen.util: 56	:invoke	:write	[2 3]
2026-03-16 21:28:27,133{GMT}	INFO	[jepsen worker 8] jepsen.util: 56	:fail	:write	[2 3]	[:abort "TCP sender unavailable"]
2026-03-16 21:28:27,149{GMT}	INFO	[jepsen worker 3] jepsen.util: 51	:invoke	:write	[0 0]
2026-03-16 21:28:27,151{GMT}	INFO	[jepsen worker 3] jepsen.util: 51	:fail	:write	[0 0]	[:abort "TCP sender unavailable"]
2026-03-16 21:28:27,192{GMT}	INFO	[jepsen worker 10] jepsen.util: 58	:invoke	:write	[2 0]
2026-03-16 21:28:27,193{GMT}	INFO	[jepsen worker 10] jepsen.util: 58	:fail	:write	[2 0]	[:abort "TCP sender unavailable"]
2026-03-16 21:28:27,258{GMT}	INFO	[jepsen worker 11] jepsen.util: 59	:invoke	:cas	[2 [3 2]]
2026-03-16 21:28:27,259{GMT}	INFO	[jepsen worker 11] jepsen.util: 59	:fail	:cas	[2 [3 2]]	[:abort "TCP sender unavailable"]
2026-03-16 21:28:27,311{GMT}	INFO	[jepsen worker 6] jepsen.util: 54	:invoke	:write	[2 1]
2026-03-16 21:28:27,314{GMT}	INFO	[jepsen worker 6] jepsen.util: 54	:fail	:write	[2 1]	[:abort "TCP sender unavailable"]
2026-03-16 21:28:27,377{GMT}	INFO	[jepsen worker 0] jepsen.util: 0	:invoke	:read	[0 nil]
2026-03-16 21:28:27,378{GMT}	INFO	[jepsen worker 0] jepsen.util: 0	:fail	:read	[0 nil]	[:key-does-not-exist "not found"]
2026-03-16 21:28:27,437{GMT}	INFO	[jepsen worker 6] jepsen.util: 54	:invoke	:cas	[2 [2 0]]
2026-03-16 21:28:27,439{GMT}	INFO	[jepsen worker 6] jepsen.util: 54	:fail	:cas	[2 [2 0]]	[:abort "TCP sender unavailable"]
2026-03-16 21:28:27,540{GMT}	INFO	[jepsen worker 3] jepsen.util: 51	:invoke	:cas	[0 [1 1]]
2026-03-16 21:28:27,544{GMT}	INFO	[jepsen worker 3] jepsen.util: 51	:fail	:cas	[0 [1 1]]	[:abort "TCP sender unavailable"]
2026-03-16 21:28:27,554{GMT}	INFO	[jepsen worker 6] jepsen.util: 54	:invoke	:write	[2 2]
2026-03-16 21:28:27,558{GMT}	INFO	[jepsen worker 6] jepsen.util: 54	:fail	:write	[2 2]	[:abort "TCP sender unavailable"]
2026-03-16 21:28:27,608{GMT}	INFO	[jepsen worker 6] jepsen.util: 54	:invoke	:cas	[2 [2 3]]
2026-03-16 21:28:27,610{GMT}	INFO	[jepsen worker 6] jepsen.util: 54	:fail	:cas	[2 [2 3]]	[:abort "TCP sender unavailable"]
2026-03-16 21:28:27,704{GMT}	INFO	[jepsen worker 0] jepsen.util: 0	:invoke	:read	[0 nil]
2026-03-16 21:28:27,706{GMT}	INFO	[jepsen worker 0] jepsen.util: 0	:fail	:read	[0 nil]	[:key-does-not-exist "not found"]
2026-03-16 21:28:27,768{GMT}	INFO	[jepsen worker 6] jepsen.util: 54	:invoke	:cas	[2 [2 1]]
2026-03-16 21:28:27,769{GMT}	INFO	[jepsen worker 6] jepsen.util: 54	:fail	:cas	[2 [2 1]]	[:abort "TCP sender unavailable"]
2026-03-16 21:28:27,840{GMT}	INFO	[jepsen worker 3] jepsen.util: 51	:invoke	:write	[0 1]
2026-03-16 21:28:27,842{GMT}	INFO	[jepsen worker 3] jepsen.util: 51	:fail	:write	[0 1]	[:abort "TCP sender unavailable"]
2026-03-16 21:28:27,876{GMT}	INFO	[jepsen worker 3] jepsen.util: 51	:invoke	:cas	[0 [3 0]]
2026-03-16 21:28:27,877{GMT}	INFO	[jepsen worker 3] jepsen.util: 51	:fail	:cas	[0 [3 0]]	[:abort "TCP sender unavailable"]
2026-03-16 21:28:27,918{GMT}	INFO	[jepsen worker 9] jepsen.util: 57	:invoke	:cas	[2 [3 1]]
2026-03-16 21:28:27,925{GMT}	INFO	[jepsen worker 9] jepsen.util: 57	:fail	:cas	[2 [3 1]]	[:abort "TCP sender unavailable"]
2026-03-16 21:28:27,949{GMT}	INFO	[jepsen worker 3] jepsen.util: 51	:invoke	:write	[0 0]
2026-03-16 21:28:27,953{GMT}	INFO	[jepsen worker 3] jepsen.util: 51	:fail	:write	[0 0]	[:abort "TCP sender unavailable"]
2026-03-16 21:28:28,029{GMT}	INFO	[jepsen worker 11] jepsen.util: 59	:invoke	:cas	[2 [2 2]]
2026-03-16 21:28:28,032{GMT}	INFO	[jepsen worker 11] jepsen.util: 59	:fail	:cas	[2 [2 2]]	[:abort "TCP sender unavailable"]
2026-03-16 21:28:28,132{GMT}	INFO	[jepsen worker 6] jepsen.util: 54	:invoke	:write	[2 3]
2026-03-16 21:28:28,140{GMT}	INFO	[jepsen worker 6] jepsen.util: 54	:fail	:write	[2 3]	[:abort "TCP sender unavailable"]
2026-03-16 21:28:28,193{GMT}	INFO	[jepsen worker 6] jepsen.util: 54	:invoke	:cas	[2 [0 3]]
2026-03-16 21:28:28,216{GMT}	INFO	[jepsen worker 6] jepsen.util: 54	:fail	:cas	[2 [0 3]]	[:abort "TCP sender unavailable"]
2026-03-16 21:28:28,251{GMT}	INFO	[jepsen worker 6] jepsen.util: 54	:invoke	:cas	[2 [4 0]]
2026-03-16 21:28:28,254{GMT}	INFO	[jepsen worker 6] jepsen.util: 54	:fail	:cas	[2 [4 0]]	[:abort "TCP sender unavailable"]
2026-03-16 21:28:28,303{GMT}	INFO	[jepsen worker 2] jepsen.util: 2	:invoke	:read	[0 nil]
2026-03-16 21:28:28,305{GMT}	INFO	[jepsen worker 2] jepsen.util: 2	:fail	:read	[0 nil]	[:key-does-not-exist "not found"]
2026-03-16 21:28:28,306{GMT}	INFO	[jepsen worker 3] jepsen.util: 51	:invoke	:write	[0 3]
2026-03-16 21:28:28,307{GMT}	INFO	[jepsen worker 3] jepsen.util: 51	:fail	:write	[0 3]	[:abort "TCP sender unavailable"]
2026-03-16 21:28:28,357{GMT}	INFO	[jepsen worker 0] jepsen.util: 0	:invoke	:read	[0 nil]
2026-03-16 21:28:28,359{GMT}	INFO	[jepsen worker 0] jepsen.util: 0	:fail	:read	[0 nil]	[:key-does-not-exist "not found"]
2026-03-16 21:28:28,386{GMT}	INFO	[jepsen worker 6] jepsen.util: 54	:invoke	:cas	[2 [0 1]]
2026-03-16 21:28:28,388{GMT}	INFO	[jepsen worker 6] jepsen.util: 54	:fail	:cas	[2 [0 1]]	[:abort "TCP sender unavailable"]
2026-03-16 21:28:28,443{GMT}	INFO	[jepsen worker 6] jepsen.util: 54	:invoke	:cas	[2 [0 4]]
2026-03-16 21:28:28,444{GMT}	INFO	[jepsen worker 6] jepsen.util: 54	:fail	:cas	[2 [0 4]]	[:abort "TCP sender unavailable"]
2026-03-16 21:28:28,501{GMT}	INFO	[jepsen worker 3] jepsen.util: 51	:invoke	:cas	[0 [3 3]]
2026-03-16 21:28:28,502{GMT}	INFO	[jepsen worker 3] jepsen.util: 51	:fail	:cas	[0 [3 3]]	[:abort "TCP sender unavailable"]
2026-03-16 21:28:28,556{GMT}	INFO	[jepsen worker 3] jepsen.util: 51	:invoke	:cas	[0 [1 1]]
2026-03-16 21:28:28,557{GMT}	INFO	[jepsen worker 3] jepsen.util: 51	:fail	:cas	[0 [1 1]]	[:abort "TCP sender unavailable"]
2026-03-16 21:28:28,572{GMT}	INFO	[jepsen worker 3] jepsen.util: 51	:invoke	:cas	[0 [2 3]]
2026-03-16 21:28:28,577{GMT}	INFO	[jepsen worker 3] jepsen.util: 51	:fail	:cas	[0 [2 3]]	[:abort "TCP sender unavailable"]
2026-03-16 21:28:28,621{GMT}	INFO	[jepsen worker 0] jepsen.util: 0	:invoke	:read	[0 nil]
2026-03-16 21:28:28,622{GMT}	INFO	[jepsen worker 0] jepsen.util: 0	:fail	:read	[0 nil]	[:key-does-not-exist "not found"]
2026-03-16 21:28:28,702{GMT}	INFO	[jepsen worker 3] jepsen.util: 51	:invoke	:write	[0 3]
2026-03-16 21:28:28,704{GMT}	INFO	[jepsen worker 3] jepsen.util: 51	:fail	:write	[0 3]	[:abort "TCP sender unavailable"]
2026-03-16 21:28:28,712{GMT}	INFO	[jepsen worker 6] jepsen.util: 54	:invoke	:cas	[2 [3 3]]
2026-03-16 21:28:28,713{GMT}	INFO	[jepsen worker 6] jepsen.util: 54	:fail	:cas	[2 [3 3]]	[:abort "TCP sender unavailable"]
2026-03-16 21:28:28,811{GMT}	INFO	[jepsen worker 6] jepsen.util: 54	:invoke	:cas	[2 [4 3]]
2026-03-16 21:28:28,816{GMT}	INFO	[jepsen worker 6] jepsen.util: 54	:fail	:cas	[2 [4 3]]	[:abort "TCP sender unavailable"]
2026-03-16 21:28:28,854{GMT}	INFO	[jepsen worker 6] jepsen.util: 54	:invoke	:write	[2 3]
2026-03-16 21:28:28,855{GMT}	INFO	[jepsen worker 6] jepsen.util: 54	:fail	:write	[2 3]	[:abort "TCP sender unavailable"]
2026-03-16 21:28:28,876{GMT}	INFO	[jepsen worker 6] jepsen.util: 54	:invoke	:write	[2 4]
2026-03-16 21:28:28,877{GMT}	INFO	[jepsen worker 6] jepsen.util: 54	:fail	:write	[2 4]	[:abort "TCP sender unavailable"]
2026-03-16 21:28:28,962{GMT}	INFO	[jepsen worker 3] jepsen.util: 51	:invoke	:cas	[0 [2 0]]
2026-03-16 21:28:28,964{GMT}	INFO	[jepsen worker 3] jepsen.util: 51	:fail	:cas	[0 [2 0]]	[:abort "TCP sender unavailable"]
2026-03-16 21:28:28,997{GMT}	INFO	[jepsen worker 4] jepsen.util: 52	:invoke	:write	[0 1]
2026-03-16 21:28:28,998{GMT}	INFO	[jepsen worker 4] jepsen.util: 52	:fail	:write	[0 1]	[:abort "TCP sender unavailable"]
2026-03-16 21:28:29,048{GMT}	INFO	[jepsen worker 5] jepsen.util: 53	:invoke	:cas	[0 [0 0]]
2026-03-16 21:28:29,050{GMT}	INFO	[jepsen worker 5] jepsen.util: 53	:fail	:cas	[0 [0 0]]	[:abort "TCP sender unavailable"]
2026-03-16 21:28:29,141{GMT}	INFO	[jepsen worker 6] jepsen.util: 54	:invoke	:cas	[2 [0 0]]
2026-03-16 21:28:29,143{GMT}	INFO	[jepsen worker 6] jepsen.util: 54	:fail	:cas	[2 [0 0]]	[:abort "TCP sender unavailable"]
2026-03-16 21:28:29,190{GMT}	INFO	[jepsen worker 7] jepsen.util: 67	:invoke	:cas	[2 [3 2]]
2026-03-16 21:28:29,196{GMT}	INFO	[jepsen worker 7] jepsen.util: 67	:fail	:cas	[2 [3 2]]	[:abort "TCP sender unavailable"]
2026-03-16 21:28:29,211{GMT}	INFO	[jepsen worker 8] jepsen.util: 56	:invoke	:cas	[2 [1 1]]
2026-03-16 21:28:29,214{GMT}	INFO	[jepsen worker 8] jepsen.util: 56	:fail	:cas	[2 [1 1]]	[:abort "TCP sender unavailable"]
2026-03-16 21:28:29,215{GMT}	INFO	[jepsen worker 9] jepsen.util: 57	:invoke	:cas	[2 [2 1]]
2026-03-16 21:28:29,217{GMT}	INFO	[jepsen worker 9] jepsen.util: 57	:fail	:cas	[2 [2 1]]	[:abort "TCP sender unavailable"]
2026-03-16 21:28:29,235{GMT}	INFO	[jepsen worker 0] jepsen.util: 0	:invoke	:read	[0 nil]
2026-03-16 21:28:29,236{GMT}	INFO	[jepsen worker 0] jepsen.util: 0	:fail	:read	[0 nil]	[:key-does-not-exist "not found"]
2026-03-16 21:28:29,335{GMT}	INFO	[jepsen worker 11] jepsen.util: 59	:invoke	:write	[2 3]
2026-03-16 21:28:29,338{GMT}	INFO	[jepsen worker 11] jepsen.util: 59	:fail	:write	[2 3]	[:abort "TCP sender unavailable"]
2026-03-16 21:28:29,430{GMT}	INFO	[jepsen worker 3] jepsen.util: 51	:invoke	:cas	[0 [4 0]]
2026-03-16 21:28:29,433{GMT}	INFO	[jepsen worker 3] jepsen.util: 51	:fail	:cas	[0 [4 0]]	[:abort "TCP sender unavailable"]
2026-03-16 21:28:29,443{GMT}	INFO	[jepsen worker 3] jepsen.util: 51	:invoke	:cas	[0 [0 0]]
2026-03-16 21:28:29,445{GMT}	INFO	[jepsen worker 3] jepsen.util: 51	:fail	:cas	[0 [0 0]]	[:abort "TCP sender unavailable"]
2026-03-16 21:28:29,480{GMT}	INFO	[jepsen worker 6] jepsen.util: 54	:invoke	:cas	[2 [3 2]]
2026-03-16 21:28:29,483{GMT}	INFO	[jepsen worker 6] jepsen.util: 54	:fail	:cas	[2 [3 2]]	[:abort "TCP sender unavailable"]
2026-03-16 21:28:29,496{GMT}	INFO	[jepsen worker 6] jepsen.util: 54	:invoke	:write	[2 2]
2026-03-16 21:28:29,499{GMT}	INFO	[jepsen worker 6] jepsen.util: 54	:fail	:write	[2 2]	[:abort "TCP sender unavailable"]
2026-03-16 21:28:29,540{GMT}	INFO	[jepsen worker 6] jepsen.util: 54	:invoke	:cas	[2 [3 4]]
2026-03-16 21:28:29,544{GMT}	INFO	[jepsen worker 6] jepsen.util: 54	:fail	:cas	[2 [3 4]]	[:abort "TCP sender unavailable"]
2026-03-16 21:28:29,636{GMT}	INFO	[jepsen worker 6] jepsen.util: 54	:invoke	:write	[2 2]
2026-03-16 21:28:29,638{GMT}	INFO	[jepsen worker 6] jepsen.util: 54	:fail	:write	[2 2]	[:abort "TCP sender unavailable"]
2026-03-16 21:28:29,677{GMT}	INFO	[jepsen worker 5] jepsen.util: 53	:invoke	:write	[0 3]
2026-03-16 21:28:29,679{GMT}	INFO	[jepsen worker 5] jepsen.util: 53	:fail	:write	[0 3]	[:abort "TCP sender unavailable"]
2026-03-16 21:28:29,775{GMT}	INFO	[jepsen worker 6] jepsen.util: 54	:invoke	:write	[2 4]
2026-03-16 21:28:29,778{GMT}	INFO	[jepsen worker 6] jepsen.util: 54	:fail	:write	[2 4]	[:abort "TCP sender unavailable"]
2026-03-16 21:28:29,855{GMT}	INFO	[jepsen worker 0] jepsen.util: 0	:invoke	:read	[0 nil]
2026-03-16 21:28:29,857{GMT}	INFO	[jepsen worker 0] jepsen.util: 0	:fail	:read	[0 nil]	[:key-does-not-exist "not found"]
2026-03-16 21:28:29,942{GMT}	INFO	[jepsen worker 0] jepsen.util: 0	:invoke	:read	[0 nil]
2026-03-16 21:28:29,944{GMT}	INFO	[jepsen worker 0] jepsen.util: 0	:fail	:read	[0 nil]	[:key-does-not-exist "not found"]
2026-03-16 21:28:29,958{GMT}	INFO	[jepsen worker 0] jepsen.util: 0	:invoke	:read	[0 nil]
2026-03-16 21:28:29,958{GMT}	INFO	[jepsen worker 1] jepsen.util: 1	:invoke	:read	[0 nil]
2026-03-16 21:28:29,960{GMT}	INFO	[jepsen worker 0] jepsen.util: 0	:fail	:read	[0 nil]	[:key-does-not-exist "not found"]
2026-03-16 21:28:29,960{GMT}	INFO	[jepsen worker 1] jepsen.util: 1	:fail	:read	[0 nil]	[:key-does-not-exist "not found"]
2026-03-16 21:28:29,983{GMT}	INFO	[jepsen worker 11] jepsen.util: 59	:invoke	:cas	[2 [1 4]]
2026-03-16 21:28:29,985{GMT}	INFO	[jepsen worker 11] jepsen.util: 59	:fail	:cas	[2 [1 4]]	[:abort "TCP sender unavailable"]
2026-03-16 21:28:29,997{GMT}	INFO	[jepsen worker 3] jepsen.util: 51	:invoke	:write	[0 2]
2026-03-16 21:28:29,999{GMT}	INFO	[jepsen worker 3] jepsen.util: 51	:fail	:write	[0 2]	[:abort "TCP sender unavailable"]
2026-03-16 21:28:30,016{GMT}	INFO	[jepsen worker 6] jepsen.util: 54	:invoke	:write	[2 2]
2026-03-16 21:28:30,018{GMT}	INFO	[jepsen worker 6] jepsen.util: 54	:fail	:write	[2 2]	[:abort "TCP sender unavailable"]
2026-03-16 21:28:30,111{GMT}	INFO	[jepsen worker 6] jepsen.util: 54	:invoke	:cas	[2 [2 4]]
2026-03-16 21:28:30,112{GMT}	INFO	[jepsen worker 6] jepsen.util: 54	:fail	:cas	[2 [2 4]]	[:abort "TCP sender unavailable"]
2026-03-16 21:28:30,207{GMT}	INFO	[jepsen worker 6] jepsen.util: 54	:invoke	:cas	[2 [0 3]]
2026-03-16 21:28:30,209{GMT}	INFO	[jepsen worker 6] jepsen.util: 54	:fail	:cas	[2 [0 3]]	[:abort "TCP sender unavailable"]
2026-03-16 21:28:30,237{GMT}	INFO	[jepsen worker 3] jepsen.util: 51	:invoke	:write	[0 0]
2026-03-16 21:28:30,238{GMT}	INFO	[jepsen worker 3] jepsen.util: 51	:fail	:write	[0 0]	[:abort "TCP sender unavailable"]
2026-03-16 21:28:30,322{GMT}	INFO	[jepsen worker 4] jepsen.util: 52	:invoke	:cas	[0 [4 1]]
2026-03-16 21:28:30,326{GMT}	INFO	[jepsen worker 4] jepsen.util: 52	:fail	:cas	[0 [4 1]]	[:abort "TCP sender unavailable"]
2026-03-16 21:28:30,358{GMT}	INFO	[jepsen worker 0] jepsen.util: 0	:invoke	:read	[0 nil]
2026-03-16 21:28:30,362{GMT}	INFO	[jepsen worker 0] jepsen.util: 0	:fail	:read	[0 nil]	[:key-does-not-exist "not found"]
2026-03-16 21:28:30,371{GMT}	INFO	[jepsen worker 0] jepsen.util: 0	:invoke	:read	[0 nil]
2026-03-16 21:28:30,374{GMT}	INFO	[jepsen worker 0] jepsen.util: 0	:fail	:read	[0 nil]	[:key-does-not-exist "not found"]
2026-03-16 21:28:30,378{GMT}	INFO	[jepsen worker 7] jepsen.util: 67	:invoke	:write	[2 3]
2026-03-16 21:28:30,379{GMT}	INFO	[jepsen worker 7] jepsen.util: 67	:fail	:write	[2 3]	[:abort "TCP sender unavailable"]
2026-03-16 21:28:30,428{GMT}	INFO	[jepsen worker 3] jepsen.util: 51	:invoke	:cas	[0 [1 1]]
2026-03-16 21:28:30,431{GMT}	INFO	[jepsen worker 3] jepsen.util: 51	:fail	:cas	[0 [1 1]]	[:abort "TCP sender unavailable"]
2026-03-16 21:28:30,479{GMT}	INFO	[jepsen worker 9] jepsen.util: 57	:invoke	:write	[2 4]
2026-03-16 21:28:30,483{GMT}	INFO	[jepsen worker 9] jepsen.util: 57	:fail	:write	[2 4]	[:abort "TCP sender unavailable"]
2026-03-16 21:28:30,545{GMT}	INFO	[jepsen worker 3] jepsen.util: 51	:invoke	:cas	[0 [0 1]]
2026-03-16 21:28:30,548{GMT}	INFO	[jepsen worker 3] jepsen.util: 51	:fail	:cas	[0 [0 1]]	[:abort "TCP sender unavailable"]
2026-03-16 21:28:30,550{GMT}	INFO	[jepsen worker 11] jepsen.util: 59	:invoke	:cas	[2 [1 3]]
2026-03-16 21:28:30,553{GMT}	INFO	[jepsen worker 11] jepsen.util: 59	:fail	:cas	[2 [1 3]]	[:abort "TCP sender unavailable"]
2026-03-16 21:28:30,591{GMT}	INFO	[jepsen worker 0] jepsen.util: 0	:invoke	:read	[0 nil]
2026-03-16 21:28:30,594{GMT}	INFO	[jepsen worker 0] jepsen.util: 0	:fail	:read	[0 nil]	[:key-does-not-exist "not found"]
2026-03-16 21:28:30,676{GMT}	INFO	[jepsen worker 3] jepsen.util: 51	:invoke	:write	[0 2]
2026-03-16 21:28:30,679{GMT}	INFO	[jepsen worker 3] jepsen.util: 51	:fail	:write	[0 2]	[:abort "TCP sender unavailable"]
2026-03-16 21:28:30,775{GMT}	INFO	[jepsen worker 3] jepsen.util: 51	:invoke	:cas	[0 [1 3]]
2026-03-16 21:28:30,780{GMT}	INFO	[jepsen worker 3] jepsen.util: 51	:fail	:cas	[0 [1 3]]	[:abort "TCP sender unavailable"]
2026-03-16 21:28:30,822{GMT}	INFO	[jepsen worker 6] jepsen.util: 54	:invoke	:write	[2 2]
2026-03-16 21:28:30,825{GMT}	INFO	[jepsen worker 6] jepsen.util: 54	:fail	:write	[2 2]	[:abort "TCP sender unavailable"]
2026-03-16 21:28:30,900{GMT}	INFO	[jepsen worker 6] jepsen.util: 54	:invoke	:write	[2 4]
2026-03-16 21:28:30,904{GMT}	INFO	[jepsen worker 6] jepsen.util: 54	:fail	:write	[2 4]	[:abort "TCP sender unavailable"]
2026-03-16 21:28:30,948{GMT}	INFO	[jepsen worker 0] jepsen.util: 0	:invoke	:read	[0 nil]
2026-03-16 21:28:30,951{GMT}	INFO	[jepsen worker 0] jepsen.util: 0	:fail	:read	[0 nil]	[:key-does-not-exist "not found"]
2026-03-16 21:28:31,041{GMT}	INFO	[jepsen worker 5] jepsen.util: 53	:invoke	:write	[0 2]
2026-03-16 21:28:31,045{GMT}	INFO	[jepsen worker 5] jepsen.util: 53	:fail	:write	[0 2]	[:abort "TCP sender unavailable"]
2026-03-16 21:28:31,072{GMT}	INFO	[jepsen worker 0] jepsen.util: 0	:invoke	:read	[0 nil]
2026-03-16 21:28:31,075{GMT}	INFO	[jepsen worker 0] jepsen.util: 0	:fail	:read	[0 nil]	[:key-does-not-exist "not found"]
2026-03-16 21:28:31,146{GMT}	INFO	[jepsen worker 7] jepsen.util: 67	:invoke	:write	[2 0]
2026-03-16 21:28:31,150{GMT}	INFO	[jepsen worker 7] jepsen.util: 67	:fail	:write	[2 0]	[:abort "TCP sender unavailable"]
2026-03-16 21:28:31,203{GMT}	INFO	[jepsen worker 3] jepsen.util: 51	:invoke	:cas	[0 [3 4]]
2026-03-16 21:28:31,206{GMT}	INFO	[jepsen worker 3] jepsen.util: 51	:fail	:cas	[0 [3 4]]	[:abort "TCP sender unavailable"]
2026-03-16 21:28:31,259{GMT}	INFO	[jepsen worker 9] jepsen.util: 57	:invoke	:write	[2 3]
2026-03-16 21:28:31,263{GMT}	INFO	[jepsen worker 9] jepsen.util: 57	:fail	:write	[2 3]	[:abort "TCP sender unavailable"]
2026-03-16 21:28:31,264{GMT}	INFO	[jepsen worker 3] jepsen.util: 51	:invoke	:cas	[0 [2 4]]
2026-03-16 21:28:31,266{GMT}	INFO	[jepsen worker 3] jepsen.util: 51	:fail	:cas	[0 [2 4]]	[:abort "TCP sender unavailable"]
2026-03-16 21:28:31,327{GMT}	INFO	[jepsen worker 11] jepsen.util: 59	:invoke	:write	[2 0]
2026-03-16 21:28:31,330{GMT}	INFO	[jepsen worker 11] jepsen.util: 59	:fail	:write	[2 0]	[:abort "TCP sender unavailable"]
2026-03-16 21:28:31,333{GMT}	INFO	[jepsen worker 6] jepsen.util: 54	:invoke	:write	[2 1]
2026-03-16 21:28:31,336{GMT}	INFO	[jepsen worker 6] jepsen.util: 54	:fail	:write	[2 1]	[:abort "TCP sender unavailable"]
2026-03-16 21:28:31,420{GMT}	INFO	[jepsen worker 0] jepsen.util: 0	:invoke	:read	[0 nil]
2026-03-16 21:28:31,421{GMT}	INFO	[jepsen worker 0] jepsen.util: 0	:fail	:read	[0 nil]	[:key-does-not-exist "not found"]
2026-03-16 21:28:31,445{GMT}	INFO	[jepsen worker 6] jepsen.util: 54	:invoke	:write	[2 4]
2026-03-16 21:28:31,446{GMT}	INFO	[jepsen worker 6] jepsen.util: 54	:fail	:write	[2 4]	[:abort "TCP sender unavailable"]
2026-03-16 21:28:31,488{GMT}	INFO	[jepsen worker 3] jepsen.util: 51	:invoke	:write	[0 0]
2026-03-16 21:28:31,489{GMT}	INFO	[jepsen worker 3] jepsen.util: 51	:fail	:write	[0 0]	[:abort "TCP sender unavailable"]
2026-03-16 21:28:31,581{GMT}	INFO	[jepsen worker 6] jepsen.util: 54	:invoke	:cas	[2 [2 3]]
2026-03-16 21:28:31,585{GMT}	INFO	[jepsen worker 6] jepsen.util: 54	:fail	:cas	[2 [2 3]]	[:abort "TCP sender unavailable"]
2026-03-16 21:28:31,649{GMT}	INFO	[jepsen worker 6] jepsen.util: 54	:invoke	:write	[2 0]
2026-03-16 21:28:31,653{GMT}	INFO	[jepsen worker 6] jepsen.util: 54	:fail	:write	[2 0]	[:abort "TCP sender unavailable"]
2026-03-16 21:28:31,694{GMT}	INFO	[jepsen worker 6] jepsen.util: 54	:invoke	:cas	[2 [1 3]]
2026-03-16 21:28:31,697{GMT}	INFO	[jepsen worker 6] jepsen.util: 54	:fail	:cas	[2 [1 3]]	[:abort "TCP sender unavailable"]
2026-03-16 21:28:31,763{GMT}	INFO	[jepsen worker 6] jepsen.util: 54	:invoke	:write	[2 0]
2026-03-16 21:28:31,767{GMT}	INFO	[jepsen worker 6] jepsen.util: 54	:fail	:write	[2 0]	[:abort "TCP sender unavailable"]
2026-03-16 21:28:31,821{GMT}	INFO	[jepsen worker 7] jepsen.util: 67	:invoke	:write	[2 1]
2026-03-16 21:28:31,825{GMT}	INFO	[jepsen worker 7] jepsen.util: 67	:fail	:write	[2 1]	[:abort "TCP sender unavailable"]
2026-03-16 21:28:31,898{GMT}	INFO	[jepsen worker 8] jepsen.util: 56	:invoke	:cas	[2 [3 4]]
2026-03-16 21:28:31,902{GMT}	INFO	[jepsen worker 8] jepsen.util: 56	:fail	:cas	[2 [3 4]]	[:abort "TCP sender unavailable"]
2026-03-16 21:28:31,959{GMT}	INFO	[jepsen worker 0] jepsen.util: 0	:invoke	:read	[0 nil]
2026-03-16 21:28:31,963{GMT}	INFO	[jepsen worker 0] jepsen.util: 0	:fail	:read	[0 nil]	[:key-does-not-exist "not found"]
2026-03-16 21:28:32,036{GMT}	INFO	[jepsen worker 10] jepsen.util: 58	:invoke	:cas	[2 [2 1]]
2026-03-16 21:28:32,040{GMT}	INFO	[jepsen worker 10] jepsen.util: 58	:fail	:cas	[2 [2 1]]	[:abort "TCP sender unavailable"]
2026-03-16 21:28:32,102{GMT}	INFO	[jepsen worker 0] jepsen.util: 0	:invoke	:read	[0 nil]
2026-03-16 21:28:32,106{GMT}	INFO	[jepsen worker 0] jepsen.util: 0	:fail	:read	[0 nil]	[:key-does-not-exist "not found"]
2026-03-16 21:28:32,144{GMT}	INFO	[jepsen worker 6] jepsen.util: 54	:invoke	:cas	[2 [1 2]]
2026-03-16 21:28:32,147{GMT}	INFO	[jepsen worker 6] jepsen.util: 54	:fail	:cas	[2 [1 2]]	[:abort "TCP sender unavailable"]
2026-03-16 21:28:32,192{GMT}	INFO	[jepsen worker 6] jepsen.util: 54	:invoke	:cas	[2 [3 4]]
2026-03-16 21:28:32,196{GMT}	INFO	[jepsen worker 6] jepsen.util: 54	:fail	:cas	[2 [3 4]]	[:abort "TCP sender unavailable"]
2026-03-16 21:28:32,220{GMT}	INFO	[jepsen worker 3] jepsen.util: 51	:invoke	:cas	[0 [4 0]]
2026-03-16 21:28:32,224{GMT}	INFO	[jepsen worker 3] jepsen.util: 51	:fail	:cas	[0 [4 0]]	[:abort "TCP sender unavailable"]
2026-03-16 21:28:32,255{GMT}	INFO	[jepsen worker 6] jepsen.util: 54	:invoke	:write	[2 3]
2026-03-16 21:28:32,258{GMT}	INFO	[jepsen worker 6] jepsen.util: 54	:fail	:write	[2 3]	[:abort "TCP sender unavailable"]
2026-03-16 21:28:32,291{GMT}	INFO	[jepsen worker 3] jepsen.util: 51	:invoke	:write	[0 2]
2026-03-16 21:28:32,294{GMT}	INFO	[jepsen worker 3] jepsen.util: 51	:fail	:write	[0 2]	[:abort "TCP sender unavailable"]
2026-03-16 21:28:32,350{GMT}	INFO	[jepsen worker 0] jepsen.util: 0	:invoke	:read	[0 nil]
2026-03-16 21:28:32,352{GMT}	INFO	[jepsen worker 0] jepsen.util: 0	:fail	:read	[0 nil]	[:key-does-not-exist "not found"]
2026-03-16 21:28:32,450{GMT}	INFO	[jepsen worker 0] jepsen.util: 0	:invoke	:read	[0 nil]
2026-03-16 21:28:32,454{GMT}	INFO	[jepsen worker 0] jepsen.util: 0	:fail	:read	[0 nil]	[:key-does-not-exist "not found"]
2026-03-16 21:28:32,457{GMT}	INFO	[jepsen worker 3] jepsen.util: 51	:invoke	:cas	[0 [4 3]]
2026-03-16 21:28:32,459{GMT}	INFO	[jepsen worker 3] jepsen.util: 51	:fail	:cas	[0 [4 3]]	[:abort "TCP sender unavailable"]
2026-03-16 21:28:32,523{GMT}	INFO	[jepsen worker 3] jepsen.util: 51	:invoke	:cas	[0 [1 4]]
2026-03-16 21:28:32,528{GMT}	INFO	[jepsen worker 3] jepsen.util: 51	:fail	:cas	[0 [1 4]]	[:abort "TCP sender unavailable"]
2026-03-16 21:28:32,559{GMT}	INFO	[jepsen worker 8] jepsen.util: 56	:invoke	:cas	[2 [3 1]]
2026-03-16 21:28:32,562{GMT}	INFO	[jepsen worker 3] jepsen.util: 51	:invoke	:write	[0 1]
2026-03-16 21:28:32,563{GMT}	INFO	[jepsen worker 8] jepsen.util: 56	:fail	:cas	[2 [3 1]]	[:abort "TCP sender unavailable"]
2026-03-16 21:28:32,564{GMT}	INFO	[jepsen worker 3] jepsen.util: 51	:fail	:write	[0 1]	[:abort "TCP sender unavailable"]
2026-03-16 21:28:32,623{GMT}	INFO	[jepsen worker 10] jepsen.util: 58	:invoke	:cas	[2 [3 4]]
2026-03-16 21:28:32,628{GMT}	INFO	[jepsen worker 10] jepsen.util: 58	:fail	:cas	[2 [3 4]]	[:abort "TCP sender unavailable"]
2026-03-16 21:28:32,642{GMT}	INFO	[jepsen worker 3] jepsen.util: 51	:invoke	:cas	[0 [2 1]]
2026-03-16 21:28:32,645{GMT}	INFO	[jepsen worker 3] jepsen.util: 51	:fail	:cas	[0 [2 1]]	[:abort "TCP sender unavailable"]
2026-03-16 21:28:32,742{GMT}	INFO	[jepsen worker 6] jepsen.util: 54	:invoke	:cas	[2 [1 3]]
2026-03-16 21:28:32,746{GMT}	INFO	[jepsen worker 6] jepsen.util: 54	:fail	:cas	[2 [1 3]]	[:abort "TCP sender unavailable"]
2026-03-16 21:28:32,763{GMT}	INFO	[jepsen worker 6] jepsen.util: 54	:invoke	:cas	[2 [1 4]]
2026-03-16 21:28:32,766{GMT}	INFO	[jepsen worker 6] jepsen.util: 54	:fail	:cas	[2 [1 4]]	[:abort "TCP sender unavailable"]
2026-03-16 21:28:32,793{GMT}	INFO	[jepsen worker 6] jepsen.util: 54	:invoke	:write	[2 2]
2026-03-16 21:28:32,796{GMT}	INFO	[jepsen worker 6] jepsen.util: 54	:fail	:write	[2 2]	[:abort "TCP sender unavailable"]
2026-03-16 21:28:32,863{GMT}	INFO	[jepsen worker 2] jepsen.util: 2	:invoke	:read	[0 nil]
2026-03-16 21:28:32,865{GMT}	INFO	[jepsen worker 3] jepsen.util: 51	:invoke	:cas	[0 [4 3]]
2026-03-16 21:28:32,865{GMT}	INFO	[jepsen worker 2] jepsen.util: 2	:fail	:read	[0 nil]	[:key-does-not-exist "not found"]
2026-03-16 21:28:32,866{GMT}	INFO	[jepsen worker 3] jepsen.util: 51	:fail	:cas	[0 [4 3]]	[:abort "TCP sender unavailable"]
2026-03-16 21:28:32,867{GMT}	INFO	[jepsen worker 6] jepsen.util: 54	:invoke	:write	[2 2]
2026-03-16 21:28:32,868{GMT}	INFO	[jepsen worker 6] jepsen.util: 54	:fail	:write	[2 2]	[:abort "TCP sender unavailable"]
2026-03-16 21:28:32,874{GMT}	INFO	[jepsen worker 6] jepsen.util: 54	:invoke	:cas	[2 [3 0]]
2026-03-16 21:28:32,875{GMT}	INFO	[jepsen worker 6] jepsen.util: 54	:fail	:cas	[2 [3 0]]	[:abort "TCP sender unavailable"]
2026-03-16 21:28:32,916{GMT}	INFO	[jepsen worker 0] jepsen.util: 0	:invoke	:read	[0 nil]
2026-03-16 21:28:32,919{GMT}	INFO	[jepsen worker 0] jepsen.util: 0	:fail	:read	[0 nil]	[:key-does-not-exist "not found"]
2026-03-16 21:28:32,982{GMT}	INFO	[jepsen worker 3] jepsen.util: 51	:invoke	:cas	[0 [4 0]]
2026-03-16 21:28:32,984{GMT}	INFO	[jepsen worker 3] jepsen.util: 51	:fail	:cas	[0 [4 0]]	[:abort "TCP sender unavailable"]
2026-03-16 21:28:33,019{GMT}	INFO	[jepsen worker 3] jepsen.util: 51	:invoke	:write	[0 2]
2026-03-16 21:28:33,020{GMT}	INFO	[jepsen worker 3] jepsen.util: 51	:fail	:write	[0 2]	[:abort "TCP sender unavailable"]
2026-03-16 21:28:33,065{GMT}	INFO	[jepsen worker 0] jepsen.util: 0	:invoke	:read	[0 nil]
2026-03-16 21:28:33,066{GMT}	INFO	[jepsen worker 0] jepsen.util: 0	:fail	:read	[0 nil]	[:key-does-not-exist "not found"]
2026-03-16 21:28:33,168{GMT}	INFO	[jepsen worker 10] jepsen.util: 58	:invoke	:write	[2 0]
2026-03-16 21:28:33,171{GMT}	INFO	[jepsen worker 10] jepsen.util: 58	:fail	:write	[2 0]	[:abort "TCP sender unavailable"]
2026-03-16 21:28:33,257{GMT}	INFO	[jepsen worker 3] jepsen.util: 51	:invoke	:cas	[0 [1 4]]
2026-03-16 21:28:33,259{GMT}	INFO	[jepsen worker 3] jepsen.util: 51	:fail	:cas	[0 [1 4]]	[:abort "TCP sender unavailable"]
2026-03-16 21:28:33,333{GMT}	INFO	[jepsen worker 6] jepsen.util: 54	:invoke	:write	[2 3]
2026-03-16 21:28:33,334{GMT}	INFO	[jepsen worker 6] jepsen.util: 54	:fail	:write	[2 3]	[:abort "TCP sender unavailable"]
2026-03-16 21:28:33,403{GMT}	INFO	[jepsen worker 6] jepsen.util: 54	:invoke	:cas	[2 [1 4]]
2026-03-16 21:28:33,404{GMT}	INFO	[jepsen worker 6] jepsen.util: 54	:fail	:cas	[2 [1 4]]	[:abort "TCP sender unavailable"]
2026-03-16 21:28:33,419{GMT}	INFO	[jepsen worker 6] jepsen.util: 54	:invoke	:write	[2 4]
2026-03-16 21:28:33,421{GMT}	INFO	[jepsen worker 6] jepsen.util: 54	:fail	:write	[2 4]	[:abort "TCP sender unavailable"]
2026-03-16 21:28:33,501{GMT}	INFO	[jepsen worker 2] jepsen.util: 2	:invoke	:read	[0 nil]
2026-03-16 21:28:33,504{GMT}	INFO	[jepsen worker 2] jepsen.util: 2	:fail	:read	[0 nil]	[:key-does-not-exist "not found"]
2026-03-16 21:28:33,515{GMT}	INFO	[jepsen worker 3] jepsen.util: 51	:invoke	:cas	[0 [1 4]]
2026-03-16 21:28:33,518{GMT}	INFO	[jepsen worker 3] jepsen.util: 51	:fail	:cas	[0 [1 4]]	[:abort "TCP sender unavailable"]
2026-03-16 21:28:33,543{GMT}	INFO	[jepsen worker 6] jepsen.util: 54	:invoke	:cas	[2 [3 0]]
2026-03-16 21:28:33,547{GMT}	INFO	[jepsen worker 6] jepsen.util: 54	:fail	:cas	[2 [3 0]]	[:abort "TCP sender unavailable"]
2026-03-16 21:28:33,579{GMT}	INFO	[jepsen worker 6] jepsen.util: 54	:invoke	:cas	[2 [2 3]]
2026-03-16 21:28:33,583{GMT}	INFO	[jepsen worker 6] jepsen.util: 54	:fail	:cas	[2 [2 3]]	[:abort "TCP sender unavailable"]
2026-03-16 21:28:33,638{GMT}	INFO	[jepsen worker 6] jepsen.util: 54	:invoke	:write	[2 2]
2026-03-16 21:28:33,643{GMT}	INFO	[jepsen worker 6] jepsen.util: 54	:fail	:write	[2 2]	[:abort "TCP sender unavailable"]
2026-03-16 21:28:33,692{GMT}	INFO	[jepsen worker 3] jepsen.util: 51	:invoke	:cas	[0 [1 4]]
2026-03-16 21:28:33,696{GMT}	INFO	[jepsen worker 3] jepsen.util: 51	:fail	:cas	[0 [1 4]]	[:abort "TCP sender unavailable"]
2026-03-16 21:28:33,790{GMT}	INFO	[jepsen worker 8] jepsen.util: 56	:invoke	:cas	[2 [3 2]]
2026-03-16 21:28:33,796{GMT}	INFO	[jepsen worker 8] jepsen.util: 56	:fail	:cas	[2 [3 2]]	[:abort "TCP sender unavailable"]
2026-03-16 21:28:33,843{GMT}	INFO	[jepsen worker 0] jepsen.util: 0	:invoke	:read	[0 nil]
2026-03-16 21:28:33,845{GMT}	INFO	[jepsen worker 0] jepsen.util: 0	:fail	:read	[0 nil]	[:key-does-not-exist "not found"]
2026-03-16 21:28:33,896{GMT}	INFO	[jepsen worker 10] jepsen.util: 58	:invoke	:cas	[2 [4 1]]
2026-03-16 21:28:33,898{GMT}	INFO	[jepsen worker 10] jepsen.util: 58	:fail	:cas	[2 [4 1]]	[:abort "TCP sender unavailable"]
2026-03-16 21:28:33,995{GMT}	INFO	[jepsen worker 3] jepsen.util: 51	:invoke	:cas	[0 [1 2]]
2026-03-16 21:28:34,000{GMT}	INFO	[jepsen worker 3] jepsen.util: 51	:fail	:cas	[0 [1 2]]	[:abort "TCP sender unavailable"]
2026-03-16 21:28:34,046{GMT}	INFO	[jepsen worker 6] jepsen.util: 54	:invoke	:cas	[2 [0 2]]
2026-03-16 21:28:34,049{GMT}	INFO	[jepsen worker 6] jepsen.util: 54	:fail	:cas	[2 [0 2]]	[:abort "TCP sender unavailable"]
2026-03-16 21:28:34,150{GMT}	INFO	[jepsen worker 6] jepsen.util: 54	:invoke	:write	[2 0]
2026-03-16 21:28:34,152{GMT}	INFO	[jepsen worker 6] jepsen.util: 54	:fail	:write	[2 0]	[:abort "TCP sender unavailable"]
2026-03-16 21:28:34,239{GMT}	INFO	[jepsen worker 1] jepsen.util: 1	:invoke	:read	[0 nil]
2026-03-16 21:28:34,241{GMT}	INFO	[jepsen worker 1] jepsen.util: 1	:fail	:read	[0 nil]	[:key-does-not-exist "not found"]
2026-03-16 21:28:34,312{GMT}	INFO	[jepsen worker 6] jepsen.util: 54	:invoke	:cas	[2 [4 0]]
2026-03-16 21:28:34,316{GMT}	INFO	[jepsen worker 6] jepsen.util: 54	:fail	:cas	[2 [4 0]]	[:abort "TCP sender unavailable"]
2026-03-16 21:28:34,316{GMT}	INFO	[jepsen worker 6] jepsen.util: 54	:invoke	:cas	[2 [3 3]]
2026-03-16 21:28:34,318{GMT}	INFO	[jepsen worker 6] jepsen.util: 54	:fail	:cas	[2 [3 3]]	[:abort "TCP sender unavailable"]
2026-03-16 21:28:34,409{GMT}	INFO	[jepsen worker 0] jepsen.util: 0	:invoke	:read	[0 nil]
2026-03-16 21:28:34,412{GMT}	INFO	[jepsen worker 0] jepsen.util: 0	:fail	:read	[0 nil]	[:key-does-not-exist "not found"]
2026-03-16 21:28:34,464{GMT}	INFO	[jepsen worker 6] jepsen.util: 54	:invoke	:write	[2 3]
2026-03-16 21:28:34,466{GMT}	INFO	[jepsen worker 6] jepsen.util: 54	:fail	:write	[2 3]	[:abort "TCP sender unavailable"]
2026-03-16 21:28:34,523{GMT}	INFO	[jepsen worker 0] jepsen.util: 0	:invoke	:read	[0 nil]
2026-03-16 21:28:34,525{GMT}	INFO	[jepsen worker 0] jepsen.util: 0	:fail	:read	[0 nil]	[:key-does-not-exist "not found"]
2026-03-16 21:28:34,626{GMT}	INFO	[jepsen worker 0] jepsen.util: 0	:invoke	:read	[0 nil]
2026-03-16 21:28:34,628{GMT}	INFO	[jepsen worker 0] jepsen.util: 0	:fail	:read	[0 nil]	[:key-does-not-exist "not found"]
2026-03-16 21:28:34,725{GMT}	INFO	[jepsen worker 8] jepsen.util: 56	:invoke	:cas	[2 [3 3]]
2026-03-16 21:28:34,726{GMT}	INFO	[jepsen worker 8] jepsen.util: 56	:fail	:cas	[2 [3 3]]	[:abort "TCP sender unavailable"]
2026-03-16 21:28:34,727{GMT}	INFO	[jepsen worker 9] jepsen.util: 57	:invoke	:cas	[2 [2 2]]
2026-03-16 21:28:34,728{GMT}	INFO	[jepsen worker 9] jepsen.util: 57	:fail	:cas	[2 [2 2]]	[:abort "TCP sender unavailable"]
2026-03-16 21:28:34,801{GMT}	INFO	[jepsen worker 0] jepsen.util: 0	:invoke	:read	[0 nil]
2026-03-16 21:28:34,805{GMT}	INFO	[jepsen worker 0] jepsen.util: 0	:fail	:read	[0 nil]	[:key-does-not-exist "not found"]
2026-03-16 21:28:34,842{GMT}	INFO	[jepsen worker 11] jepsen.util: 59	:invoke	:write	[2 4]
2026-03-16 21:28:34,846{GMT}	INFO	[jepsen worker 11] jepsen.util: 59	:fail	:write	[2 4]	[:abort "TCP sender unavailable"]
2026-03-16 21:28:34,939{GMT}	INFO	[jepsen worker 6] jepsen.util: 54	:invoke	:cas	[2 [0 3]]
2026-03-16 21:28:34,945{GMT}	INFO	[jepsen worker 6] jepsen.util: 54	:fail	:cas	[2 [0 3]]	[:abort "TCP sender unavailable"]
2026-03-16 21:28:35,035{GMT}	INFO	[jepsen worker 6] jepsen.util: 54	:invoke	:write	[2 2]
2026-03-16 21:28:35,040{GMT}	INFO	[jepsen worker 6] jepsen.util: 54	:fail	:write	[2 2]	[:abort "TCP sender unavailable"]
2026-03-16 21:28:35,052{GMT}	INFO	[jepsen worker 1] jepsen.util: 1	:invoke	:read	[0 nil]
2026-03-16 21:28:35,056{GMT}	INFO	[jepsen worker 1] jepsen.util: 1	:fail	:read	[0 nil]	[:key-does-not-exist "not found"]
2026-03-16 21:28:35,066{GMT}	INFO	[jepsen worker 3] jepsen.util: 51	:invoke	:write	[0 2]
2026-03-16 21:28:35,069{GMT}	INFO	[jepsen worker 3] jepsen.util: 51	:fail	:write	[0 2]	[:abort "TCP sender unavailable"]
2026-03-16 21:28:35,170{GMT}	INFO	[jepsen worker 3] jepsen.util: 51	:invoke	:cas	[0 [0 2]]
2026-03-16 21:28:35,174{GMT}	INFO	[jepsen worker 6] jepsen.util: 54	:invoke	:cas	[2 [0 4]]
2026-03-16 21:28:35,174{GMT}	INFO	[jepsen worker 3] jepsen.util: 51	:fail	:cas	[0 [0 2]]	[:abort "TCP sender unavailable"]
2026-03-16 21:28:35,176{GMT}	INFO	[jepsen worker 6] jepsen.util: 54	:fail	:cas	[2 [0 4]]	[:abort "TCP sender unavailable"]
2026-03-16 21:28:35,182{GMT}	INFO	[jepsen worker 0] jepsen.util: 0	:invoke	:read	[0 nil]
2026-03-16 21:28:35,185{GMT}	INFO	[jepsen worker 0] jepsen.util: 0	:fail	:read	[0 nil]	[:key-does-not-exist "not found"]
2026-03-16 21:28:35,193{GMT}	INFO	[jepsen worker 6] jepsen.util: 54	:invoke	:cas	[2 [1 0]]
2026-03-16 21:28:35,196{GMT}	INFO	[jepsen worker 6] jepsen.util: 54	:fail	:cas	[2 [1 0]]	[:abort "TCP sender unavailable"]
2026-03-16 21:28:35,225{GMT}	INFO	[jepsen worker 7] jepsen.util: 67	:invoke	:cas	[2 [0 1]]
2026-03-16 21:28:35,229{GMT}	INFO	[jepsen worker 7] jepsen.util: 67	:fail	:cas	[2 [0 1]]	[:abort "TCP sender unavailable"]
2026-03-16 21:28:35,304{GMT}	INFO	[jepsen worker 3] jepsen.util: 51	:invoke	:cas	[0 [0 1]]
2026-03-16 21:28:35,309{GMT}	INFO	[jepsen worker 9] jepsen.util: 57	:invoke	:cas	[2 [1 2]]
2026-03-16 21:28:35,309{GMT}	INFO	[jepsen worker 3] jepsen.util: 51	:fail	:cas	[0 [0 1]]	[:abort "TCP sender unavailable"]
2026-03-16 21:28:35,311{GMT}	INFO	[jepsen worker 9] jepsen.util: 57	:fail	:cas	[2 [1 2]]	[:abort "TCP sender unavailable"]
2026-03-16 21:28:35,362{GMT}	INFO	[jepsen worker 3] jepsen.util: 51	:invoke	:cas	[0 [4 1]]
2026-03-16 21:28:35,367{GMT}	INFO	[jepsen worker 3] jepsen.util: 51	:fail	:cas	[0 [4 1]]	[:abort "TCP sender unavailable"]
2026-03-16 21:28:35,425{GMT}	INFO	[jepsen worker 0] jepsen.util: 0	:invoke	:read	[0 nil]
2026-03-16 21:28:35,429{GMT}	INFO	[jepsen worker 0] jepsen.util: 0	:fail	:read	[0 nil]	[:key-does-not-exist "not found"]
2026-03-16 21:28:35,439{GMT}	INFO	[jepsen worker 6] jepsen.util: 54	:invoke	:write	[2 0]
2026-03-16 21:28:35,444{GMT}	INFO	[jepsen worker 6] jepsen.util: 54	:fail	:write	[2 0]	[:abort "TCP sender unavailable"]
2026-03-16 21:28:35,461{GMT}	INFO	[jepsen worker 3] jepsen.util: 51	:invoke	:cas	[0 [0 3]]
2026-03-16 21:28:35,465{GMT}	INFO	[jepsen worker 3] jepsen.util: 51	:fail	:cas	[0 [0 3]]	[:abort "TCP sender unavailable"]
2026-03-16 21:28:35,502{GMT}	INFO	[jepsen worker 1] jepsen.util: 1	:invoke	:read	[0 nil]
2026-03-16 21:28:35,505{GMT}	INFO	[jepsen worker 1] jepsen.util: 1	:fail	:read	[0 nil]	[:key-does-not-exist "not found"]
2026-03-16 21:28:35,576{GMT}	INFO	[jepsen worker 6] jepsen.util: 54	:invoke	:write	[2 0]
2026-03-16 21:28:35,580{GMT}	INFO	[jepsen worker 6] jepsen.util: 54	:fail	:write	[2 0]	[:abort "TCP sender unavailable"]
2026-03-16 21:28:35,645{GMT}	INFO	[jepsen worker 6] jepsen.util: 54	:invoke	:cas	[2 [0 0]]
2026-03-16 21:28:35,646{GMT}	INFO	[jepsen worker 7] jepsen.util: 67	:invoke	:cas	[2 [1 1]]
2026-03-16 21:28:35,649{GMT}	INFO	[jepsen worker 7] jepsen.util: 67	:fail	:cas	[2 [1 1]]	[:abort "TCP sender unavailable"]
2026-03-16 21:28:35,649{GMT}	INFO	[jepsen worker 6] jepsen.util: 54	:fail	:cas	[2 [0 0]]	[:abort "TCP sender unavailable"]
2026-03-16 21:28:35,685{GMT}	INFO	[jepsen worker 6] jepsen.util: 54	:invoke	:cas	[2 [1 0]]
2026-03-16 21:28:35,690{GMT}	INFO	[jepsen worker 6] jepsen.util: 54	:fail	:cas	[2 [1 0]]	[:abort "TCP sender unavailable"]
2026-03-16 21:28:35,779{GMT}	INFO	[jepsen worker 3] jepsen.util: 51	:invoke	:cas	[0 [1 4]]
2026-03-16 21:28:35,784{GMT}	INFO	[jepsen worker 3] jepsen.util: 51	:fail	:cas	[0 [1 4]]	[:abort "TCP sender unavailable"]
2026-03-16 21:28:35,845{GMT}	INFO	[jepsen worker 7] jepsen.util: 67	:invoke	:cas	[2 [3 0]]
2026-03-16 21:28:35,850{GMT}	INFO	[jepsen worker 7] jepsen.util: 67	:fail	:cas	[2 [3 0]]	[:abort "TCP sender unavailable"]
2026-03-16 21:28:35,946{GMT}	INFO	[jepsen worker 8] jepsen.util: 56	:invoke	:write	[2 3]
2026-03-16 21:28:35,951{GMT}	INFO	[jepsen worker 8] jepsen.util: 56	:fail	:write	[2 3]	[:abort "TCP sender unavailable"]
2026-03-16 21:28:35,963{GMT}	INFO	[jepsen worker 9] jepsen.util: 57	:invoke	:write	[2 2]
2026-03-16 21:28:35,966{GMT}	INFO	[jepsen worker 9] jepsen.util: 57	:fail	:write	[2 2]	[:abort "TCP sender unavailable"]
2026-03-16 21:28:35,972{GMT}	INFO	[jepsen worker 10] jepsen.util: 58	:invoke	:cas	[2 [0 1]]
2026-03-16 21:28:35,974{GMT}	INFO	[jepsen worker 10] jepsen.util: 58	:fail	:cas	[2 [0 1]]	[:abort "TCP sender unavailable"]
2026-03-16 21:28:35,996{GMT}	INFO	[jepsen worker 11] jepsen.util: 59	:invoke	:cas	[2 [4 1]]
2026-03-16 21:28:35,999{GMT}	INFO	[jepsen worker 11] jepsen.util: 59	:fail	:cas	[2 [4 1]]	[:abort "TCP sender unavailable"]
2026-03-16 21:28:36,077{GMT}	INFO	[jepsen worker 6] jepsen.util: 54	:invoke	:cas	[2 [2 2]]
2026-03-16 21:28:36,081{GMT}	INFO	[jepsen worker 6] jepsen.util: 54	:fail	:cas	[2 [2 2]]	[:abort "TCP sender unavailable"]
2026-03-16 21:28:36,168{GMT}	INFO	[jepsen worker 6] jepsen.util: 54	:invoke	:write	[2 2]
2026-03-16 21:28:36,173{GMT}	INFO	[jepsen worker 6] jepsen.util: 54	:fail	:write	[2 2]	[:abort "TCP sender unavailable"]
2026-03-16 21:28:36,193{GMT}	INFO	[jepsen worker 6] jepsen.util: 54	:invoke	:write	[2 4]
2026-03-16 21:28:36,197{GMT}	INFO	[jepsen worker 6] jepsen.util: 54	:fail	:write	[2 4]	[:abort "TCP sender unavailable"]
2026-03-16 21:28:36,218{GMT}	INFO	[jepsen worker 6] jepsen.util: 54	:invoke	:write	[2 4]
2026-03-16 21:28:36,223{GMT}	INFO	[jepsen worker 6] jepsen.util: 54	:fail	:write	[2 4]	[:abort "TCP sender unavailable"]
2026-03-16 21:28:36,238{GMT}	INFO	[jepsen worker 3] jepsen.util: 51	:invoke	:cas	[0 [4 3]]
2026-03-16 21:28:36,241{GMT}	INFO	[jepsen worker 3] jepsen.util: 51	:fail	:cas	[0 [4 3]]	[:abort "TCP sender unavailable"]
2026-03-16 21:28:36,267{GMT}	INFO	[jepsen worker 6] jepsen.util: 54	:invoke	:cas	[2 [2 2]]
2026-03-16 21:28:36,271{GMT}	INFO	[jepsen worker 6] jepsen.util: 54	:fail	:cas	[2 [2 2]]	[:abort "TCP sender unavailable"]
2026-03-16 21:28:36,365{GMT}	INFO	[jepsen worker 6] jepsen.util: 54	:invoke	:cas	[2 [2 2]]
2026-03-16 21:28:36,369{GMT}	INFO	[jepsen worker 6] jepsen.util: 54	:fail	:cas	[2 [2 2]]	[:abort "TCP sender unavailable"]
2026-03-16 21:28:36,421{GMT}	INFO	[jepsen worker 0] jepsen.util: 0	:invoke	:read	[0 nil]
2026-03-16 21:28:36,425{GMT}	INFO	[jepsen worker 0] jepsen.util: 0	:fail	:read	[0 nil]	[:key-does-not-exist "not found"]
2026-03-16 21:28:36,492{GMT}	INFO	[jepsen worker 7] jepsen.util: 67	:invoke	:cas	[2 [2 4]]
2026-03-16 21:28:36,497{GMT}	INFO	[jepsen worker 7] jepsen.util: 67	:fail	:cas	[2 [2 4]]	[:abort "TCP sender unavailable"]
2026-03-16 21:28:36,498{GMT}	INFO	[jepsen worker 8] jepsen.util: 56	:invoke	:cas	[2 [0 2]]
2026-03-16 21:28:36,500{GMT}	INFO	[jepsen worker 8] jepsen.util: 56	:fail	:cas	[2 [0 2]]	[:abort "TCP sender unavailable"]
2026-03-16 21:28:36,537{GMT}	INFO	[jepsen worker 3] jepsen.util: 51	:invoke	:write	[0 0]
2026-03-16 21:28:36,541{GMT}	INFO	[jepsen worker 3] jepsen.util: 51	:fail	:write	[0 0]	[:abort "TCP sender unavailable"]
2026-03-16 21:28:36,629{GMT}	INFO	[jepsen worker 3] jepsen.util: 51	:invoke	:cas	[0 [0 1]]
2026-03-16 21:28:36,634{GMT}	INFO	[jepsen worker 3] jepsen.util: 51	:fail	:cas	[0 [0 1]]	[:abort "TCP sender unavailable"]
2026-03-16 21:28:36,688{GMT}	INFO	[jepsen worker 3] jepsen.util: 51	:invoke	:cas	[0 [2 2]]
2026-03-16 21:28:36,693{GMT}	INFO	[jepsen worker 3] jepsen.util: 51	:fail	:cas	[0 [2 2]]	[:abort "TCP sender unavailable"]
2026-03-16 21:28:36,704{GMT}	INFO	[jepsen worker 6] jepsen.util: 54	:invoke	:write	[2 3]
2026-03-16 21:28:36,707{GMT}	INFO	[jepsen worker 6] jepsen.util: 54	:fail	:write	[2 3]	[:abort "TCP sender unavailable"]
2026-03-16 21:28:36,730{GMT}	INFO	[jepsen worker 6] jepsen.util: 54	:invoke	:write	[2 0]
2026-03-16 21:28:36,734{GMT}	INFO	[jepsen worker 6] jepsen.util: 54	:fail	:write	[2 0]	[:abort "TCP sender unavailable"]
2026-03-16 21:28:36,763{GMT}	INFO	[jepsen worker 1] jepsen.util: 1	:invoke	:read	[0 nil]
2026-03-16 21:28:36,767{GMT}	INFO	[jepsen worker 1] jepsen.util: 1	:fail	:read	[0 nil]	[:key-does-not-exist "not found"]
2026-03-16 21:28:36,850{GMT}	INFO	[jepsen worker 3] jepsen.util: 51	:invoke	:cas	[0 [1 4]]
2026-03-16 21:28:36,854{GMT}	INFO	[jepsen worker 3] jepsen.util: 51	:fail	:cas	[0 [1 4]]	[:abort "TCP sender unavailable"]
2026-03-16 21:28:36,948{GMT}	INFO	[jepsen worker 0] jepsen.util: 0	:invoke	:read	[0 nil]
2026-03-16 21:28:36,952{GMT}	INFO	[jepsen worker 0] jepsen.util: 0	:fail	:read	[0 nil]	[:key-does-not-exist "not found"]
2026-03-16 21:28:36,963{GMT}	INFO	[jepsen worker 4] jepsen.util: 52	:invoke	:cas	[0 [2 1]]
2026-03-16 21:28:36,967{GMT}	INFO	[jepsen worker 4] jepsen.util: 52	:fail	:cas	[0 [2 1]]	[:abort "TCP sender unavailable"]
2026-03-16 21:28:37,046{GMT}	INFO	[jepsen worker 0] jepsen.util: 0	:invoke	:read	[0 nil]
2026-03-16 21:28:37,051{GMT}	INFO	[jepsen worker 0] jepsen.util: 0	:fail	:read	[0 nil]	[:key-does-not-exist "not found"]
2026-03-16 21:28:37,092{GMT}	INFO	[jepsen worker 6] jepsen.util: 54	:invoke	:write	[2 1]
2026-03-16 21:28:37,093{GMT}	INFO	[jepsen worker 3] jepsen.util: 51	:invoke	:cas	[0 [2 3]]
2026-03-16 21:28:37,096{GMT}	INFO	[jepsen worker 6] jepsen.util: 54	:fail	:write	[2 1]	[:abort "TCP sender unavailable"]
2026-03-16 21:28:37,097{GMT}	INFO	[jepsen worker 3] jepsen.util: 51	:fail	:cas	[0 [2 3]]	[:abort "TCP sender unavailable"]
2026-03-16 21:28:37,148{GMT}	INFO	[jepsen worker 8] jepsen.util: 56	:invoke	:write	[2 1]
2026-03-16 21:28:37,153{GMT}	INFO	[jepsen worker 8] jepsen.util: 56	:fail	:write	[2 1]	[:abort "TCP sender unavailable"]
2026-03-16 21:28:37,171{GMT}	INFO	[jepsen worker 0] jepsen.util: 0	:invoke	:read	[0 nil]
2026-03-16 21:28:37,174{GMT}	INFO	[jepsen worker 0] jepsen.util: 0	:fail	:read	[0 nil]	[:key-does-not-exist "not found"]
2026-03-16 21:28:37,254{GMT}	INFO	[jepsen worker 10] jepsen.util: 58	:invoke	:write	[2 1]
2026-03-16 21:28:37,259{GMT}	INFO	[jepsen worker 10] jepsen.util: 58	:fail	:write	[2 1]	[:abort "TCP sender unavailable"]
2026-03-16 21:28:37,263{GMT}	INFO	[jepsen worker 11] jepsen.util: 59	:invoke	:cas	[2 [0 0]]
2026-03-16 21:28:37,265{GMT}	INFO	[jepsen worker 11] jepsen.util: 59	:fail	:cas	[2 [0 0]]	[:abort "TCP sender unavailable"]
2026-03-16 21:28:37,343{GMT}	INFO	[jepsen worker 6] jepsen.util: 54	:invoke	:cas	[2 [1 0]]
2026-03-16 21:28:37,347{GMT}	INFO	[jepsen worker 6] jepsen.util: 54	:fail	:cas	[2 [1 0]]	[:abort "TCP sender unavailable"]
2026-03-16 21:28:37,376{GMT}	INFO	[jepsen worker 0] jepsen.util: 0	:invoke	:read	[0 nil]
2026-03-16 21:28:37,380{GMT}	INFO	[jepsen worker 0] jepsen.util: 0	:fail	:read	[0 nil]	[:key-does-not-exist "not found"]
2026-03-16 21:28:37,402{GMT}	INFO	[jepsen worker 6] jepsen.util: 54	:invoke	:cas	[2 [4 3]]
2026-03-16 21:28:37,406{GMT}	INFO	[jepsen worker 6] jepsen.util: 54	:fail	:cas	[2 [4 3]]	[:abort "TCP sender unavailable"]
2026-03-16 21:28:37,473{GMT}	INFO	[jepsen worker 6] jepsen.util: 54	:invoke	:write	[2 0]
2026-03-16 21:28:37,477{GMT}	INFO	[jepsen worker 6] jepsen.util: 54	:fail	:write	[2 0]	[:abort "TCP sender unavailable"]
2026-03-16 21:28:37,544{GMT}	INFO	[jepsen worker 6] jepsen.util: 54	:invoke	:cas	[2 [4 0]]
2026-03-16 21:28:37,547{GMT}	INFO	[jepsen worker 6] jepsen.util: 54	:fail	:cas	[2 [4 0]]	[:abort "TCP sender unavailable"]
2026-03-16 21:28:37,636{GMT}	INFO	[jepsen worker 6] jepsen.util: 54	:invoke	:write	[2 0]
2026-03-16 21:28:37,640{GMT}	INFO	[jepsen worker 6] jepsen.util: 54	:fail	:write	[2 0]	[:abort "TCP sender unavailable"]
2026-03-16 21:28:37,706{GMT}	INFO	[jepsen worker 6] jepsen.util: 54	:invoke	:write	[2 2]
2026-03-16 21:28:37,708{GMT}	INFO	[jepsen worker 6] jepsen.util: 54	:fail	:write	[2 2]	[:abort "TCP sender unavailable"]
2026-03-16 21:28:37,777{GMT}	INFO	[jepsen worker 6] jepsen.util: 54	:invoke	:write	[2 3]
2026-03-16 21:28:37,779{GMT}	INFO	[jepsen worker 6] jepsen.util: 54	:fail	:write	[2 3]	[:abort "TCP sender unavailable"]
2026-03-16 21:28:37,859{GMT}	INFO	[jepsen worker 7] jepsen.util: 67	:invoke	:write	[2 3]
2026-03-16 21:28:37,863{GMT}	INFO	[jepsen worker 7] jepsen.util: 67	:fail	:write	[2 3]	[:abort "TCP sender unavailable"]
2026-03-16 21:28:37,865{GMT}	INFO	[jepsen worker 0] jepsen.util: 0	:invoke	:read	[0 nil]
2026-03-16 21:28:37,870{GMT}	INFO	[jepsen worker 0] jepsen.util: 0	:fail	:read	[0 nil]	[:key-does-not-exist "not found"]
2026-03-16 21:28:37,957{GMT}	INFO	[jepsen worker 9] jepsen.util: 57	:invoke	:cas	[2 [1 2]]
2026-03-16 21:28:37,962{GMT}	INFO	[jepsen worker 9] jepsen.util: 57	:fail	:cas	[2 [1 2]]	[:abort "TCP sender unavailable"]
2026-03-16 21:28:38,022{GMT}	INFO	[jepsen worker 3] jepsen.util: 51	:invoke	:write	[0 0]
2026-03-16 21:28:38,026{GMT}	INFO	[jepsen worker 3] jepsen.util: 51	:fail	:write	[0 0]	[:abort "TCP sender unavailable"]
2026-03-16 21:28:38,045{GMT}	INFO	[jepsen worker 3] jepsen.util: 51	:invoke	:write	[0 4]
2026-03-16 21:28:38,048{GMT}	INFO	[jepsen worker 3] jepsen.util: 51	:fail	:write	[0 4]	[:abort "TCP sender unavailable"]
2026-03-16 21:28:38,056{GMT}	INFO	[jepsen worker 3] jepsen.util: 51	:invoke	:write	[0 0]
2026-03-16 21:28:38,059{GMT}	INFO	[jepsen worker 3] jepsen.util: 51	:fail	:write	[0 0]	[:abort "TCP sender unavailable"]
2026-03-16 21:28:38,103{GMT}	INFO	[jepsen worker 3] jepsen.util: 51	:invoke	:cas	[0 [4 2]]
2026-03-16 21:28:38,108{GMT}	INFO	[jepsen worker 3] jepsen.util: 51	:fail	:cas	[0 [4 2]]	[:abort "TCP sender unavailable"]
2026-03-16 21:28:38,194{GMT}	INFO	[jepsen worker 1] jepsen.util: 1	:invoke	:read	[0 nil]
2026-03-16 21:28:38,199{GMT}	INFO	[jepsen worker 1] jepsen.util: 1	:fail	:read	[0 nil]	[:key-does-not-exist "not found"]
2026-03-16 21:28:38,215{GMT}	INFO	[jepsen worker 3] jepsen.util: 51	:invoke	:write	[0 0]
2026-03-16 21:28:38,220{GMT}	INFO	[jepsen worker 3] jepsen.util: 51	:fail	:write	[0 0]	[:abort "TCP sender unavailable"]
2026-03-16 21:28:38,291{GMT}	INFO	[jepsen worker 6] jepsen.util: 54	:invoke	:cas	[2 [1 1]]
2026-03-16 21:28:38,296{GMT}	INFO	[jepsen worker 6] jepsen.util: 54	:fail	:cas	[2 [1 1]]	[:abort "TCP sender unavailable"]
2026-03-16 21:28:38,328{GMT}	INFO	[jepsen worker 6] jepsen.util: 54	:invoke	:cas	[2 [0 0]]
2026-03-16 21:28:38,330{GMT}	INFO	[jepsen worker 0] jepsen.util: 0	:invoke	:read	[0 nil]
2026-03-16 21:28:38,333{GMT}	INFO	[jepsen worker 6] jepsen.util: 54	:fail	:cas	[2 [0 0]]	[:abort "TCP sender unavailable"]
2026-03-16 21:28:38,334{GMT}	INFO	[jepsen worker 0] jepsen.util: 0	:fail	:read	[0 nil]	[:key-does-not-exist "not found"]
2026-03-16 21:28:38,387{GMT}	INFO	[jepsen worker 3] jepsen.util: 51	:invoke	:cas	[0 [0 3]]
2026-03-16 21:28:38,391{GMT}	INFO	[jepsen worker 3] jepsen.util: 51	:fail	:cas	[0 [0 3]]	[:abort "TCP sender unavailable"]
2026-03-16 21:28:38,406{GMT}	INFO	[jepsen worker 7] jepsen.util: 67	:invoke	:cas	[2 [4 1]]
2026-03-16 21:28:38,409{GMT}	INFO	[jepsen worker 7] jepsen.util: 67	:fail	:cas	[2 [4 1]]	[:abort "TCP sender unavailable"]
2026-03-16 21:28:38,426{GMT}	INFO	[jepsen worker 8] jepsen.util: 56	:invoke	:cas	[2 [0 4]]
2026-03-16 21:28:38,430{GMT}	INFO	[jepsen worker 8] jepsen.util: 56	:fail	:cas	[2 [0 4]]	[:abort "TCP sender unavailable"]
2026-03-16 21:28:38,522{GMT}	INFO	[jepsen worker 9] jepsen.util: 57	:invoke	:cas	[2 [4 1]]
2026-03-16 21:28:38,526{GMT}	INFO	[jepsen worker 9] jepsen.util: 57	:fail	:cas	[2 [4 1]]	[:abort "TCP sender unavailable"]
2026-03-16 21:28:38,571{GMT}	INFO	[jepsen worker 10] jepsen.util: 58	:invoke	:cas	[2 [1 1]]
2026-03-16 21:28:38,575{GMT}	INFO	[jepsen worker 10] jepsen.util: 58	:fail	:cas	[2 [1 1]]	[:abort "TCP sender unavailable"]
2026-03-16 21:28:38,587{GMT}	INFO	[jepsen worker 0] jepsen.util: 0	:invoke	:read	[0 nil]
2026-03-16 21:28:38,590{GMT}	INFO	[jepsen worker 0] jepsen.util: 0	:fail	:read	[0 nil]	[:key-does-not-exist "not found"]
2026-03-16 21:28:38,636{GMT}	INFO	[jepsen worker 6] jepsen.util: 54	:invoke	:cas	[2 [1 0]]
2026-03-16 21:28:38,640{GMT}	INFO	[jepsen worker 6] jepsen.util: 54	:fail	:cas	[2 [1 0]]	[:abort "TCP sender unavailable"]
2026-03-16 21:28:38,678{GMT}	INFO	[jepsen worker 3] jepsen.util: 51	:invoke	:cas	[0 [4 3]]
2026-03-16 21:28:38,683{GMT}	INFO	[jepsen worker 3] jepsen.util: 51	:fail	:cas	[0 [4 3]]	[:abort "TCP sender unavailable"]
2026-03-16 21:28:38,687{GMT}	INFO	[jepsen worker 6] jepsen.util: 54	:invoke	:cas	[2 [2 0]]
2026-03-16 21:28:38,689{GMT}	INFO	[jepsen worker 6] jepsen.util: 54	:fail	:cas	[2 [2 0]]	[:abort "TCP sender unavailable"]
2026-03-16 21:28:38,699{GMT}	INFO	[jepsen worker 6] jepsen.util: 54	:invoke	:write	[2 2]
2026-03-16 21:28:38,701{GMT}	INFO	[jepsen worker 6] jepsen.util: 54	:fail	:write	[2 2]	[:abort "TCP sender unavailable"]
2026-03-16 21:28:38,718{GMT}	INFO	[jepsen worker 6] jepsen.util: 54	:invoke	:write	[2 1]
2026-03-16 21:28:38,718{GMT}	INFO	[jepsen worker 4] jepsen.util: 52	:invoke	:write	[0 1]
2026-03-16 21:28:38,721{GMT}	INFO	[jepsen worker 4] jepsen.util: 52	:fail	:write	[0 1]	[:abort "TCP sender unavailable"]
2026-03-16 21:28:38,721{GMT}	INFO	[jepsen worker 6] jepsen.util: 54	:fail	:write	[2 1]	[:abort "TCP sender unavailable"]
2026-03-16 21:28:38,751{GMT}	INFO	[jepsen worker 5] jepsen.util: 53	:invoke	:cas	[0 [0 0]]
2026-03-16 21:28:38,755{GMT}	INFO	[jepsen worker 5] jepsen.util: 53	:fail	:cas	[0 [0 0]]	[:abort "TCP sender unavailable"]
2026-03-16 21:28:38,803{GMT}	INFO	[jepsen worker 3] jepsen.util: 51	:invoke	:cas	[0 [0 2]]
2026-03-16 21:28:38,807{GMT}	INFO	[jepsen worker 3] jepsen.util: 51	:fail	:cas	[0 [0 2]]	[:abort "TCP sender unavailable"]
2026-03-16 21:28:38,849{GMT}	INFO	[jepsen worker 7] jepsen.util: 67	:invoke	:cas	[2 [4 0]]
2026-03-16 21:28:38,853{GMT}	INFO	[jepsen worker 7] jepsen.util: 67	:fail	:cas	[2 [4 0]]	[:abort "TCP sender unavailable"]
2026-03-16 21:28:38,902{GMT}	INFO	[jepsen worker 8] jepsen.util: 56	:invoke	:cas	[2 [4 4]]
2026-03-16 21:28:38,906{GMT}	INFO	[jepsen worker 8] jepsen.util: 56	:fail	:cas	[2 [4 4]]	[:abort "TCP sender unavailable"]
2026-03-16 21:28:38,961{GMT}	INFO	[jepsen worker 9] jepsen.util: 57	:invoke	:write	[2 3]
2026-03-16 21:28:38,965{GMT}	INFO	[jepsen worker 9] jepsen.util: 57	:fail	:write	[2 3]	[:abort "TCP sender unavailable"]
2026-03-16 21:28:39,058{GMT}	INFO	[jepsen worker 10] jepsen.util: 58	:invoke	:cas	[2 [1 2]]
2026-03-16 21:28:39,061{GMT}	INFO	[jepsen worker 10] jepsen.util: 58	:fail	:cas	[2 [1 2]]	[:abort "TCP sender unavailable"]
2026-03-16 21:28:39,112{GMT}	INFO	[jepsen worker 0] jepsen.util: 0	:invoke	:read	[0 nil]
2026-03-16 21:28:39,115{GMT}	INFO	[jepsen worker 0] jepsen.util: 0	:fail	:read	[0 nil]	[:key-does-not-exist "not found"]
2026-03-16 21:28:39,209{GMT}	INFO	[jepsen worker 3] jepsen.util: 51	:invoke	:write	[0 4]
2026-03-16 21:28:39,212{GMT}	INFO	[jepsen worker 3] jepsen.util: 51	:fail	:write	[0 4]	[:abort "TCP sender unavailable"]
2026-03-16 21:28:39,297{GMT}	INFO	[jepsen worker 6] jepsen.util: 54	:invoke	:cas	[2 [2 4]]
2026-03-16 21:28:39,302{GMT}	INFO	[jepsen worker 6] jepsen.util: 54	:fail	:cas	[2 [2 4]]	[:abort "TCP sender unavailable"]
2026-03-16 21:28:39,362{GMT}	INFO	[jepsen worker 3] jepsen.util: 51	:invoke	:cas	[0 [0 0]]
2026-03-16 21:28:39,366{GMT}	INFO	[jepsen worker 3] jepsen.util: 51	:fail	:cas	[0 [0 0]]	[:abort "TCP sender unavailable"]
2026-03-16 21:28:39,404{GMT}	INFO	[jepsen worker 3] jepsen.util: 51	:invoke	:write	[0 2]
2026-03-16 21:28:39,410{GMT}	INFO	[jepsen worker 3] jepsen.util: 51	:fail	:write	[0 2]	[:abort "TCP sender unavailable"]
2026-03-16 21:28:39,426{GMT}	INFO	[jepsen worker 3] jepsen.util: 51	:invoke	:write	[0 4]
2026-03-16 21:28:39,431{GMT}	INFO	[jepsen worker 3] jepsen.util: 51	:fail	:write	[0 4]	[:abort "TCP sender unavailable"]
2026-03-16 21:28:39,485{GMT}	INFO	[jepsen worker 4] jepsen.util: 52	:invoke	:write	[0 2]
2026-03-16 21:28:39,489{GMT}	INFO	[jepsen worker 4] jepsen.util: 52	:fail	:write	[0 2]	[:abort "TCP sender unavailable"]
2026-03-16 21:28:39,561{GMT}	INFO	[jepsen worker 6] jepsen.util: 54	:invoke	:write	[2 3]
2026-03-16 21:28:39,564{GMT}	INFO	[jepsen worker 6] jepsen.util: 54	:fail	:write	[2 3]	[:abort "TCP sender unavailable"]
2026-03-16 21:28:39,628{GMT}	INFO	[jepsen worker 0] jepsen.util: 0	:invoke	:read	[0 nil]
2026-03-16 21:28:39,632{GMT}	INFO	[jepsen worker 0] jepsen.util: 0	:fail	:read	[0 nil]	[:key-does-not-exist "not found"]
2026-03-16 21:28:39,660{GMT}	INFO	[jepsen worker 3] jepsen.util: 51	:invoke	:write	[0 0]
2026-03-16 21:28:39,664{GMT}	INFO	[jepsen worker 3] jepsen.util: 51	:fail	:write	[0 0]	[:abort "TCP sender unavailable"]
2026-03-16 21:28:39,716{GMT}	INFO	[jepsen worker 8] jepsen.util: 56	:invoke	:cas	[2 [2 1]]
2026-03-16 21:28:39,718{GMT}	INFO	[jepsen worker 8] jepsen.util: 56	:fail	:cas	[2 [2 1]]	[:abort "TCP sender unavailable"]
2026-03-16 21:28:39,818{GMT}	INFO	[jepsen worker 9] jepsen.util: 57	:invoke	:cas	[2 [4 3]]
2026-03-16 21:28:39,822{GMT}	INFO	[jepsen worker 9] jepsen.util: 57	:fail	:cas	[2 [4 3]]	[:abort "TCP sender unavailable"]
2026-03-16 21:28:39,843{GMT}	INFO	[jepsen worker 3] jepsen.util: 51	:invoke	:cas	[0 [3 3]]
2026-03-16 21:28:39,847{GMT}	INFO	[jepsen worker 3] jepsen.util: 51	:fail	:cas	[0 [3 3]]	[:abort "TCP sender unavailable"]
2026-03-16 21:28:39,861{GMT}	INFO	[jepsen worker 11] jepsen.util: 59	:invoke	:cas	[2 [3 3]]
2026-03-16 21:28:39,864{GMT}	INFO	[jepsen worker 11] jepsen.util: 59	:fail	:cas	[2 [3 3]]	[:abort "TCP sender unavailable"]
2026-03-16 21:28:39,920{GMT}	INFO	[jepsen worker 6] jepsen.util: 54	:invoke	:cas	[2 [0 3]]
2026-03-16 21:28:39,924{GMT}	INFO	[jepsen worker 6] jepsen.util: 54	:fail	:cas	[2 [0 3]]	[:abort "TCP sender unavailable"]
2026-03-16 21:28:40,019{GMT}	INFO	[jepsen worker 6] jepsen.util: 54	:invoke	:cas	[2 [2 1]]
2026-03-16 21:28:40,020{GMT}	INFO	[jepsen worker 6] jepsen.util: 54	:fail	:cas	[2 [2 1]]	[:abort "TCP sender unavailable"]
2026-03-16 21:28:40,124{GMT}	INFO	[jepsen worker 3] jepsen.util: 51	:invoke	:cas	[0 [3 4]]
2026-03-16 21:28:40,125{GMT}	INFO	[jepsen worker 3] jepsen.util: 51	:fail	:cas	[0 [3 4]]	[:abort "TCP sender unavailable"]
2026-03-16 21:28:40,176{GMT}	INFO	[jepsen worker 2] jepsen.util: 2	:invoke	:read	[0 nil]
2026-03-16 21:28:40,177{GMT}	INFO	[jepsen worker 2] jepsen.util: 2	:fail	:read	[0 nil]	[:key-does-not-exist "not found"]
2026-03-16 21:28:40,198{GMT}	INFO	[jepsen worker 6] jepsen.util: 54	:invoke	:cas	[2 [3 2]]
2026-03-16 21:28:40,199{GMT}	INFO	[jepsen worker 6] jepsen.util: 54	:fail	:cas	[2 [3 2]]	[:abort "TCP sender unavailable"]
2026-03-16 21:28:40,268{GMT}	INFO	[jepsen worker 4] jepsen.util: 52	:invoke	:write	[0 2]
2026-03-16 21:28:40,269{GMT}	INFO	[jepsen worker 4] jepsen.util: 52	:fail	:write	[0 2]	[:abort "TCP sender unavailable"]
2026-03-16 21:28:40,300{GMT}	INFO	[jepsen worker 5] jepsen.util: 53	:invoke	:cas	[0 [2 3]]
2026-03-16 21:28:40,301{GMT}	INFO	[jepsen worker 5] jepsen.util: 53	:fail	:cas	[0 [2 3]]	[:abort "TCP sender unavailable"]
2026-03-16 21:28:40,365{GMT}	INFO	[jepsen worker 3] jepsen.util: 51	:invoke	:write	[0 3]
2026-03-16 21:28:40,368{GMT}	INFO	[jepsen worker 3] jepsen.util: 51	:fail	:write	[0 3]	[:abort "TCP sender unavailable"]
2026-03-16 21:28:40,386{GMT}	INFO	[jepsen worker 7] jepsen.util: 67	:invoke	:cas	[2 [3 2]]
2026-03-16 21:28:40,388{GMT}	INFO	[jepsen worker 7] jepsen.util: 67	:fail	:cas	[2 [3 2]]	[:abort "TCP sender unavailable"]
2026-03-16 21:28:40,485{GMT}	INFO	[jepsen worker 8] jepsen.util: 56	:invoke	:cas	[2 [3 0]]
2026-03-16 21:28:40,488{GMT}	INFO	[jepsen worker 8] jepsen.util: 56	:fail	:cas	[2 [3 0]]	[:abort "TCP sender unavailable"]
2026-03-16 21:28:40,492{GMT}	INFO	[jepsen worker 3] jepsen.util: 51	:invoke	:write	[0 0]
2026-03-16 21:28:40,494{GMT}	INFO	[jepsen worker 3] jepsen.util: 51	:fail	:write	[0 0]	[:abort "TCP sender unavailable"]
2026-03-16 21:28:40,546{GMT}	INFO	[jepsen worker 10] jepsen.util: 58	:invoke	:cas	[2 [4 2]]
2026-03-16 21:28:40,549{GMT}	INFO	[jepsen worker 10] jepsen.util: 58	:fail	:cas	[2 [4 2]]	[:abort "TCP sender unavailable"]
2026-03-16 21:28:40,578{GMT}	INFO	[jepsen worker 11] jepsen.util: 59	:invoke	:write	[2 0]
2026-03-16 21:28:40,582{GMT}	INFO	[jepsen worker 11] jepsen.util: 59	:fail	:write	[2 0]	[:abort "TCP sender unavailable"]
2026-03-16 21:28:40,640{GMT}	INFO	[jepsen worker 6] jepsen.util: 54	:invoke	:write	[2 2]
2026-03-16 21:28:40,643{GMT}	INFO	[jepsen worker 6] jepsen.util: 54	:fail	:write	[2 2]	[:abort "TCP sender unavailable"]
2026-03-16 21:28:40,739{GMT}	INFO	[jepsen worker 3] jepsen.util: 51	:invoke	:cas	[0 [0 0]]
2026-03-16 21:28:40,743{GMT}	INFO	[jepsen worker 3] jepsen.util: 51	:fail	:cas	[0 [0 0]]	[:abort "TCP sender unavailable"]
2026-03-16 21:28:40,803{GMT}	INFO	[jepsen worker 1] jepsen.util: 1	:invoke	:read	[0 nil]
2026-03-16 21:28:40,807{GMT}	INFO	[jepsen worker 1] jepsen.util: 1	:fail	:read	[0 nil]	[:key-does-not-exist "not found"]
2026-03-16 21:28:40,873{GMT}	INFO	[jepsen worker 3] jepsen.util: 51	:invoke	:cas	[0 [3 2]]
2026-03-16 21:28:40,877{GMT}	INFO	[jepsen worker 3] jepsen.util: 51	:fail	:cas	[0 [3 2]]	[:abort "TCP sender unavailable"]
2026-03-16 21:28:40,905{GMT}	INFO	[jepsen worker 3] jepsen.util: 51	:invoke	:cas	[0 [2 0]]
2026-03-16 21:28:40,908{GMT}	INFO	[jepsen worker 3] jepsen.util: 51	:fail	:cas	[0 [2 0]]	[:abort "TCP sender unavailable"]
2026-03-16 21:28:40,925{GMT}	INFO	[jepsen worker 6] jepsen.util: 54	:invoke	:cas	[2 [0 4]]
2026-03-16 21:28:40,928{GMT}	INFO	[jepsen worker 6] jepsen.util: 54	:fail	:cas	[2 [0 4]]	[:abort "TCP sender unavailable"]
2026-03-16 21:28:40,966{GMT}	INFO	[jepsen worker 5] jepsen.util: 53	:invoke	:cas	[0 [0 1]]
2026-03-16 21:28:40,968{GMT}	INFO	[jepsen worker 5] jepsen.util: 53	:fail	:cas	[0 [0 1]]	[:abort "TCP sender unavailable"]
2026-03-16 21:28:41,069{GMT}	INFO	[jepsen worker 6] jepsen.util: 54	:invoke	:cas	[2 [1 1]]
2026-03-16 21:28:41,073{GMT}	INFO	[jepsen worker 6] jepsen.util: 54	:fail	:cas	[2 [1 1]]	[:abort "TCP sender unavailable"]
2026-03-16 21:28:41,114{GMT}	INFO	[jepsen worker 7] jepsen.util: 67	:invoke	:cas	[2 [0 2]]
2026-03-16 21:28:41,115{GMT}	INFO	[jepsen worker 8] jepsen.util: 56	:invoke	:cas	[2 [2 1]]
2026-03-16 21:28:41,117{GMT}	INFO	[jepsen worker 7] jepsen.util: 67	:fail	:cas	[2 [0 2]]	[:abort "TCP sender unavailable"]
2026-03-16 21:28:41,117{GMT}	INFO	[jepsen worker 8] jepsen.util: 56	:fail	:cas	[2 [2 1]]	[:abort "TCP sender unavailable"]
2026-03-16 21:28:41,159{GMT}	INFO	[jepsen worker 0] jepsen.util: 0	:invoke	:read	[0 nil]
2026-03-16 21:28:41,163{GMT}	INFO	[jepsen worker 0] jepsen.util: 0	:fail	:read	[0 nil]	[:key-does-not-exist "not found"]
2026-03-16 21:28:41,181{GMT}	INFO	[jepsen worker 10] jepsen.util: 58	:invoke	:write	[2 3]
2026-03-16 21:28:41,184{GMT}	INFO	[jepsen worker 10] jepsen.util: 58	:fail	:write	[2 3]	[:abort "TCP sender unavailable"]
2026-03-16 21:28:41,223{GMT}	INFO	[jepsen worker 3] jepsen.util: 51	:invoke	:cas	[0 [0 2]]
2026-03-16 21:28:41,227{GMT}	INFO	[jepsen worker 3] jepsen.util: 51	:fail	:cas	[0 [0 2]]	[:abort "TCP sender unavailable"]
2026-03-16 21:28:41,278{GMT}	INFO	[jepsen worker 6] jepsen.util: 54	:invoke	:cas	[2 [1 4]]
2026-03-16 21:28:41,283{GMT}	INFO	[jepsen worker 6] jepsen.util: 54	:fail	:cas	[2 [1 4]]	[:abort "TCP sender unavailable"]
2026-03-16 21:28:41,376{GMT}	INFO	[jepsen worker 6] jepsen.util: 54	:invoke	:write	[2 4]
2026-03-16 21:28:41,380{GMT}	INFO	[jepsen worker 6] jepsen.util: 54	:fail	:write	[2 4]	[:abort "TCP sender unavailable"]
2026-03-16 21:28:41,385{GMT}	INFO	[jepsen worker 3] jepsen.util: 51	:invoke	:cas	[0 [4 0]]
2026-03-16 21:28:41,387{GMT}	INFO	[jepsen worker 3] jepsen.util: 51	:fail	:cas	[0 [4 0]]	[:abort "TCP sender unavailable"]
2026-03-16 21:28:41,475{GMT}	INFO	[jepsen worker 6] jepsen.util: 54	:invoke	:cas	[2 [3 2]]
2026-03-16 21:28:41,478{GMT}	INFO	[jepsen worker 6] jepsen.util: 54	:fail	:cas	[2 [3 2]]	[:abort "TCP sender unavailable"]
2026-03-16 21:28:41,523{GMT}	INFO	[jepsen worker 0] jepsen.util: 0	:invoke	:read	[0 nil]
2026-03-16 21:28:41,525{GMT}	INFO	[jepsen worker 0] jepsen.util: 0	:fail	:read	[0 nil]	[:key-does-not-exist "not found"]
2026-03-16 21:28:41,598{GMT}	INFO	[jepsen worker 0] jepsen.util: 0	:invoke	:read	[0 nil]
2026-03-16 21:28:41,602{GMT}	INFO	[jepsen worker 0] jepsen.util: 0	:fail	:read	[0 nil]	[:key-does-not-exist "not found"]
2026-03-16 21:28:41,672{GMT}	INFO	[jepsen worker 0] jepsen.util: 0	:invoke	:read	[0 nil]
2026-03-16 21:28:41,676{GMT}	INFO	[jepsen worker 0] jepsen.util: 0	:fail	:read	[0 nil]	[:key-does-not-exist "not found"]
2026-03-16 21:28:41,705{GMT}	INFO	[jepsen worker 6] jepsen.util: 54	:invoke	:cas	[2 [1 3]]
2026-03-16 21:28:41,707{GMT}	INFO	[jepsen worker 6] jepsen.util: 54	:fail	:cas	[2 [1 3]]	[:abort "TCP sender unavailable"]
2026-03-16 21:28:41,766{GMT}	INFO	[jepsen worker 0] jepsen.util: 0	:invoke	:read	[0 nil]
2026-03-16 21:28:41,768{GMT}	INFO	[jepsen worker 8] jepsen.util: 56	:invoke	:cas	[2 [1 4]]
2026-03-16 21:28:41,769{GMT}	INFO	[jepsen worker 0] jepsen.util: 0	:fail	:read	[0 nil]	[:key-does-not-exist "not found"]
2026-03-16 21:28:41,772{GMT}	INFO	[jepsen worker 8] jepsen.util: 56	:fail	:cas	[2 [1 4]]	[:abort "TCP sender unavailable"]
2026-03-16 21:28:41,780{GMT}	INFO	[jepsen worker 9] jepsen.util: 57	:invoke	:cas	[2 [1 3]]
2026-03-16 21:28:41,783{GMT}	INFO	[jepsen worker 9] jepsen.util: 57	:fail	:cas	[2 [1 3]]	[:abort "TCP sender unavailable"]
2026-03-16 21:28:41,868{GMT}	INFO	[jepsen worker 3] jepsen.util: 51	:invoke	:write	[0 4]
2026-03-16 21:28:41,872{GMT}	INFO	[jepsen worker 3] jepsen.util: 51	:fail	:write	[0 4]	[:abort "TCP sender unavailable"]
2026-03-16 21:28:41,928{GMT}	INFO	[jepsen worker 3] jepsen.util: 51	:invoke	:cas	[0 [1 1]]
2026-03-16 21:28:41,932{GMT}	INFO	[jepsen worker 3] jepsen.util: 51	:fail	:cas	[0 [1 1]]	[:abort "TCP sender unavailable"]
2026-03-16 21:28:42,023{GMT}	INFO	[jepsen worker 3] jepsen.util: 51	:invoke	:cas	[0 [3 2]]
2026-03-16 21:28:42,027{GMT}	INFO	[jepsen worker 3] jepsen.util: 51	:fail	:cas	[0 [3 2]]	[:abort "TCP sender unavailable"]
2026-03-16 21:28:42,078{GMT}	INFO	[jepsen worker 6] jepsen.util: 54	:invoke	:write	[2 0]
2026-03-16 21:28:42,081{GMT}	INFO	[jepsen worker 6] jepsen.util: 54	:fail	:write	[2 0]	[:abort "TCP sender unavailable"]
2026-03-16 21:28:42,154{GMT}	INFO	[jepsen worker 1] jepsen.util: 1	:invoke	:read	[0 nil]
2026-03-16 21:28:42,158{GMT}	INFO	[jepsen worker 1] jepsen.util: 1	:fail	:read	[0 nil]	[:key-does-not-exist "not found"]
2026-03-16 21:28:42,220{GMT}	INFO	[jepsen worker 3] jepsen.util: 51	:invoke	:cas	[0 [4 1]]
2026-03-16 21:28:42,221{GMT}	INFO	[jepsen worker 6] jepsen.util: 54	:invoke	:cas	[2 [4 1]]
2026-03-16 21:28:42,223{GMT}	INFO	[jepsen worker 3] jepsen.util: 51	:fail	:cas	[0 [4 1]]	[:abort "TCP sender unavailable"]
2026-03-16 21:28:42,224{GMT}	INFO	[jepsen worker 6] jepsen.util: 54	:fail	:cas	[2 [4 1]]	[:abort "TCP sender unavailable"]
2026-03-16 21:28:42,319{GMT}	INFO	[jepsen worker 4] jepsen.util: 52	:invoke	:cas	[0 [1 0]]
2026-03-16 21:28:42,323{GMT}	INFO	[jepsen worker 4] jepsen.util: 52	:fail	:cas	[0 [1 0]]	[:abort "TCP sender unavailable"]
2026-03-16 21:28:42,323{GMT}	INFO	[jepsen worker 6] jepsen.util: 54	:invoke	:cas	[2 [4 4]]
2026-03-16 21:28:42,326{GMT}	INFO	[jepsen worker 6] jepsen.util: 54	:fail	:cas	[2 [4 4]]	[:abort "TCP sender unavailable"]
2026-03-16 21:28:42,409{GMT}	INFO	[jepsen worker 0] jepsen.util: 0	:invoke	:read	[0 nil]
2026-03-16 21:28:42,413{GMT}	INFO	[jepsen worker 0] jepsen.util: 0	:fail	:read	[0 nil]	[:key-does-not-exist "not found"]
2026-03-16 21:28:42,506{GMT}	INFO	[jepsen worker 7] jepsen.util: 67	:invoke	:write	[2 3]
2026-03-16 21:28:42,510{GMT}	INFO	[jepsen worker 7] jepsen.util: 67	:fail	:write	[2 3]	[:abort "TCP sender unavailable"]
2026-03-16 21:28:42,555{GMT}	INFO	[jepsen worker 3] jepsen.util: 51	:invoke	:cas	[0 [0 0]]
2026-03-16 21:28:42,559{GMT}	INFO	[jepsen worker 3] jepsen.util: 51	:fail	:cas	[0 [0 0]]	[:abort "TCP sender unavailable"]
2026-03-16 21:28:42,638{GMT}	INFO	[jepsen worker 9] jepsen.util: 57	:invoke	:write	[2 4]
2026-03-16 21:28:42,641{GMT}	INFO	[jepsen worker 9] jepsen.util: 57	:fail	:write	[2 4]	[:abort "TCP sender unavailable"]
2026-03-16 21:28:42,670{GMT}	INFO	[jepsen worker 3] jepsen.util: 51	:invoke	:cas	[0 [1 1]]
2026-03-16 21:28:42,673{GMT}	INFO	[jepsen worker 3] jepsen.util: 51	:fail	:cas	[0 [1 1]]	[:abort "TCP sender unavailable"]
2026-03-16 21:28:42,726{GMT}	INFO	[jepsen worker 11] jepsen.util: 59	:invoke	:write	[2 3]
2026-03-16 21:28:42,730{GMT}	INFO	[jepsen worker 11] jepsen.util: 59	:fail	:write	[2 3]	[:abort "TCP sender unavailable"]
2026-03-16 21:28:42,730{GMT}	INFO	[jepsen worker 0] jepsen.util: 0	:invoke	:read	[0 nil]
2026-03-16 21:28:42,732{GMT}	INFO	[jepsen worker 0] jepsen.util: 0	:fail	:read	[0 nil]	[:key-does-not-exist "not found"]
2026-03-16 21:28:42,767{GMT}	INFO	[jepsen worker 0] jepsen.util: 0	:invoke	:read	[0 nil]
2026-03-16 21:28:42,770{GMT}	INFO	[jepsen worker 0] jepsen.util: 0	:fail	:read	[0 nil]	[:key-does-not-exist "not found"]
2026-03-16 21:28:42,798{GMT}	INFO	[jepsen worker 3] jepsen.util: 51	:invoke	:cas	[0 [2 1]]
2026-03-16 21:28:42,801{GMT}	INFO	[jepsen worker 3] jepsen.util: 51	:fail	:cas	[0 [2 1]]	[:abort "TCP sender unavailable"]
2026-03-16 21:28:42,838{GMT}	INFO	[jepsen worker 6] jepsen.util: 54	:invoke	:cas	[2 [0 1]]
2026-03-16 21:28:42,841{GMT}	INFO	[jepsen worker 6] jepsen.util: 54	:fail	:cas	[2 [0 1]]	[:abort "TCP sender unavailable"]
2026-03-16 21:28:42,902{GMT}	INFO	[jepsen worker 0] jepsen.util: 0	:invoke	:read	[0 nil]
2026-03-16 21:28:42,906{GMT}	INFO	[jepsen worker 0] jepsen.util: 0	:fail	:read	[0 nil]	[:key-does-not-exist "not found"]
2026-03-16 21:28:42,915{GMT}	INFO	[jepsen worker 0] jepsen.util: 0	:invoke	:read	[0 nil]
2026-03-16 21:28:42,917{GMT}	INFO	[jepsen worker 0] jepsen.util: 0	:fail	:read	[0 nil]	[:key-does-not-exist "not found"]
2026-03-16 21:28:42,963{GMT}	INFO	[jepsen worker 0] jepsen.util: 0	:invoke	:read	[0 nil]
2026-03-16 21:28:42,966{GMT}	INFO	[jepsen worker 0] jepsen.util: 0	:fail	:read	[0 nil]	[:key-does-not-exist "not found"]
2026-03-16 21:28:43,009{GMT}	INFO	[jepsen worker 6] jepsen.util: 54	:invoke	:write	[2 1]
2026-03-16 21:28:43,012{GMT}	INFO	[jepsen worker 3] jepsen.util: 51	:invoke	:cas	[0 [3 3]]
2026-03-16 21:28:43,014{GMT}	INFO	[jepsen worker 6] jepsen.util: 54	:fail	:write	[2 1]	[:abort "TCP sender unavailable"]
2026-03-16 21:28:43,015{GMT}	INFO	[jepsen worker 3] jepsen.util: 51	:fail	:cas	[0 [3 3]]	[:abort "TCP sender unavailable"]
2026-03-16 21:28:43,091{GMT}	INFO	[jepsen worker 3] jepsen.util: 51	:invoke	:write	[0 2]
2026-03-16 21:28:43,094{GMT}	INFO	[jepsen worker 3] jepsen.util: 51	:fail	:write	[0 2]	[:abort "TCP sender unavailable"]
2026-03-16 21:28:43,170{GMT}	INFO	[jepsen worker 9] jepsen.util: 57	:invoke	:cas	[2 [4 4]]
2026-03-16 21:28:43,174{GMT}	INFO	[jepsen worker 9] jepsen.util: 57	:fail	:cas	[2 [4 4]]	[:abort "TCP sender unavailable"]
2026-03-16 21:28:43,232{GMT}	INFO	[jepsen worker 0] jepsen.util: 0	:invoke	:read	[0 nil]
2026-03-16 21:28:43,235{GMT}	INFO	[jepsen worker 0] jepsen.util: 0	:fail	:read	[0 nil]	[:key-does-not-exist "not found"]
2026-03-16 21:28:43,288{GMT}	INFO	[jepsen worker 3] jepsen.util: 51	:invoke	:cas	[0 [3 3]]
2026-03-16 21:28:43,292{GMT}	INFO	[jepsen worker 3] jepsen.util: 51	:fail	:cas	[0 [3 3]]	[:abort "TCP sender unavailable"]
2026-03-16 21:28:43,343{GMT}	INFO	[jepsen worker 3] jepsen.util: 51	:invoke	:cas	[0 [0 3]]
2026-03-16 21:28:43,345{GMT}	INFO	[jepsen worker 3] jepsen.util: 51	:fail	:cas	[0 [0 3]]	[:abort "TCP sender unavailable"]
2026-03-16 21:28:43,401{GMT}	INFO	[jepsen worker 6] jepsen.util: 54	:invoke	:cas	[2 [1 3]]
2026-03-16 21:28:43,402{GMT}	INFO	[jepsen worker 6] jepsen.util: 54	:fail	:cas	[2 [1 3]]	[:abort "TCP sender unavailable"]
2026-03-16 21:28:43,404{GMT}	INFO	[jepsen worker 3] jepsen.util: 51	:invoke	:cas	[0 [4 4]]
2026-03-16 21:28:43,405{GMT}	INFO	[jepsen worker 3] jepsen.util: 51	:fail	:cas	[0 [4 4]]	[:abort "TCP sender unavailable"]
2026-03-16 21:28:43,451{GMT}	INFO	[jepsen worker 2] jepsen.util: 2	:invoke	:read	[0 nil]
2026-03-16 21:28:43,453{GMT}	INFO	[jepsen worker 2] jepsen.util: 2	:fail	:read	[0 nil]	[:key-does-not-exist "not found"]
2026-03-16 21:28:43,454{GMT}	INFO	[jepsen worker 3] jepsen.util: 51	:invoke	:cas	[0 [4 0]]
2026-03-16 21:28:43,455{GMT}	INFO	[jepsen worker 3] jepsen.util: 51	:fail	:cas	[0 [4 0]]	[:abort "TCP sender unavailable"]
2026-03-16 21:28:43,536{GMT}	INFO	[jepsen worker 4] jepsen.util: 52	:invoke	:cas	[0 [4 4]]
2026-03-16 21:28:43,539{GMT}	INFO	[jepsen worker 4] jepsen.util: 52	:fail	:cas	[0 [4 4]]	[:abort "TCP sender unavailable"]
2026-03-16 21:28:43,574{GMT}	INFO	[jepsen worker 6] jepsen.util: 54	:invoke	:cas	[2 [4 1]]
2026-03-16 21:28:43,577{GMT}	INFO	[jepsen worker 6] jepsen.util: 54	:fail	:cas	[2 [4 1]]	[:abort "TCP sender unavailable"]
2026-03-16 21:28:43,601{GMT}	INFO	[jepsen worker 0] jepsen.util: 0	:invoke	:read	[0 nil]
2026-03-16 21:28:43,604{GMT}	INFO	[jepsen worker 0] jepsen.util: 0	:fail	:read	[0 nil]	[:key-does-not-exist "not found"]
2026-03-16 21:28:43,652{GMT}	INFO	[jepsen worker 7] jepsen.util: 67	:invoke	:write	[2 3]
2026-03-16 21:28:43,656{GMT}	INFO	[jepsen worker 7] jepsen.util: 67	:fail	:write	[2 3]	[:abort "TCP sender unavailable"]
2026-03-16 21:28:43,733{GMT}	INFO	[jepsen worker 0] jepsen.util: 0	:invoke	:read	[0 nil]
2026-03-16 21:28:43,736{GMT}	INFO	[jepsen worker 0] jepsen.util: 0	:fail	:read	[0 nil]	[:key-does-not-exist "not found"]
2026-03-16 21:28:43,801{GMT}	INFO	[jepsen worker 9] jepsen.util: 57	:invoke	:cas	[2 [0 1]]
2026-03-16 21:28:43,805{GMT}	INFO	[jepsen worker 9] jepsen.util: 57	:fail	:cas	[2 [0 1]]	[:abort "TCP sender unavailable"]
2026-03-16 21:28:43,811{GMT}	INFO	[jepsen worker 10] jepsen.util: 58	:invoke	:cas	[2 [4 2]]
2026-03-16 21:28:43,813{GMT}	INFO	[jepsen worker 10] jepsen.util: 58	:fail	:cas	[2 [4 2]]	[:abort "TCP sender unavailable"]
2026-03-16 21:28:43,828{GMT}	INFO	[jepsen worker 3] jepsen.util: 51	:invoke	:write	[0 4]
2026-03-16 21:28:43,831{GMT}	INFO	[jepsen worker 3] jepsen.util: 51	:fail	:write	[0 4]	[:abort "TCP sender unavailable"]
2026-03-16 21:28:43,895{GMT}	INFO	[jepsen worker 0] jepsen.util: 0	:invoke	:read	[0 nil]
2026-03-16 21:28:43,899{GMT}	INFO	[jepsen worker 0] jepsen.util: 0	:fail	:read	[0 nil]	[:key-does-not-exist "not found"]
2026-03-16 21:28:43,976{GMT}	INFO	[jepsen worker 3] jepsen.util: 51	:invoke	:write	[0 2]
2026-03-16 21:28:43,980{GMT}	INFO	[jepsen worker 3] jepsen.util: 51	:fail	:write	[0 2]	[:abort "TCP sender unavailable"]
2026-03-16 21:28:43,983{GMT}	INFO	[jepsen worker 6] jepsen.util: 54	:invoke	:write	[2 0]
2026-03-16 21:28:43,985{GMT}	INFO	[jepsen worker 6] jepsen.util: 54	:fail	:write	[2 0]	[:abort "TCP sender unavailable"]
2026-03-16 21:28:44,050{GMT}	INFO	[jepsen worker 3] jepsen.util: 51	:invoke	:write	[0 0]
2026-03-16 21:28:44,054{GMT}	INFO	[jepsen worker 3] jepsen.util: 51	:fail	:write	[0 0]	[:abort "TCP sender unavailable"]
2026-03-16 21:28:44,133{GMT}	INFO	[jepsen worker 0] jepsen.util: 0	:invoke	:read	[0 nil]
2026-03-16 21:28:44,137{GMT}	INFO	[jepsen worker 0] jepsen.util: 0	:fail	:read	[0 nil]	[:key-does-not-exist "not found"]
2026-03-16 21:28:44,147{GMT}	INFO	[jepsen worker 0] jepsen.util: 0	:invoke	:read	[0 nil]
2026-03-16 21:28:44,149{GMT}	INFO	[jepsen worker 0] jepsen.util: 0	:fail	:read	[0 nil]	[:key-does-not-exist "not found"]
2026-03-16 21:28:44,210{GMT}	INFO	[jepsen worker 0] jepsen.util: 0	:invoke	:read	[0 nil]
2026-03-16 21:28:44,213{GMT}	INFO	[jepsen worker 0] jepsen.util: 0	:fail	:read	[0 nil]	[:key-does-not-exist "not found"]
2026-03-16 21:28:44,226{GMT}	INFO	[jepsen worker 6] jepsen.util: 54	:invoke	:write	[2 1]
2026-03-16 21:28:44,228{GMT}	INFO	[jepsen worker 6] jepsen.util: 54	:fail	:write	[2 1]	[:abort "TCP sender unavailable"]
2026-03-16 21:28:44,303{GMT}	INFO	[jepsen worker 7] jepsen.util: 67	:invoke	:cas	[2 [3 1]]
2026-03-16 21:28:44,304{GMT}	INFO	[jepsen worker 7] jepsen.util: 67	:fail	:cas	[2 [3 1]]	[:abort "TCP sender unavailable"]
2026-03-16 21:28:44,330{GMT}	INFO	[jepsen worker 8] jepsen.util: 56	:invoke	:write	[2 3]
2026-03-16 21:28:44,331{GMT}	INFO	[jepsen worker 8] jepsen.util: 56	:fail	:write	[2 3]	[:abort "TCP sender unavailable"]
2026-03-16 21:28:44,433{GMT}	INFO	[jepsen worker 9] jepsen.util: 57	:invoke	:cas	[2 [3 2]]
2026-03-16 21:28:44,434{GMT}	INFO	[jepsen worker 9] jepsen.util: 57	:fail	:cas	[2 [3 2]]	[:abort "TCP sender unavailable"]
2026-03-16 21:28:44,448{GMT}	INFO	[jepsen worker 0] jepsen.util: 0	:invoke	:read	[0 nil]
2026-03-16 21:28:44,449{GMT}	INFO	[jepsen worker 0] jepsen.util: 0	:fail	:read	[0 nil]	[:key-does-not-exist "not found"]
2026-03-16 21:28:44,549{GMT}	INFO	[jepsen worker 11] jepsen.util: 59	:invoke	:cas	[2 [2 2]]
2026-03-16 21:28:44,552{GMT}	INFO	[jepsen worker 11] jepsen.util: 59	:fail	:cas	[2 [2 2]]	[:abort "TCP sender unavailable"]
2026-03-16 21:28:44,618{GMT}	INFO	[jepsen worker 0] jepsen.util: 0	:invoke	:read	[0 nil]
2026-03-16 21:28:44,618{GMT}	INFO	[jepsen worker 6] jepsen.util: 54	:invoke	:cas	[2 [3 4]]
2026-03-16 21:28:44,620{GMT}	INFO	[jepsen worker 0] jepsen.util: 0	:fail	:read	[0 nil]	[:key-does-not-exist "not found"]
2026-03-16 21:28:44,620{GMT}	INFO	[jepsen worker 6] jepsen.util: 54	:fail	:cas	[2 [3 4]]	[:abort "TCP sender unavailable"]
2026-03-16 21:28:44,625{GMT}	INFO	[jepsen worker 6] jepsen.util: 54	:invoke	:write	[2 4]
2026-03-16 21:28:44,626{GMT}	INFO	[jepsen worker 6] jepsen.util: 54	:fail	:write	[2 4]	[:abort "TCP sender unavailable"]
2026-03-16 21:28:44,639{GMT}	INFO	[jepsen worker 6] jepsen.util: 54	:invoke	:cas	[2 [2 0]]
2026-03-16 21:28:44,640{GMT}	INFO	[jepsen worker 6] jepsen.util: 54	:fail	:cas	[2 [2 0]]	[:abort "TCP sender unavailable"]
2026-03-16 21:28:44,696{GMT}	INFO	[jepsen worker 3] jepsen.util: 51	:invoke	:cas	[0 [0 0]]
2026-03-16 21:28:44,698{GMT}	INFO	[jepsen worker 3] jepsen.util: 51	:fail	:cas	[0 [0 0]]	[:abort "TCP sender unavailable"]
2026-03-16 21:28:44,782{GMT}	INFO	[jepsen worker 6] jepsen.util: 54	:invoke	:cas	[2 [2 0]]
2026-03-16 21:28:44,783{GMT}	INFO	[jepsen worker 6] jepsen.util: 54	:fail	:cas	[2 [2 0]]	[:abort "TCP sender unavailable"]
2026-03-16 21:28:44,800{GMT}	INFO	[jepsen worker 0] jepsen.util: 0	:invoke	:read	[0 nil]
2026-03-16 21:28:44,801{GMT}	INFO	[jepsen worker 0] jepsen.util: 0	:fail	:read	[0 nil]	[:key-does-not-exist "not found"]
2026-03-16 21:28:44,894{GMT}	INFO	[jepsen worker 0] jepsen.util: 0	:invoke	:read	[0 nil]
2026-03-16 21:28:44,897{GMT}	INFO	[jepsen worker 0] jepsen.util: 0	:fail	:read	[0 nil]	[:key-does-not-exist "not found"]
2026-03-16 21:28:44,986{GMT}	INFO	[jepsen worker 0] jepsen.util: 0	:invoke	:read	[0 nil]
2026-03-16 21:28:44,987{GMT}	INFO	[jepsen worker 0] jepsen.util: 0	:fail	:read	[0 nil]	[:key-does-not-exist "not found"]
2026-03-16 21:28:45,052{GMT}	INFO	[jepsen worker 8] jepsen.util: 56	:invoke	:cas	[2 [4 3]]
2026-03-16 21:28:45,054{GMT}	INFO	[jepsen worker 8] jepsen.util: 56	:fail	:cas	[2 [4 3]]	[:abort "TCP sender unavailable"]
2026-03-16 21:28:45,078{GMT}	INFO	[jepsen worker 9] jepsen.util: 57	:invoke	:cas	[2 [4 0]]
2026-03-16 21:28:45,079{GMT}	INFO	[jepsen worker 9] jepsen.util: 57	:fail	:cas	[2 [4 0]]	[:abort "TCP sender unavailable"]
2026-03-16 21:28:45,118{GMT}	INFO	[jepsen worker 0] jepsen.util: 0	:invoke	:read	[0 nil]
2026-03-16 21:28:45,119{GMT}	INFO	[jepsen worker 0] jepsen.util: 0	:fail	:read	[0 nil]	[:key-does-not-exist "not found"]
2026-03-16 21:28:45,164{GMT}	INFO	[jepsen worker 3] jepsen.util: 51	:invoke	:cas	[0 [3 1]]
2026-03-16 21:28:45,166{GMT}	INFO	[jepsen worker 3] jepsen.util: 51	:fail	:cas	[0 [3 1]]	[:abort "TCP sender unavailable"]
2026-03-16 21:28:45,252{GMT}	INFO	[jepsen worker 0] jepsen.util: 0	:invoke	:read	[0 nil]
2026-03-16 21:28:45,254{GMT}	INFO	[jepsen worker 0] jepsen.util: 0	:fail	:read	[0 nil]	[:key-does-not-exist "not found"]
2026-03-16 21:28:45,346{GMT}	INFO	[jepsen worker 3] jepsen.util: 51	:invoke	:cas	[0 [3 1]]
2026-03-16 21:28:45,347{GMT}	INFO	[jepsen worker 3] jepsen.util: 51	:fail	:cas	[0 [3 1]]	[:abort "TCP sender unavailable"]
2026-03-16 21:28:45,396{GMT}	INFO	[jepsen worker 6] jepsen.util: 54	:invoke	:write	[2 0]
2026-03-16 21:28:45,398{GMT}	INFO	[jepsen worker 6] jepsen.util: 54	:fail	:write	[2 0]	[:abort "TCP sender unavailable"]
2026-03-16 21:28:45,461{GMT}	INFO	[jepsen worker 2] jepsen.util: 2	:invoke	:read	[0 nil]
2026-03-16 21:28:45,463{GMT}	INFO	[jepsen worker 2] jepsen.util: 2	:fail	:read	[0 nil]	[:key-does-not-exist "not found"]
2026-03-16 21:28:45,549{GMT}	INFO	[jepsen worker 3] jepsen.util: 51	:invoke	:cas	[0 [4 3]]
2026-03-16 21:28:45,551{GMT}	INFO	[jepsen worker 3] jepsen.util: 51	:fail	:cas	[0 [4 3]]	[:abort "TCP sender unavailable"]
2026-03-16 21:28:45,556{GMT}	INFO	[jepsen worker 6] jepsen.util: 54	:invoke	:cas	[2 [3 1]]
2026-03-16 21:28:45,557{GMT}	INFO	[jepsen worker 6] jepsen.util: 54	:fail	:cas	[2 [3 1]]	[:abort "TCP sender unavailable"]
2026-03-16 21:28:45,614{GMT}	INFO	[jepsen worker 5] jepsen.util: 53	:invoke	:cas	[0 [1 0]]
2026-03-16 21:28:45,618{GMT}	INFO	[jepsen worker 5] jepsen.util: 53	:fail	:cas	[0 [1 0]]	[:abort "TCP sender unavailable"]
2026-03-16 21:28:45,645{GMT}	INFO	[jepsen worker 3] jepsen.util: 51	:invoke	:cas	[0 [2 2]]
2026-03-16 21:28:45,652{GMT}	INFO	[jepsen worker 3] jepsen.util: 51	:fail	:cas	[0 [2 2]]	[:abort "TCP sender unavailable"]
2026-03-16 21:28:45,675{GMT}	INFO	[jepsen worker 0] jepsen.util: 0	:invoke	:read	[0 nil]
2026-03-16 21:28:45,679{GMT}	INFO	[jepsen worker 0] jepsen.util: 0	:fail	:read	[0 nil]	[:key-does-not-exist "not found"]
2026-03-16 21:28:45,739{GMT}	INFO	[jepsen worker 8] jepsen.util: 56	:invoke	:cas	[2 [1 4]]
2026-03-16 21:28:45,753{GMT}	INFO	[jepsen worker 8] jepsen.util: 56	:fail	:cas	[2 [1 4]]	[:abort "TCP sender unavailable"]
2026-03-16 21:28:45,833{GMT}	INFO	[jepsen worker 0] jepsen.util: 0	:invoke	:read	[0 nil]
2026-03-16 21:28:45,837{GMT}	INFO	[jepsen worker 0] jepsen.util: 0	:fail	:read	[0 nil]	[:key-does-not-exist "not found"]
2026-03-16 21:28:45,869{GMT}	INFO	[jepsen worker 3] jepsen.util: 51	:invoke	:cas	[0 [4 2]]
2026-03-16 21:28:45,873{GMT}	INFO	[jepsen worker 3] jepsen.util: 51	:fail	:cas	[0 [4 2]]	[:abort "TCP sender unavailable"]
2026-03-16 21:28:45,950{GMT}	INFO	[jepsen worker 3] jepsen.util: 51	:invoke	:write	[0 4]
2026-03-16 21:28:46,014{GMT}	INFO	[jepsen worker 3] jepsen.util: 51	:fail	:write	[0 4]	[:abort "TCP sender unavailable"]
2026-03-16 21:28:46,023{GMT}	INFO	[jepsen worker 0] jepsen.util: 0	:invoke	:read	[0 nil]
2026-03-16 21:28:46,027{GMT}	INFO	[jepsen worker 0] jepsen.util: 0	:fail	:read	[0 nil]	[:key-does-not-exist "not found"]
2026-03-16 21:28:46,038{GMT}	INFO	[jepsen worker 6] jepsen.util: 54	:invoke	:cas	[2 [1 4]]
2026-03-16 21:28:46,041{GMT}	INFO	[jepsen worker 6] jepsen.util: 54	:fail	:cas	[2 [1 4]]	[:abort "TCP sender unavailable"]
2026-03-16 21:28:46,094{GMT}	INFO	[jepsen worker 1] jepsen.util: 1	:invoke	:read	[0 nil]
2026-03-16 21:28:46,097{GMT}	INFO	[jepsen worker 1] jepsen.util: 1	:fail	:read	[0 nil]	[:key-does-not-exist "not found"]
2026-03-16 21:28:46,124{GMT}	INFO	[jepsen worker 2] jepsen.util: 2	:invoke	:read	[0 nil]
2026-03-16 21:28:46,125{GMT}	INFO	[jepsen worker 2] jepsen.util: 2	:fail	:read	[0 nil]	[:key-does-not-exist "not found"]
2026-03-16 21:28:46,191{GMT}	INFO	[jepsen worker 6] jepsen.util: 54	:invoke	:write	[2 0]
2026-03-16 21:28:46,195{GMT}	INFO	[jepsen worker 6] jepsen.util: 54	:fail	:write	[2 0]	[:abort "TCP sender unavailable"]
2026-03-16 21:28:46,240{GMT}	INFO	[jepsen worker 6] jepsen.util: 54	:invoke	:cas	[2 [0 2]]
2026-03-16 21:28:46,242{GMT}	INFO	[jepsen worker 6] jepsen.util: 54	:fail	:cas	[2 [0 2]]	[:abort "TCP sender unavailable"]
2026-03-16 21:28:46,305{GMT}	INFO	[jepsen worker 6] jepsen.util: 54	:invoke	:write	[2 1]
2026-03-16 21:28:46,306{GMT}	INFO	[jepsen worker 6] jepsen.util: 54	:fail	:write	[2 1]	[:abort "TCP sender unavailable"]
2026-03-16 21:28:46,371{GMT}	INFO	[jepsen worker 3] jepsen.util: 51	:invoke	:cas	[0 [0 2]]
2026-03-16 21:28:46,372{GMT}	INFO	[jepsen worker 3] jepsen.util: 51	:fail	:cas	[0 [0 2]]	[:abort "TCP sender unavailable"]
2026-03-16 21:28:46,468{GMT}	INFO	[jepsen worker 3] jepsen.util: 51	:invoke	:cas	[0 [4 3]]
2026-03-16 21:28:46,470{GMT}	INFO	[jepsen worker 3] jepsen.util: 51	:fail	:cas	[0 [4 3]]	[:abort "TCP sender unavailable"]
2026-03-16 21:28:46,528{GMT}	INFO	[jepsen worker 8] jepsen.util: 56	:invoke	:write	[2 1]
2026-03-16 21:28:46,529{GMT}	INFO	[jepsen worker 8] jepsen.util: 56	:fail	:write	[2 1]	[:abort "TCP sender unavailable"]
2026-03-16 21:28:46,545{GMT}	INFO	[jepsen worker 3] jepsen.util: 51	:invoke	:cas	[0 [4 1]]
2026-03-16 21:28:46,546{GMT}	INFO	[jepsen worker 3] jepsen.util: 51	:fail	:cas	[0 [4 1]]	[:abort "TCP sender unavailable"]
2026-03-16 21:28:46,552{GMT}	INFO	[jepsen worker 10] jepsen.util: 58	:invoke	:write	[2 1]
2026-03-16 21:28:46,553{GMT}	INFO	[jepsen worker 10] jepsen.util: 58	:fail	:write	[2 1]	[:abort "TCP sender unavailable"]
2026-03-16 21:28:46,601{GMT}	INFO	[jepsen worker 3] jepsen.util: 51	:invoke	:write	[0 1]
2026-03-16 21:28:46,602{GMT}	INFO	[jepsen worker 3] jepsen.util: 51	:fail	:write	[0 1]	[:abort "TCP sender unavailable"]
2026-03-16 21:28:46,698{GMT}	INFO	[jepsen worker 3] jepsen.util: 51	:invoke	:cas	[0 [2 2]]
2026-03-16 21:28:46,700{GMT}	INFO	[jepsen worker 3] jepsen.util: 51	:fail	:cas	[0 [2 2]]	[:abort "TCP sender unavailable"]
2026-03-16 21:28:46,733{GMT}	INFO	[jepsen worker 0] jepsen.util: 0	:invoke	:read	[0 nil]
2026-03-16 21:28:46,735{GMT}	INFO	[jepsen worker 0] jepsen.util: 0	:fail	:read	[0 nil]	[:key-does-not-exist "not found"]
2026-03-16 21:28:46,768{GMT}	INFO	[jepsen worker 6] jepsen.util: 54	:invoke	:write	[2 3]
2026-03-16 21:28:46,769{GMT}	INFO	[jepsen worker 6] jepsen.util: 54	:fail	:write	[2 3]	[:abort "TCP sender unavailable"]
2026-03-16 21:28:46,781{GMT}	INFO	[jepsen worker 2] jepsen.util: 2	:invoke	:read	[0 nil]
2026-03-16 21:28:46,782{GMT}	INFO	[jepsen worker 2] jepsen.util: 2	:fail	:read	[0 nil]	[:key-does-not-exist "not found"]
2026-03-16 21:28:46,813{GMT}	INFO	[jepsen worker 6] jepsen.util: 54	:invoke	:cas	[2 [3 3]]
2026-03-16 21:28:46,814{GMT}	INFO	[jepsen worker 6] jepsen.util: 54	:fail	:cas	[2 [3 3]]	[:abort "TCP sender unavailable"]
2026-03-16 21:28:46,823{GMT}	INFO	[jepsen worker 6] jepsen.util: 54	:invoke	:cas	[2 [0 1]]
2026-03-16 21:28:46,824{GMT}	INFO	[jepsen worker 6] jepsen.util: 54	:fail	:cas	[2 [0 1]]	[:abort "TCP sender unavailable"]
2026-03-16 21:28:46,914{GMT}	INFO	[jepsen worker 6] jepsen.util: 54	:invoke	:cas	[2 [2 0]]
2026-03-16 21:28:46,916{GMT}	INFO	[jepsen worker 6] jepsen.util: 54	:fail	:cas	[2 [2 0]]	[:abort "TCP sender unavailable"]
2026-03-16 21:28:46,990{GMT}	INFO	[jepsen worker 0] jepsen.util: 0	:invoke	:read	[0 nil]
2026-03-16 21:28:46,991{GMT}	INFO	[jepsen worker 0] jepsen.util: 0	:fail	:read	[0 nil]	[:key-does-not-exist "not found"]
2026-03-16 21:28:47,067{GMT}	INFO	[jepsen worker 7] jepsen.util: 67	:invoke	:cas	[2 [2 3]]
2026-03-16 21:28:47,069{GMT}	INFO	[jepsen worker 7] jepsen.util: 67	:fail	:cas	[2 [2 3]]	[:abort "TCP sender unavailable"]
2026-03-16 21:28:47,076{GMT}	INFO	[jepsen worker 0] jepsen.util: 0	:invoke	:read	[0 nil]
2026-03-16 21:28:47,077{GMT}	INFO	[jepsen worker 0] jepsen.util: 0	:fail	:read	[0 nil]	[:key-does-not-exist "not found"]
2026-03-16 21:28:47,112{GMT}	INFO	[jepsen worker 3] jepsen.util: 51	:invoke	:cas	[0 [1 3]]
2026-03-16 21:28:47,114{GMT}	INFO	[jepsen worker 3] jepsen.util: 51	:fail	:cas	[0 [1 3]]	[:abort "TCP sender unavailable"]
2026-03-16 21:28:47,208{GMT}	INFO	[jepsen worker 10] jepsen.util: 58	:invoke	:write	[2 0]
2026-03-16 21:28:47,211{GMT}	INFO	[jepsen worker 10] jepsen.util: 58	:fail	:write	[2 0]	[:abort "TCP sender unavailable"]
2026-03-16 21:28:47,240{GMT}	INFO	[jepsen worker 11] jepsen.util: 59	:invoke	:cas	[2 [2 3]]
2026-03-16 21:28:47,240{GMT}	INFO	[jepsen worker 6] jepsen.util: 54	:invoke	:write	[2 4]
2026-03-16 21:28:47,243{GMT}	INFO	[jepsen worker 11] jepsen.util: 59	:fail	:cas	[2 [2 3]]	[:abort "TCP sender unavailable"]
2026-03-16 21:28:47,243{GMT}	INFO	[jepsen worker 6] jepsen.util: 54	:fail	:write	[2 4]	[:abort "TCP sender unavailable"]
2026-03-16 21:28:47,280{GMT}	INFO	[jepsen worker 6] jepsen.util: 54	:invoke	:cas	[2 [3 2]]
2026-03-16 21:28:47,283{GMT}	INFO	[jepsen worker 6] jepsen.util: 54	:fail	:cas	[2 [3 2]]	[:abort "TCP sender unavailable"]
2026-03-16 21:28:47,298{GMT}	INFO	[jepsen worker 3] jepsen.util: 51	:invoke	:write	[0 1]
2026-03-16 21:28:47,300{GMT}	INFO	[jepsen worker 3] jepsen.util: 51	:fail	:write	[0 1]	[:abort "TCP sender unavailable"]
2026-03-16 21:28:47,358{GMT}	INFO	[jepsen worker 6] jepsen.util: 54	:invoke	:cas	[2 [3 0]]
2026-03-16 21:28:47,358{GMT}	INFO	[jepsen worker 6] jepsen.util: 54	:fail	:cas	[2 [3 0]]	[:abort "TCP sender unavailable"]
2026-03-16 21:28:47,458{GMT}	INFO	[jepsen worker 6] jepsen.util: 54	:invoke	:write	[2 2]
2026-03-16 21:28:47,459{GMT}	INFO	[jepsen worker 6] jepsen.util: 54	:fail	:write	[2 2]	[:abort "TCP sender unavailable"]
2026-03-16 21:28:47,465{GMT}	INFO	[jepsen worker 4] jepsen.util: 52	:invoke	:cas	[0 [1 2]]
2026-03-16 21:28:47,466{GMT}	INFO	[jepsen worker 4] jepsen.util: 52	:fail	:cas	[0 [1 2]]	[:abort "TCP sender unavailable"]
2026-03-16 21:28:47,501{GMT}	INFO	[jepsen worker 6] jepsen.util: 54	:invoke	:cas	[2 [1 1]]
2026-03-16 21:28:47,502{GMT}	INFO	[jepsen worker 6] jepsen.util: 54	:fail	:cas	[2 [1 1]]	[:abort "TCP sender unavailable"]
2026-03-16 21:28:47,508{GMT}	INFO	[jepsen worker 0] jepsen.util: 0	:invoke	:read	[0 nil]
2026-03-16 21:28:47,509{GMT}	INFO	[jepsen worker 0] jepsen.util: 0	:fail	:read	[0 nil]	[:key-does-not-exist "not found"]
2026-03-16 21:28:47,589{GMT}	INFO	[jepsen worker 0] jepsen.util: 0	:invoke	:read	[0 nil]
2026-03-16 21:28:47,592{GMT}	INFO	[jepsen worker 0] jepsen.util: 0	:fail	:read	[0 nil]	[:key-does-not-exist "not found"]
2026-03-16 21:28:47,641{GMT}	INFO	[jepsen worker 8] jepsen.util: 56	:invoke	:cas	[2 [4 2]]
2026-03-16 21:28:47,645{GMT}	INFO	[jepsen worker 8] jepsen.util: 56	:fail	:cas	[2 [4 2]]	[:abort "TCP sender unavailable"]
2026-03-16 21:28:47,691{GMT}	INFO	[jepsen worker 0] jepsen.util: 0	:invoke	:read	[0 nil]
2026-03-16 21:28:47,694{GMT}	INFO	[jepsen worker 0] jepsen.util: 0	:fail	:read	[0 nil]	[:key-does-not-exist "not found"]
2026-03-16 21:28:47,751{GMT}	INFO	[jepsen worker 10] jepsen.util: 58	:invoke	:cas	[2 [4 4]]
2026-03-16 21:28:47,755{GMT}	INFO	[jepsen worker 10] jepsen.util: 58	:fail	:cas	[2 [4 4]]	[:abort "TCP sender unavailable"]
2026-03-16 21:28:47,838{GMT}	INFO	[jepsen worker 3] jepsen.util: 51	:invoke	:cas	[0 [2 4]]
2026-03-16 21:28:47,842{GMT}	INFO	[jepsen worker 3] jepsen.util: 51	:fail	:cas	[0 [2 4]]	[:abort "TCP sender unavailable"]
2026-03-16 21:28:47,889{GMT}	INFO	[jepsen worker 0] jepsen.util: 0	:invoke	:read	[0 nil]
2026-03-16 21:28:47,894{GMT}	INFO	[jepsen worker 0] jepsen.util: 0	:fail	:read	[0 nil]	[:key-does-not-exist "not found"]
2026-03-16 21:28:47,935{GMT}	INFO	[jepsen worker 6] jepsen.util: 54	:invoke	:cas	[2 [4 4]]
2026-03-16 21:28:47,936{GMT}	INFO	[jepsen worker 6] jepsen.util: 54	:fail	:cas	[2 [4 4]]	[:abort "TCP sender unavailable"]
2026-03-16 21:28:48,016{GMT}	INFO	[jepsen worker 1] jepsen.util: 1	:invoke	:read	[0 nil]
2026-03-16 21:28:48,017{GMT}	INFO	[jepsen worker 1] jepsen.util: 1	:fail	:read	[0 nil]	[:key-does-not-exist "not found"]
2026-03-16 21:28:48,021{GMT}	INFO	[jepsen worker 6] jepsen.util: 54	:invoke	:cas	[2 [1 2]]
2026-03-16 21:28:48,022{GMT}	INFO	[jepsen worker 6] jepsen.util: 54	:fail	:cas	[2 [1 2]]	[:abort "TCP sender unavailable"]
2026-03-16 21:28:48,094{GMT}	INFO	[jepsen worker 3] jepsen.util: 51	:invoke	:write	[0 3]
2026-03-16 21:28:48,095{GMT}	INFO	[jepsen worker 3] jepsen.util: 51	:fail	:write	[0 3]	[:abort "TCP sender unavailable"]
2026-03-16 21:28:48,156{GMT}	INFO	[jepsen worker 6] jepsen.util: 54	:invoke	:cas	[2 [2 3]]
2026-03-16 21:28:48,157{GMT}	INFO	[jepsen worker 6] jepsen.util: 54	:fail	:cas	[2 [2 3]]	[:abort "TCP sender unavailable"]
2026-03-16 21:28:48,244{GMT}	INFO	[jepsen worker 6] jepsen.util: 54	:invoke	:cas	[2 [2 2]]
2026-03-16 21:28:48,248{GMT}	INFO	[jepsen worker 6] jepsen.util: 54	:fail	:cas	[2 [2 2]]	[:abort "TCP sender unavailable"]
2026-03-16 21:28:48,316{GMT}	INFO	[jepsen worker 3] jepsen.util: 51	:invoke	:write	[0 1]
2026-03-16 21:28:48,320{GMT}	INFO	[jepsen worker 3] jepsen.util: 51	:fail	:write	[0 1]	[:abort "TCP sender unavailable"]
2026-03-16 21:28:48,357{GMT}	INFO	[jepsen worker 7] jepsen.util: 67	:invoke	:write	[2 1]
2026-03-16 21:28:48,362{GMT}	INFO	[jepsen worker 7] jepsen.util: 67	:fail	:write	[2 1]	[:abort "TCP sender unavailable"]
2026-03-16 21:28:48,417{GMT}	INFO	[jepsen worker 3] jepsen.util: 51	:invoke	:cas	[0 [2 0]]
2026-03-16 21:28:48,419{GMT}	INFO	[jepsen worker 3] jepsen.util: 51	:fail	:cas	[0 [2 0]]	[:abort "TCP sender unavailable"]
2026-03-16 21:28:48,438{GMT}	INFO	[jepsen worker 9] jepsen.util: 57	:invoke	:cas	[2 [2 2]]
2026-03-16 21:28:48,439{GMT}	INFO	[jepsen worker 9] jepsen.util: 57	:fail	:cas	[2 [2 2]]	[:abort "TCP sender unavailable"]
2026-03-16 21:28:48,537{GMT}	INFO	[jepsen worker 10] jepsen.util: 58	:invoke	:cas	[2 [3 3]]
2026-03-16 21:28:48,539{GMT}	INFO	[jepsen worker 10] jepsen.util: 58	:fail	:cas	[2 [3 3]]	[:abort "TCP sender unavailable"]
2026-03-16 21:28:48,577{GMT}	INFO	[jepsen worker 11] jepsen.util: 59	:invoke	:cas	[2 [2 4]]
2026-03-16 21:28:48,580{GMT}	INFO	[jepsen worker 11] jepsen.util: 59	:fail	:cas	[2 [2 4]]	[:abort "TCP sender unavailable"]
2026-03-16 21:28:48,610{GMT}	INFO	[jepsen worker 3] jepsen.util: 51	:invoke	:write	[0 3]
2026-03-16 21:28:48,614{GMT}	INFO	[jepsen worker 3] jepsen.util: 51	:fail	:write	[0 3]	[:abort "TCP sender unavailable"]
2026-03-16 21:28:48,694{GMT}	INFO	[jepsen worker 6] jepsen.util: 54	:invoke	:write	[2 3]
2026-03-16 21:28:48,697{GMT}	INFO	[jepsen worker 6] jepsen.util: 54	:fail	:write	[2 3]	[:abort "TCP sender unavailable"]
2026-03-16 21:28:48,752{GMT}	INFO	[jepsen worker 3] jepsen.util: 51	:invoke	:cas	[0 [4 2]]
2026-03-16 21:28:48,756{GMT}	INFO	[jepsen worker 3] jepsen.util: 51	:fail	:cas	[0 [4 2]]	[:abort "TCP sender unavailable"]
2026-03-16 21:28:48,798{GMT}	INFO	[jepsen worker 6] jepsen.util: 54	:invoke	:cas	[2 [3 4]]
2026-03-16 21:28:48,802{GMT}	INFO	[jepsen worker 6] jepsen.util: 54	:fail	:cas	[2 [3 4]]	[:abort "TCP sender unavailable"]
2026-03-16 21:28:48,827{GMT}	INFO	[jepsen worker 6] jepsen.util: 54	:invoke	:cas	[2 [2 2]]
2026-03-16 21:28:48,830{GMT}	INFO	[jepsen worker 6] jepsen.util: 54	:fail	:cas	[2 [2 2]]	[:abort "TCP sender unavailable"]
2026-03-16 21:28:48,841{GMT}	INFO	[jepsen worker 4] jepsen.util: 52	:invoke	:cas	[0 [2 1]]
2026-03-16 21:28:48,844{GMT}	INFO	[jepsen worker 4] jepsen.util: 52	:fail	:cas	[0 [2 1]]	[:abort "TCP sender unavailable"]
2026-03-16 21:28:48,902{GMT}	INFO	[jepsen worker 6] jepsen.util: 54	:invoke	:write	[2 1]
2026-03-16 21:28:48,904{GMT}	INFO	[jepsen worker 6] jepsen.util: 54	:fail	:write	[2 1]	[:abort "TCP sender unavailable"]
2026-03-16 21:28:48,935{GMT}	INFO	[jepsen worker 6] jepsen.util: 54	:invoke	:cas	[2 [1 1]]
2026-03-16 21:28:48,938{GMT}	INFO	[jepsen worker 6] jepsen.util: 54	:fail	:cas	[2 [1 1]]	[:abort "TCP sender unavailable"]
2026-03-16 21:28:48,958{GMT}	INFO	[jepsen worker 0] jepsen.util: 0	:invoke	:read	[0 nil]
2026-03-16 21:28:48,960{GMT}	INFO	[jepsen worker 0] jepsen.util: 0	:fail	:read	[0 nil]	[:key-does-not-exist "not found"]
2026-03-16 21:28:49,052{GMT}	INFO	[jepsen worker 8] jepsen.util: 56	:invoke	:cas	[2 [1 0]]
2026-03-16 21:28:49,057{GMT}	INFO	[jepsen worker 8] jepsen.util: 56	:fail	:cas	[2 [1 0]]	[:abort "TCP sender unavailable"]
2026-03-16 21:28:49,109{GMT}	INFO	[jepsen worker 0] jepsen.util: 0	:invoke	:read	[0 nil]
2026-03-16 21:28:49,113{GMT}	INFO	[jepsen worker 0] jepsen.util: 0	:fail	:read	[0 nil]	[:key-does-not-exist "not found"]
2026-03-16 21:28:49,209{GMT}	INFO	[jepsen worker 0] jepsen.util: 0	:invoke	:read	[0 nil]
2026-03-16 21:28:49,213{GMT}	INFO	[jepsen worker 0] jepsen.util: 0	:fail	:read	[0 nil]	[:key-does-not-exist "not found"]
2026-03-16 21:28:49,236{GMT}	INFO	[jepsen worker 3] jepsen.util: 51	:invoke	:write	[0 3]
2026-03-16 21:28:49,238{GMT}	INFO	[jepsen worker 0] jepsen.util: 0	:invoke	:read	[0 nil]
2026-03-16 21:28:49,242{GMT}	INFO	[jepsen worker 3] jepsen.util: 51	:fail	:write	[0 3]	[:abort "TCP sender unavailable"]
2026-03-16 21:28:49,244{GMT}	INFO	[jepsen worker 0] jepsen.util: 0	:fail	:read	[0 nil]	[:key-does-not-exist "not found"]
2026-03-16 21:28:49,276{GMT}	INFO	[jepsen worker 0] jepsen.util: 0	:invoke	:read	[0 nil]
2026-03-16 21:28:49,277{GMT}	INFO	[jepsen worker 0] jepsen.util: 0	:fail	:read	[0 nil]	[:key-does-not-exist "not found"]
2026-03-16 21:28:49,302{GMT}	INFO	[jepsen worker 6] jepsen.util: 54	:invoke	:write	[2 0]
2026-03-16 21:28:49,304{GMT}	INFO	[jepsen worker 6] jepsen.util: 54	:fail	:write	[2 0]	[:abort "TCP sender unavailable"]
2026-03-16 21:28:49,367{GMT}	INFO	[jepsen worker 2] jepsen.util: 2	:invoke	:read	[0 nil]
2026-03-16 21:28:49,371{GMT}	INFO	[jepsen worker 2] jepsen.util: 2	:fail	:read	[0 nil]	[:key-does-not-exist "not found"]
2026-03-16 21:28:49,382{GMT}	INFO	[jepsen worker 3] jepsen.util: 51	:invoke	:cas	[0 [0 1]]
2026-03-16 21:28:49,385{GMT}	INFO	[jepsen worker 3] jepsen.util: 51	:fail	:cas	[0 [0 1]]	[:abort "TCP sender unavailable"]
2026-03-16 21:28:49,412{GMT}	INFO	[jepsen worker 0] jepsen.util: 0	:invoke	:read	[0 nil]
2026-03-16 21:28:49,414{GMT}	INFO	[jepsen worker 0] jepsen.util: 0	:fail	:read	[0 nil]	[:key-does-not-exist "not found"]
2026-03-16 21:28:49,478{GMT}	INFO	[jepsen worker 6] jepsen.util: 54	:invoke	:cas	[2 [3 0]]
2026-03-16 21:28:49,480{GMT}	INFO	[jepsen worker 6] jepsen.util: 54	:fail	:cas	[2 [3 0]]	[:abort "TCP sender unavailable"]
2026-03-16 21:28:49,535{GMT}	INFO	[jepsen worker 0] jepsen.util: 0	:invoke	:read	[0 nil]
2026-03-16 21:28:49,536{GMT}	INFO	[jepsen worker 0] jepsen.util: 0	:fail	:read	[0 nil]	[:key-does-not-exist "not found"]
2026-03-16 21:28:49,608{GMT}	INFO	[jepsen worker 0] jepsen.util: 0	:invoke	:read	[0 nil]
2026-03-16 21:28:49,610{GMT}	INFO	[jepsen worker 0] jepsen.util: 0	:fail	:read	[0 nil]	[:key-does-not-exist "not found"]
2026-03-16 21:28:49,701{GMT}	INFO	[jepsen worker 0] jepsen.util: 0	:invoke	:read	[0 nil]
2026-03-16 21:28:49,703{GMT}	INFO	[jepsen worker 0] jepsen.util: 0	:fail	:read	[0 nil]	[:key-does-not-exist "not found"]
2026-03-16 21:28:49,760{GMT}	INFO	[jepsen worker 0] jepsen.util: 0	:invoke	:read	[0 nil]
2026-03-16 21:28:49,761{GMT}	INFO	[jepsen worker 0] jepsen.util: 0	:fail	:read	[0 nil]	[:key-does-not-exist "not found"]
2026-03-16 21:28:49,835{GMT}	INFO	[jepsen worker 3] jepsen.util: 51	:invoke	:cas	[0 [0 2]]
2026-03-16 21:28:49,837{GMT}	INFO	[jepsen worker 3] jepsen.util: 51	:fail	:cas	[0 [0 2]]	[:abort "TCP sender unavailable"]
2026-03-16 21:28:49,891{GMT}	INFO	[jepsen worker 11] jepsen.util: 59	:invoke	:cas	[2 [3 2]]
2026-03-16 21:28:49,893{GMT}	INFO	[jepsen worker 11] jepsen.util: 59	:fail	:cas	[2 [3 2]]	[:abort "TCP sender unavailable"]
2026-03-16 21:28:49,992{GMT}	INFO	[jepsen worker 6] jepsen.util: 54	:invoke	:cas	[2 [0 0]]
2026-03-16 21:28:49,996{GMT}	INFO	[jepsen worker 6] jepsen.util: 54	:fail	:cas	[2 [0 0]]	[:abort "TCP sender unavailable"]
2026-03-16 21:28:50,060{GMT}	INFO	[jepsen worker 6] jepsen.util: 54	:invoke	:write	[2 1]
2026-03-16 21:28:50,062{GMT}	INFO	[jepsen worker 6] jepsen.util: 54	:fail	:write	[2 1]	[:abort "TCP sender unavailable"]
2026-03-16 21:28:50,127{GMT}	INFO	[jepsen worker 6] jepsen.util: 54	:invoke	:cas	[2 [2 0]]
2026-03-16 21:28:50,129{GMT}	INFO	[jepsen worker 6] jepsen.util: 54	:fail	:cas	[2 [2 0]]	[:abort "TCP sender unavailable"]
2026-03-16 21:28:50,154{GMT}	INFO	[jepsen worker 6] jepsen.util: 54	:invoke	:write	[2 1]
2026-03-16 21:28:50,156{GMT}	INFO	[jepsen worker 6] jepsen.util: 54	:fail	:write	[2 1]	[:abort "TCP sender unavailable"]
2026-03-16 21:28:50,201{GMT}	INFO	[jepsen worker 0] jepsen.util: 0	:invoke	:read	[0 nil]
2026-03-16 21:28:50,205{GMT}	INFO	[jepsen worker 0] jepsen.util: 0	:fail	:read	[0 nil]	[:key-does-not-exist "not found"]
2026-03-16 21:28:50,247{GMT}	INFO	[jepsen worker 6] jepsen.util: 54	:invoke	:cas	[2 [0 3]]
2026-03-16 21:28:50,249{GMT}	INFO	[jepsen worker 6] jepsen.util: 54	:fail	:cas	[2 [0 3]]	[:abort "TCP sender unavailable"]
2026-03-16 21:28:50,302{GMT}	INFO	[jepsen worker 5] jepsen.util: 53	:invoke	:cas	[0 [1 4]]
2026-03-16 21:28:50,306{GMT}	INFO	[jepsen worker 5] jepsen.util: 53	:fail	:cas	[0 [1 4]]	[:abort "TCP sender unavailable"]
2026-03-16 21:28:50,365{GMT}	INFO	[jepsen worker 6] jepsen.util: 54	:invoke	:cas	[2 [4 0]]
2026-03-16 21:28:50,370{GMT}	INFO	[jepsen worker 6] jepsen.util: 54	:fail	:cas	[2 [4 0]]	[:abort "TCP sender unavailable"]
2026-03-16 21:28:50,391{GMT}	INFO	[jepsen worker 7] jepsen.util: 67	:invoke	:cas	[2 [4 4]]
2026-03-16 21:28:50,395{GMT}	INFO	[jepsen worker 7] jepsen.util: 67	:fail	:cas	[2 [4 4]]	[:abort "TCP sender unavailable"]
2026-03-16 21:28:50,395{GMT}	INFO	[jepsen worker 8] jepsen.util: 56	:invoke	:write	[2 0]
2026-03-16 21:28:50,397{GMT}	INFO	[jepsen worker 8] jepsen.util: 56	:fail	:write	[2 0]	[:abort "TCP sender unavailable"]
2026-03-16 21:28:50,450{GMT}	INFO	[jepsen worker 9] jepsen.util: 57	:invoke	:write	[2 3]
2026-03-16 21:28:50,452{GMT}	INFO	[jepsen worker 9] jepsen.util: 57	:fail	:write	[2 3]	[:abort "TCP sender unavailable"]
2026-03-16 21:28:50,519{GMT}	INFO	[jepsen worker 0] jepsen.util: 0	:invoke	:read	[0 nil]
2026-03-16 21:28:50,523{GMT}	INFO	[jepsen worker 0] jepsen.util: 0	:fail	:read	[0 nil]	[:key-does-not-exist "not found"]
2026-03-16 21:28:50,551{GMT}	INFO	[jepsen worker 3] jepsen.util: 51	:invoke	:cas	[0 [3 4]]
2026-03-16 21:28:50,554{GMT}	INFO	[jepsen worker 3] jepsen.util: 51	:fail	:cas	[0 [3 4]]	[:abort "TCP sender unavailable"]
2026-03-16 21:28:50,577{GMT}	INFO	[jepsen test runner] jepsen.core: Run complete, writing
2026-03-16 21:28:50,677{GMT}	INFO	[jepsen node n0] maelstrom.db: Tearing down n0
2026-03-16 21:28:50,677{GMT}	INFO	[jepsen node n2] maelstrom.db: Tearing down n2
2026-03-16 21:28:50,677{GMT}	INFO	[jepsen node n1] maelstrom.db: Tearing down n1
2026-03-16 21:28:52,136{GMT}	INFO	[jepsen node n0] maelstrom.net: Shutting down Maelstrom network
2026-03-16 21:28:52,141{GMT}	INFO	[jepsen test runner] jepsen.core: Analyzing...
2026-03-16 21:28:52,449{GMT}	INFO	[clojure-agent-send-pool-1] jepsen.independent: Wrote /Users/ahsankarim/study/studey/advanced distributed/final project/Omnipaxos-Project/store/lin-kv/20260316T212748.146+0100/independent/1/results.edn
2026-03-16 21:28:52,462{GMT}	INFO	[clojure-agent-send-pool-1] jepsen.independent: Wrote /Users/ahsankarim/study/studey/advanced distributed/final project/Omnipaxos-Project/store/lin-kv/20260316T212748.146+0100/independent/1/history.edn
2026-03-16 21:28:52,474{GMT}	INFO	[clojure-agent-send-pool-2] jepsen.independent: Wrote /Users/ahsankarim/study/studey/advanced distributed/final project/Omnipaxos-Project/store/lin-kv/20260316T212748.146+0100/independent/2/results.edn
2026-03-16 21:28:52,500{GMT}	INFO	[clojure-agent-send-pool-2] jepsen.independent: Wrote /Users/ahsankarim/study/studey/advanced distributed/final project/Omnipaxos-Project/store/lin-kv/20260316T212748.146+0100/independent/2/history.edn
2026-03-16 21:28:52,528{GMT}	INFO	[clojure-agent-send-pool-0] jepsen.independent: Wrote /Users/ahsankarim/study/studey/advanced distributed/final project/Omnipaxos-Project/store/lin-kv/20260316T212748.146+0100/independent/0/results.edn
2026-03-16 21:28:52,567{GMT}	INFO	[clojure-agent-send-pool-0] jepsen.independent: Wrote /Users/ahsankarim/study/studey/advanced distributed/final project/Omnipaxos-Project/store/lin-kv/20260316T212748.146+0100/independent/0/history.edn
2026-03-16 21:28:52,939{GMT}	INFO	[jepsen test runner] jepsen.core: Analysis complete
2026-03-16 21:28:53,030{GMT}	INFO	[jepsen results] jepsen.store: Wrote /Users/ahsankarim/study/studey/advanced distributed/final project/Omnipaxos-Project/store/lin-kv/20260316T212748.146+0100/results.edn
2026-03-16 21:28:53,066{GMT}	INFO	[jepsen test runner] jepsen.core: {:perf {:latency-graph {:valid? true},
        :rate-graph {:valid? true},
        :valid? true},
 :timeline {:valid? true},
 :exceptions {:valid? true},
 :stats {:valid? true,
         :count 1104,
         :ok-count 98,
         :fail-count 969,
         :info-count 37,
         :by-f {:cas {:valid? true,
                      :count 544,
                      :ok-count 18,
                      :fail-count 496,
                      :info-count 30},
                :read {:valid? true,
                       :count 264,
                       :ok-count 46,
                       :fail-count 218,
                       :info-count 0},
                :write {:valid? true,
                        :count 296,
                        :ok-count 34,
                        :fail-count 255,
                        :info-count 7}}},
 :availability {:valid? true, :ok-fraction 0.08876812},
 :net {:all {:send-count 2214,
             :recv-count 2214,
             :msg-count 2214,
             :msgs-per-op 2.0054348},
       :clients {:send-count 2214, :recv-count 2214, :msg-count 2214},
       :servers {:send-count 0,
                 :recv-count 0,
                 :msg-count 0,
                 :msgs-per-op 0.0},
       :valid? true},
 :workload {:valid? true,
            :results {0 {:linearizable {:valid? true,
                                        :configs ({:model #knossos.model.CASRegister{:value 2},
                                                   :last-op {:process 0,
                                                             :type :ok,
                                                             :f :read,
                                                             :value 2,
                                                             :index 377,
                                                             :time 10217699083},
                                                   :pending [{:process 3,
                                                              :type :invoke,
                                                              :f :cas,
                                                              :value [0
                                                                      4],
                                                              :index 383,
                                                              :time 10495614791}
                                                             {:process 4,
                                                              :type :invoke,
                                                              :f :write,
                                                              :value 1,
                                                              :index 387,
                                                              :time 10726255333}
                                                             {:process 5,
                                                              :type :invoke,
                                                              :f :cas,
                                                              :value [4
                                                                      3],
                                                              :index 389,
                                                              :time 10866252833}
                                                             {:process 15,
                                                              :type :invoke,
                                                              :f :cas,
                                                              :value [2
                                                                      0],
                                                              :index 397,
                                                              :time 11503339916}
                                                             {:process 16,
                                                              :type :invoke,
                                                              :f :cas,
                                                              :value [4
                                                                      3],
                                                              :index 405,
                                                              :time 11800696291}
                                                             {:process 17,
                                                              :type :invoke,
                                                              :f :cas,
                                                              :value [0
                                                                      4],
                                                              :index 415,
                                                              :time 12116019291}
                                                             {:process 27,
                                                              :type :invoke,
                                                              :f :write,
                                                              :value 4,
                                                              :index 421,
                                                              :time 12508646750}
                                                             {:process 28,
                                                              :type :invoke,
                                                              :f :cas,
                                                              :value [1
                                                                      0],
                                                              :index 429,
                                                              :time 12805754208}
                                                             {:process 29,
                                                              :type :invoke,
                                                              :f :cas,
                                                              :value [1
                                                                      0],
                                                              :index 437,
                                                              :time 13121194416}
                                                             {:process 39,
                                                              :type :invoke,
                                                              :f :cas,
                                                              :value [1
                                                                      2],
                                                              :index 447,
                                                              :time 13602737166}
                                                             {:process 40,
                                                              :type :invoke,
                                                              :f :cas,
                                                              :value [1
                                                                      2],
                                                              :index 453,
                                                              :time 13808071625}
                                                             {:process 41,
                                                              :type :invoke,
                                                              :f :write,
                                                              :value 0,
                                                              :index 461,
                                                              :time 14129022000}]}),
                                        :final-paths ()},
                         :timeline {:valid? true},
                         :valid? true},
                      1 {:linearizable {:valid? true,
                                        :configs ({:model #knossos.model.CASRegister{:value 4},
                                                   :last-op {:process 6,
                                                             :type :ok,
                                                             :f :write,
                                                             :value 4,
                                                             :index 375,
                                                             :time 10166130833},
                                                   :pending [{:process 6,
                                                              :type :invoke,
                                                              :f :write,
                                                              :value 4,
                                                              :index 385,
                                                              :time 10616529791}
                                                             {:process 7,
                                                              :type :invoke,
                                                              :f :cas,
                                                              :value [1
                                                                      0],
                                                              :index 386,
                                                              :time 10715675000}
                                                             {:process 8,
                                                              :type :invoke,
                                                              :f :cas,
                                                              :value [4
                                                                      1],
                                                              :index 388,
                                                              :time 10825316791}
                                                             {:process 9,
                                                              :type :invoke,
                                                              :f :cas,
                                                              :value [2
                                                                      3],
                                                              :index 382,
                                                              :time 10443126375}
                                                             {:process 10,
                                                              :type :invoke,
                                                              :f :cas,
                                                              :value [0
                                                                      4],
                                                              :index 391,
                                                              :time 10914537916}
                                                             {:process 11,
                                                              :type :invoke,
                                                              :f :cas,
                                                              :value [0
                                                                      3],
                                                              :index 384,
                                                              :time 10511160875}
                                                             {:process 18,
                                                              :type :invoke,
                                                              :f :cas,
                                                              :value [3
                                                                      1],
                                                              :index 401,
                                                              :time 11622817000}
                                                             {:process 19,
                                                              :type :invoke,
                                                              :f :cas,
                                                              :value [3
                                                                      1],
                                                              :index 403,
                                                              :time 11717471916}
                                                             {:process 20,
                                                              :type :invoke,
                                                              :f :cas,
                                                              :value [2
                                                                      3],
                                                              :index 407,
                                                              :time 11850261166}
                                                             {:process 21,
                                                              :type :invoke,
                                                              :f :cas,
                                                              :value [3
                                                                      1],
                                                              :index 395,
                                                              :time 11452121041}
                                                             {:process 22,
                                                              :type :invoke,
                                                              :f :cas,
                                                              :value [0
                                                                      1],
                                                              :index 411,
                                                              :time 11938713541}
                                                             {:process 23,
                                                              :type :invoke,
                                                              :f :cas,
                                                              :value [3
                                                                      1],
                                                              :index 399,
                                                              :time 11536312208}
                                                             {:process 30,
                                                              :type :invoke,
                                                              :f :cas,
                                                              :value [1
                                                                      0],
                                                              :index 425,
                                                              :time 12629745333}
                                                             {:process 31,
                                                              :type :invoke,
                                                              :f :cas,
                                                              :value [4
                                                                      4],
                                                              :index 427,
                                                              :time 12720533375}
                                                             {:process 32,
                                                              :type :invoke,
                                                              :f :cas,
                                                              :value [2
                                                                      1],
                                                              :index 431,
                                                              :time 12861604916}
                                                             {:process 33,
                                                              :type :invoke,
                                                              :f :write,
                                                              :value 2,
                                                              :index 419,
                                                              :time 12456949833}
                                                             {:process 34,
                                                              :type :invoke,
                                                              :f :write,
                                                              :value 3,
                                                              :index 433,
                                                              :time 12946163000}
                                                             {:process 35,
                                                              :type :invoke,
                                                              :f :cas,
                                                              :value [2
                                                                      1],
                                                              :index 423,
                                                              :time 12540418833}
                                                             {:process 45,
                                                              :type :invoke,
                                                              :f :cas,
                                                              :value [3
                                                                      0],
                                                              :index 443,
                                                              :time 13464491625}
                                                             {:process 47,
                                                              :type :invoke,
                                                              :f :cas,
                                                              :value [0
                                                                      3],
                                                              :index 446,
                                                              :time 13545235708}]}),
                                        :final-paths ()},
                         :timeline {:valid? true},
                         :valid? true},
                      2 {:linearizable {:valid? true,
                                        :configs ({:model #knossos.model.CASRegister{:value nil},
                                                   :last-op nil,
                                                   :pending [{:process 42,
                                                              :type :invoke,
                                                              :f :cas,
                                                              :value [2
                                                                      1],
                                                              :index 449,
                                                              :time 13633268916}
                                                             {:process 43,
                                                              :type :invoke,
                                                              :f :cas,
                                                              :value [4
                                                                      0],
                                                              :index 451,
                                                              :time 13725733291}
                                                             {:process 44,
                                                              :type :invoke,
                                                              :f :cas,
                                                              :value [0
                                                                      1],
                                                              :index 455,
                                                              :time 13862588333}
                                                             {:process 46,
                                                              :type :invoke,
                                                              :f :write,
                                                              :value 3,
                                                              :index 457,
                                                              :time 13951884208}
                                                             {:process 55,
                                                              :type :invoke,
                                                              :f :cas,
                                                              :value [0
                                                                      4],
                                                              :index 475,
                                                              :time 14726878333}]}),
                                        :final-paths ()},
                         :timeline {:valid? true},
                         :valid? true}},
            :failures []},
 :valid? true}


Everything looks good! ヽ(‘ー`)ノ
