2026-03-04 13:56:07,332{GMT}	INFO	[jepsen test runner] jepsen.core: Test version a0eeeb4c6a83a331166e46d306e2b15ccb565827 (plus uncommitted changes)
2026-03-04 13:56:07,332{GMT}	INFO	[jepsen test runner] jepsen.core: Command line:
lein run test -w lin-kv --bin ./target/debug/maelstrom --node-count 3 --time-limit 60 --rate 30 --concurrency 4n
2026-03-04 13:56:07,372{GMT}	INFO	[jepsen test runner] jepsen.core: Running test:
{:args []
 :remote
 #jepsen.control.retry.Remote{:remote #jepsen.control.scp.Remote{:cmd-remote #jepsen.control.sshj.SSHJRemote{:concurrency-limit 6,
                                                                                                             :conn-spec nil,
                                                                                                             :client nil,
                                                                                                             :semaphore nil},
                                                                 :conn-spec nil},
                              :conn nil}
 :log-net-send false
 :node-count 3
 :availability nil
 :max-txn-length 4
 :concurrency 12
 :db
 #object[maelstrom.db$db$reify__16612
         "0x5ca9a6a8"
         "maelstrom.db$db$reify__16612@5ca9a6a8"]
 :max-writes-per-key 16
 :leave-db-running? false
 :name "lin-kv"
 :logging-json? false
 :start-time
 #object[org.joda.time.DateTime "0x7952348f" "2026-03-04T13:56:07.268+01:00"]
 :nemesis-interval 10
 :net
 #object[maelstrom.net$jepsen_net$reify__15721
         "0x4f3d49e4"
         "maelstrom.net$jepsen_net$reify__15721@4f3d49e4"]
 :client
 #object[maelstrom.workload.lin_kv$client$reify__20973
         "0x7d26b390"
         "maelstrom.workload.lin_kv$client$reify__20973@7d26b390"]
 :barrier
 #object[java.util.concurrent.CyclicBarrier
         "0x6ff5eeed"
         "java.util.concurrent.CyclicBarrier@6ff5eeed"]
 :log-stderr false
 :pure-generators true
 :ssh {:dummy? true}
 :rate 30.0
 :checker
 #object[jepsen.checker$compose$reify__11089
         "0x76b49d0"
         "jepsen.checker$compose$reify__11089@76b49d0"]
 :argv
 ("test"
  "-w"
  "lin-kv"
  "--bin"
  "./target/debug/maelstrom"
  "--node-count"
  "3"
  "--time-limit"
  "60"
  "--rate"
  "30"
  "--concurrency"
  "4n")
 :nemesis
 (jepsen.nemesis.ReflCompose
  {:fm {:start-partition 0,
        :stop-partition 0,
        :kill 1,
        :start 1,
        :pause 1,
        :resume 1},
   :nemeses [#unprintable "jepsen.nemesis.combined$partition_nemesis$reify__16905@223c42b0"
             #unprintable "jepsen.nemesis.combined$db_nemesis$reify__16886@6acedf54"]})
 :nodes ["n0" "n1" "n2"]
 :test-count 1
 :latency {:mean 0, :dist :constant}
 :bin "./target/debug/maelstrom"
 :generator
 #object[jepsen.util.Forgettable
         "0x6f05d5f2"
         (jepsen.generator.TimeLimit
          {:limit 60000000000,
           :cutoff nil,
           :gen (jepsen.generator.Any
                 {:gens [(jepsen.generator.OnThreads
                          {:f #{:nemesis},
                           :context-filter #object[jepsen.generator.context$make_thread_filter$lazy_filter__12077
                                                   "0x1ca2d595"
                                                   "jepsen.generator.context$make_thread_filter$lazy_filter__12077@1ca2d595"],
                           :gen nil})
                         (jepsen.generator.OnThreads
                          {:f #jepsen.generator.context.AllBut{:element :nemesis},
                           :context-filter #object[jepsen.generator.context$make_thread_filter$lazy_filter__12077
                                                   "0x92a584f"
                                                   "jepsen.generator.context$make_thread_filter$lazy_filter__12077@92a584f"],
                           :gen (jepsen.generator.Stagger
                                 {:dt 66666666,
                                  :next-time nil,
                                  :gen (jepsen.generator.OnThreads
                                        {:f #jepsen.generator.context.AllBut{:element :nemesis},
                                         :context-filter #object[jepsen.generator.context$make_thread_filter$lazy_filter__12077
                                                                 "0x36e23af"
                                                                 "jepsen.generator.context$make_thread_filter$lazy_filter__12077@36e23af"],
                                         :gen (jepsen.independent.ConcurrentGenerator
                                               {:n 6,
                                                :fgen #object[jepsen.tests.linearizable_register$test$fn__17385
                                                              "0x5e4a9c16"
                                                              "jepsen.tests.linearizable_register$test$fn__17385@5e4a9c16"],
                                                :group->threads nil,
                                                :thread->group nil,
                                                :group->context-filter nil,
                                                :keys (0 1 2 3 4 5 6 7 ...),
                                                :gens nil})})})})]})})]
 :log-net-recv false
 :os
 #object[maelstrom.net$jepsen_os$reify__15724
         "0xffd26d1"
         "maelstrom.net$jepsen_os$reify__15724@ffd26d1"]
 :time-limit 60
 :workload :lin-kv
 :consistency-models [:strict-serializable]
 :topology :grid}

2026-03-04 13:56:08,412{GMT}	INFO	[jepsen node n0] maelstrom.net: Starting Maelstrom network
2026-03-04 13:56:08,412{GMT}	INFO	[jepsen test runner] jepsen.db: Tearing down DB
2026-03-04 13:56:08,413{GMT}	INFO	[jepsen test runner] jepsen.db: Setting up DB
2026-03-04 13:56:08,414{GMT}	INFO	[jepsen node n2] maelstrom.db: Setting up n2
2026-03-04 13:56:08,414{GMT}	INFO	[jepsen node n1] maelstrom.db: Setting up n1
2026-03-04 13:56:08,414{GMT}	INFO	[jepsen node n2] maelstrom.process: launching ./target/debug/maelstrom []
2026-03-04 13:56:08,414{GMT}	INFO	[jepsen node n1] maelstrom.process: launching ./target/debug/maelstrom []
2026-03-04 13:56:08,415{GMT}	INFO	[jepsen node n0] maelstrom.service: Starting services: (lin-kv lin-tso lww-kv seq-kv)
2026-03-04 13:56:08,415{GMT}	INFO	[jepsen node n0] maelstrom.db: Setting up n0
2026-03-04 13:56:08,416{GMT}	INFO	[jepsen node n0] maelstrom.process: launching ./target/debug/maelstrom []
2026-03-04 13:56:08,864{GMT}	INFO	[jepsen test runner] jepsen.core: Relative time begins now
2026-03-04 13:56:08,878{GMT}	INFO	[jepsen worker 6] jepsen.util: 6	:invoke	:write	[1 3]
2026-03-04 13:56:08,934{GMT}	INFO	[jepsen worker 1] jepsen.util: 1	:invoke	:read	[0 nil]
2026-03-04 13:56:08,979{GMT}	INFO	[jepsen worker 7] jepsen.util: 7	:invoke	:cas	[1 [4 2]]
2026-03-04 13:56:09,008{GMT}	INFO	[jepsen worker 8] jepsen.util: 8	:invoke	:cas	[1 [4 1]]
2026-03-04 13:56:09,008{GMT}	INFO	[jepsen worker 9] jepsen.util: 9	:invoke	:cas	[1 [1 2]]
2026-03-04 13:56:09,010{GMT}	INFO	[jepsen worker 0] jepsen.util: 0	:invoke	:read	[0 nil]
2026-03-04 13:56:09,038{GMT}	INFO	[jepsen worker 10] jepsen.util: 10	:invoke	:cas	[1 [2 3]]
2026-03-04 13:56:09,090{GMT}	INFO	[jepsen worker 3] jepsen.util: 3	:invoke	:cas	[0 [2 2]]
2026-03-04 13:56:09,146{GMT}	INFO	[jepsen worker 2] jepsen.util: 2	:invoke	:read	[0 nil]
2026-03-04 13:56:09,194{GMT}	INFO	[jepsen worker 11] jepsen.util: 11	:invoke	:cas	[1 [0 1]]
2026-03-04 13:56:09,231{GMT}	INFO	[jepsen worker 4] jepsen.util: 4	:invoke	:cas	[0 [1 2]]
2026-03-04 13:56:09,286{GMT}	INFO	[jepsen worker 5] jepsen.util: 5	:invoke	:cas	[0 [0 2]]
2026-03-04 13:56:09,886{GMT}	INFO	[jepsen worker 6] jepsen.util: 6	:info	:write	[1 3]	:net-timeout
2026-03-04 13:56:09,887{GMT}	INFO	[jepsen worker 6] jepsen.util: 18	:invoke	:cas	[1 [1 4]]
2026-03-04 13:56:09,939{GMT}	INFO	[jepsen worker 1] jepsen.util: 1	:fail	:read	[0 nil]	:net-timeout
2026-03-04 13:56:09,940{GMT}	INFO	[jepsen worker 1] jepsen.util: 1	:invoke	:read	[0 nil]
2026-03-04 13:56:09,985{GMT}	INFO	[jepsen worker 7] jepsen.util: 7	:info	:cas	[1 [4 2]]	:net-timeout
2026-03-04 13:56:09,986{GMT}	INFO	[jepsen worker 7] jepsen.util: 19	:invoke	:write	[1 0]
2026-03-04 13:56:10,014{GMT}	INFO	[jepsen worker 9] jepsen.util: 9	:info	:cas	[1 [1 2]]	:net-timeout
2026-03-04 13:56:10,014{GMT}	INFO	[jepsen worker 0] jepsen.util: 0	:fail	:read	[0 nil]	:net-timeout
2026-03-04 13:56:10,014{GMT}	INFO	[jepsen worker 8] jepsen.util: 8	:info	:cas	[1 [4 1]]	:net-timeout
2026-03-04 13:56:10,039{GMT}	INFO	[jepsen worker 8] jepsen.util: 20	:invoke	:write	[1 0]
2026-03-04 13:56:10,043{GMT}	INFO	[jepsen worker 10] jepsen.util: 10	:info	:cas	[1 [2 3]]	:net-timeout
2026-03-04 13:56:10,081{GMT}	INFO	[jepsen worker 0] jepsen.util: 0	:invoke	:read	[0 nil]
2026-03-04 13:56:10,082{GMT}	INFO	[jepsen worker 9] jepsen.util: 21	:invoke	:cas	[1 [1 3]]
2026-03-04 13:56:10,095{GMT}	INFO	[jepsen worker 3] jepsen.util: 3	:info	:cas	[0 [2 2]]	:net-timeout
2026-03-04 13:56:10,103{GMT}	INFO	[jepsen worker 3] jepsen.util: 15	:invoke	:cas	[0 [1 2]]
2026-03-04 13:56:10,138{GMT}	INFO	[jepsen worker 10] jepsen.util: 22	:invoke	:cas	[1 [2 4]]
2026-03-04 13:56:10,148{GMT}	INFO	[jepsen worker 2] jepsen.util: 2	:fail	:read	[0 nil]	:net-timeout
2026-03-04 13:56:10,176{GMT}	INFO	[jepsen worker 2] jepsen.util: 2	:invoke	:read	[0 nil]
2026-03-04 13:56:10,199{GMT}	INFO	[jepsen worker 11] jepsen.util: 11	:info	:cas	[1 [0 1]]	:net-timeout
2026-03-04 13:56:10,200{GMT}	INFO	[jepsen worker 11] jepsen.util: 23	:invoke	:cas	[1 [3 4]]
2026-03-04 13:56:10,233{GMT}	INFO	[jepsen worker 4] jepsen.util: 4	:info	:cas	[0 [1 2]]	:net-timeout
2026-03-04 13:56:10,233{GMT}	INFO	[jepsen worker 4] jepsen.util: 16	:invoke	:cas	[0 [0 4]]
2026-03-04 13:56:10,292{GMT}	INFO	[jepsen worker 5] jepsen.util: 5	:info	:cas	[0 [0 2]]	:net-timeout
2026-03-04 13:56:10,299{GMT}	INFO	[jepsen worker 5] jepsen.util: 17	:invoke	:cas	[0 [0 0]]
2026-03-04 13:56:10,893{GMT}	INFO	[jepsen worker 6] jepsen.util: 18	:info	:cas	[1 [1 4]]	:net-timeout
2026-03-04 13:56:10,893{GMT}	INFO	[jepsen worker 6] jepsen.util: 30	:invoke	:cas	[1 [4 3]]
2026-03-04 13:56:10,945{GMT}	INFO	[jepsen worker 1] jepsen.util: 1	:fail	:read	[0 nil]	:net-timeout
2026-03-04 13:56:10,946{GMT}	INFO	[jepsen worker 1] jepsen.util: 1	:invoke	:read	[0 nil]
2026-03-04 13:56:10,991{GMT}	INFO	[jepsen worker 7] jepsen.util: 19	:info	:write	[1 0]	:net-timeout
2026-03-04 13:56:10,991{GMT}	INFO	[jepsen worker 7] jepsen.util: 31	:invoke	:write	[1 1]
2026-03-04 13:56:11,041{GMT}	INFO	[jepsen worker 8] jepsen.util: 20	:info	:write	[1 0]	:net-timeout
2026-03-04 13:56:11,042{GMT}	INFO	[jepsen worker 8] jepsen.util: 32	:invoke	:cas	[1 [0 2]]
2026-03-04 13:56:11,086{GMT}	INFO	[jepsen worker 0] jepsen.util: 0	:fail	:read	[0 nil]	:net-timeout
2026-03-04 13:56:11,086{GMT}	INFO	[jepsen worker 9] jepsen.util: 21	:info	:cas	[1 [1 3]]	:net-timeout
2026-03-04 13:56:11,101{GMT}	INFO	[jepsen worker 0] jepsen.util: 0	:invoke	:read	[0 nil]
2026-03-04 13:56:11,104{GMT}	INFO	[jepsen worker 3] jepsen.util: 15	:info	:cas	[0 [1 2]]	:net-timeout
2026-03-04 13:56:11,113{GMT}	INFO	[jepsen worker 9] jepsen.util: 33	:invoke	:cas	[1 [0 0]]
2026-03-04 13:56:11,142{GMT}	INFO	[jepsen worker 10] jepsen.util: 22	:info	:cas	[1 [2 4]]	:net-timeout
2026-03-04 13:56:11,142{GMT}	INFO	[jepsen worker 10] jepsen.util: 34	:invoke	:cas	[1 [0 2]]
2026-03-04 13:56:11,177{GMT}	INFO	[jepsen worker 2] jepsen.util: 2	:fail	:read	[0 nil]	:net-timeout
2026-03-04 13:56:11,192{GMT}	INFO	[jepsen worker 3] jepsen.util: 27	:invoke	:cas	[0 [4 2]]
2026-03-04 13:56:11,204{GMT}	INFO	[jepsen worker 11] jepsen.util: 23	:info	:cas	[1 [3 4]]	:net-timeout
2026-03-04 13:56:11,233{GMT}	INFO	[jepsen worker 11] jepsen.util: 35	:invoke	:cas	[1 [2 2]]
2026-03-04 13:56:11,236{GMT}	INFO	[jepsen worker 4] jepsen.util: 16	:info	:cas	[0 [0 4]]	:net-timeout
2026-03-04 13:56:11,257{GMT}	INFO	[jepsen worker 4] jepsen.util: 28	:invoke	:cas	[0 [1 0]]
2026-03-04 13:56:11,278{GMT}	INFO	[jepsen worker 2] jepsen.util: 2	:invoke	:read	[0 nil]
2026-03-04 13:56:11,304{GMT}	INFO	[jepsen worker 5] jepsen.util: 17	:info	:cas	[0 [0 0]]	:net-timeout
2026-03-04 13:56:11,345{GMT}	INFO	[jepsen worker 5] jepsen.util: 29	:invoke	:cas	[0 [2 3]]
2026-03-04 13:56:11,898{GMT}	INFO	[jepsen worker 6] jepsen.util: 30	:info	:cas	[1 [4 3]]	:net-timeout
2026-03-04 13:56:11,899{GMT}	INFO	[jepsen worker 6] jepsen.util: 42	:invoke	:cas	[1 [4 1]]
2026-03-04 13:56:11,947{GMT}	INFO	[jepsen worker 1] jepsen.util: 1	:fail	:read	[0 nil]	:net-timeout
2026-03-04 13:56:11,948{GMT}	INFO	[jepsen worker 1] jepsen.util: 1	:invoke	:read	[0 nil]
2026-03-04 13:56:11,996{GMT}	INFO	[jepsen worker 7] jepsen.util: 31	:info	:write	[1 1]	:net-timeout
2026-03-04 13:56:11,996{GMT}	INFO	[jepsen worker 7] jepsen.util: 43	:invoke	:write	[1 2]
2026-03-04 13:56:12,042{GMT}	INFO	[jepsen worker 8] jepsen.util: 32	:info	:cas	[1 [0 2]]	:net-timeout
2026-03-04 13:56:12,042{GMT}	INFO	[jepsen worker 8] jepsen.util: 44	:invoke	:cas	[2 [0 4]]
2026-03-04 13:56:12,102{GMT}	INFO	[jepsen worker 0] jepsen.util: 0	:fail	:read	[0 nil]	:net-timeout
2026-03-04 13:56:12,102{GMT}	INFO	[jepsen worker 0] jepsen.util: 0	:invoke	:read	[0 nil]
2026-03-04 13:56:12,113{GMT}	INFO	[jepsen worker 9] jepsen.util: 33	:info	:cas	[1 [0 0]]	:net-timeout
2026-03-04 13:56:12,147{GMT}	INFO	[jepsen worker 10] jepsen.util: 34	:info	:cas	[1 [0 2]]	:net-timeout
2026-03-04 13:56:12,166{GMT}	INFO	[jepsen worker 9] jepsen.util: 45	:invoke	:write	[2 0]
2026-03-04 13:56:12,191{GMT}	INFO	[jepsen worker 3] jepsen.util: 27	:info	:cas	[0 [4 2]]	:net-timeout
2026-03-04 13:56:12,232{GMT}	INFO	[jepsen worker 10] jepsen.util: 46	:invoke	:cas	[2 [1 0]]
2026-03-04 13:56:12,238{GMT}	INFO	[jepsen worker 11] jepsen.util: 35	:info	:cas	[1 [2 2]]	:net-timeout
2026-03-04 13:56:12,245{GMT}	INFO	[jepsen worker 3] jepsen.util: 39	:invoke	:cas	[0 [3 2]]
2026-03-04 13:56:12,260{GMT}	INFO	[jepsen worker 4] jepsen.util: 28	:info	:cas	[0 [1 0]]	:net-timeout
2026-03-04 13:56:12,268{GMT}	INFO	[jepsen worker 4] jepsen.util: 40	:invoke	:write	[0 1]
2026-03-04 13:56:12,283{GMT}	INFO	[jepsen worker 2] jepsen.util: 2	:fail	:read	[0 nil]	:net-timeout
2026-03-04 13:56:12,287{GMT}	INFO	[jepsen worker 2] jepsen.util: 2	:invoke	:read	[0 nil]
2026-03-04 13:56:12,344{GMT}	INFO	[jepsen worker 11] jepsen.util: 47	:invoke	:cas	[2 [0 2]]
2026-03-04 13:56:12,348{GMT}	INFO	[jepsen worker 5] jepsen.util: 29	:info	:cas	[0 [2 3]]	:net-timeout
2026-03-04 13:56:12,361{GMT}	INFO	[jepsen worker 5] jepsen.util: 41	:invoke	:cas	[0 [3 3]]
2026-03-04 13:56:12,904{GMT}	INFO	[jepsen worker 6] jepsen.util: 42	:info	:cas	[1 [4 1]]	:net-timeout
2026-03-04 13:56:12,905{GMT}	INFO	[jepsen worker 6] jepsen.util: 54	:invoke	:write	[2 3]
2026-03-04 13:56:12,949{GMT}	INFO	[jepsen worker 1] jepsen.util: 1	:fail	:read	[0 nil]	:net-timeout
2026-03-04 13:56:12,954{GMT}	INFO	[jepsen worker 1] jepsen.util: 1	:invoke	:read	[0 nil]
2026-03-04 13:56:13,001{GMT}	INFO	[jepsen worker 7] jepsen.util: 43	:info	:write	[1 2]	:net-timeout
2026-03-04 13:56:13,025{GMT}	INFO	[jepsen worker 7] jepsen.util: 55	:invoke	:cas	[2 [1 0]]
2026-03-04 13:56:13,046{GMT}	INFO	[jepsen worker 8] jepsen.util: 44	:info	:cas	[2 [0 4]]	:net-timeout
2026-03-04 13:56:13,046{GMT}	INFO	[jepsen worker 8] jepsen.util: 56	:invoke	:write	[2 0]
2026-03-04 13:56:13,106{GMT}	INFO	[jepsen worker 0] jepsen.util: 0	:fail	:read	[0 nil]	:net-timeout
2026-03-04 13:56:13,106{GMT}	INFO	[jepsen worker 0] jepsen.util: 0	:invoke	:read	[0 nil]
2026-03-04 13:56:13,171{GMT}	INFO	[jepsen worker 9] jepsen.util: 45	:info	:write	[2 0]	:net-timeout
2026-03-04 13:56:13,171{GMT}	INFO	[jepsen worker 9] jepsen.util: 57	:invoke	:cas	[2 [1 3]]
2026-03-04 13:56:13,236{GMT}	INFO	[jepsen worker 10] jepsen.util: 46	:info	:cas	[2 [1 0]]	:net-timeout
2026-03-04 13:56:13,237{GMT}	INFO	[jepsen worker 10] jepsen.util: 58	:invoke	:cas	[2 [0 4]]
2026-03-04 13:56:13,250{GMT}	INFO	[jepsen worker 3] jepsen.util: 39	:info	:cas	[0 [3 2]]	:net-timeout
2026-03-04 13:56:13,253{GMT}	INFO	[jepsen worker 3] jepsen.util: 51	:invoke	:cas	[0 [1 1]]
2026-03-04 13:56:13,273{GMT}	INFO	[jepsen worker 4] jepsen.util: 40	:info	:write	[0 1]	:net-timeout
2026-03-04 13:56:13,288{GMT}	INFO	[jepsen worker 4] jepsen.util: 52	:invoke	:cas	[0 [1 0]]
2026-03-04 13:56:13,288{GMT}	INFO	[jepsen worker 2] jepsen.util: 2	:fail	:read	[0 nil]	:net-timeout
2026-03-04 13:56:13,303{GMT}	INFO	[jepsen worker 2] jepsen.util: 2	:invoke	:read	[0 nil]
2026-03-04 13:56:13,347{GMT}	INFO	[jepsen worker 11] jepsen.util: 47	:info	:cas	[2 [0 2]]	:net-timeout
2026-03-04 13:56:13,351{GMT}	INFO	[jepsen worker 11] jepsen.util: 59	:invoke	:cas	[2 [4 0]]
2026-03-04 13:56:13,366{GMT}	INFO	[jepsen worker 5] jepsen.util: 41	:info	:cas	[0 [3 3]]	:net-timeout
2026-03-04 13:56:13,400{GMT}	INFO	[jepsen worker 5] jepsen.util: 53	:invoke	:write	[0 3]
2026-03-04 13:56:13,909{GMT}	INFO	[jepsen worker 6] jepsen.util: 54	:info	:write	[2 3]	:net-timeout
2026-03-04 13:56:13,910{GMT}	INFO	[jepsen worker 6] jepsen.util: 66	:invoke	:write	[2 3]
2026-03-04 13:56:13,957{GMT}	INFO	[jepsen worker 1] jepsen.util: 1	:fail	:read	[0 nil]	:net-timeout
2026-03-04 13:56:13,958{GMT}	INFO	[jepsen worker 1] jepsen.util: 1	:invoke	:read	[0 nil]
2026-03-04 13:56:14,030{GMT}	INFO	[jepsen worker 7] jepsen.util: 55	:info	:cas	[2 [1 0]]	:net-timeout
2026-03-04 13:56:14,031{GMT}	INFO	[jepsen worker 7] jepsen.util: 67	:invoke	:cas	[2 [0 3]]
2026-03-04 13:56:14,049{GMT}	INFO	[jepsen worker 8] jepsen.util: 56	:info	:write	[2 0]	:net-timeout
2026-03-04 13:56:14,063{GMT}	INFO	[jepsen worker 8] jepsen.util: 68	:invoke	:cas	[2 [0 1]]
2026-03-04 13:56:14,111{GMT}	INFO	[jepsen worker 0] jepsen.util: 0	:fail	:read	[0 nil]	:net-timeout
2026-03-04 13:56:14,111{GMT}	INFO	[jepsen worker 0] jepsen.util: 0	:invoke	:read	[0 nil]
2026-03-04 13:56:14,176{GMT}	INFO	[jepsen worker 9] jepsen.util: 57	:info	:cas	[2 [1 3]]	:net-timeout
2026-03-04 13:56:14,177{GMT}	INFO	[jepsen worker 9] jepsen.util: 69	:invoke	:cas	[2 [1 2]]
2026-03-04 13:56:14,242{GMT}	INFO	[jepsen worker 10] jepsen.util: 58	:info	:cas	[2 [0 4]]	:net-timeout
2026-03-04 13:56:14,242{GMT}	INFO	[jepsen worker 10] jepsen.util: 70	:invoke	:cas	[2 [3 1]]
2026-03-04 13:56:14,258{GMT}	INFO	[jepsen worker 3] jepsen.util: 51	:info	:cas	[0 [1 1]]	:net-timeout
2026-03-04 13:56:14,273{GMT}	INFO	[jepsen worker 3] jepsen.util: 63	:invoke	:write	[0 4]
2026-03-04 13:56:14,293{GMT}	INFO	[jepsen worker 4] jepsen.util: 52	:info	:cas	[0 [1 0]]	:net-timeout
2026-03-04 13:56:14,293{GMT}	INFO	[jepsen worker 4] jepsen.util: 64	:invoke	:write	[0 4]
2026-03-04 13:56:14,305{GMT}	INFO	[jepsen worker 2] jepsen.util: 2	:fail	:read	[0 nil]	:net-timeout
2026-03-04 13:56:14,332{GMT}	INFO	[jepsen worker 2] jepsen.util: 2	:invoke	:read	[0 nil]
2026-03-04 13:56:14,356{GMT}	INFO	[jepsen worker 11] jepsen.util: 59	:info	:cas	[2 [4 0]]	:net-timeout
2026-03-04 13:56:14,391{GMT}	INFO	[jepsen worker 11] jepsen.util: 71	:invoke	:cas	[3 [4 3]]
2026-03-04 13:56:14,405{GMT}	INFO	[jepsen worker 5] jepsen.util: 53	:info	:write	[0 3]	:net-timeout
2026-03-04 13:56:14,462{GMT}	INFO	[jepsen worker 5] jepsen.util: 65	:invoke	:cas	[4 [1 1]]
2026-03-04 13:56:14,911{GMT}	INFO	[jepsen worker 6] jepsen.util: 66	:info	:write	[2 3]	:net-timeout
2026-03-04 13:56:14,911{GMT}	INFO	[jepsen worker 6] jepsen.util: 78	:invoke	:cas	[3 [1 4]]
2026-03-04 13:56:14,958{GMT}	INFO	[jepsen worker 1] jepsen.util: 1	:fail	:read	[0 nil]	:net-timeout
2026-03-04 13:56:14,959{GMT}	INFO	[jepsen worker 1] jepsen.util: 1	:invoke	:read	[4 nil]
2026-03-04 13:56:15,035{GMT}	INFO	[jepsen worker 7] jepsen.util: 67	:info	:cas	[2 [0 3]]	:net-timeout
2026-03-04 13:56:15,035{GMT}	INFO	[jepsen worker 7] jepsen.util: 79	:invoke	:cas	[3 [4 0]]
2026-03-04 13:56:15,067{GMT}	INFO	[jepsen worker 8] jepsen.util: 68	:info	:cas	[2 [0 1]]	:net-timeout
2026-03-04 13:56:15,073{GMT}	INFO	[jepsen worker 8] jepsen.util: 80	:invoke	:cas	[3 [0 3]]
2026-03-04 13:56:15,116{GMT}	INFO	[jepsen worker 0] jepsen.util: 0	:fail	:read	[0 nil]	:net-timeout
2026-03-04 13:56:15,124{GMT}	INFO	[jepsen worker 0] jepsen.util: 0	:invoke	:read	[4 nil]
2026-03-04 13:56:15,182{GMT}	INFO	[jepsen worker 9] jepsen.util: 69	:info	:cas	[2 [1 2]]	:net-timeout
2026-03-04 13:56:15,182{GMT}	INFO	[jepsen worker 9] jepsen.util: 81	:invoke	:cas	[3 [2 3]]
2026-03-04 13:56:15,243{GMT}	INFO	[jepsen worker 10] jepsen.util: 70	:info	:cas	[2 [3 1]]	:net-timeout
2026-03-04 13:56:15,243{GMT}	INFO	[jepsen worker 10] jepsen.util: 82	:invoke	:cas	[3 [4 4]]
2026-03-04 13:56:15,278{GMT}	INFO	[jepsen worker 3] jepsen.util: 63	:info	:write	[0 4]	:net-timeout
2026-03-04 13:56:15,292{GMT}	INFO	[jepsen worker 3] jepsen.util: 75	:invoke	:cas	[4 [4 0]]
2026-03-04 13:56:15,298{GMT}	INFO	[jepsen worker 4] jepsen.util: 64	:info	:write	[0 4]	:net-timeout
2026-03-04 13:56:15,337{GMT}	INFO	[jepsen worker 2] jepsen.util: 2	:fail	:read	[0 nil]	:net-timeout
2026-03-04 13:56:15,356{GMT}	INFO	[jepsen worker 2] jepsen.util: 2	:invoke	:read	[4 nil]
2026-03-04 13:56:15,375{GMT}	INFO	[jepsen worker 4] jepsen.util: 76	:invoke	:write	[4 2]
2026-03-04 13:56:15,396{GMT}	INFO	[jepsen worker 11] jepsen.util: 71	:info	:cas	[3 [4 3]]	:net-timeout
2026-03-04 13:56:15,396{GMT}	INFO	[jepsen worker 11] jepsen.util: 83	:invoke	:cas	[3 [1 4]]
2026-03-04 13:56:15,467{GMT}	INFO	[jepsen worker 5] jepsen.util: 65	:info	:cas	[4 [1 1]]	:net-timeout
2026-03-04 13:56:15,467{GMT}	INFO	[jepsen worker 5] jepsen.util: 77	:invoke	:cas	[4 [0 1]]
2026-03-04 13:56:15,912{GMT}	INFO	[jepsen worker 6] jepsen.util: 78	:info	:cas	[3 [1 4]]	:net-timeout
2026-03-04 13:56:15,913{GMT}	INFO	[jepsen worker 6] jepsen.util: 90	:invoke	:cas	[3 [1 4]]
2026-03-04 13:56:15,929{GMT}	INFO	[jepsen worker 1] jepsen.util: 1	:ok	:read	[4 2]
2026-03-04 13:56:15,929{GMT}	INFO	[jepsen worker 1] jepsen.util: 1	:invoke	:read	[4 nil]
2026-03-04 13:56:15,929{GMT}	INFO	[jepsen worker 0] jepsen.util: 0	:ok	:read	[4 2]
2026-03-04 13:56:15,932{GMT}	INFO	[jepsen worker 2] jepsen.util: 2	:ok	:read	[4 2]
2026-03-04 13:56:15,934{GMT}	INFO	[jepsen worker 4] jepsen.util: 76	:ok	:write	[4 2]
2026-03-04 13:56:15,935{GMT}	INFO	[jepsen worker 1] jepsen.util: 1	:ok	:read	[4 2]
2026-03-04 13:56:15,939{GMT}	INFO	[jepsen worker 6] jepsen.util: 90	:fail	:cas	[3 [1 4]]	[:precondition-failed "expected 1 but had 3"]
2026-03-04 13:56:15,939{GMT}	INFO	[jepsen worker 3] jepsen.util: 75	:fail	:cas	[4 [4 0]]	[:precondition-failed "expected 4 but had 2"]
2026-03-04 13:56:15,939{GMT}	INFO	[jepsen worker 7] jepsen.util: 79	:fail	:cas	[3 [4 0]]	[:precondition-failed "expected 4 but had 3"]
2026-03-04 13:56:15,939{GMT}	INFO	[jepsen worker 9] jepsen.util: 81	:fail	:cas	[3 [2 3]]	[:precondition-failed "expected 2 but had 3"]
2026-03-04 13:56:15,939{GMT}	INFO	[jepsen worker 5] jepsen.util: 77	:fail	:cas	[4 [0 1]]	[:precondition-failed "expected 0 but had 2"]
2026-03-04 13:56:15,939{GMT}	INFO	[jepsen worker 8] jepsen.util: 80	:fail	:cas	[3 [0 3]]	[:precondition-failed "expected 0 but had 3"]
2026-03-04 13:56:15,939{GMT}	INFO	[jepsen worker 10] jepsen.util: 82	:fail	:cas	[3 [4 4]]	[:precondition-failed "expected 4 but had 3"]
2026-03-04 13:56:15,939{GMT}	INFO	[jepsen worker 11] jepsen.util: 83	:fail	:cas	[3 [1 4]]	[:precondition-failed "expected 1 but had 3"]
2026-03-04 13:56:16,001{GMT}	INFO	[jepsen worker 8] jepsen.util: 80	:invoke	:write	[3 1]
2026-03-04 13:56:16,003{GMT}	INFO	[jepsen worker 8] jepsen.util: 80	:ok	:write	[3 1]
2026-03-04 13:56:16,064{GMT}	INFO	[jepsen worker 0] jepsen.util: 0	:invoke	:read	[4 nil]
2026-03-04 13:56:16,066{GMT}	INFO	[jepsen worker 0] jepsen.util: 0	:ok	:read	[4 2]
2026-03-04 13:56:16,118{GMT}	INFO	[jepsen worker 10] jepsen.util: 82	:invoke	:cas	[3 [3 1]]
2026-03-04 13:56:16,121{GMT}	INFO	[jepsen worker 10] jepsen.util: 82	:fail	:cas	[3 [3 1]]	[:precondition-failed "expected 3 but had 1"]
2026-03-04 13:56:16,165{GMT}	INFO	[jepsen worker 0] jepsen.util: 0	:invoke	:read	[4 nil]
2026-03-04 13:56:16,167{GMT}	INFO	[jepsen worker 0] jepsen.util: 0	:ok	:read	[4 2]
2026-03-04 13:56:16,175{GMT}	INFO	[jepsen worker 0] jepsen.util: 0	:invoke	:read	[4 nil]
2026-03-04 13:56:16,178{GMT}	INFO	[jepsen worker 0] jepsen.util: 0	:ok	:read	[4 2]
2026-03-04 13:56:16,186{GMT}	INFO	[jepsen worker 3] jepsen.util: 75	:invoke	:cas	[4 [4 4]]
2026-03-04 13:56:16,188{GMT}	INFO	[jepsen worker 3] jepsen.util: 75	:fail	:cas	[4 [4 4]]	[:precondition-failed "expected 4 but had 2"]
2026-03-04 13:56:16,208{GMT}	INFO	[jepsen worker 6] jepsen.util: 90	:invoke	:cas	[3 [0 1]]
2026-03-04 13:56:16,210{GMT}	INFO	[jepsen worker 6] jepsen.util: 90	:fail	:cas	[3 [0 1]]	[:precondition-failed "expected 0 but had 1"]
2026-03-04 13:56:16,258{GMT}	INFO	[jepsen worker 3] jepsen.util: 75	:invoke	:cas	[4 [4 3]]
2026-03-04 13:56:16,261{GMT}	INFO	[jepsen worker 3] jepsen.util: 75	:fail	:cas	[4 [4 3]]	[:precondition-failed "expected 4 but had 2"]
2026-03-04 13:56:16,298{GMT}	INFO	[jepsen worker 3] jepsen.util: 75	:invoke	:write	[4 2]
2026-03-04 13:56:16,301{GMT}	INFO	[jepsen worker 3] jepsen.util: 75	:ok	:write	[4 2]
2026-03-04 13:56:16,333{GMT}	INFO	[jepsen worker 6] jepsen.util: 90	:invoke	:cas	[3 [3 0]]
2026-03-04 13:56:16,336{GMT}	INFO	[jepsen worker 6] jepsen.util: 90	:fail	:cas	[3 [3 0]]	[:precondition-failed "expected 3 but had 1"]
2026-03-04 13:56:16,375{GMT}	INFO	[jepsen worker 0] jepsen.util: 0	:invoke	:read	[4 nil]
2026-03-04 13:56:16,377{GMT}	INFO	[jepsen worker 0] jepsen.util: 0	:ok	:read	[4 2]
2026-03-04 13:56:16,419{GMT}	INFO	[jepsen worker 0] jepsen.util: 0	:invoke	:read	[4 nil]
2026-03-04 13:56:16,421{GMT}	INFO	[jepsen worker 0] jepsen.util: 0	:ok	:read	[4 2]
2026-03-04 13:56:16,432{GMT}	INFO	[jepsen worker 0] jepsen.util: 0	:invoke	:read	[4 nil]
2026-03-04 13:56:16,434{GMT}	INFO	[jepsen worker 0] jepsen.util: 0	:ok	:read	[4 2]
2026-03-04 13:56:16,443{GMT}	INFO	[jepsen worker 8] jepsen.util: 80	:invoke	:cas	[3 [2 3]]
2026-03-04 13:56:16,445{GMT}	INFO	[jepsen worker 8] jepsen.util: 80	:fail	:cas	[3 [2 3]]	[:precondition-failed "expected 2 but had 1"]
2026-03-04 13:56:16,475{GMT}	INFO	[jepsen worker 9] jepsen.util: 81	:invoke	:cas	[3 [1 3]]
2026-03-04 13:56:16,479{GMT}	INFO	[jepsen worker 9] jepsen.util: 81	:ok	:cas	[3 [1 3]]
2026-03-04 13:56:16,532{GMT}	INFO	[jepsen worker 10] jepsen.util: 82	:invoke	:cas	[3 [3 4]]
2026-03-04 13:56:16,535{GMT}	INFO	[jepsen worker 10] jepsen.util: 82	:ok	:cas	[3 [3 4]]
2026-03-04 13:56:16,546{GMT}	INFO	[jepsen worker 11] jepsen.util: 83	:invoke	:cas	[3 [3 4]]
2026-03-04 13:56:16,549{GMT}	INFO	[jepsen worker 11] jepsen.util: 83	:fail	:cas	[3 [3 4]]	[:precondition-failed "expected 3 but had 4"]
2026-03-04 13:56:16,565{GMT}	INFO	[jepsen worker 6] jepsen.util: 90	:invoke	:write	[3 3]
2026-03-04 13:56:16,567{GMT}	INFO	[jepsen worker 6] jepsen.util: 90	:ok	:write	[3 3]
2026-03-04 13:56:16,619{GMT}	INFO	[jepsen worker 0] jepsen.util: 0	:invoke	:read	[4 nil]
2026-03-04 13:56:16,621{GMT}	INFO	[jepsen worker 0] jepsen.util: 0	:ok	:read	[4 2]
2026-03-04 13:56:16,659{GMT}	INFO	[jepsen worker 6] jepsen.util: 90	:invoke	:write	[3 4]
2026-03-04 13:56:16,663{GMT}	INFO	[jepsen worker 6] jepsen.util: 90	:ok	:write	[3 4]
2026-03-04 13:56:16,675{GMT}	INFO	[jepsen worker 2] jepsen.util: 2	:invoke	:read	[4 nil]
2026-03-04 13:56:16,679{GMT}	INFO	[jepsen worker 2] jepsen.util: 2	:ok	:read	[4 2]
2026-03-04 13:56:16,704{GMT}	INFO	[jepsen worker 3] jepsen.util: 75	:invoke	:cas	[4 [3 1]]
2026-03-04 13:56:16,708{GMT}	INFO	[jepsen worker 3] jepsen.util: 75	:fail	:cas	[4 [3 1]]	[:precondition-failed "expected 3 but had 2"]
2026-03-04 13:56:16,738{GMT}	INFO	[jepsen worker 4] jepsen.util: 76	:invoke	:cas	[4 [0 2]]
2026-03-04 13:56:16,741{GMT}	INFO	[jepsen worker 4] jepsen.util: 76	:fail	:cas	[4 [0 2]]	[:precondition-failed "expected 0 but had 2"]
2026-03-04 13:56:16,798{GMT}	INFO	[jepsen worker 5] jepsen.util: 77	:invoke	:write	[4 1]
2026-03-04 13:56:16,801{GMT}	INFO	[jepsen worker 5] jepsen.util: 77	:ok	:write	[4 1]
2026-03-04 13:56:16,820{GMT}	INFO	[jepsen worker 0] jepsen.util: 0	:invoke	:read	[4 nil]
2026-03-04 13:56:16,823{GMT}	INFO	[jepsen worker 0] jepsen.util: 0	:ok	:read	[4 1]
2026-03-04 13:56:16,831{GMT}	INFO	[jepsen worker 3] jepsen.util: 75	:invoke	:cas	[4 [4 1]]
2026-03-04 13:56:16,833{GMT}	INFO	[jepsen worker 3] jepsen.util: 75	:fail	:cas	[4 [4 1]]	[:precondition-failed "expected 4 but had 1"]
2026-03-04 13:56:16,853{GMT}	INFO	[jepsen worker 8] jepsen.util: 80	:invoke	:write	[3 1]
2026-03-04 13:56:16,855{GMT}	INFO	[jepsen worker 8] jepsen.util: 80	:ok	:write	[3 1]
2026-03-04 13:56:16,875{GMT}	INFO	[jepsen worker 9] jepsen.util: 81	:invoke	:cas	[3 [2 1]]
2026-03-04 13:56:16,877{GMT}	INFO	[jepsen worker 9] jepsen.util: 81	:fail	:cas	[3 [2 1]]	[:precondition-failed "expected 2 but had 1"]
2026-03-04 13:56:16,897{GMT}	INFO	[jepsen worker 10] jepsen.util: 82	:invoke	:cas	[3 [1 1]]
2026-03-04 13:56:16,900{GMT}	INFO	[jepsen worker 10] jepsen.util: 82	:ok	:cas	[3 [1 1]]
2026-03-04 13:56:16,912{GMT}	INFO	[jepsen worker 11] jepsen.util: 83	:invoke	:cas	[3 [3 3]]
2026-03-04 13:56:16,915{GMT}	INFO	[jepsen worker 11] jepsen.util: 83	:fail	:cas	[3 [3 3]]	[:precondition-failed "expected 3 but had 1"]
2026-03-04 13:56:16,954{GMT}	INFO	[jepsen worker 6] jepsen.util: 90	:invoke	:write	[3 0]
2026-03-04 13:56:16,957{GMT}	INFO	[jepsen worker 6] jepsen.util: 90	:ok	:write	[3 0]
2026-03-04 13:56:17,021{GMT}	INFO	[jepsen worker 6] jepsen.util: 90	:invoke	:cas	[3 [4 0]]
2026-03-04 13:56:17,023{GMT}	INFO	[jepsen worker 6] jepsen.util: 90	:fail	:cas	[3 [4 0]]	[:precondition-failed "expected 4 but had 0"]
2026-03-04 13:56:17,056{GMT}	INFO	[jepsen worker 3] jepsen.util: 75	:invoke	:cas	[4 [4 4]]
2026-03-04 13:56:17,060{GMT}	INFO	[jepsen worker 3] jepsen.util: 75	:fail	:cas	[4 [4 4]]	[:precondition-failed "expected 4 but had 1"]
2026-03-04 13:56:17,106{GMT}	INFO	[jepsen worker 6] jepsen.util: 90	:invoke	:cas	[3 [4 2]]
2026-03-04 13:56:17,109{GMT}	INFO	[jepsen worker 6] jepsen.util: 90	:fail	:cas	[3 [4 2]]	[:precondition-failed "expected 4 but had 0"]
2026-03-04 13:56:17,164{GMT}	INFO	[jepsen worker 3] jepsen.util: 75	:invoke	:cas	[4 [1 0]]
2026-03-04 13:56:17,168{GMT}	INFO	[jepsen worker 3] jepsen.util: 75	:ok	:cas	[4 [1 0]]
2026-03-04 13:56:17,191{GMT}	INFO	[jepsen worker 4] jepsen.util: 76	:invoke	:cas	[4 [1 4]]
2026-03-04 13:56:17,194{GMT}	INFO	[jepsen worker 4] jepsen.util: 76	:fail	:cas	[4 [1 4]]	[:precondition-failed "expected 1 but had 0"]
2026-03-04 13:56:17,200{GMT}	INFO	[jepsen worker 5] jepsen.util: 77	:invoke	:cas	[4 [2 3]]
2026-03-04 13:56:17,202{GMT}	INFO	[jepsen worker 5] jepsen.util: 77	:fail	:cas	[4 [2 3]]	[:precondition-failed "expected 2 but had 0"]
2026-03-04 13:56:17,206{GMT}	INFO	[jepsen worker 3] jepsen.util: 75	:invoke	:cas	[4 [4 0]]
2026-03-04 13:56:17,208{GMT}	INFO	[jepsen worker 3] jepsen.util: 75	:fail	:cas	[4 [4 0]]	[:precondition-failed "expected 4 but had 0"]
2026-03-04 13:56:17,222{GMT}	INFO	[jepsen worker 0] jepsen.util: 0	:invoke	:read	[4 nil]
2026-03-04 13:56:17,225{GMT}	INFO	[jepsen worker 0] jepsen.util: 0	:ok	:read	[4 0]
2026-03-04 13:56:17,282{GMT}	INFO	[jepsen worker 0] jepsen.util: 0	:invoke	:read	[4 nil]
2026-03-04 13:56:17,285{GMT}	INFO	[jepsen worker 0] jepsen.util: 0	:ok	:read	[4 0]
2026-03-04 13:56:17,318{GMT}	INFO	[jepsen worker 3] jepsen.util: 75	:invoke	:cas	[4 [2 3]]
2026-03-04 13:56:17,321{GMT}	INFO	[jepsen worker 3] jepsen.util: 75	:fail	:cas	[4 [2 3]]	[:precondition-failed "expected 2 but had 0"]
2026-03-04 13:56:17,323{GMT}	INFO	[jepsen worker 3] jepsen.util: 75	:invoke	:cas	[4 [0 1]]
2026-03-04 13:56:17,326{GMT}	INFO	[jepsen worker 3] jepsen.util: 75	:ok	:cas	[4 [0 1]]
2026-03-04 13:56:17,366{GMT}	INFO	[jepsen worker 3] jepsen.util: 75	:invoke	:cas	[4 [2 3]]
2026-03-04 13:56:17,369{GMT}	INFO	[jepsen worker 3] jepsen.util: 75	:fail	:cas	[4 [2 3]]	[:precondition-failed "expected 2 but had 1"]
2026-03-04 13:56:17,400{GMT}	INFO	[jepsen worker 6] jepsen.util: 90	:invoke	:cas	[3 [1 0]]
2026-03-04 13:56:17,403{GMT}	INFO	[jepsen worker 6] jepsen.util: 90	:fail	:cas	[3 [1 0]]	[:precondition-failed "expected 1 but had 0"]
2026-03-04 13:56:17,415{GMT}	INFO	[jepsen worker 3] jepsen.util: 75	:invoke	:cas	[4 [0 0]]
2026-03-04 13:56:17,418{GMT}	INFO	[jepsen worker 3] jepsen.util: 75	:fail	:cas	[4 [0 0]]	[:precondition-failed "expected 0 but had 1"]
2026-03-04 13:56:17,486{GMT}	INFO	[jepsen worker 3] jepsen.util: 75	:invoke	:cas	[4 [2 0]]
2026-03-04 13:56:17,489{GMT}	INFO	[jepsen worker 3] jepsen.util: 75	:fail	:cas	[4 [2 0]]	[:precondition-failed "expected 2 but had 1"]
2026-03-04 13:56:17,544{GMT}	INFO	[jepsen worker 6] jepsen.util: 90	:invoke	:cas	[3 [3 1]]
2026-03-04 13:56:17,546{GMT}	INFO	[jepsen worker 6] jepsen.util: 90	:fail	:cas	[3 [3 1]]	[:precondition-failed "expected 3 but had 0"]
2026-03-04 13:56:17,612{GMT}	INFO	[jepsen worker 6] jepsen.util: 90	:invoke	:write	[3 2]
2026-03-04 13:56:17,613{GMT}	INFO	[jepsen worker 0] jepsen.util: 0	:invoke	:read	[4 nil]
2026-03-04 13:56:17,613{GMT}	INFO	[jepsen worker 5] jepsen.util: 77	:invoke	:cas	[4 [2 2]]
2026-03-04 13:56:17,614{GMT}	INFO	[jepsen worker 6] jepsen.util: 90	:ok	:write	[3 2]
2026-03-04 13:56:17,615{GMT}	INFO	[jepsen worker 0] jepsen.util: 0	:ok	:read	[4 1]
2026-03-04 13:56:17,615{GMT}	INFO	[jepsen worker 5] jepsen.util: 77	:fail	:cas	[4 [2 2]]	[:precondition-failed "expected 2 but had 1"]
2026-03-04 13:56:17,675{GMT}	INFO	[jepsen worker 3] jepsen.util: 75	:invoke	:write	[4 2]
2026-03-04 13:56:17,678{GMT}	INFO	[jepsen worker 3] jepsen.util: 75	:ok	:write	[4 2]
2026-03-04 13:56:17,701{GMT}	INFO	[jepsen worker 7] jepsen.util: 79	:invoke	:cas	[3 [3 3]]
2026-03-04 13:56:17,704{GMT}	INFO	[jepsen worker 7] jepsen.util: 79	:fail	:cas	[3 [3 3]]	[:precondition-failed "expected 3 but had 2"]
2026-03-04 13:56:17,755{GMT}	INFO	[jepsen worker 8] jepsen.util: 80	:invoke	:write	[3 4]
2026-03-04 13:56:17,759{GMT}	INFO	[jepsen worker 8] jepsen.util: 80	:ok	:write	[3 4]
2026-03-04 13:56:17,783{GMT}	INFO	[jepsen worker 9] jepsen.util: 81	:invoke	:cas	[3 [3 3]]
2026-03-04 13:56:17,787{GMT}	INFO	[jepsen worker 9] jepsen.util: 81	:fail	:cas	[3 [3 3]]	[:precondition-failed "expected 3 but had 4"]
2026-03-04 13:56:17,848{GMT}	INFO	[jepsen worker 10] jepsen.util: 82	:invoke	:write	[3 1]
2026-03-04 13:56:17,852{GMT}	INFO	[jepsen worker 10] jepsen.util: 82	:ok	:write	[3 1]
2026-03-04 13:56:17,902{GMT}	INFO	[jepsen worker 11] jepsen.util: 83	:invoke	:cas	[3 [3 1]]
2026-03-04 13:56:17,906{GMT}	INFO	[jepsen worker 11] jepsen.util: 83	:fail	:cas	[3 [3 1]]	[:precondition-failed "expected 3 but had 1"]
2026-03-04 13:56:17,965{GMT}	INFO	[jepsen worker 6] jepsen.util: 90	:invoke	:cas	[3 [3 3]]
2026-03-04 13:56:17,969{GMT}	INFO	[jepsen worker 6] jepsen.util: 90	:fail	:cas	[3 [3 3]]	[:precondition-failed "expected 3 but had 1"]
2026-03-04 13:56:18,028{GMT}	INFO	[jepsen worker 0] jepsen.util: 0	:invoke	:read	[4 nil]
2026-03-04 13:56:18,032{GMT}	INFO	[jepsen worker 0] jepsen.util: 0	:ok	:read	[4 2]
2026-03-04 13:56:18,065{GMT}	INFO	[jepsen worker 6] jepsen.util: 90	:invoke	:cas	[3 [0 2]]
2026-03-04 13:56:18,070{GMT}	INFO	[jepsen worker 6] jepsen.util: 90	:fail	:cas	[3 [0 2]]	[:precondition-failed "expected 0 but had 1"]
2026-03-04 13:56:18,107{GMT}	INFO	[jepsen worker 6] jepsen.util: 90	:invoke	:cas	[3 [3 1]]
2026-03-04 13:56:18,111{GMT}	INFO	[jepsen worker 6] jepsen.util: 90	:fail	:cas	[3 [3 1]]	[:precondition-failed "expected 3 but had 1"]
2026-03-04 13:56:18,170{GMT}	INFO	[jepsen worker 0] jepsen.util: 0	:invoke	:read	[4 nil]
2026-03-04 13:56:18,173{GMT}	INFO	[jepsen worker 0] jepsen.util: 0	:ok	:read	[4 2]
2026-03-04 13:56:18,235{GMT}	INFO	[jepsen worker 6] jepsen.util: 90	:invoke	:cas	[3 [1 0]]
2026-03-04 13:56:18,241{GMT}	INFO	[jepsen worker 6] jepsen.util: 90	:ok	:cas	[3 [1 0]]
2026-03-04 13:56:18,300{GMT}	INFO	[jepsen worker 0] jepsen.util: 0	:invoke	:read	[4 nil]
2026-03-04 13:56:18,304{GMT}	INFO	[jepsen worker 0] jepsen.util: 0	:ok	:read	[4 2]
2026-03-04 13:56:18,368{GMT}	INFO	[jepsen worker 6] jepsen.util: 90	:invoke	:write	[3 3]
2026-03-04 13:56:18,372{GMT}	INFO	[jepsen worker 6] jepsen.util: 90	:ok	:write	[3 3]
2026-03-04 13:56:18,412{GMT}	INFO	[jepsen worker 7] jepsen.util: 79	:invoke	:cas	[3 [4 3]]
2026-03-04 13:56:18,416{GMT}	INFO	[jepsen worker 7] jepsen.util: 79	:fail	:cas	[3 [4 3]]	[:precondition-failed "expected 4 but had 3"]
2026-03-04 13:56:18,446{GMT}	INFO	[jepsen worker 3] jepsen.util: 75	:invoke	:cas	[4 [1 3]]
2026-03-04 13:56:18,451{GMT}	INFO	[jepsen worker 3] jepsen.util: 75	:fail	:cas	[4 [1 3]]	[:precondition-failed "expected 1 but had 2"]
2026-03-04 13:56:18,500{GMT}	INFO	[jepsen worker 3] jepsen.util: 75	:invoke	:write	[4 4]
2026-03-04 13:56:18,503{GMT}	INFO	[jepsen worker 3] jepsen.util: 75	:ok	:write	[4 4]
2026-03-04 13:56:18,541{GMT}	INFO	[jepsen worker 10] jepsen.util: 82	:invoke	:write	[3 3]
2026-03-04 13:56:18,544{GMT}	INFO	[jepsen worker 10] jepsen.util: 82	:ok	:write	[3 3]
2026-03-04 13:56:18,608{GMT}	INFO	[jepsen worker 11] jepsen.util: 83	:invoke	:cas	[3 [3 3]]
2026-03-04 13:56:18,613{GMT}	INFO	[jepsen worker 11] jepsen.util: 83	:ok	:cas	[3 [3 3]]
2026-03-04 13:56:18,651{GMT}	INFO	[jepsen worker 6] jepsen.util: 90	:invoke	:cas	[3 [1 0]]
2026-03-04 13:56:18,655{GMT}	INFO	[jepsen worker 6] jepsen.util: 90	:fail	:cas	[3 [1 0]]	[:precondition-failed "expected 1 but had 3"]
2026-03-04 13:56:18,658{GMT}	INFO	[jepsen worker 3] jepsen.util: 75	:invoke	:write	[4 3]
2026-03-04 13:56:18,660{GMT}	INFO	[jepsen worker 3] jepsen.util: 75	:ok	:write	[4 3]
2026-03-04 13:56:18,665{GMT}	INFO	[jepsen worker 1] jepsen.util: 1	:invoke	:read	[4 nil]
2026-03-04 13:56:18,666{GMT}	INFO	[jepsen worker 2] jepsen.util: 2	:invoke	:read	[4 nil]
2026-03-04 13:56:18,668{GMT}	INFO	[jepsen worker 2] jepsen.util: 2	:ok	:read	[4 3]
2026-03-04 13:56:18,668{GMT}	INFO	[jepsen worker 1] jepsen.util: 1	:ok	:read	[4 3]
2026-03-04 13:56:18,673{GMT}	INFO	[jepsen worker 6] jepsen.util: 90	:invoke	:cas	[3 [3 4]]
2026-03-04 13:56:18,676{GMT}	INFO	[jepsen worker 6] jepsen.util: 90	:ok	:cas	[3 [3 4]]
2026-03-04 13:56:18,741{GMT}	INFO	[jepsen worker 4] jepsen.util: 76	:invoke	:cas	[4 [0 4]]
2026-03-04 13:56:18,743{GMT}	INFO	[jepsen worker 4] jepsen.util: 76	:fail	:cas	[4 [0 4]]	[:precondition-failed "expected 0 but had 3"]
2026-03-04 13:56:18,777{GMT}	INFO	[jepsen worker 6] jepsen.util: 90	:invoke	:write	[3 3]
2026-03-04 13:56:18,780{GMT}	INFO	[jepsen worker 6] jepsen.util: 90	:ok	:write	[3 3]
2026-03-04 13:56:18,808{GMT}	INFO	[jepsen worker 0] jepsen.util: 0	:invoke	:read	[4 nil]
2026-03-04 13:56:18,810{GMT}	INFO	[jepsen worker 0] jepsen.util: 0	:ok	:read	[4 3]
2026-03-04 13:56:18,831{GMT}	INFO	[jepsen worker 7] jepsen.util: 79	:invoke	:write	[3 0]
2026-03-04 13:56:18,834{GMT}	INFO	[jepsen worker 7] jepsen.util: 79	:ok	:write	[3 0]
2026-03-04 13:56:18,883{GMT}	INFO	[jepsen worker 8] jepsen.util: 80	:invoke	:cas	[3 [0 2]]
2026-03-04 13:56:18,888{GMT}	INFO	[jepsen worker 8] jepsen.util: 80	:ok	:cas	[3 [0 2]]
2026-03-04 13:56:18,936{GMT}	INFO	[jepsen worker 3] jepsen.util: 75	:invoke	:cas	[4 [2 3]]
2026-03-04 13:56:18,992{GMT}	INFO	[jepsen worker 10] jepsen.util: 82	:invoke	:cas	[3 [3 2]]
2026-03-04 13:56:18,996{GMT}	INFO	[jepsen worker 11] jepsen.util: 83	:invoke	:cas	[3 [3 4]]
2026-03-04 13:56:18,997{GMT}	INFO	[jepsen worker 4] jepsen.util: 76	:invoke	:cas	[4 [1 4]]
2026-03-04 13:56:19,051{GMT}	INFO	[jepsen worker 6] jepsen.util: 90	:invoke	:cas	[3 [0 4]]
2026-03-04 13:56:19,100{GMT}	INFO	[jepsen worker 1] jepsen.util: 1	:invoke	:read	[4 nil]
2026-03-04 13:56:19,104{GMT}	INFO	[jepsen worker 7] jepsen.util: 79	:invoke	:cas	[3 [3 2]]
2026-03-04 13:56:19,126{GMT}	INFO	[jepsen worker 5] jepsen.util: 77	:invoke	:cas	[4 [1 2]]
2026-03-04 13:56:19,191{GMT}	INFO	[jepsen worker 8] jepsen.util: 80	:invoke	:write	[3 1]
2026-03-04 13:56:19,226{GMT}	INFO	[jepsen worker 9] jepsen.util: 81	:invoke	:write	[3 2]
2026-03-04 13:56:19,243{GMT}	INFO	[jepsen worker 0] jepsen.util: 0	:invoke	:read	[4 nil]
2026-03-04 13:56:19,309{GMT}	INFO	[jepsen worker 2] jepsen.util: 2	:invoke	:read	[4 nil]
2026-03-04 13:56:19,941{GMT}	INFO	[jepsen worker 3] jepsen.util: 75	:info	:cas	[4 [2 3]]	:net-timeout
2026-03-04 13:56:19,941{GMT}	INFO	[jepsen worker 3] jepsen.util: 87	:invoke	:cas	[4 [4 4]]
2026-03-04 13:56:19,992{GMT}	INFO	[jepsen worker 10] jepsen.util: 82	:info	:cas	[3 [3 2]]	:net-timeout
2026-03-04 13:56:19,998{GMT}	INFO	[jepsen worker 10] jepsen.util: 94	:invoke	:cas	[3 [3 2]]
2026-03-04 13:56:20,001{GMT}	INFO	[jepsen worker 4] jepsen.util: 76	:info	:cas	[4 [1 4]]	:net-timeout
2026-03-04 13:56:20,001{GMT}	INFO	[jepsen worker 11] jepsen.util: 83	:info	:cas	[3 [3 4]]	:net-timeout
2026-03-04 13:56:20,023{GMT}	INFO	[jepsen worker 11] jepsen.util: 95	:invoke	:write	[3 3]
2026-03-04 13:56:20,055{GMT}	INFO	[jepsen worker 6] jepsen.util: 90	:info	:cas	[3 [0 4]]	:net-timeout
2026-03-04 13:56:20,068{GMT}	INFO	[jepsen worker 4] jepsen.util: 88	:invoke	:cas	[4 [3 3]]
2026-03-04 13:56:20,104{GMT}	INFO	[jepsen worker 7] jepsen.util: 79	:info	:cas	[3 [3 2]]	:net-timeout
2026-03-04 13:56:20,104{GMT}	INFO	[jepsen worker 1] jepsen.util: 1	:fail	:read	[4 nil]	:net-timeout
2026-03-04 13:56:20,104{GMT}	INFO	[jepsen worker 1] jepsen.util: 1	:invoke	:read	[4 nil]
2026-03-04 13:56:20,127{GMT}	INFO	[jepsen worker 5] jepsen.util: 77	:info	:cas	[4 [1 2]]	:net-timeout
2026-03-04 13:56:20,131{GMT}	INFO	[jepsen worker 5] jepsen.util: 89	:invoke	:cas	[4 [0 1]]
2026-03-04 13:56:20,151{GMT}	INFO	[jepsen worker 6] jepsen.util: 102	:invoke	:write	[3 3]
2026-03-04 13:56:20,158{GMT}	INFO	[jepsen worker 7] jepsen.util: 91	:invoke	:cas	[3 [0 3]]
2026-03-04 13:56:20,191{GMT}	INFO	[jepsen worker 8] jepsen.util: 80	:info	:write	[3 1]	:net-timeout
2026-03-04 13:56:20,214{GMT}	INFO	[jepsen worker 8] jepsen.util: 92	:invoke	:cas	[3 [4 2]]
2026-03-04 13:56:20,231{GMT}	INFO	[jepsen worker 9] jepsen.util: 81	:info	:write	[3 2]	:net-timeout
2026-03-04 13:56:20,248{GMT}	INFO	[jepsen worker 0] jepsen.util: 0	:fail	:read	[4 nil]	:net-timeout
2026-03-04 13:56:20,252{GMT}	INFO	[jepsen worker 0] jepsen.util: 0	:invoke	:read	[4 nil]
2026-03-04 13:56:20,312{GMT}	INFO	[jepsen worker 2] jepsen.util: 2	:fail	:read	[4 nil]	:net-timeout
2026-03-04 13:56:20,312{GMT}	INFO	[jepsen worker 9] jepsen.util: 93	:invoke	:cas	[3 [4 0]]
2026-03-04 13:56:20,345{GMT}	INFO	[jepsen worker 2] jepsen.util: 2	:invoke	:read	[4 nil]
2026-03-04 13:56:20,943{GMT}	INFO	[jepsen worker 3] jepsen.util: 87	:info	:cas	[4 [4 4]]	:net-timeout
2026-03-04 13:56:20,943{GMT}	INFO	[jepsen worker 3] jepsen.util: 99	:invoke	:cas	[4 [0 1]]
2026-03-04 13:56:21,001{GMT}	INFO	[jepsen worker 10] jepsen.util: 94	:info	:cas	[3 [3 2]]	:net-timeout
2026-03-04 13:56:21,002{GMT}	INFO	[jepsen worker 10] jepsen.util: 106	:invoke	:write	[3 4]
2026-03-04 13:56:21,026{GMT}	INFO	[jepsen worker 11] jepsen.util: 95	:info	:write	[3 3]	:net-timeout
2026-03-04 13:56:21,033{GMT}	INFO	[jepsen worker 11] jepsen.util: 107	:invoke	:cas	[5 [1 1]]
2026-03-04 13:56:21,073{GMT}	INFO	[jepsen worker 4] jepsen.util: 88	:info	:cas	[4 [3 3]]	:net-timeout
2026-03-04 13:56:21,091{GMT}	INFO	[jepsen worker 4] jepsen.util: 100	:invoke	:cas	[4 [4 0]]
2026-03-04 13:56:21,109{GMT}	INFO	[jepsen worker 1] jepsen.util: 1	:fail	:read	[4 nil]	:net-timeout
2026-03-04 13:56:21,128{GMT}	INFO	[jepsen worker 1] jepsen.util: 1	:invoke	:read	[4 nil]
2026-03-04 13:56:21,133{GMT}	INFO	[jepsen worker 5] jepsen.util: 89	:info	:cas	[4 [0 1]]	:net-timeout
2026-03-04 13:56:21,147{GMT}	INFO	[jepsen worker 5] jepsen.util: 101	:invoke	:write	[4 1]
2026-03-04 13:56:21,155{GMT}	INFO	[jepsen worker 6] jepsen.util: 102	:info	:write	[3 3]	:net-timeout
2026-03-04 13:56:21,161{GMT}	INFO	[jepsen worker 7] jepsen.util: 91	:info	:cas	[3 [0 3]]	:net-timeout
2026-03-04 13:56:21,207{GMT}	INFO	[jepsen worker 6] jepsen.util: 114	:invoke	:cas	[5 [0 2]]
2026-03-04 13:56:21,219{GMT}	INFO	[jepsen worker 8] jepsen.util: 92	:info	:cas	[3 [4 2]]	:net-timeout
2026-03-04 13:56:21,223{GMT}	INFO	[jepsen worker 7] jepsen.util: 103	:invoke	:cas	[5 [1 3]]
2026-03-04 13:56:21,256{GMT}	INFO	[jepsen worker 0] jepsen.util: 0	:fail	:read	[4 nil]	:net-timeout
2026-03-04 13:56:21,280{GMT}	INFO	[jepsen worker 8] jepsen.util: 104	:invoke	:cas	[5 [0 4]]
2026-03-04 13:56:21,315{GMT}	INFO	[jepsen worker 0] jepsen.util: 0	:invoke	:read	[4 nil]
2026-03-04 13:56:21,316{GMT}	INFO	[jepsen worker 9] jepsen.util: 93	:info	:cas	[3 [4 0]]	:net-timeout
2026-03-04 13:56:21,349{GMT}	INFO	[jepsen worker 2] jepsen.util: 2	:fail	:read	[4 nil]	:net-timeout
2026-03-04 13:56:21,353{GMT}	INFO	[jepsen worker 2] jepsen.util: 2	:invoke	:read	[4 nil]
2026-03-04 13:56:21,413{GMT}	INFO	[jepsen worker 9] jepsen.util: 105	:invoke	:write	[5 1]
2026-03-04 13:56:21,944{GMT}	INFO	[jepsen worker 3] jepsen.util: 99	:info	:cas	[4 [0 1]]	:net-timeout
2026-03-04 13:56:21,944{GMT}	INFO	[jepsen worker 3] jepsen.util: 111	:invoke	:write	[4 3]
2026-03-04 13:56:22,007{GMT}	INFO	[jepsen worker 10] jepsen.util: 106	:info	:write	[3 4]	:net-timeout
2026-03-04 13:56:22,007{GMT}	INFO	[jepsen worker 10] jepsen.util: 118	:invoke	:cas	[5 [4 1]]
2026-03-04 13:56:22,033{GMT}	INFO	[jepsen worker 11] jepsen.util: 107	:info	:cas	[5 [1 1]]	:net-timeout
2026-03-04 13:56:22,060{GMT}	INFO	[jepsen worker 11] jepsen.util: 119	:invoke	:cas	[5 [3 2]]
2026-03-04 13:56:22,094{GMT}	INFO	[jepsen worker 4] jepsen.util: 100	:info	:cas	[4 [4 0]]	:net-timeout
2026-03-04 13:56:22,094{GMT}	INFO	[jepsen worker 4] jepsen.util: 112	:invoke	:cas	[4 [2 1]]
2026-03-04 13:56:22,128{GMT}	INFO	[jepsen worker 1] jepsen.util: 1	:fail	:read	[4 nil]	:net-timeout
2026-03-04 13:56:22,128{GMT}	INFO	[jepsen worker 1] jepsen.util: 1	:invoke	:read	[4 nil]
2026-03-04 13:56:22,147{GMT}	INFO	[jepsen worker 5] jepsen.util: 101	:info	:write	[4 1]	:net-timeout
2026-03-04 13:56:22,147{GMT}	INFO	[jepsen worker 5] jepsen.util: 113	:invoke	:cas	[4 [1 2]]
2026-03-04 13:56:22,210{GMT}	INFO	[jepsen worker 6] jepsen.util: 114	:info	:cas	[5 [0 2]]	:net-timeout
2026-03-04 13:56:22,211{GMT}	INFO	[jepsen worker 6] jepsen.util: 126	:invoke	:cas	[5 [0 4]]
2026-03-04 13:56:22,228{GMT}	INFO	[jepsen worker 7] jepsen.util: 103	:info	:cas	[5 [1 3]]	:net-timeout
2026-03-04 13:56:22,228{GMT}	INFO	[jepsen worker 7] jepsen.util: 115	:invoke	:cas	[5 [3 4]]
2026-03-04 13:56:22,280{GMT}	INFO	[jepsen worker 8] jepsen.util: 104	:info	:cas	[5 [0 4]]	:net-timeout
2026-03-04 13:56:22,280{GMT}	INFO	[jepsen worker 8] jepsen.util: 116	:invoke	:cas	[5 [2 1]]
2026-03-04 13:56:22,316{GMT}	INFO	[jepsen worker 0] jepsen.util: 0	:fail	:read	[4 nil]	:net-timeout
2026-03-04 13:56:22,352{GMT}	INFO	[jepsen worker 0] jepsen.util: 0	:invoke	:read	[4 nil]
2026-03-04 13:56:22,353{GMT}	INFO	[jepsen worker 2] jepsen.util: 2	:fail	:read	[4 nil]	:net-timeout
2026-03-04 13:56:22,403{GMT}	INFO	[jepsen worker 2] jepsen.util: 2	:invoke	:read	[4 nil]
2026-03-04 13:56:22,416{GMT}	INFO	[jepsen worker 9] jepsen.util: 105	:info	:write	[5 1]	:net-timeout
2026-03-04 13:56:22,428{GMT}	INFO	[jepsen worker 9] jepsen.util: 117	:invoke	:write	[5 1]
2026-03-04 13:56:22,947{GMT}	INFO	[jepsen worker 3] jepsen.util: 111	:info	:write	[4 3]	:net-timeout
2026-03-04 13:56:22,947{GMT}	INFO	[jepsen worker 3] jepsen.util: 123	:invoke	:cas	[4 [2 4]]
2026-03-04 13:56:23,008{GMT}	INFO	[jepsen worker 10] jepsen.util: 118	:info	:cas	[5 [4 1]]	:net-timeout
2026-03-04 13:56:23,009{GMT}	INFO	[jepsen worker 10] jepsen.util: 130	:invoke	:write	[5 4]
2026-03-04 13:56:23,065{GMT}	INFO	[jepsen worker 11] jepsen.util: 119	:info	:cas	[5 [3 2]]	:net-timeout
2026-03-04 13:56:23,077{GMT}	INFO	[jepsen worker 11] jepsen.util: 131	:invoke	:cas	[5 [4 4]]
2026-03-04 13:56:23,099{GMT}	INFO	[jepsen worker 4] jepsen.util: 112	:info	:cas	[4 [2 1]]	:net-timeout
2026-03-04 13:56:23,099{GMT}	INFO	[jepsen worker 4] jepsen.util: 124	:invoke	:cas	[4 [1 1]]
2026-03-04 13:56:23,130{GMT}	INFO	[jepsen worker 1] jepsen.util: 1	:fail	:read	[4 nil]	:net-timeout
2026-03-04 13:56:23,131{GMT}	INFO	[jepsen worker 1] jepsen.util: 1	:invoke	:read	[4 nil]
2026-03-04 13:56:23,149{GMT}	INFO	[jepsen worker 5] jepsen.util: 113	:info	:cas	[4 [1 2]]	:net-timeout
2026-03-04 13:56:23,194{GMT}	INFO	[jepsen worker 5] jepsen.util: 125	:invoke	:write	[6 2]
2026-03-04 13:56:23,211{GMT}	INFO	[jepsen worker 6] jepsen.util: 126	:info	:cas	[5 [0 4]]	:net-timeout
2026-03-04 13:56:23,231{GMT}	INFO	[jepsen worker 7] jepsen.util: 115	:info	:cas	[5 [3 4]]	:net-timeout
2026-03-04 13:56:23,255{GMT}	INFO	[jepsen worker 6] jepsen.util: 138	:invoke	:cas	[5 [2 1]]
2026-03-04 13:56:23,258{GMT}	INFO	[jepsen worker 7] jepsen.util: 127	:invoke	:cas	[5 [2 4]]
2026-03-04 13:56:23,280{GMT}	INFO	[jepsen worker 8] jepsen.util: 116	:info	:cas	[5 [2 1]]	:net-timeout
2026-03-04 13:56:23,314{GMT}	INFO	[jepsen worker 8] jepsen.util: 128	:invoke	:write	[7 2]
2026-03-04 13:56:23,352{GMT}	INFO	[jepsen worker 0] jepsen.util: 0	:fail	:read	[4 nil]	:net-timeout
2026-03-04 13:56:23,352{GMT}	INFO	[jepsen worker 0] jepsen.util: 0	:invoke	:read	[6 nil]
2026-03-04 13:56:23,407{GMT}	INFO	[jepsen worker 2] jepsen.util: 2	:fail	:read	[4 nil]	:net-timeout
2026-03-04 13:56:23,408{GMT}	INFO	[jepsen worker 2] jepsen.util: 2	:invoke	:read	[6 nil]
2026-03-04 13:56:23,433{GMT}	INFO	[jepsen worker 9] jepsen.util: 117	:info	:write	[5 1]	:net-timeout
2026-03-04 13:56:23,458{GMT}	INFO	[jepsen worker 9] jepsen.util: 129	:invoke	:write	[7 0]
2026-03-04 13:56:23,950{GMT}	INFO	[jepsen worker 3] jepsen.util: 123	:info	:cas	[4 [2 4]]	:net-timeout
2026-03-04 13:56:23,950{GMT}	INFO	[jepsen worker 3] jepsen.util: 135	:invoke	:write	[6 1]
2026-03-04 13:56:24,012{GMT}	INFO	[jepsen worker 10] jepsen.util: 130	:info	:write	[5 4]	:net-timeout
2026-03-04 13:56:24,013{GMT}	INFO	[jepsen worker 10] jepsen.util: 142	:invoke	:cas	[7 [0 2]]
2026-03-04 13:56:24,083{GMT}	INFO	[jepsen worker 11] jepsen.util: 131	:info	:cas	[5 [4 4]]	:net-timeout
2026-03-04 13:56:24,083{GMT}	INFO	[jepsen worker 11] jepsen.util: 143	:invoke	:write	[7 3]
2026-03-04 13:56:24,104{GMT}	INFO	[jepsen worker 4] jepsen.util: 124	:info	:cas	[4 [1 1]]	:net-timeout
2026-03-04 13:56:24,104{GMT}	INFO	[jepsen worker 4] jepsen.util: 136	:invoke	:write	[6 3]
2026-03-04 13:56:24,131{GMT}	INFO	[jepsen worker 1] jepsen.util: 1	:fail	:read	[4 nil]	:net-timeout
2026-03-04 13:56:24,135{GMT}	INFO	[jepsen worker 1] jepsen.util: 1	:invoke	:read	[6 nil]
2026-03-04 13:56:24,199{GMT}	INFO	[jepsen worker 5] jepsen.util: 125	:info	:write	[6 2]	:net-timeout
2026-03-04 13:56:24,199{GMT}	INFO	[jepsen worker 5] jepsen.util: 137	:invoke	:cas	[6 [0 4]]
2026-03-04 13:56:24,255{GMT}	INFO	[jepsen worker 6] jepsen.util: 138	:info	:cas	[5 [2 1]]	:net-timeout
2026-03-04 13:56:24,255{GMT}	INFO	[jepsen worker 6] jepsen.util: 150	:invoke	:cas	[7 [1 1]]
2026-03-04 13:56:24,263{GMT}	INFO	[jepsen worker 7] jepsen.util: 127	:info	:cas	[5 [2 4]]	:net-timeout
2026-03-04 13:56:24,292{GMT}	INFO	[jepsen worker 7] jepsen.util: 139	:invoke	:cas	[7 [3 4]]
2026-03-04 13:56:24,314{GMT}	INFO	[jepsen worker 8] jepsen.util: 128	:info	:write	[7 2]	:net-timeout
2026-03-04 13:56:24,314{GMT}	INFO	[jepsen worker 8] jepsen.util: 140	:invoke	:cas	[7 [0 3]]
2026-03-04 13:56:24,357{GMT}	INFO	[jepsen worker 0] jepsen.util: 0	:fail	:read	[6 nil]	:net-timeout
2026-03-04 13:56:24,383{GMT}	INFO	[jepsen worker 0] jepsen.util: 0	:invoke	:read	[6 nil]
2026-03-04 13:56:24,412{GMT}	INFO	[jepsen worker 2] jepsen.util: 2	:fail	:read	[6 nil]	:net-timeout
2026-03-04 13:56:24,425{GMT}	INFO	[jepsen worker 2] jepsen.util: 2	:invoke	:read	[6 nil]
2026-03-04 13:56:24,463{GMT}	INFO	[jepsen worker 9] jepsen.util: 129	:info	:write	[7 0]	:net-timeout
2026-03-04 13:56:24,472{GMT}	INFO	[jepsen worker 9] jepsen.util: 141	:invoke	:cas	[7 [3 0]]
2026-03-04 13:56:24,955{GMT}	INFO	[jepsen worker 3] jepsen.util: 135	:info	:write	[6 1]	:net-timeout
2026-03-04 13:56:24,956{GMT}	INFO	[jepsen worker 3] jepsen.util: 147	:invoke	:write	[6 1]
2026-03-04 13:56:25,016{GMT}	INFO	[jepsen worker 10] jepsen.util: 142	:info	:cas	[7 [0 2]]	:net-timeout
2026-03-04 13:56:25,017{GMT}	INFO	[jepsen worker 10] jepsen.util: 154	:invoke	:write	[7 1]
2026-03-04 13:56:25,083{GMT}	INFO	[jepsen worker 11] jepsen.util: 143	:info	:write	[7 3]	:net-timeout
2026-03-04 13:56:25,084{GMT}	INFO	[jepsen worker 11] jepsen.util: 155	:invoke	:cas	[7 [3 4]]
2026-03-04 13:56:25,105{GMT}	INFO	[jepsen worker 4] jepsen.util: 136	:info	:write	[6 3]	:net-timeout
2026-03-04 13:56:25,138{GMT}	INFO	[jepsen worker 1] jepsen.util: 1	:fail	:read	[6 nil]	:net-timeout
2026-03-04 13:56:25,138{GMT}	INFO	[jepsen worker 1] jepsen.util: 1	:invoke	:read	[6 nil]
2026-03-04 13:56:25,186{GMT}	INFO	[jepsen worker 4] jepsen.util: 148	:invoke	:cas	[6 [3 0]]
2026-03-04 13:56:25,199{GMT}	INFO	[jepsen worker 5] jepsen.util: 137	:info	:cas	[6 [0 4]]	:net-timeout
2026-03-04 13:56:25,200{GMT}	INFO	[jepsen worker 5] jepsen.util: 149	:invoke	:cas	[6 [1 0]]
2026-03-04 13:56:25,259{GMT}	INFO	[jepsen worker 6] jepsen.util: 150	:info	:cas	[7 [1 1]]	:net-timeout
2026-03-04 13:56:25,259{GMT}	INFO	[jepsen worker 6] jepsen.util: 162	:invoke	:cas	[7 [4 0]]
2026-03-04 13:56:25,297{GMT}	INFO	[jepsen worker 7] jepsen.util: 139	:info	:cas	[7 [3 4]]	:net-timeout
2026-03-04 13:56:25,297{GMT}	INFO	[jepsen worker 7] jepsen.util: 151	:invoke	:write	[7 1]
2026-03-04 13:56:25,316{GMT}	INFO	[jepsen worker 8] jepsen.util: 140	:info	:cas	[7 [0 3]]	:net-timeout
2026-03-04 13:56:25,354{GMT}	INFO	[jepsen worker 8] jepsen.util: 152	:invoke	:cas	[7 [1 0]]
2026-03-04 13:56:25,388{GMT}	INFO	[jepsen worker 0] jepsen.util: 0	:fail	:read	[6 nil]	:net-timeout
2026-03-04 13:56:25,418{GMT}	INFO	[jepsen worker 0] jepsen.util: 0	:invoke	:read	[6 nil]
2026-03-04 13:56:25,429{GMT}	INFO	[jepsen worker 2] jepsen.util: 2	:fail	:read	[6 nil]	:net-timeout
2026-03-04 13:56:25,438{GMT}	INFO	[jepsen worker 2] jepsen.util: 2	:invoke	:read	[6 nil]
2026-03-04 13:56:25,476{GMT}	INFO	[jepsen worker 9] jepsen.util: 141	:info	:cas	[7 [3 0]]	:net-timeout
2026-03-04 13:56:25,484{GMT}	INFO	[jepsen worker 9] jepsen.util: 153	:invoke	:cas	[7 [4 1]]
2026-03-04 13:56:25,960{GMT}	INFO	[jepsen worker 3] jepsen.util: 147	:info	:write	[6 1]	:net-timeout
2026-03-04 13:56:25,960{GMT}	INFO	[jepsen worker 3] jepsen.util: 159	:invoke	:cas	[6 [3 2]]
2026-03-04 13:56:26,018{GMT}	INFO	[jepsen worker 10] jepsen.util: 154	:info	:write	[7 1]	:net-timeout
2026-03-04 13:56:26,018{GMT}	INFO	[jepsen worker 10] jepsen.util: 166	:invoke	:cas	[7 [4 2]]
2026-03-04 13:56:26,088{GMT}	INFO	[jepsen worker 11] jepsen.util: 155	:info	:cas	[7 [3 4]]	:net-timeout
2026-03-04 13:56:26,089{GMT}	INFO	[jepsen worker 11] jepsen.util: 167	:invoke	:cas	[8 [3 0]]
2026-03-04 13:56:26,143{GMT}	INFO	[jepsen worker 1] jepsen.util: 1	:fail	:read	[6 nil]	:net-timeout
2026-03-04 13:56:26,143{GMT}	INFO	[jepsen worker 1] jepsen.util: 1	:invoke	:read	[6 nil]
2026-03-04 13:56:26,187{GMT}	INFO	[jepsen worker 4] jepsen.util: 148	:info	:cas	[6 [3 0]]	:net-timeout
2026-03-04 13:56:26,188{GMT}	INFO	[jepsen worker 4] jepsen.util: 160	:invoke	:cas	[6 [1 0]]
2026-03-04 13:56:26,204{GMT}	INFO	[jepsen worker 5] jepsen.util: 149	:info	:cas	[6 [1 0]]	:net-timeout
2026-03-04 13:56:26,205{GMT}	INFO	[jepsen worker 5] jepsen.util: 161	:invoke	:cas	[6 [4 4]]
2026-03-04 13:56:26,264{GMT}	INFO	[jepsen worker 6] jepsen.util: 162	:info	:cas	[7 [4 0]]	:net-timeout
2026-03-04 13:56:26,265{GMT}	INFO	[jepsen worker 6] jepsen.util: 174	:invoke	:cas	[8 [2 0]]
2026-03-04 13:56:26,302{GMT}	INFO	[jepsen worker 7] jepsen.util: 151	:info	:write	[7 1]	:net-timeout
2026-03-04 13:56:26,302{GMT}	INFO	[jepsen worker 7] jepsen.util: 163	:invoke	:cas	[8 [1 2]]
2026-03-04 13:56:26,355{GMT}	INFO	[jepsen worker 8] jepsen.util: 152	:info	:cas	[7 [1 0]]	:net-timeout
2026-03-04 13:56:26,356{GMT}	INFO	[jepsen worker 8] jepsen.util: 164	:invoke	:write	[8 0]
2026-03-04 13:56:26,419{GMT}	INFO	[jepsen worker 0] jepsen.util: 0	:fail	:read	[6 nil]	:net-timeout
2026-03-04 13:56:26,419{GMT}	INFO	[jepsen worker 0] jepsen.util: 0	:invoke	:read	[6 nil]
2026-03-04 13:56:26,443{GMT}	INFO	[jepsen worker 2] jepsen.util: 2	:fail	:read	[6 nil]	:net-timeout
2026-03-04 13:56:26,456{GMT}	INFO	[jepsen worker 2] jepsen.util: 2	:invoke	:read	[6 nil]
2026-03-04 13:56:26,485{GMT}	INFO	[jepsen worker 9] jepsen.util: 153	:info	:cas	[7 [4 1]]	:net-timeout
2026-03-04 13:56:26,520{GMT}	INFO	[jepsen worker 9] jepsen.util: 165	:invoke	:cas	[8 [2 0]]
2026-03-04 13:56:26,963{GMT}	INFO	[jepsen worker 3] jepsen.util: 159	:info	:cas	[6 [3 2]]	:net-timeout
2026-03-04 13:56:26,963{GMT}	INFO	[jepsen worker 3] jepsen.util: 171	:invoke	:cas	[6 [1 2]]
2026-03-04 13:56:27,022{GMT}	INFO	[jepsen worker 10] jepsen.util: 166	:info	:cas	[7 [4 2]]	:net-timeout
2026-03-04 13:56:27,025{GMT}	INFO	[jepsen worker 10] jepsen.util: 178	:invoke	:cas	[8 [2 3]]
2026-03-04 13:56:27,094{GMT}	INFO	[jepsen worker 11] jepsen.util: 167	:info	:cas	[8 [3 0]]	:net-timeout
2026-03-04 13:56:27,095{GMT}	INFO	[jepsen worker 11] jepsen.util: 179	:invoke	:cas	[8 [2 0]]
2026-03-04 13:56:27,147{GMT}	INFO	[jepsen worker 1] jepsen.util: 1	:fail	:read	[6 nil]	:net-timeout
2026-03-04 13:56:27,147{GMT}	INFO	[jepsen worker 1] jepsen.util: 1	:invoke	:read	[6 nil]
2026-03-04 13:56:27,192{GMT}	INFO	[jepsen worker 4] jepsen.util: 160	:info	:cas	[6 [1 0]]	:net-timeout
2026-03-04 13:56:27,193{GMT}	INFO	[jepsen worker 4] jepsen.util: 172	:invoke	:cas	[6 [0 3]]
2026-03-04 13:56:27,204{GMT}	INFO	[jepsen worker 5] jepsen.util: 161	:info	:cas	[6 [4 4]]	:net-timeout
2026-03-04 13:56:27,216{GMT}	INFO	[jepsen worker 5] jepsen.util: 173	:invoke	:write	[6 1]
2026-03-04 13:56:27,267{GMT}	INFO	[jepsen worker 6] jepsen.util: 174	:info	:cas	[8 [2 0]]	:net-timeout
2026-03-04 13:56:27,267{GMT}	INFO	[jepsen worker 6] jepsen.util: 186	:invoke	:write	[8 1]
2026-03-04 13:56:27,307{GMT}	INFO	[jepsen worker 7] jepsen.util: 163	:info	:cas	[8 [1 2]]	:net-timeout
2026-03-04 13:56:27,320{GMT}	INFO	[jepsen worker 7] jepsen.util: 175	:invoke	:write	[8 2]
2026-03-04 13:56:27,358{GMT}	INFO	[jepsen worker 8] jepsen.util: 164	:info	:write	[8 0]	:net-timeout
2026-03-04 13:56:27,376{GMT}	INFO	[jepsen worker 8] jepsen.util: 176	:invoke	:cas	[8 [3 1]]
2026-03-04 13:56:27,424{GMT}	INFO	[jepsen worker 0] jepsen.util: 0	:fail	:read	[6 nil]	:net-timeout
2026-03-04 13:56:27,446{GMT}	INFO	[jepsen worker 0] jepsen.util: 0	:invoke	:read	[6 nil]
2026-03-04 13:56:27,458{GMT}	INFO	[jepsen worker 2] jepsen.util: 2	:fail	:read	[6 nil]	:net-timeout
2026-03-04 13:56:27,509{GMT}	INFO	[jepsen worker 2] jepsen.util: 2	:invoke	:read	[6 nil]
2026-03-04 13:56:27,525{GMT}	INFO	[jepsen worker 9] jepsen.util: 165	:info	:cas	[8 [2 0]]	:net-timeout
2026-03-04 13:56:27,573{GMT}	INFO	[jepsen worker 9] jepsen.util: 177	:invoke	:write	[8 0]
2026-03-04 13:56:27,968{GMT}	INFO	[jepsen worker 3] jepsen.util: 171	:info	:cas	[6 [1 2]]	:net-timeout
2026-03-04 13:56:27,969{GMT}	INFO	[jepsen worker 3] jepsen.util: 183	:invoke	:cas	[6 [0 4]]
2026-03-04 13:56:28,030{GMT}	INFO	[jepsen worker 10] jepsen.util: 178	:info	:cas	[8 [2 3]]	:net-timeout
2026-03-04 13:56:28,030{GMT}	INFO	[jepsen worker 10] jepsen.util: 190	:invoke	:cas	[8 [0 3]]
2026-03-04 13:56:28,100{GMT}	INFO	[jepsen worker 11] jepsen.util: 179	:info	:cas	[8 [2 0]]	:net-timeout
2026-03-04 13:56:28,100{GMT}	INFO	[jepsen worker 11] jepsen.util: 191	:invoke	:cas	[8 [2 2]]
2026-03-04 13:56:28,152{GMT}	INFO	[jepsen worker 1] jepsen.util: 1	:fail	:read	[6 nil]	:net-timeout
2026-03-04 13:56:28,152{GMT}	INFO	[jepsen worker 1] jepsen.util: 1	:invoke	:read	[6 nil]
2026-03-04 13:56:28,194{GMT}	INFO	[jepsen worker 4] jepsen.util: 172	:info	:cas	[6 [0 3]]	:net-timeout
2026-03-04 13:56:28,216{GMT}	INFO	[jepsen worker 4] jepsen.util: 184	:invoke	:cas	[6 [4 2]]
2026-03-04 13:56:28,219{GMT}	INFO	[jepsen worker 5] jepsen.util: 173	:info	:write	[6 1]	:net-timeout
2026-03-04 13:56:28,267{GMT}	INFO	[jepsen worker 5] jepsen.util: 185	:invoke	:cas	[9 [2 3]]
2026-03-04 13:56:28,271{GMT}	INFO	[jepsen worker 6] jepsen.util: 186	:info	:write	[8 1]	:net-timeout
2026-03-04 13:56:28,302{GMT}	INFO	[jepsen worker 6] jepsen.util: 198	:invoke	:write	[8 3]
2026-03-04 13:56:28,320{GMT}	INFO	[jepsen worker 7] jepsen.util: 175	:info	:write	[8 2]	:net-timeout
2026-03-04 13:56:28,320{GMT}	INFO	[jepsen worker 7] jepsen.util: 187	:invoke	:write	[8 1]
2026-03-04 13:56:28,380{GMT}	INFO	[jepsen worker 8] jepsen.util: 176	:info	:cas	[8 [3 1]]	:net-timeout
2026-03-04 13:56:28,381{GMT}	INFO	[jepsen worker 8] jepsen.util: 188	:invoke	:cas	[10 [2 0]]
2026-03-04 13:56:28,450{GMT}	INFO	[jepsen worker 0] jepsen.util: 0	:fail	:read	[6 nil]	:net-timeout
2026-03-04 13:56:28,450{GMT}	INFO	[jepsen worker 0] jepsen.util: 0	:invoke	:read	[9 nil]
2026-03-04 13:56:28,513{GMT}	INFO	[jepsen worker 2] jepsen.util: 2	:fail	:read	[6 nil]	:net-timeout
2026-03-04 13:56:28,514{GMT}	INFO	[jepsen worker 2] jepsen.util: 2	:invoke	:read	[9 nil]
2026-03-04 13:56:28,575{GMT}	INFO	[jepsen worker 9] jepsen.util: 177	:info	:write	[8 0]	:net-timeout
2026-03-04 13:56:28,576{GMT}	INFO	[jepsen worker 9] jepsen.util: 189	:invoke	:cas	[10 [0 3]]
2026-03-04 13:56:28,969{GMT}	INFO	[jepsen worker 3] jepsen.util: 183	:info	:cas	[6 [0 4]]	:net-timeout
2026-03-04 13:56:28,969{GMT}	INFO	[jepsen worker 3] jepsen.util: 195	:invoke	:write	[9 3]
2026-03-04 13:56:28,983{GMT}	INFO	[jepsen worker 6] jepsen.util: 198	:ok	:write	[8 3]
2026-03-04 13:56:28,984{GMT}	INFO	[jepsen worker 0] jepsen.util: 0	:fail	:read	[9 nil]	[:key-does-not-exist "key not found"]
2026-03-04 13:56:28,985{GMT}	INFO	[jepsen worker 9] jepsen.util: 189	:fail	:cas	[10 [0 3]]	[:precondition-failed "expected 0 but had "]
2026-03-04 13:56:28,986{GMT}	INFO	[jepsen worker 3] jepsen.util: 195	:ok	:write	[9 3]
2026-03-04 13:56:28,999{GMT}	INFO	[jepsen worker 6] jepsen.util: 198	:invoke	:cas	[10 [3 0]]
2026-03-04 13:56:29,001{GMT}	INFO	[jepsen worker 6] jepsen.util: 198	:fail	:cas	[10 [3 0]]	[:precondition-failed "expected 3 but had "]
2026-03-04 13:56:29,030{GMT}	INFO	[jepsen worker 10] jepsen.util: 190	:info	:cas	[8 [0 3]]	:net-timeout
2026-03-04 13:56:29,034{GMT}	INFO	[jepsen worker 1] jepsen.util: 1	:ok	:read	[6 3]
2026-03-04 13:56:29,035{GMT}	INFO	[jepsen worker 4] jepsen.util: 184	:fail	:cas	[6 [4 2]]	[:precondition-failed "expected 4 but had 1"]
2026-03-04 13:56:29,036{GMT}	INFO	[jepsen worker 7] jepsen.util: 187	:ok	:write	[8 1]
2026-03-04 13:56:29,037{GMT}	INFO	[jepsen worker 11] jepsen.util: 191	:fail	:cas	[8 [2 2]]	[:precondition-failed "expected 2 but had 1"]
2026-03-04 13:56:29,038{GMT}	INFO	[jepsen worker 5] jepsen.util: 185	:fail	:cas	[9 [2 3]]	[:precondition-failed "expected 2 but had 3"]
2026-03-04 13:56:29,039{GMT}	INFO	[jepsen worker 8] jepsen.util: 188	:fail	:cas	[10 [2 0]]	[:precondition-failed "expected 2 but had "]
2026-03-04 13:56:29,040{GMT}	INFO	[jepsen worker 2] jepsen.util: 2	:ok	:read	[9 3]
2026-03-04 13:56:29,063{GMT}	INFO	[jepsen worker 6] jepsen.util: 198	:invoke	:cas	[10 [3 2]]
2026-03-04 13:56:29,065{GMT}	INFO	[jepsen worker 6] jepsen.util: 198	:fail	:cas	[10 [3 2]]	[:precondition-failed "expected 3 but had "]
2026-03-04 13:56:29,118{GMT}	INFO	[jepsen worker 2] jepsen.util: 2	:invoke	:read	[9 nil]
2026-03-04 13:56:29,120{GMT}	INFO	[jepsen worker 2] jepsen.util: 2	:ok	:read	[9 3]
2026-03-04 13:56:29,175{GMT}	INFO	[jepsen worker 6] jepsen.util: 198	:invoke	:cas	[10 [1 2]]
2026-03-04 13:56:29,177{GMT}	INFO	[jepsen worker 6] jepsen.util: 198	:fail	:cas	[10 [1 2]]	[:precondition-failed "expected 1 but had "]
2026-03-04 13:56:29,238{GMT}	INFO	[jepsen worker 6] jepsen.util: 198	:invoke	:write	[10 3]
2026-03-04 13:56:29,240{GMT}	INFO	[jepsen worker 6] jepsen.util: 198	:ok	:write	[10 3]
2026-03-04 13:56:29,273{GMT}	INFO	[jepsen worker 5] jepsen.util: 185	:invoke	:write	[9 4]
2026-03-04 13:56:29,276{GMT}	INFO	[jepsen worker 5] jepsen.util: 185	:ok	:write	[9 4]
2026-03-04 13:56:29,329{GMT}	INFO	[jepsen worker 6] jepsen.util: 198	:invoke	:cas	[10 [2 4]]
2026-03-04 13:56:29,333{GMT}	INFO	[jepsen worker 6] jepsen.util: 198	:fail	:cas	[10 [2 4]]	[:precondition-failed "expected 2 but had 3"]
2026-03-04 13:56:29,342{GMT}	INFO	[jepsen worker 3] jepsen.util: 195	:invoke	:cas	[9 [0 3]]
2026-03-04 13:56:29,345{GMT}	INFO	[jepsen worker 3] jepsen.util: 195	:fail	:cas	[9 [0 3]]	[:precondition-failed "expected 0 but had 4"]
2026-03-04 13:56:29,358{GMT}	INFO	[jepsen worker 8] jepsen.util: 188	:invoke	:cas	[10 [4 3]]
2026-03-04 13:56:29,361{GMT}	INFO	[jepsen worker 8] jepsen.util: 188	:fail	:cas	[10 [4 3]]	[:precondition-failed "expected 4 but had 3"]
2026-03-04 13:56:29,428{GMT}	INFO	[jepsen worker 9] jepsen.util: 189	:invoke	:cas	[10 [3 0]]
2026-03-04 13:56:29,433{GMT}	INFO	[jepsen worker 9] jepsen.util: 189	:ok	:cas	[10 [3 0]]
2026-03-04 13:56:29,444{GMT}	INFO	[jepsen worker 10] jepsen.util: 202	:invoke	:cas	[10 [4 1]]
2026-03-04 13:56:29,447{GMT}	INFO	[jepsen worker 10] jepsen.util: 202	:fail	:cas	[10 [4 1]]	[:precondition-failed "expected 4 but had 0"]
2026-03-04 13:56:29,491{GMT}	INFO	[jepsen worker 0] jepsen.util: 0	:invoke	:read	[9 nil]
2026-03-04 13:56:29,494{GMT}	INFO	[jepsen worker 0] jepsen.util: 0	:ok	:read	[9 4]
2026-03-04 13:56:29,503{GMT}	INFO	[jepsen worker 0] jepsen.util: 0	:invoke	:read	[9 nil]
2026-03-04 13:56:29,504{GMT}	INFO	[jepsen worker 0] jepsen.util: 0	:ok	:read	[9 4]
2026-03-04 13:56:29,522{GMT}	INFO	[jepsen worker 3] jepsen.util: 195	:invoke	:cas	[9 [2 0]]
2026-03-04 13:56:29,525{GMT}	INFO	[jepsen worker 3] jepsen.util: 195	:fail	:cas	[9 [2 0]]	[:precondition-failed "expected 2 but had 4"]
2026-03-04 13:56:29,547{GMT}	INFO	[jepsen worker 3] jepsen.util: 195	:invoke	:cas	[9 [2 4]]
2026-03-04 13:56:29,549{GMT}	INFO	[jepsen worker 3] jepsen.util: 195	:fail	:cas	[9 [2 4]]	[:precondition-failed "expected 2 but had 4"]
2026-03-04 13:56:29,575{GMT}	INFO	[jepsen worker 3] jepsen.util: 195	:invoke	:cas	[9 [4 0]]
2026-03-04 13:56:29,578{GMT}	INFO	[jepsen worker 3] jepsen.util: 195	:ok	:cas	[9 [4 0]]
2026-03-04 13:56:29,594{GMT}	INFO	[jepsen worker 6] jepsen.util: 198	:invoke	:cas	[10 [1 3]]
2026-03-04 13:56:29,596{GMT}	INFO	[jepsen worker 6] jepsen.util: 198	:fail	:cas	[10 [1 3]]	[:precondition-failed "expected 1 but had 0"]
2026-03-04 13:56:29,637{GMT}	INFO	[jepsen worker 4] jepsen.util: 184	:invoke	:cas	[9 [2 2]]
2026-03-04 13:56:29,639{GMT}	INFO	[jepsen worker 4] jepsen.util: 184	:fail	:cas	[9 [2 2]]	[:precondition-failed "expected 2 but had 0"]
2026-03-04 13:56:29,676{GMT}	INFO	[jepsen worker 5] jepsen.util: 185	:invoke	:write	[9 2]
2026-03-04 13:56:29,678{GMT}	INFO	[jepsen worker 5] jepsen.util: 185	:ok	:write	[9 2]
2026-03-04 13:56:29,738{GMT}	INFO	[jepsen worker 6] jepsen.util: 198	:invoke	:cas	[10 [4 3]]
2026-03-04 13:56:29,741{GMT}	INFO	[jepsen worker 6] jepsen.util: 198	:fail	:cas	[10 [4 3]]	[:precondition-failed "expected 4 but had 0"]
2026-03-04 13:56:29,766{GMT}	INFO	[jepsen worker 7] jepsen.util: 187	:invoke	:cas	[10 [4 2]]
2026-03-04 13:56:29,769{GMT}	INFO	[jepsen worker 7] jepsen.util: 187	:fail	:cas	[10 [4 2]]	[:precondition-failed "expected 4 but had 0"]
2026-03-04 13:56:29,823{GMT}	INFO	[jepsen worker 0] jepsen.util: 0	:invoke	:read	[9 nil]
2026-03-04 13:56:29,825{GMT}	INFO	[jepsen worker 0] jepsen.util: 0	:ok	:read	[9 2]
2026-03-04 13:56:29,866{GMT}	INFO	[jepsen worker 9] jepsen.util: 189	:invoke	:cas	[10 [2 3]]
2026-03-04 13:56:29,868{GMT}	INFO	[jepsen worker 9] jepsen.util: 189	:fail	:cas	[10 [2 3]]	[:precondition-failed "expected 2 but had 0"]
2026-03-04 13:56:29,916{GMT}	INFO	[jepsen worker 10] jepsen.util: 202	:invoke	:write	[10 1]
2026-03-04 13:56:29,918{GMT}	INFO	[jepsen worker 10] jepsen.util: 202	:ok	:write	[10 1]
2026-03-04 13:56:29,969{GMT}	INFO	[jepsen worker 0] jepsen.util: 0	:invoke	:read	[9 nil]
2026-03-04 13:56:29,971{GMT}	INFO	[jepsen worker 0] jepsen.util: 0	:ok	:read	[9 2]
2026-03-04 13:56:29,973{GMT}	INFO	[jepsen worker 0] jepsen.util: 0	:invoke	:read	[9 nil]
2026-03-04 13:56:29,975{GMT}	INFO	[jepsen worker 0] jepsen.util: 0	:ok	:read	[9 2]
2026-03-04 13:56:30,031{GMT}	INFO	[jepsen worker 6] jepsen.util: 198	:invoke	:write	[10 0]
2026-03-04 13:56:30,034{GMT}	INFO	[jepsen worker 6] jepsen.util: 198	:ok	:write	[10 0]
2026-03-04 13:56:30,085{GMT}	INFO	[jepsen worker 3] jepsen.util: 195	:invoke	:cas	[9 [0 1]]
2026-03-04 13:56:30,087{GMT}	INFO	[jepsen worker 3] jepsen.util: 195	:fail	:cas	[9 [0 1]]	[:precondition-failed "expected 0 but had 2"]
2026-03-04 13:56:30,140{GMT}	INFO	[jepsen worker 6] jepsen.util: 198	:invoke	:cas	[10 [4 0]]
2026-03-04 13:56:30,142{GMT}	INFO	[jepsen worker 6] jepsen.util: 198	:fail	:cas	[10 [4 0]]	[:precondition-failed "expected 4 but had 0"]
2026-03-04 13:56:30,179{GMT}	INFO	[jepsen worker 6] jepsen.util: 198	:invoke	:cas	[10 [3 4]]
2026-03-04 13:56:30,181{GMT}	INFO	[jepsen worker 6] jepsen.util: 198	:fail	:cas	[10 [3 4]]	[:precondition-failed "expected 3 but had 0"]
2026-03-04 13:56:30,217{GMT}	INFO	[jepsen worker 4] jepsen.util: 184	:invoke	:write	[9 2]
2026-03-04 13:56:30,219{GMT}	INFO	[jepsen worker 4] jepsen.util: 184	:ok	:write	[9 2]
2026-03-04 13:56:30,268{GMT}	INFO	[jepsen worker 0] jepsen.util: 0	:invoke	:read	[9 nil]
2026-03-04 13:56:30,270{GMT}	INFO	[jepsen worker 0] jepsen.util: 0	:ok	:read	[9 2]
2026-03-04 13:56:30,296{GMT}	INFO	[jepsen worker 6] jepsen.util: 198	:invoke	:cas	[10 [2 2]]
2026-03-04 13:56:30,298{GMT}	INFO	[jepsen worker 6] jepsen.util: 198	:fail	:cas	[10 [2 2]]	[:precondition-failed "expected 2 but had 0"]
2026-03-04 13:56:30,352{GMT}	INFO	[jepsen worker 7] jepsen.util: 187	:invoke	:cas	[10 [0 3]]
2026-03-04 13:56:30,355{GMT}	INFO	[jepsen worker 7] jepsen.util: 187	:ok	:cas	[10 [0 3]]
2026-03-04 13:56:30,391{GMT}	INFO	[jepsen worker 8] jepsen.util: 188	:invoke	:write	[10 1]
2026-03-04 13:56:30,394{GMT}	INFO	[jepsen worker 8] jepsen.util: 188	:ok	:write	[10 1]
2026-03-04 13:56:30,430{GMT}	INFO	[jepsen worker 0] jepsen.util: 0	:invoke	:read	[9 nil]
2026-03-04 13:56:30,432{GMT}	INFO	[jepsen worker 0] jepsen.util: 0	:ok	:read	[9 2]
2026-03-04 13:56:30,432{GMT}	INFO	[jepsen worker 1] jepsen.util: 1	:invoke	:read	[9 nil]
2026-03-04 13:56:30,434{GMT}	INFO	[jepsen worker 1] jepsen.util: 1	:ok	:read	[9 2]
2026-03-04 13:56:30,449{GMT}	INFO	[jepsen worker 3] jepsen.util: 195	:invoke	:cas	[9 [0 1]]
2026-03-04 13:56:30,453{GMT}	INFO	[jepsen worker 3] jepsen.util: 195	:fail	:cas	[9 [0 1]]	[:precondition-failed "expected 0 but had 2"]
2026-03-04 13:56:30,506{GMT}	INFO	[jepsen worker 3] jepsen.util: 195	:invoke	:cas	[9 [4 0]]
2026-03-04 13:56:30,508{GMT}	INFO	[jepsen worker 3] jepsen.util: 195	:fail	:cas	[9 [4 0]]	[:precondition-failed "expected 4 but had 2"]
2026-03-04 13:56:30,556{GMT}	INFO	[jepsen worker 3] jepsen.util: 195	:invoke	:cas	[9 [4 3]]
2026-03-04 13:56:30,560{GMT}	INFO	[jepsen worker 3] jepsen.util: 195	:fail	:cas	[9 [4 3]]	[:precondition-failed "expected 4 but had 2"]
2026-03-04 13:56:30,609{GMT}	INFO	[jepsen worker 6] jepsen.util: 198	:invoke	:cas	[10 [2 0]]
2026-03-04 13:56:30,612{GMT}	INFO	[jepsen worker 6] jepsen.util: 198	:fail	:cas	[10 [2 0]]	[:precondition-failed "expected 2 but had 1"]
2026-03-04 13:56:30,647{GMT}	INFO	[jepsen worker 6] jepsen.util: 198	:invoke	:write	[10 1]
2026-03-04 13:56:30,651{GMT}	INFO	[jepsen worker 6] jepsen.util: 198	:ok	:write	[10 1]
2026-03-04 13:56:30,651{GMT}	INFO	[jepsen worker 6] jepsen.util: 198	:invoke	:write	[10 3]
2026-03-04 13:56:30,654{GMT}	INFO	[jepsen worker 6] jepsen.util: 198	:ok	:write	[10 3]
2026-03-04 13:56:30,720{GMT}	INFO	[jepsen worker 0] jepsen.util: 0	:invoke	:read	[9 nil]
2026-03-04 13:56:30,724{GMT}	INFO	[jepsen worker 0] jepsen.util: 0	:ok	:read	[9 2]
2026-03-04 13:56:30,754{GMT}	INFO	[jepsen worker 0] jepsen.util: 0	:invoke	:read	[9 nil]
2026-03-04 13:56:30,758{GMT}	INFO	[jepsen worker 0] jepsen.util: 0	:ok	:read	[9 2]
2026-03-04 13:56:30,787{GMT}	INFO	[jepsen worker 6] jepsen.util: 198	:invoke	:cas	[10 [0 4]]
2026-03-04 13:56:30,792{GMT}	INFO	[jepsen worker 6] jepsen.util: 198	:fail	:cas	[10 [0 4]]	[:precondition-failed "expected 0 but had 3"]
2026-03-04 13:56:30,833{GMT}	INFO	[jepsen worker 0] jepsen.util: 0	:invoke	:read	[9 nil]
2026-03-04 13:56:30,837{GMT}	INFO	[jepsen worker 0] jepsen.util: 0	:ok	:read	[9 2]
2026-03-04 13:56:30,891{GMT}	INFO	[jepsen worker 8] jepsen.util: 188	:invoke	:write	[10 3]
2026-03-04 13:56:30,943{GMT}	INFO	[jepsen worker 9] jepsen.util: 189	:invoke	:write	[10 1]
2026-03-04 13:56:30,982{GMT}	INFO	[jepsen worker 10] jepsen.util: 202	:invoke	:write	[10 3]
2026-03-04 13:56:31,023{GMT}	INFO	[jepsen worker 11] jepsen.util: 191	:invoke	:cas	[10 [3 0]]
2026-03-04 13:56:31,028{GMT}	INFO	[jepsen worker 6] jepsen.util: 198	:invoke	:cas	[10 [3 4]]
2026-03-04 13:56:31,052{GMT}	INFO	[jepsen worker 7] jepsen.util: 187	:invoke	:write	[10 3]
2026-03-04 13:56:31,091{GMT}	INFO	[jepsen worker 1] jepsen.util: 1	:invoke	:read	[9 nil]
2026-03-04 13:56:31,141{GMT}	INFO	[jepsen worker 2] jepsen.util: 2	:invoke	:read	[9 nil]
2026-03-04 13:56:31,173{GMT}	INFO	[jepsen worker 3] jepsen.util: 195	:invoke	:cas	[9 [3 2]]
2026-03-04 13:56:31,194{GMT}	INFO	[jepsen worker 0] jepsen.util: 0	:invoke	:read	[9 nil]
2026-03-04 13:56:31,264{GMT}	INFO	[jepsen worker 5] jepsen.util: 185	:invoke	:cas	[9 [2 4]]
2026-03-04 13:56:31,275{GMT}	INFO	[jepsen worker 4] jepsen.util: 184	:invoke	:write	[9 0]
2026-03-04 13:56:31,891{GMT}	INFO	[jepsen worker 8] jepsen.util: 188	:info	:write	[10 3]	:net-timeout
2026-03-04 13:56:31,892{GMT}	INFO	[jepsen worker 8] jepsen.util: 200	:invoke	:cas	[10 [2 1]]
2026-03-04 13:56:31,949{GMT}	INFO	[jepsen worker 9] jepsen.util: 189	:info	:write	[10 1]	:net-timeout
2026-03-04 13:56:31,949{GMT}	INFO	[jepsen worker 9] jepsen.util: 201	:invoke	:cas	[10 [2 2]]
2026-03-04 13:56:31,987{GMT}	INFO	[jepsen worker 10] jepsen.util: 202	:info	:write	[10 3]	:net-timeout
2026-03-04 13:56:31,987{GMT}	INFO	[jepsen worker 10] jepsen.util: 214	:invoke	:cas	[10 [0 3]]
2026-03-04 13:56:32,028{GMT}	INFO	[jepsen worker 11] jepsen.util: 191	:info	:cas	[10 [3 0]]	:net-timeout
2026-03-04 13:56:32,029{GMT}	INFO	[jepsen worker 6] jepsen.util: 198	:info	:cas	[10 [3 4]]	:net-timeout
2026-03-04 13:56:32,035{GMT}	INFO	[jepsen worker 11] jepsen.util: 203	:invoke	:cas	[10 [2 3]]
2026-03-04 13:56:32,053{GMT}	INFO	[jepsen worker 7] jepsen.util: 187	:info	:write	[10 3]	:net-timeout
2026-03-04 13:56:32,076{GMT}	INFO	[jepsen worker 6] jepsen.util: 210	:invoke	:cas	[10 [1 1]]
2026-03-04 13:56:32,092{GMT}	INFO	[jepsen worker 1] jepsen.util: 1	:fail	:read	[9 nil]	:net-timeout
2026-03-04 13:56:32,141{GMT}	INFO	[jepsen worker 2] jepsen.util: 2	:fail	:read	[9 nil]	:net-timeout
2026-03-04 13:56:32,141{GMT}	INFO	[jepsen worker 1] jepsen.util: 1	:invoke	:read	[9 nil]
2026-03-04 13:56:32,175{GMT}	INFO	[jepsen worker 3] jepsen.util: 195	:info	:cas	[9 [3 2]]	:net-timeout
2026-03-04 13:56:32,194{GMT}	INFO	[jepsen worker 0] jepsen.util: 0	:fail	:read	[9 nil]	:net-timeout
2026-03-04 13:56:32,210{GMT}	INFO	[jepsen worker 3] jepsen.util: 207	:invoke	:cas	[9 [3 3]]
2026-03-04 13:56:32,213{GMT}	INFO	[jepsen worker 2] jepsen.util: 2	:invoke	:read	[9 nil]
2026-03-04 13:56:32,265{GMT}	INFO	[jepsen worker 5] jepsen.util: 185	:info	:cas	[9 [2 4]]	:net-timeout
2026-03-04 13:56:32,270{GMT}	INFO	[jepsen worker 7] jepsen.util: 199	:invoke	:cas	[10 [4 3]]
2026-03-04 13:56:32,275{GMT}	INFO	[jepsen worker 4] jepsen.util: 184	:info	:write	[9 0]	:net-timeout
2026-03-04 13:56:32,300{GMT}	INFO	[jepsen worker 4] jepsen.util: 196	:invoke	:write	[9 3]
2026-03-04 13:56:32,354{GMT}	INFO	[jepsen worker 5] jepsen.util: 197	:invoke	:write	[9 2]
2026-03-04 13:56:32,422{GMT}	INFO	[jepsen worker 0] jepsen.util: 0	:invoke	:read	[9 nil]
2026-03-04 13:56:32,894{GMT}	INFO	[jepsen worker 8] jepsen.util: 200	:info	:cas	[10 [2 1]]	:net-timeout
2026-03-04 13:56:32,894{GMT}	INFO	[jepsen worker 8] jepsen.util: 212	:invoke	:cas	[10 [1 4]]
2026-03-04 13:56:32,951{GMT}	INFO	[jepsen worker 9] jepsen.util: 201	:info	:cas	[10 [2 2]]	:net-timeout
2026-03-04 13:56:32,951{GMT}	INFO	[jepsen worker 9] jepsen.util: 213	:invoke	:cas	[10 [2 1]]
2026-03-04 13:56:32,992{GMT}	INFO	[jepsen worker 10] jepsen.util: 214	:info	:cas	[10 [0 3]]	:net-timeout
2026-03-04 13:56:32,992{GMT}	INFO	[jepsen worker 10] jepsen.util: 226	:invoke	:cas	[10 [3 0]]
2026-03-04 13:56:33,039{GMT}	INFO	[jepsen worker 11] jepsen.util: 203	:info	:cas	[10 [2 3]]	:net-timeout
2026-03-04 13:56:33,040{GMT}	INFO	[jepsen worker 11] jepsen.util: 215	:invoke	:cas	[10 [4 0]]
2026-03-04 13:56:33,077{GMT}	INFO	[jepsen worker 6] jepsen.util: 210	:info	:cas	[10 [1 1]]	:net-timeout
2026-03-04 13:56:33,095{GMT}	INFO	[jepsen worker 6] jepsen.util: 222	:invoke	:write	[10 2]
2026-03-04 13:56:33,145{GMT}	INFO	[jepsen worker 1] jepsen.util: 1	:fail	:read	[9 nil]	:net-timeout
2026-03-04 13:56:33,157{GMT}	INFO	[jepsen worker 1] jepsen.util: 1	:invoke	:read	[9 nil]
2026-03-04 13:56:33,215{GMT}	INFO	[jepsen worker 3] jepsen.util: 207	:info	:cas	[9 [3 3]]	:net-timeout
2026-03-04 13:56:33,215{GMT}	INFO	[jepsen worker 3] jepsen.util: 219	:invoke	:cas	[9 [2 4]]
2026-03-04 13:56:33,217{GMT}	INFO	[jepsen worker 2] jepsen.util: 2	:fail	:read	[9 nil]	:net-timeout
2026-03-04 13:56:33,275{GMT}	INFO	[jepsen worker 7] jepsen.util: 199	:info	:cas	[10 [4 3]]	:net-timeout
2026-03-04 13:56:33,275{GMT}	INFO	[jepsen worker 2] jepsen.util: 2	:invoke	:read	[9 nil]
2026-03-04 13:56:33,301{GMT}	INFO	[jepsen worker 4] jepsen.util: 196	:info	:write	[9 3]	:net-timeout
2026-03-04 13:56:33,337{GMT}	INFO	[jepsen worker 7] jepsen.util: 211	:invoke	:write	[10 2]
2026-03-04 13:56:33,359{GMT}	INFO	[jepsen worker 5] jepsen.util: 197	:info	:write	[9 2]	:net-timeout
2026-03-04 13:56:33,387{GMT}	INFO	[jepsen worker 4] jepsen.util: 208	:invoke	:write	[9 1]
2026-03-04 13:56:33,425{GMT}	INFO	[jepsen worker 0] jepsen.util: 0	:fail	:read	[9 nil]	:net-timeout
2026-03-04 13:56:33,437{GMT}	INFO	[jepsen worker 5] jepsen.util: 209	:invoke	:write	[9 4]
2026-03-04 13:56:33,480{GMT}	INFO	[jepsen worker 0] jepsen.util: 0	:invoke	:read	[9 nil]
2026-03-04 13:56:33,899{GMT}	INFO	[jepsen worker 8] jepsen.util: 212	:info	:cas	[10 [1 4]]	:net-timeout
2026-03-04 13:56:33,900{GMT}	INFO	[jepsen worker 8] jepsen.util: 224	:invoke	:cas	[11 [0 1]]
2026-03-04 13:56:33,956{GMT}	INFO	[jepsen worker 9] jepsen.util: 213	:info	:cas	[10 [2 1]]	:net-timeout
2026-03-04 13:56:33,964{GMT}	INFO	[jepsen worker 9] jepsen.util: 225	:invoke	:write	[11 2]
2026-03-04 13:56:33,994{GMT}	INFO	[jepsen worker 10] jepsen.util: 226	:info	:cas	[10 [3 0]]	:net-timeout
2026-03-04 13:56:33,994{GMT}	INFO	[jepsen worker 10] jepsen.util: 238	:invoke	:cas	[11 [1 3]]
2026-03-04 13:56:34,040{GMT}	INFO	[jepsen worker 11] jepsen.util: 215	:info	:cas	[10 [4 0]]	:net-timeout
2026-03-04 13:56:34,040{GMT}	INFO	[jepsen worker 11] jepsen.util: 227	:invoke	:write	[11 4]
2026-03-04 13:56:34,100{GMT}	INFO	[jepsen worker 6] jepsen.util: 222	:info	:write	[10 2]	:net-timeout
2026-03-04 13:56:34,100{GMT}	INFO	[jepsen worker 6] jepsen.util: 234	:invoke	:write	[11 4]
2026-03-04 13:56:34,162{GMT}	INFO	[jepsen worker 1] jepsen.util: 1	:fail	:read	[9 nil]	:net-timeout
2026-03-04 13:56:34,162{GMT}	INFO	[jepsen worker 1] jepsen.util: 1	:invoke	:read	[9 nil]
2026-03-04 13:56:34,219{GMT}	INFO	[jepsen worker 3] jepsen.util: 219	:info	:cas	[9 [2 4]]	:net-timeout
2026-03-04 13:56:34,225{GMT}	INFO	[jepsen worker 3] jepsen.util: 231	:invoke	:write	[9 2]
2026-03-04 13:56:34,280{GMT}	INFO	[jepsen worker 2] jepsen.util: 2	:fail	:read	[9 nil]	:net-timeout
2026-03-04 13:56:34,280{GMT}	INFO	[jepsen worker 2] jepsen.util: 2	:invoke	:read	[9 nil]
2026-03-04 13:56:34,341{GMT}	INFO	[jepsen worker 7] jepsen.util: 211	:info	:write	[10 2]	:net-timeout
2026-03-04 13:56:34,341{GMT}	INFO	[jepsen worker 7] jepsen.util: 223	:invoke	:write	[11 0]
2026-03-04 13:56:34,391{GMT}	INFO	[jepsen worker 4] jepsen.util: 208	:info	:write	[9 1]	:net-timeout
2026-03-04 13:56:34,391{GMT}	INFO	[jepsen worker 4] jepsen.util: 220	:invoke	:write	[9 3]
2026-03-04 13:56:34,441{GMT}	INFO	[jepsen worker 5] jepsen.util: 209	:info	:write	[9 4]	:net-timeout
2026-03-04 13:56:34,441{GMT}	INFO	[jepsen worker 5] jepsen.util: 221	:invoke	:cas	[9 [2 1]]
2026-03-04 13:56:34,484{GMT}	INFO	[jepsen worker 0] jepsen.util: 0	:fail	:read	[9 nil]	:net-timeout
2026-03-04 13:56:34,491{GMT}	INFO	[jepsen worker 0] jepsen.util: 0	:invoke	:read	[9 nil]
2026-03-04 13:56:34,905{GMT}	INFO	[jepsen worker 8] jepsen.util: 224	:info	:cas	[11 [0 1]]	:net-timeout
2026-03-04 13:56:34,905{GMT}	INFO	[jepsen worker 8] jepsen.util: 236	:invoke	:cas	[11 [4 2]]
2026-03-04 13:56:34,968{GMT}	INFO	[jepsen worker 9] jepsen.util: 225	:info	:write	[11 2]	:net-timeout
2026-03-04 13:56:34,968{GMT}	INFO	[jepsen worker 9] jepsen.util: 237	:invoke	:cas	[11 [1 3]]
2026-03-04 13:56:34,995{GMT}	INFO	[jepsen worker 10] jepsen.util: 238	:info	:cas	[11 [1 3]]	:net-timeout
2026-03-04 13:56:34,995{GMT}	INFO	[jepsen worker 10] jepsen.util: 250	:invoke	:cas	[11 [0 3]]
2026-03-04 13:56:35,044{GMT}	INFO	[jepsen worker 11] jepsen.util: 227	:info	:write	[11 4]	:net-timeout
2026-03-04 13:56:35,045{GMT}	INFO	[jepsen worker 11] jepsen.util: 239	:invoke	:cas	[11 [1 4]]
2026-03-04 13:56:35,101{GMT}	INFO	[jepsen worker 6] jepsen.util: 234	:info	:write	[11 4]	:net-timeout
2026-03-04 13:56:35,101{GMT}	INFO	[jepsen worker 6] jepsen.util: 246	:invoke	:cas	[11 [2 2]]
2026-03-04 13:56:35,167{GMT}	INFO	[jepsen worker 1] jepsen.util: 1	:fail	:read	[9 nil]	:net-timeout
2026-03-04 13:56:35,167{GMT}	INFO	[jepsen worker 1] jepsen.util: 1	:invoke	:read	[9 nil]
2026-03-04 13:56:35,230{GMT}	INFO	[jepsen worker 3] jepsen.util: 231	:info	:write	[9 2]	:net-timeout
2026-03-04 13:56:35,230{GMT}	INFO	[jepsen worker 3] jepsen.util: 243	:invoke	:cas	[9 [0 1]]
2026-03-04 13:56:35,285{GMT}	INFO	[jepsen worker 2] jepsen.util: 2	:fail	:read	[9 nil]	:net-timeout
2026-03-04 13:56:35,285{GMT}	INFO	[jepsen worker 2] jepsen.util: 2	:invoke	:read	[9 nil]
2026-03-04 13:56:35,346{GMT}	INFO	[jepsen worker 7] jepsen.util: 223	:info	:write	[11 0]	:net-timeout
2026-03-04 13:56:35,346{GMT}	INFO	[jepsen worker 7] jepsen.util: 235	:invoke	:write	[11 3]
2026-03-04 13:56:35,396{GMT}	INFO	[jepsen worker 4] jepsen.util: 220	:info	:write	[9 3]	:net-timeout
2026-03-04 13:56:35,397{GMT}	INFO	[jepsen worker 4] jepsen.util: 232	:invoke	:write	[9 0]
2026-03-04 13:56:35,446{GMT}	INFO	[jepsen worker 5] jepsen.util: 221	:info	:cas	[9 [2 1]]	:net-timeout
2026-03-04 13:56:35,446{GMT}	INFO	[jepsen worker 5] jepsen.util: 233	:invoke	:cas	[9 [1 0]]
2026-03-04 13:56:35,495{GMT}	INFO	[jepsen worker 0] jepsen.util: 0	:fail	:read	[9 nil]	:net-timeout
2026-03-04 13:56:35,496{GMT}	INFO	[jepsen worker 0] jepsen.util: 0	:invoke	:read	[9 nil]
2026-03-04 13:56:35,909{GMT}	INFO	[jepsen worker 8] jepsen.util: 236	:info	:cas	[11 [4 2]]	:net-timeout
2026-03-04 13:56:35,909{GMT}	INFO	[jepsen worker 8] jepsen.util: 248	:invoke	:write	[11 2]
2026-03-04 13:56:35,973{GMT}	INFO	[jepsen worker 9] jepsen.util: 237	:info	:cas	[11 [1 3]]	:net-timeout
2026-03-04 13:56:35,974{GMT}	INFO	[jepsen worker 9] jepsen.util: 249	:invoke	:cas	[11 [4 4]]
2026-03-04 13:56:35,999{GMT}	INFO	[jepsen worker 10] jepsen.util: 250	:info	:cas	[11 [0 3]]	:net-timeout
2026-03-04 13:56:35,999{GMT}	INFO	[jepsen worker 10] jepsen.util: 262	:invoke	:write	[11 1]
2026-03-04 13:56:36,050{GMT}	INFO	[jepsen worker 11] jepsen.util: 239	:info	:cas	[11 [1 4]]	:net-timeout
2026-03-04 13:56:36,050{GMT}	INFO	[jepsen worker 11] jepsen.util: 251	:invoke	:write	[12 3]
2026-03-04 13:56:36,102{GMT}	INFO	[jepsen worker 6] jepsen.util: 246	:info	:cas	[11 [2 2]]	:net-timeout
2026-03-04 13:56:36,106{GMT}	INFO	[jepsen worker 6] jepsen.util: 258	:invoke	:write	[12 4]
2026-03-04 13:56:36,172{GMT}	INFO	[jepsen worker 1] jepsen.util: 1	:fail	:read	[9 nil]	:net-timeout
2026-03-04 13:56:36,172{GMT}	INFO	[jepsen worker 1] jepsen.util: 1	:invoke	:read	[9 nil]
2026-03-04 13:56:36,234{GMT}	INFO	[jepsen worker 3] jepsen.util: 243	:info	:cas	[9 [0 1]]	:net-timeout
2026-03-04 13:56:36,235{GMT}	INFO	[jepsen worker 3] jepsen.util: 255	:invoke	:write	[9 3]
2026-03-04 13:56:36,288{GMT}	INFO	[jepsen worker 2] jepsen.util: 2	:fail	:read	[9 nil]	:net-timeout
2026-03-04 13:56:36,288{GMT}	INFO	[jepsen worker 2] jepsen.util: 2	:invoke	:read	[9 nil]
2026-03-04 13:56:36,349{GMT}	INFO	[jepsen worker 7] jepsen.util: 235	:info	:write	[11 3]	:net-timeout
2026-03-04 13:56:36,349{GMT}	INFO	[jepsen worker 7] jepsen.util: 247	:invoke	:cas	[12 [0 3]]
2026-03-04 13:56:36,399{GMT}	INFO	[jepsen worker 4] jepsen.util: 232	:info	:write	[9 0]	:net-timeout
2026-03-04 13:56:36,410{GMT}	INFO	[jepsen worker 4] jepsen.util: 244	:invoke	:cas	[13 [0 4]]
2026-03-04 13:56:36,451{GMT}	INFO	[jepsen worker 5] jepsen.util: 233	:info	:cas	[9 [1 0]]	:net-timeout
2026-03-04 13:56:36,471{GMT}	INFO	[jepsen worker 5] jepsen.util: 245	:invoke	:cas	[13 [2 0]]
2026-03-04 13:56:36,500{GMT}	INFO	[jepsen worker 0] jepsen.util: 0	:fail	:read	[9 nil]	:net-timeout
2026-03-04 13:56:36,516{GMT}	INFO	[jepsen worker 0] jepsen.util: 0	:invoke	:read	[13 nil]
2026-03-04 13:56:36,914{GMT}	INFO	[jepsen worker 8] jepsen.util: 248	:info	:write	[11 2]	:net-timeout
2026-03-04 13:56:36,915{GMT}	INFO	[jepsen worker 8] jepsen.util: 260	:invoke	:cas	[12 [4 2]]
2026-03-04 13:56:36,975{GMT}	INFO	[jepsen worker 9] jepsen.util: 249	:info	:cas	[11 [4 4]]	:net-timeout
2026-03-04 13:56:36,975{GMT}	INFO	[jepsen worker 9] jepsen.util: 261	:invoke	:cas	[12 [1 0]]
2026-03-04 13:56:37,004{GMT}	INFO	[jepsen worker 10] jepsen.util: 262	:info	:write	[11 1]	:net-timeout
2026-03-04 13:56:37,038{GMT}	INFO	[jepsen worker 10] jepsen.util: 274	:invoke	:write	[12 0]
2026-03-04 13:56:37,055{GMT}	INFO	[jepsen worker 11] jepsen.util: 251	:info	:write	[12 3]	:net-timeout
2026-03-04 13:56:37,098{GMT}	INFO	[jepsen worker 11] jepsen.util: 263	:invoke	:cas	[12 [4 2]]
2026-03-04 13:56:37,110{GMT}	INFO	[jepsen worker 6] jepsen.util: 258	:info	:write	[12 4]	:net-timeout
2026-03-04 13:56:37,132{GMT}	INFO	[jepsen worker 6] jepsen.util: 270	:invoke	:write	[12 4]
2026-03-04 13:56:37,177{GMT}	INFO	[jepsen worker 1] jepsen.util: 1	:fail	:read	[9 nil]	:net-timeout
2026-03-04 13:56:37,187{GMT}	INFO	[jepsen worker 1] jepsen.util: 1	:invoke	:read	[13 nil]
2026-03-04 13:56:37,239{GMT}	INFO	[jepsen worker 3] jepsen.util: 255	:info	:write	[9 3]	:net-timeout
2026-03-04 13:56:37,239{GMT}	INFO	[jepsen worker 3] jepsen.util: 267	:invoke	:cas	[13 [2 3]]
2026-03-04 13:56:37,293{GMT}	INFO	[jepsen worker 2] jepsen.util: 2	:fail	:read	[9 nil]	:net-timeout
2026-03-04 13:56:37,293{GMT}	INFO	[jepsen worker 2] jepsen.util: 2	:invoke	:read	[13 nil]
2026-03-04 13:56:37,354{GMT}	INFO	[jepsen worker 7] jepsen.util: 247	:info	:cas	[12 [0 3]]	:net-timeout
2026-03-04 13:56:37,354{GMT}	INFO	[jepsen worker 7] jepsen.util: 259	:invoke	:write	[12 2]
2026-03-04 13:56:37,415{GMT}	INFO	[jepsen worker 4] jepsen.util: 244	:info	:cas	[13 [0 4]]	:net-timeout
2026-03-04 13:56:37,418{GMT}	INFO	[jepsen worker 4] jepsen.util: 256	:invoke	:cas	[13 [0 0]]
2026-03-04 13:56:37,475{GMT}	INFO	[jepsen worker 5] jepsen.util: 245	:info	:cas	[13 [2 0]]	:net-timeout
2026-03-04 13:56:37,475{GMT}	INFO	[jepsen worker 5] jepsen.util: 257	:invoke	:cas	[13 [0 0]]
2026-03-04 13:56:37,518{GMT}	INFO	[jepsen worker 0] jepsen.util: 0	:fail	:read	[13 nil]	:net-timeout
2026-03-04 13:56:37,537{GMT}	INFO	[jepsen worker 0] jepsen.util: 0	:invoke	:read	[13 nil]
2026-03-04 13:56:37,920{GMT}	INFO	[jepsen worker 8] jepsen.util: 260	:info	:cas	[12 [4 2]]	:net-timeout
2026-03-04 13:56:37,920{GMT}	INFO	[jepsen worker 8] jepsen.util: 272	:invoke	:cas	[12 [1 0]]
2026-03-04 13:56:37,977{GMT}	INFO	[jepsen worker 9] jepsen.util: 261	:info	:cas	[12 [1 0]]	:net-timeout
2026-03-04 13:56:37,977{GMT}	INFO	[jepsen worker 9] jepsen.util: 273	:invoke	:write	[12 2]
2026-03-04 13:56:38,038{GMT}	INFO	[jepsen worker 10] jepsen.util: 274	:info	:write	[12 0]	:net-timeout
2026-03-04 13:56:38,038{GMT}	INFO	[jepsen worker 10] jepsen.util: 286	:invoke	:cas	[12 [2 2]]
2026-03-04 13:56:38,098{GMT}	INFO	[jepsen worker 11] jepsen.util: 263	:info	:cas	[12 [4 2]]	:net-timeout
2026-03-04 13:56:38,098{GMT}	INFO	[jepsen worker 11] jepsen.util: 275	:invoke	:cas	[12 [3 2]]
2026-03-04 13:56:38,133{GMT}	INFO	[jepsen worker 6] jepsen.util: 270	:info	:write	[12 4]	:net-timeout
2026-03-04 13:56:38,153{GMT}	INFO	[jepsen worker 6] jepsen.util: 282	:invoke	:cas	[12 [4 1]]
2026-03-04 13:56:38,186{GMT}	INFO	[jepsen worker 1] jepsen.util: 1	:fail	:read	[13 nil]	:net-timeout
2026-03-04 13:56:38,186{GMT}	INFO	[jepsen worker 1] jepsen.util: 1	:invoke	:read	[13 nil]
2026-03-04 13:56:38,244{GMT}	INFO	[jepsen worker 3] jepsen.util: 267	:info	:cas	[13 [2 3]]	:net-timeout
2026-03-04 13:56:38,244{GMT}	INFO	[jepsen worker 3] jepsen.util: 279	:invoke	:cas	[13 [1 1]]
2026-03-04 13:56:38,296{GMT}	INFO	[jepsen worker 2] jepsen.util: 2	:fail	:read	[13 nil]	:net-timeout
2026-03-04 13:56:38,296{GMT}	INFO	[jepsen worker 2] jepsen.util: 2	:invoke	:read	[13 nil]
2026-03-04 13:56:38,355{GMT}	INFO	[jepsen worker 7] jepsen.util: 259	:info	:write	[12 2]	:net-timeout
2026-03-04 13:56:38,356{GMT}	INFO	[jepsen worker 7] jepsen.util: 271	:invoke	:cas	[12 [4 3]]
2026-03-04 13:56:38,423{GMT}	INFO	[jepsen worker 4] jepsen.util: 256	:info	:cas	[13 [0 0]]	:net-timeout
2026-03-04 13:56:38,423{GMT}	INFO	[jepsen worker 4] jepsen.util: 268	:invoke	:write	[13 2]
2026-03-04 13:56:38,480{GMT}	INFO	[jepsen worker 5] jepsen.util: 257	:info	:cas	[13 [0 0]]	:net-timeout
2026-03-04 13:56:38,480{GMT}	INFO	[jepsen worker 5] jepsen.util: 269	:invoke	:write	[13 1]
2026-03-04 13:56:38,542{GMT}	INFO	[jepsen worker 0] jepsen.util: 0	:fail	:read	[13 nil]	:net-timeout
2026-03-04 13:56:38,542{GMT}	INFO	[jepsen worker 0] jepsen.util: 0	:invoke	:read	[13 nil]
2026-03-04 13:56:38,925{GMT}	INFO	[jepsen worker 8] jepsen.util: 272	:info	:cas	[12 [1 0]]	:net-timeout
2026-03-04 13:56:38,926{GMT}	INFO	[jepsen worker 8] jepsen.util: 284	:invoke	:write	[14 2]
2026-03-04 13:56:38,978{GMT}	INFO	[jepsen worker 9] jepsen.util: 273	:info	:write	[12 2]	:net-timeout
2026-03-04 13:56:38,979{GMT}	INFO	[jepsen worker 9] jepsen.util: 285	:invoke	:cas	[14 [1 0]]
2026-03-04 13:56:39,042{GMT}	INFO	[jepsen worker 10] jepsen.util: 286	:info	:cas	[12 [2 2]]	:net-timeout
2026-03-04 13:56:39,042{GMT}	INFO	[jepsen worker 10] jepsen.util: 298	:invoke	:write	[14 4]
2026-03-04 13:56:39,102{GMT}	INFO	[jepsen worker 11] jepsen.util: 275	:info	:cas	[12 [3 2]]	:net-timeout
2026-03-04 13:56:39,102{GMT}	INFO	[jepsen worker 11] jepsen.util: 287	:invoke	:write	[14 2]
2026-03-04 13:56:39,158{GMT}	INFO	[jepsen worker 6] jepsen.util: 282	:info	:cas	[12 [4 1]]	:net-timeout
2026-03-04 13:56:39,158{GMT}	INFO	[jepsen worker 6] jepsen.util: 294	:invoke	:cas	[14 [1 1]]
2026-03-04 13:56:39,186{GMT}	INFO	[jepsen worker 1] jepsen.util: 1	:fail	:read	[13 nil]	:net-timeout
2026-03-04 13:56:39,225{GMT}	INFO	[jepsen worker 1] jepsen.util: 1	:invoke	:read	[13 nil]
2026-03-04 13:56:39,248{GMT}	INFO	[jepsen worker 3] jepsen.util: 279	:info	:cas	[13 [1 1]]	:net-timeout
2026-03-04 13:56:39,248{GMT}	INFO	[jepsen worker 3] jepsen.util: 291	:invoke	:cas	[13 [3 3]]
2026-03-04 13:56:39,301{GMT}	INFO	[jepsen worker 2] jepsen.util: 2	:fail	:read	[13 nil]	:net-timeout
2026-03-04 13:56:39,301{GMT}	INFO	[jepsen worker 2] jepsen.util: 2	:invoke	:read	[13 nil]
2026-03-04 13:56:39,358{GMT}	INFO	[jepsen worker 7] jepsen.util: 271	:info	:cas	[12 [4 3]]	:net-timeout
2026-03-04 13:56:39,358{GMT}	INFO	[jepsen worker 7] jepsen.util: 283	:invoke	:cas	[14 [4 0]]
2026-03-04 13:56:39,428{GMT}	INFO	[jepsen worker 4] jepsen.util: 268	:info	:write	[13 2]	:net-timeout
2026-03-04 13:56:39,428{GMT}	INFO	[jepsen worker 4] jepsen.util: 280	:invoke	:cas	[13 [3 4]]
2026-03-04 13:56:39,483{GMT}	INFO	[jepsen worker 5] jepsen.util: 269	:info	:write	[13 1]	:net-timeout
2026-03-04 13:56:39,493{GMT}	INFO	[jepsen worker 5] jepsen.util: 281	:invoke	:cas	[13 [4 2]]
2026-03-04 13:56:39,547{GMT}	INFO	[jepsen worker 0] jepsen.util: 0	:fail	:read	[13 nil]	:net-timeout
2026-03-04 13:56:39,547{GMT}	INFO	[jepsen worker 0] jepsen.util: 0	:invoke	:read	[13 nil]
2026-03-04 13:56:39,930{GMT}	INFO	[jepsen worker 8] jepsen.util: 284	:info	:write	[14 2]	:net-timeout
2026-03-04 13:56:39,930{GMT}	INFO	[jepsen worker 8] jepsen.util: 296	:invoke	:cas	[14 [1 2]]
2026-03-04 13:56:39,980{GMT}	INFO	[jepsen worker 9] jepsen.util: 285	:info	:cas	[14 [1 0]]	:net-timeout
2026-03-04 13:56:39,986{GMT}	INFO	[jepsen worker 9] jepsen.util: 297	:invoke	:cas	[14 [3 0]]
2026-03-04 13:56:40,047{GMT}	INFO	[jepsen worker 10] jepsen.util: 298	:info	:write	[14 4]	:net-timeout
2026-03-04 13:56:40,048{GMT}	INFO	[jepsen worker 10] jepsen.util: 310	:invoke	:write	[14 1]
2026-03-04 13:56:40,106{GMT}	INFO	[jepsen worker 11] jepsen.util: 287	:info	:write	[14 2]	:net-timeout
2026-03-04 13:56:40,107{GMT}	INFO	[jepsen worker 11] jepsen.util: 299	:invoke	:cas	[14 [1 0]]
2026-03-04 13:56:40,158{GMT}	INFO	[jepsen worker 6] jepsen.util: 294	:info	:cas	[14 [1 1]]	:net-timeout
2026-03-04 13:56:40,172{GMT}	INFO	[jepsen worker 6] jepsen.util: 306	:invoke	:write	[14 1]
2026-03-04 13:56:40,229{GMT}	INFO	[jepsen worker 1] jepsen.util: 1	:fail	:read	[13 nil]	:net-timeout
2026-03-04 13:56:40,230{GMT}	INFO	[jepsen worker 1] jepsen.util: 1	:invoke	:read	[13 nil]
2026-03-04 13:56:40,252{GMT}	INFO	[jepsen worker 3] jepsen.util: 291	:info	:cas	[13 [3 3]]	:net-timeout
2026-03-04 13:56:40,252{GMT}	INFO	[jepsen worker 3] jepsen.util: 303	:invoke	:cas	[13 [4 1]]
2026-03-04 13:56:40,301{GMT}	INFO	[jepsen worker 2] jepsen.util: 2	:fail	:read	[13 nil]	:net-timeout
2026-03-04 13:56:40,301{GMT}	INFO	[jepsen worker 2] jepsen.util: 2	:invoke	:read	[13 nil]
2026-03-04 13:56:40,362{GMT}	INFO	[jepsen worker 7] jepsen.util: 283	:info	:cas	[14 [4 0]]	:net-timeout
2026-03-04 13:56:40,362{GMT}	INFO	[jepsen worker 7] jepsen.util: 295	:invoke	:cas	[14 [2 0]]
2026-03-04 13:56:40,432{GMT}	INFO	[jepsen worker 4] jepsen.util: 280	:info	:cas	[13 [3 4]]	:net-timeout
2026-03-04 13:56:40,432{GMT}	INFO	[jepsen worker 4] jepsen.util: 292	:invoke	:write	[13 2]
2026-03-04 13:56:40,495{GMT}	INFO	[jepsen worker 5] jepsen.util: 281	:info	:cas	[13 [4 2]]	:net-timeout
2026-03-04 13:56:40,495{GMT}	INFO	[jepsen worker 5] jepsen.util: 293	:invoke	:write	[13 2]
2026-03-04 13:56:40,550{GMT}	INFO	[jepsen worker 0] jepsen.util: 0	:fail	:read	[13 nil]	:net-timeout
2026-03-04 13:56:40,550{GMT}	INFO	[jepsen worker 0] jepsen.util: 0	:invoke	:read	[13 nil]
2026-03-04 13:56:40,930{GMT}	INFO	[jepsen worker 8] jepsen.util: 296	:info	:cas	[14 [1 2]]	:net-timeout
2026-03-04 13:56:40,931{GMT}	INFO	[jepsen worker 8] jepsen.util: 308	:invoke	:cas	[14 [1 0]]
2026-03-04 13:56:40,940{GMT}	INFO	[jepsen worker 11] jepsen.util: 299	:fail	:cas	[14 [1 0]]	[:precondition-failed "expected 1 but had 2"]
2026-03-04 13:56:40,940{GMT}	INFO	[jepsen worker 2] jepsen.util: 2	:ok	:read	[13 1]
2026-03-04 13:56:40,941{GMT}	INFO	[jepsen worker 5] jepsen.util: 293	:ok	:write	[13 2]
2026-03-04 13:56:40,942{GMT}	INFO	[jepsen worker 8] jepsen.util: 308	:fail	:cas	[14 [1 0]]	[:precondition-failed "expected 1 but had 2"]
2026-03-04 13:56:40,943{GMT}	INFO	[jepsen worker 8] jepsen.util: 308	:invoke	:cas	[14 [4 3]]
2026-03-04 13:56:40,944{GMT}	INFO	[jepsen worker 8] jepsen.util: 308	:fail	:cas	[14 [4 3]]	[:precondition-failed "expected 4 but had 2"]
2026-03-04 13:56:40,978{GMT}	INFO	[jepsen worker 9] jepsen.util: 297	:fail	:cas	[14 [3 0]]	[:precondition-failed "expected 3 but had 2"]
2026-03-04 13:56:40,979{GMT}	INFO	[jepsen worker 6] jepsen.util: 306	:ok	:write	[14 1]
2026-03-04 13:56:40,980{GMT}	INFO	[jepsen worker 3] jepsen.util: 303	:fail	:cas	[13 [4 1]]	[:precondition-failed "expected 4 but had 3"]
2026-03-04 13:56:40,980{GMT}	INFO	[jepsen worker 0] jepsen.util: 0	:ok	:read	[13 3]
2026-03-04 13:56:40,988{GMT}	INFO	[jepsen worker 6] jepsen.util: 306	:invoke	:cas	[14 [3 3]]
2026-03-04 13:56:40,989{GMT}	INFO	[jepsen worker 6] jepsen.util: 306	:fail	:cas	[14 [3 3]]	[:precondition-failed "expected 3 but had 1"]
2026-03-04 13:56:41,017{GMT}	INFO	[jepsen worker 10] jepsen.util: 310	:ok	:write	[14 1]
2026-03-04 13:56:41,018{GMT}	INFO	[jepsen worker 1] jepsen.util: 1	:ok	:read	[13 2]
2026-03-04 13:56:41,019{GMT}	INFO	[jepsen worker 7] jepsen.util: 295	:fail	:cas	[14 [2 0]]	[:precondition-failed "expected 2 but had 1"]
2026-03-04 13:56:41,019{GMT}	INFO	[jepsen worker 4] jepsen.util: 292	:ok	:write	[13 2]
2026-03-04 13:56:41,041{GMT}	INFO	[jepsen worker 6] jepsen.util: 306	:invoke	:cas	[14 [4 1]]
2026-03-04 13:56:41,043{GMT}	INFO	[jepsen worker 6] jepsen.util: 306	:fail	:cas	[14 [4 1]]	[:precondition-failed "expected 4 but had 1"]
2026-03-04 13:56:41,105{GMT}	INFO	[jepsen worker 3] jepsen.util: 303	:invoke	:cas	[13 [1 0]]
2026-03-04 13:56:41,107{GMT}	INFO	[jepsen worker 3] jepsen.util: 303	:fail	:cas	[13 [1 0]]	[:precondition-failed "expected 1 but had 2"]
2026-03-04 13:56:41,125{GMT}	INFO	[jepsen worker 0] jepsen.util: 0	:invoke	:read	[13 nil]
2026-03-04 13:56:41,127{GMT}	INFO	[jepsen worker 0] jepsen.util: 0	:ok	:read	[13 2]
2026-03-04 13:56:41,127{GMT}	INFO	[jepsen worker 4] jepsen.util: 292	:invoke	:cas	[13 [2 0]]
2026-03-04 13:56:41,129{GMT}	INFO	[jepsen worker 4] jepsen.util: 292	:ok	:cas	[13 [2 0]]
2026-03-04 13:56:41,192{GMT}	INFO	[jepsen worker 5] jepsen.util: 293	:invoke	:cas	[13 [3 4]]
2026-03-04 13:56:41,194{GMT}	INFO	[jepsen worker 0] jepsen.util: 0	:invoke	:read	[13 nil]
2026-03-04 13:56:41,195{GMT}	INFO	[jepsen worker 5] jepsen.util: 293	:fail	:cas	[13 [3 4]]	[:precondition-failed "expected 3 but had 0"]
2026-03-04 13:56:41,196{GMT}	INFO	[jepsen worker 0] jepsen.util: 0	:ok	:read	[13 0]
2026-03-04 13:56:41,261{GMT}	INFO	[jepsen worker 7] jepsen.util: 295	:invoke	:write	[14 2]
2026-03-04 13:56:41,263{GMT}	INFO	[jepsen worker 7] jepsen.util: 295	:ok	:write	[14 2]
2026-03-04 13:56:41,290{GMT}	INFO	[jepsen worker 8] jepsen.util: 308	:invoke	:cas	[14 [3 3]]
2026-03-04 13:56:41,293{GMT}	INFO	[jepsen worker 8] jepsen.util: 308	:fail	:cas	[14 [3 3]]	[:precondition-failed "expected 3 but had 2"]
2026-03-04 13:56:41,325{GMT}	INFO	[jepsen worker 9] jepsen.util: 297	:invoke	:cas	[14 [1 4]]
2026-03-04 13:56:41,327{GMT}	INFO	[jepsen worker 9] jepsen.util: 297	:fail	:cas	[14 [1 4]]	[:precondition-failed "expected 1 but had 2"]
2026-03-04 13:56:41,386{GMT}	INFO	[jepsen worker 3] jepsen.util: 303	:invoke	:cas	[13 [2 0]]
2026-03-04 13:56:41,391{GMT}	INFO	[jepsen worker 3] jepsen.util: 303	:fail	:cas	[13 [2 0]]	[:precondition-failed "expected 2 but had 0"]
2026-03-04 13:56:41,457{GMT}	INFO	[jepsen worker 0] jepsen.util: 0	:invoke	:read	[13 nil]
2026-03-04 13:56:41,462{GMT}	INFO	[jepsen worker 0] jepsen.util: 0	:ok	:read	[13 0]
2026-03-04 13:56:41,482{GMT}	INFO	[jepsen worker 6] jepsen.util: 306	:invoke	:cas	[14 [1 1]]
2026-03-04 13:56:41,485{GMT}	INFO	[jepsen worker 6] jepsen.util: 306	:fail	:cas	[14 [1 1]]	[:precondition-failed "expected 1 but had 2"]
2026-03-04 13:56:41,513{GMT}	INFO	[jepsen worker 0] jepsen.util: 0	:invoke	:read	[13 nil]
2026-03-04 13:56:41,516{GMT}	INFO	[jepsen worker 0] jepsen.util: 0	:ok	:read	[13 0]
2026-03-04 13:56:41,563{GMT}	INFO	[jepsen worker 6] jepsen.util: 306	:invoke	:cas	[14 [2 4]]
2026-03-04 13:56:41,568{GMT}	INFO	[jepsen worker 6] jepsen.util: 306	:ok	:cas	[14 [2 4]]
2026-03-04 13:56:41,607{GMT}	INFO	[jepsen worker 3] jepsen.util: 303	:invoke	:cas	[13 [3 3]]
2026-03-04 13:56:41,611{GMT}	INFO	[jepsen worker 3] jepsen.util: 303	:fail	:cas	[13 [3 3]]	[:precondition-failed "expected 3 but had 0"]
2026-03-04 13:56:41,611{GMT}	INFO	[jepsen worker 0] jepsen.util: 0	:invoke	:read	[13 nil]
2026-03-04 13:56:41,614{GMT}	INFO	[jepsen worker 0] jepsen.util: 0	:ok	:read	[13 0]
2026-03-04 13:56:41,660{GMT}	INFO	[jepsen worker 4] jepsen.util: 292	:invoke	:write	[13 2]
2026-03-04 13:56:41,664{GMT}	INFO	[jepsen worker 4] jepsen.util: 292	:ok	:write	[13 2]
2026-03-04 13:56:41,692{GMT}	INFO	[jepsen worker 6] jepsen.util: 306	:invoke	:cas	[14 [1 2]]
2026-03-04 13:56:41,694{GMT}	INFO	[jepsen worker 6] jepsen.util: 306	:fail	:cas	[14 [1 2]]	[:precondition-failed "expected 1 but had 4"]
2026-03-04 13:56:41,704{GMT}	INFO	[jepsen worker 6] jepsen.util: 306	:invoke	:cas	[14 [1 2]]
2026-03-04 13:56:41,706{GMT}	INFO	[jepsen worker 6] jepsen.util: 306	:fail	:cas	[14 [1 2]]	[:precondition-failed "expected 1 but had 4"]
2026-03-04 13:56:41,724{GMT}	INFO	[jepsen worker 7] jepsen.util: 295	:invoke	:write	[14 2]
2026-03-04 13:56:41,726{GMT}	INFO	[jepsen worker 7] jepsen.util: 295	:ok	:write	[14 2]
2026-03-04 13:56:41,791{GMT}	INFO	[jepsen worker 0] jepsen.util: 0	:invoke	:read	[13 nil]
2026-03-04 13:56:41,793{GMT}	INFO	[jepsen worker 0] jepsen.util: 0	:ok	:read	[13 2]
2026-03-04 13:56:41,834{GMT}	INFO	[jepsen worker 0] jepsen.util: 0	:invoke	:read	[13 nil]
2026-03-04 13:56:41,837{GMT}	INFO	[jepsen worker 0] jepsen.util: 0	:ok	:read	[13 2]
2026-03-04 13:56:41,849{GMT}	INFO	[jepsen worker 10] jepsen.util: 310	:invoke	:cas	[14 [0 1]]
2026-03-04 13:56:41,854{GMT}	INFO	[jepsen worker 10] jepsen.util: 310	:fail	:cas	[14 [0 1]]	[:precondition-failed "expected 0 but had 2"]
2026-03-04 13:56:41,903{GMT}	INFO	[jepsen worker 3] jepsen.util: 303	:invoke	:cas	[13 [1 1]]
2026-03-04 13:56:41,906{GMT}	INFO	[jepsen worker 3] jepsen.util: 303	:fail	:cas	[13 [1 1]]	[:precondition-failed "expected 1 but had 2"]
2026-03-04 13:56:41,916{GMT}	INFO	[jepsen worker 6] jepsen.util: 306	:invoke	:cas	[14 [2 2]]
2026-03-04 13:56:41,921{GMT}	INFO	[jepsen worker 6] jepsen.util: 306	:ok	:cas	[14 [2 2]]
2026-03-04 13:56:41,978{GMT}	INFO	[jepsen worker 0] jepsen.util: 0	:invoke	:read	[13 nil]
2026-03-04 13:56:41,981{GMT}	INFO	[jepsen worker 0] jepsen.util: 0	:ok	:read	[13 2]
2026-03-04 13:56:42,047{GMT}	INFO	[jepsen worker 6] jepsen.util: 306	:invoke	:cas	[14 [2 0]]
2026-03-04 13:56:42,054{GMT}	INFO	[jepsen worker 6] jepsen.util: 306	:ok	:cas	[14 [2 0]]
2026-03-04 13:56:42,109{GMT}	INFO	[jepsen worker 3] jepsen.util: 303	:invoke	:cas	[13 [1 1]]
2026-03-04 13:56:42,113{GMT}	INFO	[jepsen worker 3] jepsen.util: 303	:fail	:cas	[13 [1 1]]	[:precondition-failed "expected 1 but had 2"]
2026-03-04 13:56:42,126{GMT}	INFO	[jepsen worker 3] jepsen.util: 303	:invoke	:write	[13 1]
2026-03-04 13:56:42,128{GMT}	INFO	[jepsen worker 3] jepsen.util: 303	:ok	:write	[13 1]
2026-03-04 13:56:42,173{GMT}	INFO	[jepsen worker 6] jepsen.util: 306	:invoke	:write	[14 1]
2026-03-04 13:56:42,175{GMT}	INFO	[jepsen worker 6] jepsen.util: 306	:ok	:write	[14 1]
2026-03-04 13:56:42,180{GMT}	INFO	[jepsen worker 5] jepsen.util: 293	:invoke	:write	[13 0]
2026-03-04 13:56:42,182{GMT}	INFO	[jepsen worker 5] jepsen.util: 293	:ok	:write	[13 0]
2026-03-04 13:56:42,249{GMT}	INFO	[jepsen worker 6] jepsen.util: 306	:invoke	:cas	[14 [4 0]]
2026-03-04 13:56:42,251{GMT}	INFO	[jepsen worker 6] jepsen.util: 306	:fail	:cas	[14 [4 0]]	[:precondition-failed "expected 4 but had 1"]
2026-03-04 13:56:42,307{GMT}	INFO	[jepsen worker 7] jepsen.util: 295	:invoke	:cas	[14 [4 3]]
2026-03-04 13:56:42,311{GMT}	INFO	[jepsen worker 7] jepsen.util: 295	:fail	:cas	[14 [4 3]]	[:precondition-failed "expected 4 but had 1"]
2026-03-04 13:56:42,331{GMT}	INFO	[jepsen worker 0] jepsen.util: 0	:invoke	:read	[13 nil]
2026-03-04 13:56:42,333{GMT}	INFO	[jepsen worker 0] jepsen.util: 0	:ok	:read	[13 0]
2026-03-04 13:56:42,349{GMT}	INFO	[jepsen worker 9] jepsen.util: 297	:invoke	:write	[14 2]
2026-03-04 13:56:42,352{GMT}	INFO	[jepsen worker 9] jepsen.util: 297	:ok	:write	[14 2]
2026-03-04 13:56:42,359{GMT}	INFO	[jepsen worker 3] jepsen.util: 303	:invoke	:cas	[13 [1 4]]
2026-03-04 13:56:42,359{GMT}	INFO	[jepsen worker 11] jepsen.util: 299	:invoke	:write	[14 1]
2026-03-04 13:56:42,362{GMT}	INFO	[jepsen worker 11] jepsen.util: 299	:ok	:write	[14 1]
2026-03-04 13:56:42,362{GMT}	INFO	[jepsen worker 3] jepsen.util: 303	:fail	:cas	[13 [1 4]]	[:precondition-failed "expected 1 but had 0"]
2026-03-04 13:56:42,429{GMT}	INFO	[jepsen worker 6] jepsen.util: 306	:invoke	:write	[14 0]
2026-03-04 13:56:42,432{GMT}	INFO	[jepsen worker 6] jepsen.util: 306	:ok	:write	[14 0]
2026-03-04 13:56:42,470{GMT}	INFO	[jepsen worker 0] jepsen.util: 0	:invoke	:read	[13 nil]
2026-03-04 13:56:42,473{GMT}	INFO	[jepsen worker 0] jepsen.util: 0	:ok	:read	[13 0]
2026-03-04 13:56:42,534{GMT}	INFO	[jepsen worker 3] jepsen.util: 303	:invoke	:cas	[13 [0 2]]
2026-03-04 13:56:42,540{GMT}	INFO	[jepsen worker 3] jepsen.util: 303	:ok	:cas	[13 [0 2]]
2026-03-04 13:56:42,602{GMT}	INFO	[jepsen worker 6] jepsen.util: 306	:invoke	:write	[14 3]
2026-03-04 13:56:42,606{GMT}	INFO	[jepsen worker 6] jepsen.util: 306	:ok	:write	[14 3]
2026-03-04 13:56:42,613{GMT}	INFO	[jepsen worker 6] jepsen.util: 306	:invoke	:cas	[14 [1 3]]
2026-03-04 13:56:42,617{GMT}	INFO	[jepsen worker 6] jepsen.util: 306	:fail	:cas	[14 [1 3]]	[:precondition-failed "expected 1 but had 3"]
2026-03-04 13:56:42,663{GMT}	INFO	[jepsen worker 0] jepsen.util: 0	:invoke	:read	[13 nil]
2026-03-04 13:56:42,667{GMT}	INFO	[jepsen worker 0] jepsen.util: 0	:ok	:read	[13 2]
2026-03-04 13:56:42,707{GMT}	INFO	[jepsen worker 6] jepsen.util: 306	:invoke	:write	[14 1]
2026-03-04 13:56:42,711{GMT}	INFO	[jepsen worker 6] jepsen.util: 306	:ok	:write	[14 1]
2026-03-04 13:56:42,721{GMT}	INFO	[jepsen worker 6] jepsen.util: 306	:invoke	:write	[14 4]
2026-03-04 13:56:42,725{GMT}	INFO	[jepsen worker 6] jepsen.util: 306	:ok	:write	[14 4]
2026-03-04 13:56:42,766{GMT}	INFO	[jepsen worker 7] jepsen.util: 295	:invoke	:cas	[14 [4 2]]
2026-03-04 13:56:42,772{GMT}	INFO	[jepsen worker 7] jepsen.util: 295	:ok	:cas	[14 [4 2]]
2026-03-04 13:56:42,778{GMT}	INFO	[jepsen worker 3] jepsen.util: 303	:invoke	:cas	[13 [4 1]]
2026-03-04 13:56:42,781{GMT}	INFO	[jepsen worker 3] jepsen.util: 303	:fail	:cas	[13 [4 1]]	[:precondition-failed "expected 4 but had 2"]
2026-03-04 13:56:42,808{GMT}	INFO	[jepsen worker 3] jepsen.util: 303	:invoke	:write	[13 3]
2026-03-04 13:56:42,810{GMT}	INFO	[jepsen worker 3] jepsen.util: 303	:ok	:write	[13 3]
2026-03-04 13:56:42,818{GMT}	INFO	[jepsen worker 0] jepsen.util: 0	:invoke	:read	[13 nil]
2026-03-04 13:56:42,820{GMT}	INFO	[jepsen worker 0] jepsen.util: 0	:ok	:read	[13 3]
2026-03-04 13:56:42,837{GMT}	INFO	[jepsen worker 11] jepsen.util: 299	:invoke	:write	[14 0]
2026-03-04 13:56:42,839{GMT}	INFO	[jepsen worker 11] jepsen.util: 299	:ok	:write	[14 0]
2026-03-04 13:56:42,874{GMT}	INFO	[jepsen worker 6] jepsen.util: 306	:invoke	:cas	[14 [1 2]]
2026-03-04 13:56:42,876{GMT}	INFO	[jepsen worker 6] jepsen.util: 306	:fail	:cas	[14 [1 2]]	[:precondition-failed "expected 1 but had 0"]
2026-03-04 13:56:42,879{GMT}	INFO	[jepsen worker 6] jepsen.util: 306	:invoke	:write	[14 4]
2026-03-04 13:56:42,881{GMT}	INFO	[jepsen worker 6] jepsen.util: 306	:ok	:write	[14 4]
2026-03-04 13:56:42,930{GMT}	INFO	[jepsen worker 6] jepsen.util: 306	:invoke	:cas	[14 [2 4]]
2026-03-04 13:56:42,948{GMT}	INFO	[jepsen worker 2] jepsen.util: 2	:invoke	:read	[13 nil]
2026-03-04 13:56:43,018{GMT}	INFO	[jepsen worker 0] jepsen.util: 0	:invoke	:read	[13 nil]
2026-03-04 13:56:43,044{GMT}	INFO	[jepsen worker 7] jepsen.util: 295	:invoke	:cas	[14 [0 0]]
2026-03-04 13:56:43,092{GMT}	INFO	[jepsen worker 5] jepsen.util: 293	:invoke	:cas	[13 [0 1]]
2026-03-04 13:56:43,110{GMT}	INFO	[jepsen worker 1] jepsen.util: 1	:invoke	:read	[13 nil]
2026-03-04 13:56:43,142{GMT}	INFO	[jepsen worker 8] jepsen.util: 308	:invoke	:write	[14 1]
2026-03-04 13:56:43,148{GMT}	INFO	[jepsen worker 3] jepsen.util: 303	:invoke	:cas	[13 [4 3]]
2026-03-04 13:56:43,202{GMT}	INFO	[jepsen worker 4] jepsen.util: 292	:invoke	:cas	[13 [3 2]]
2026-03-04 13:56:43,266{GMT}	INFO	[jepsen worker 10] jepsen.util: 310	:invoke	:cas	[14 [2 1]]
2026-03-04 13:56:43,323{GMT}	INFO	[jepsen worker 11] jepsen.util: 299	:invoke	:cas	[14 [4 4]]
2026-03-04 13:56:43,338{GMT}	INFO	[jepsen worker 9] jepsen.util: 297	:invoke	:write	[14 2]
2026-03-04 13:56:43,934{GMT}	INFO	[jepsen worker 6] jepsen.util: 306	:info	:cas	[14 [2 4]]	:net-timeout
2026-03-04 13:56:43,935{GMT}	INFO	[jepsen worker 6] jepsen.util: 318	:invoke	:write	[14 3]
2026-03-04 13:56:43,952{GMT}	INFO	[jepsen worker 2] jepsen.util: 2	:fail	:read	[13 nil]	:net-timeout
2026-03-04 13:56:43,964{GMT}	INFO	[jepsen worker 2] jepsen.util: 2	:invoke	:read	[13 nil]
2026-03-04 13:56:44,019{GMT}	INFO	[jepsen worker 0] jepsen.util: 0	:fail	:read	[13 nil]	:net-timeout
2026-03-04 13:56:44,020{GMT}	INFO	[jepsen worker 0] jepsen.util: 0	:invoke	:read	[13 nil]
2026-03-04 13:56:44,046{GMT}	INFO	[jepsen worker 7] jepsen.util: 295	:info	:cas	[14 [0 0]]	:net-timeout
2026-03-04 13:56:44,076{GMT}	INFO	[jepsen worker 7] jepsen.util: 307	:invoke	:write	[14 2]
2026-03-04 13:56:44,094{GMT}	INFO	[jepsen worker 5] jepsen.util: 293	:info	:cas	[13 [0 1]]	:net-timeout
2026-03-04 13:56:44,113{GMT}	INFO	[jepsen worker 1] jepsen.util: 1	:fail	:read	[13 nil]	:net-timeout
2026-03-04 13:56:44,139{GMT}	INFO	[jepsen worker 5] jepsen.util: 305	:invoke	:cas	[13 [1 4]]
2026-03-04 13:56:44,146{GMT}	INFO	[jepsen worker 8] jepsen.util: 308	:info	:write	[14 1]	:net-timeout
2026-03-04 13:56:44,152{GMT}	INFO	[jepsen worker 3] jepsen.util: 303	:info	:cas	[13 [4 3]]	:net-timeout
2026-03-04 13:56:44,178{GMT}	INFO	[jepsen worker 3] jepsen.util: 315	:invoke	:cas	[15 [3 4]]
2026-03-04 13:56:44,203{GMT}	INFO	[jepsen worker 4] jepsen.util: 292	:info	:cas	[13 [3 2]]	:net-timeout
2026-03-04 13:56:44,214{GMT}	INFO	[jepsen worker 8] jepsen.util: 320	:invoke	:write	[16 0]
2026-03-04 13:56:44,245{GMT}	INFO	[jepsen worker 4] jepsen.util: 304	:invoke	:cas	[15 [3 2]]
2026-03-04 13:56:44,270{GMT}	INFO	[jepsen worker 10] jepsen.util: 310	:info	:cas	[14 [2 1]]	:net-timeout
2026-03-04 13:56:44,297{GMT}	INFO	[jepsen worker 10] jepsen.util: 322	:invoke	:write	[16 3]
2026-03-04 13:56:44,325{GMT}	INFO	[jepsen worker 1] jepsen.util: 1	:invoke	:read	[15 nil]
2026-03-04 13:56:44,325{GMT}	INFO	[jepsen worker 11] jepsen.util: 299	:info	:cas	[14 [4 4]]	:net-timeout
2026-03-04 13:56:44,341{GMT}	INFO	[jepsen worker 9] jepsen.util: 297	:info	:write	[14 2]	:net-timeout
2026-03-04 13:56:44,390{GMT}	INFO	[jepsen worker 11] jepsen.util: 311	:invoke	:write	[16 0]
2026-03-04 13:56:44,427{GMT}	INFO	[jepsen worker 9] jepsen.util: 309	:invoke	:cas	[16 [2 1]]
2026-03-04 13:56:44,938{GMT}	INFO	[jepsen worker 6] jepsen.util: 318	:info	:write	[14 3]	:net-timeout
2026-03-04 13:56:44,938{GMT}	INFO	[jepsen worker 6] jepsen.util: 330	:invoke	:write	[16 2]
2026-03-04 13:56:44,969{GMT}	INFO	[jepsen worker 2] jepsen.util: 2	:fail	:read	[13 nil]	:net-timeout
2026-03-04 13:56:44,969{GMT}	INFO	[jepsen worker 2] jepsen.util: 2	:invoke	:read	[15 nil]
2026-03-04 13:56:45,023{GMT}	INFO	[jepsen worker 0] jepsen.util: 0	:fail	:read	[13 nil]	:net-timeout
2026-03-04 13:56:45,023{GMT}	INFO	[jepsen worker 0] jepsen.util: 0	:invoke	:read	[15 nil]
2026-03-04 13:56:45,081{GMT}	INFO	[jepsen worker 7] jepsen.util: 307	:info	:write	[14 2]	:net-timeout
2026-03-04 13:56:45,082{GMT}	INFO	[jepsen worker 7] jepsen.util: 319	:invoke	:cas	[16 [0 4]]
2026-03-04 13:56:45,144{GMT}	INFO	[jepsen worker 5] jepsen.util: 305	:info	:cas	[13 [1 4]]	:net-timeout
2026-03-04 13:56:45,144{GMT}	INFO	[jepsen worker 5] jepsen.util: 317	:invoke	:write	[15 3]
2026-03-04 13:56:45,183{GMT}	INFO	[jepsen worker 3] jepsen.util: 315	:info	:cas	[15 [3 4]]	:net-timeout
2026-03-04 13:56:45,183{GMT}	INFO	[jepsen worker 3] jepsen.util: 327	:invoke	:cas	[15 [1 2]]
2026-03-04 13:56:45,219{GMT}	INFO	[jepsen worker 8] jepsen.util: 320	:info	:write	[16 0]	:net-timeout
2026-03-04 13:56:45,242{GMT}	INFO	[jepsen worker 8] jepsen.util: 332	:invoke	:write	[16 0]
2026-03-04 13:56:45,250{GMT}	INFO	[jepsen worker 4] jepsen.util: 304	:info	:cas	[15 [3 2]]	:net-timeout
2026-03-04 13:56:45,300{GMT}	INFO	[jepsen worker 4] jepsen.util: 316	:invoke	:cas	[15 [1 0]]
2026-03-04 13:56:45,301{GMT}	INFO	[jepsen worker 10] jepsen.util: 322	:info	:write	[16 3]	:net-timeout
2026-03-04 13:56:45,329{GMT}	INFO	[jepsen worker 1] jepsen.util: 1	:fail	:read	[15 nil]	:net-timeout
2026-03-04 13:56:45,348{GMT}	INFO	[jepsen worker 1] jepsen.util: 1	:invoke	:read	[15 nil]
2026-03-04 13:56:45,387{GMT}	INFO	[jepsen worker 10] jepsen.util: 334	:invoke	:cas	[16 [0 0]]
2026-03-04 13:56:45,395{GMT}	INFO	[jepsen worker 11] jepsen.util: 311	:info	:write	[16 0]	:net-timeout
2026-03-04 13:56:45,432{GMT}	INFO	[jepsen worker 9] jepsen.util: 309	:info	:cas	[16 [2 1]]	:net-timeout
2026-03-04 13:56:45,443{GMT}	INFO	[jepsen worker 9] jepsen.util: 321	:invoke	:write	[16 4]
2026-03-04 13:56:45,466{GMT}	INFO	[jepsen worker 11] jepsen.util: 323	:invoke	:cas	[16 [4 4]]
2026-03-04 13:56:45,943{GMT}	INFO	[jepsen worker 6] jepsen.util: 330	:info	:write	[16 2]	:net-timeout
2026-03-04 13:56:45,943{GMT}	INFO	[jepsen worker 6] jepsen.util: 342	:invoke	:cas	[16 [1 3]]
2026-03-04 13:56:45,974{GMT}	INFO	[jepsen worker 2] jepsen.util: 2	:fail	:read	[15 nil]	:net-timeout
2026-03-04 13:56:45,996{GMT}	INFO	[jepsen worker 2] jepsen.util: 2	:invoke	:read	[15 nil]
2026-03-04 13:56:46,028{GMT}	INFO	[jepsen worker 0] jepsen.util: 0	:fail	:read	[15 nil]	:net-timeout
2026-03-04 13:56:46,037{GMT}	INFO	[jepsen worker 0] jepsen.util: 0	:invoke	:read	[15 nil]
2026-03-04 13:56:46,086{GMT}	INFO	[jepsen worker 7] jepsen.util: 319	:info	:cas	[16 [0 4]]	:net-timeout
2026-03-04 13:56:46,086{GMT}	INFO	[jepsen worker 7] jepsen.util: 331	:invoke	:cas	[16 [1 4]]
2026-03-04 13:56:46,147{GMT}	INFO	[jepsen worker 5] jepsen.util: 317	:info	:write	[15 3]	:net-timeout
2026-03-04 13:56:46,147{GMT}	INFO	[jepsen worker 5] jepsen.util: 329	:invoke	:cas	[15 [4 0]]
2026-03-04 13:56:46,183{GMT}	INFO	[jepsen worker 3] jepsen.util: 327	:info	:cas	[15 [1 2]]	:net-timeout
2026-03-04 13:56:46,203{GMT}	INFO	[jepsen worker 3] jepsen.util: 339	:invoke	:cas	[15 [4 0]]
2026-03-04 13:56:46,243{GMT}	INFO	[jepsen worker 8] jepsen.util: 332	:info	:write	[16 0]	:net-timeout
2026-03-04 13:56:46,261{GMT}	INFO	[jepsen worker 8] jepsen.util: 344	:invoke	:cas	[16 [2 3]]
2026-03-04 13:56:46,303{GMT}	INFO	[jepsen worker 4] jepsen.util: 316	:info	:cas	[15 [1 0]]	:net-timeout
2026-03-04 13:56:46,303{GMT}	INFO	[jepsen worker 4] jepsen.util: 328	:invoke	:cas	[15 [1 0]]
2026-03-04 13:56:46,353{GMT}	INFO	[jepsen worker 1] jepsen.util: 1	:fail	:read	[15 nil]	:net-timeout
2026-03-04 13:56:46,353{GMT}	INFO	[jepsen worker 1] jepsen.util: 1	:invoke	:read	[15 nil]
2026-03-04 13:56:46,390{GMT}	INFO	[jepsen worker 10] jepsen.util: 334	:info	:cas	[16 [0 0]]	:net-timeout
2026-03-04 13:56:46,391{GMT}	INFO	[jepsen worker 10] jepsen.util: 346	:invoke	:write	[16 4]
2026-03-04 13:56:46,446{GMT}	INFO	[jepsen worker 9] jepsen.util: 321	:info	:write	[16 4]	:net-timeout
2026-03-04 13:56:46,446{GMT}	INFO	[jepsen worker 9] jepsen.util: 333	:invoke	:cas	[16 [1 3]]
2026-03-04 13:56:46,467{GMT}	INFO	[jepsen worker 11] jepsen.util: 323	:info	:cas	[16 [4 4]]	:net-timeout
2026-03-04 13:56:46,467{GMT}	INFO	[jepsen worker 11] jepsen.util: 335	:invoke	:cas	[17 [2 2]]
2026-03-04 13:56:46,948{GMT}	INFO	[jepsen worker 6] jepsen.util: 342	:info	:cas	[16 [1 3]]	:net-timeout
2026-03-04 13:56:46,948{GMT}	INFO	[jepsen worker 6] jepsen.util: 354	:invoke	:cas	[17 [3 1]]
2026-03-04 13:56:46,997{GMT}	INFO	[jepsen worker 2] jepsen.util: 2	:fail	:read	[15 nil]	:net-timeout
2026-03-04 13:56:46,997{GMT}	INFO	[jepsen worker 2] jepsen.util: 2	:invoke	:read	[15 nil]
2026-03-04 13:56:47,042{GMT}	INFO	[jepsen worker 0] jepsen.util: 0	:fail	:read	[15 nil]	:net-timeout
2026-03-04 13:56:47,042{GMT}	INFO	[jepsen worker 0] jepsen.util: 0	:invoke	:read	[15 nil]
2026-03-04 13:56:47,087{GMT}	INFO	[jepsen worker 7] jepsen.util: 331	:info	:cas	[16 [1 4]]	:net-timeout
2026-03-04 13:56:47,091{GMT}	INFO	[jepsen worker 7] jepsen.util: 343	:invoke	:write	[17 0]
2026-03-04 13:56:47,148{GMT}	INFO	[jepsen worker 5] jepsen.util: 329	:info	:cas	[15 [4 0]]	:net-timeout
2026-03-04 13:56:47,149{GMT}	INFO	[jepsen worker 5] jepsen.util: 341	:invoke	:cas	[15 [0 4]]
2026-03-04 13:56:47,207{GMT}	INFO	[jepsen worker 3] jepsen.util: 339	:info	:cas	[15 [4 0]]	:net-timeout
2026-03-04 13:56:47,208{GMT}	INFO	[jepsen worker 3] jepsen.util: 351	:invoke	:cas	[15 [0 0]]
2026-03-04 13:56:47,266{GMT}	INFO	[jepsen worker 8] jepsen.util: 344	:info	:cas	[16 [2 3]]	:net-timeout
2026-03-04 13:56:47,269{GMT}	INFO	[jepsen worker 8] jepsen.util: 356	:invoke	:write	[17 1]
2026-03-04 13:56:47,307{GMT}	INFO	[jepsen worker 4] jepsen.util: 328	:info	:cas	[15 [1 0]]	:net-timeout
2026-03-04 13:56:47,319{GMT}	INFO	[jepsen worker 4] jepsen.util: 340	:invoke	:write	[15 2]
2026-03-04 13:56:47,357{GMT}	INFO	[jepsen worker 1] jepsen.util: 1	:fail	:read	[15 nil]	:net-timeout
2026-03-04 13:56:47,357{GMT}	INFO	[jepsen worker 1] jepsen.util: 1	:invoke	:read	[15 nil]
2026-03-04 13:56:47,392{GMT}	INFO	[jepsen worker 10] jepsen.util: 346	:info	:write	[16 4]	:net-timeout
2026-03-04 13:56:47,392{GMT}	INFO	[jepsen worker 10] jepsen.util: 358	:invoke	:write	[17 1]
2026-03-04 13:56:47,451{GMT}	INFO	[jepsen worker 9] jepsen.util: 333	:info	:cas	[16 [1 3]]	:net-timeout
2026-03-04 13:56:47,451{GMT}	INFO	[jepsen worker 9] jepsen.util: 345	:invoke	:cas	[17 [3 0]]
2026-03-04 13:56:47,472{GMT}	INFO	[jepsen worker 11] jepsen.util: 335	:info	:cas	[17 [2 2]]	:net-timeout
2026-03-04 13:56:47,504{GMT}	INFO	[jepsen worker 11] jepsen.util: 347	:invoke	:write	[17 3]
2026-03-04 13:56:47,953{GMT}	INFO	[jepsen worker 6] jepsen.util: 354	:info	:cas	[17 [3 1]]	:net-timeout
2026-03-04 13:56:47,953{GMT}	INFO	[jepsen worker 6] jepsen.util: 366	:invoke	:cas	[17 [2 3]]
2026-03-04 13:56:48,002{GMT}	INFO	[jepsen worker 2] jepsen.util: 2	:fail	:read	[15 nil]	:net-timeout
2026-03-04 13:56:48,002{GMT}	INFO	[jepsen worker 2] jepsen.util: 2	:invoke	:read	[15 nil]
2026-03-04 13:56:48,047{GMT}	INFO	[jepsen worker 0] jepsen.util: 0	:fail	:read	[15 nil]	:net-timeout
2026-03-04 13:56:48,047{GMT}	INFO	[jepsen worker 0] jepsen.util: 0	:invoke	:read	[15 nil]
2026-03-04 13:56:48,095{GMT}	INFO	[jepsen worker 7] jepsen.util: 343	:info	:write	[17 0]	:net-timeout
2026-03-04 13:56:48,095{GMT}	INFO	[jepsen worker 7] jepsen.util: 355	:invoke	:write	[17 4]
2026-03-04 13:56:48,150{GMT}	INFO	[jepsen worker 5] jepsen.util: 341	:info	:cas	[15 [0 4]]	:net-timeout
2026-03-04 13:56:48,150{GMT}	INFO	[jepsen worker 5] jepsen.util: 353	:invoke	:cas	[15 [3 1]]
2026-03-04 13:56:48,208{GMT}	INFO	[jepsen worker 3] jepsen.util: 351	:info	:cas	[15 [0 0]]	:net-timeout
2026-03-04 13:56:48,208{GMT}	INFO	[jepsen worker 3] jepsen.util: 363	:invoke	:cas	[15 [4 2]]
2026-03-04 13:56:48,274{GMT}	INFO	[jepsen worker 8] jepsen.util: 356	:info	:write	[17 1]	:net-timeout
2026-03-04 13:56:48,274{GMT}	INFO	[jepsen worker 8] jepsen.util: 368	:invoke	:cas	[17 [0 3]]
2026-03-04 13:56:48,324{GMT}	INFO	[jepsen worker 4] jepsen.util: 340	:info	:write	[15 2]	:net-timeout
2026-03-04 13:56:48,324{GMT}	INFO	[jepsen worker 4] jepsen.util: 352	:invoke	:cas	[15 [2 4]]
2026-03-04 13:56:48,362{GMT}	INFO	[jepsen worker 1] jepsen.util: 1	:fail	:read	[15 nil]	:net-timeout
2026-03-04 13:56:48,362{GMT}	INFO	[jepsen worker 1] jepsen.util: 1	:invoke	:read	[15 nil]
2026-03-04 13:56:48,397{GMT}	INFO	[jepsen worker 10] jepsen.util: 358	:info	:write	[17 1]	:net-timeout
2026-03-04 13:56:48,407{GMT}	INFO	[jepsen worker 10] jepsen.util: 370	:invoke	:cas	[17 [3 0]]
2026-03-04 13:56:48,450{GMT}	INFO	[jepsen worker 9] jepsen.util: 345	:info	:cas	[17 [3 0]]	:net-timeout
2026-03-04 13:56:48,450{GMT}	INFO	[jepsen worker 9] jepsen.util: 357	:invoke	:cas	[17 [0 0]]
2026-03-04 13:56:48,508{GMT}	INFO	[jepsen worker 11] jepsen.util: 347	:info	:write	[17 3]	:net-timeout
2026-03-04 13:56:48,508{GMT}	INFO	[jepsen worker 11] jepsen.util: 359	:invoke	:write	[17 1]
2026-03-04 13:56:48,958{GMT}	INFO	[jepsen worker 6] jepsen.util: 366	:info	:cas	[17 [2 3]]	:net-timeout
2026-03-04 13:56:48,958{GMT}	INFO	[jepsen worker 6] jepsen.util: 378	:invoke	:cas	[17 [1 4]]
2026-03-04 13:56:49,004{GMT}	INFO	[jepsen worker 2] jepsen.util: 2	:fail	:read	[15 nil]	:net-timeout
2026-03-04 13:56:49,004{GMT}	INFO	[jepsen worker 2] jepsen.util: 2	:invoke	:read	[15 nil]
2026-03-04 13:56:49,052{GMT}	INFO	[jepsen worker 0] jepsen.util: 0	:fail	:read	[15 nil]	:net-timeout
2026-03-04 13:56:49,052{GMT}	INFO	[jepsen worker 0] jepsen.util: 0	:invoke	:read	[15 nil]
2026-03-04 13:56:49,100{GMT}	INFO	[jepsen worker 7] jepsen.util: 355	:info	:write	[17 4]	:net-timeout
2026-03-04 13:56:49,100{GMT}	INFO	[jepsen worker 7] jepsen.util: 367	:invoke	:cas	[17 [4 0]]
2026-03-04 13:56:49,154{GMT}	INFO	[jepsen worker 5] jepsen.util: 353	:info	:cas	[15 [3 1]]	:net-timeout
2026-03-04 13:56:49,155{GMT}	INFO	[jepsen worker 5] jepsen.util: 365	:invoke	:write	[15 0]
2026-03-04 13:56:49,208{GMT}	INFO	[jepsen worker 3] jepsen.util: 363	:info	:cas	[15 [4 2]]	:net-timeout
2026-03-04 13:56:49,214{GMT}	INFO	[jepsen worker 3] jepsen.util: 375	:invoke	:cas	[18 [3 4]]
2026-03-04 13:56:49,279{GMT}	INFO	[jepsen worker 8] jepsen.util: 368	:info	:cas	[17 [0 3]]	:net-timeout
2026-03-04 13:56:49,279{GMT}	INFO	[jepsen worker 8] jepsen.util: 380	:invoke	:cas	[19 [0 0]]
2026-03-04 13:56:49,324{GMT}	INFO	[jepsen worker 4] jepsen.util: 352	:info	:cas	[15 [2 4]]	:net-timeout
2026-03-04 13:56:49,325{GMT}	INFO	[jepsen worker 4] jepsen.util: 364	:invoke	:cas	[18 [4 4]]
2026-03-04 13:56:49,367{GMT}	INFO	[jepsen worker 1] jepsen.util: 1	:fail	:read	[15 nil]	:net-timeout
2026-03-04 13:56:49,368{GMT}	INFO	[jepsen worker 1] jepsen.util: 1	:invoke	:read	[18 nil]
2026-03-04 13:56:49,411{GMT}	INFO	[jepsen worker 10] jepsen.util: 370	:info	:cas	[17 [3 0]]	:net-timeout
2026-03-04 13:56:49,411{GMT}	INFO	[jepsen worker 10] jepsen.util: 382	:invoke	:cas	[19 [0 3]]
2026-03-04 13:56:49,455{GMT}	INFO	[jepsen worker 9] jepsen.util: 357	:info	:cas	[17 [0 0]]	:net-timeout
2026-03-04 13:56:49,455{GMT}	INFO	[jepsen worker 9] jepsen.util: 369	:invoke	:cas	[19 [1 3]]
2026-03-04 13:56:49,511{GMT}	INFO	[jepsen worker 11] jepsen.util: 359	:info	:write	[17 1]	:net-timeout
2026-03-04 13:56:49,523{GMT}	INFO	[jepsen worker 11] jepsen.util: 371	:invoke	:write	[19 2]
2026-03-04 13:56:49,963{GMT}	INFO	[jepsen worker 6] jepsen.util: 378	:info	:cas	[17 [1 4]]	:net-timeout
2026-03-04 13:56:49,963{GMT}	INFO	[jepsen worker 6] jepsen.util: 390	:invoke	:cas	[19 [0 4]]
2026-03-04 13:56:50,009{GMT}	INFO	[jepsen worker 2] jepsen.util: 2	:fail	:read	[15 nil]	:net-timeout
2026-03-04 13:56:50,009{GMT}	INFO	[jepsen worker 2] jepsen.util: 2	:invoke	:read	[18 nil]
2026-03-04 13:56:50,057{GMT}	INFO	[jepsen worker 0] jepsen.util: 0	:fail	:read	[15 nil]	:net-timeout
2026-03-04 13:56:50,072{GMT}	INFO	[jepsen worker 0] jepsen.util: 0	:invoke	:read	[18 nil]
2026-03-04 13:56:50,105{GMT}	INFO	[jepsen worker 7] jepsen.util: 367	:info	:cas	[17 [4 0]]	:net-timeout
2026-03-04 13:56:50,105{GMT}	INFO	[jepsen worker 7] jepsen.util: 379	:invoke	:cas	[19 [3 3]]
2026-03-04 13:56:50,158{GMT}	INFO	[jepsen worker 5] jepsen.util: 365	:info	:write	[15 0]	:net-timeout
2026-03-04 13:56:50,159{GMT}	INFO	[jepsen worker 5] jepsen.util: 377	:invoke	:cas	[18 [4 1]]
2026-03-04 13:56:50,215{GMT}	INFO	[jepsen worker 3] jepsen.util: 375	:info	:cas	[18 [3 4]]	:net-timeout
2026-03-04 13:56:50,215{GMT}	INFO	[jepsen worker 3] jepsen.util: 387	:invoke	:cas	[18 [3 2]]
2026-03-04 13:56:50,283{GMT}	INFO	[jepsen worker 8] jepsen.util: 380	:info	:cas	[19 [0 0]]	:net-timeout
2026-03-04 13:56:50,283{GMT}	INFO	[jepsen worker 8] jepsen.util: 392	:invoke	:cas	[19 [1 3]]
2026-03-04 13:56:50,330{GMT}	INFO	[jepsen worker 4] jepsen.util: 364	:info	:cas	[18 [4 4]]	:net-timeout
2026-03-04 13:56:50,330{GMT}	INFO	[jepsen worker 4] jepsen.util: 376	:invoke	:cas	[18 [4 3]]
2026-03-04 13:56:50,372{GMT}	INFO	[jepsen worker 1] jepsen.util: 1	:fail	:read	[18 nil]	:net-timeout
2026-03-04 13:56:50,373{GMT}	INFO	[jepsen worker 1] jepsen.util: 1	:invoke	:read	[18 nil]
2026-03-04 13:56:50,412{GMT}	INFO	[jepsen worker 10] jepsen.util: 382	:info	:cas	[19 [0 3]]	:net-timeout
2026-03-04 13:56:50,413{GMT}	INFO	[jepsen worker 10] jepsen.util: 394	:invoke	:cas	[19 [1 2]]
2026-03-04 13:56:50,460{GMT}	INFO	[jepsen worker 9] jepsen.util: 369	:info	:cas	[19 [1 3]]	:net-timeout
2026-03-04 13:56:50,460{GMT}	INFO	[jepsen worker 9] jepsen.util: 381	:invoke	:write	[19 2]
2026-03-04 13:56:50,526{GMT}	INFO	[jepsen worker 11] jepsen.util: 371	:info	:write	[19 2]	:net-timeout
2026-03-04 13:56:50,526{GMT}	INFO	[jepsen worker 11] jepsen.util: 383	:invoke	:write	[19 1]
2026-03-04 13:56:50,964{GMT}	INFO	[jepsen worker 6] jepsen.util: 390	:info	:cas	[19 [0 4]]	:net-timeout
2026-03-04 13:56:50,964{GMT}	INFO	[jepsen worker 6] jepsen.util: 402	:invoke	:cas	[19 [1 1]]
2026-03-04 13:56:51,014{GMT}	INFO	[jepsen worker 2] jepsen.util: 2	:fail	:read	[18 nil]	:net-timeout
2026-03-04 13:56:51,028{GMT}	INFO	[jepsen worker 2] jepsen.util: 2	:invoke	:read	[18 nil]
2026-03-04 13:56:51,073{GMT}	INFO	[jepsen worker 0] jepsen.util: 0	:fail	:read	[18 nil]	:net-timeout
2026-03-04 13:56:51,083{GMT}	INFO	[jepsen worker 0] jepsen.util: 0	:invoke	:read	[18 nil]
2026-03-04 13:56:51,109{GMT}	INFO	[jepsen worker 7] jepsen.util: 379	:info	:cas	[19 [3 3]]	:net-timeout
2026-03-04 13:56:51,140{GMT}	INFO	[jepsen worker 7] jepsen.util: 391	:invoke	:write	[19 2]
2026-03-04 13:56:51,159{GMT}	INFO	[jepsen worker 5] jepsen.util: 377	:info	:cas	[18 [4 1]]	:net-timeout
2026-03-04 13:56:51,159{GMT}	INFO	[jepsen worker 5] jepsen.util: 389	:invoke	:cas	[18 [3 1]]
2026-03-04 13:56:51,220{GMT}	INFO	[jepsen worker 3] jepsen.util: 387	:info	:cas	[18 [3 2]]	:net-timeout
2026-03-04 13:56:51,220{GMT}	INFO	[jepsen worker 3] jepsen.util: 399	:invoke	:cas	[18 [4 3]]
2026-03-04 13:56:51,288{GMT}	INFO	[jepsen worker 8] jepsen.util: 392	:info	:cas	[19 [1 3]]	:net-timeout
2026-03-04 13:56:51,289{GMT}	INFO	[jepsen worker 8] jepsen.util: 404	:invoke	:cas	[19 [1 2]]
2026-03-04 13:56:51,331{GMT}	INFO	[jepsen worker 4] jepsen.util: 376	:info	:cas	[18 [4 3]]	:net-timeout
2026-03-04 13:56:51,331{GMT}	INFO	[jepsen worker 4] jepsen.util: 388	:invoke	:write	[18 4]
2026-03-04 13:56:51,375{GMT}	INFO	[jepsen worker 1] jepsen.util: 1	:fail	:read	[18 nil]	:net-timeout
2026-03-04 13:56:51,375{GMT}	INFO	[jepsen worker 1] jepsen.util: 1	:invoke	:read	[18 nil]
2026-03-04 13:56:51,418{GMT}	INFO	[jepsen worker 10] jepsen.util: 394	:info	:cas	[19 [1 2]]	:net-timeout
2026-03-04 13:56:51,418{GMT}	INFO	[jepsen worker 10] jepsen.util: 406	:invoke	:cas	[19 [0 0]]
2026-03-04 13:56:51,465{GMT}	INFO	[jepsen worker 9] jepsen.util: 381	:info	:write	[19 2]	:net-timeout
2026-03-04 13:56:51,465{GMT}	INFO	[jepsen worker 9] jepsen.util: 393	:invoke	:cas	[19 [3 1]]
2026-03-04 13:56:51,531{GMT}	INFO	[jepsen worker 11] jepsen.util: 383	:info	:write	[19 1]	:net-timeout
2026-03-04 13:56:51,531{GMT}	INFO	[jepsen worker 11] jepsen.util: 395	:invoke	:cas	[20 [3 4]]
2026-03-04 13:56:51,969{GMT}	INFO	[jepsen worker 6] jepsen.util: 402	:info	:cas	[19 [1 1]]	:net-timeout
2026-03-04 13:56:51,969{GMT}	INFO	[jepsen worker 6] jepsen.util: 414	:invoke	:cas	[20 [0 4]]
2026-03-04 13:56:52,031{GMT}	INFO	[jepsen worker 2] jepsen.util: 2	:fail	:read	[18 nil]	:net-timeout
2026-03-04 13:56:52,031{GMT}	INFO	[jepsen worker 2] jepsen.util: 2	:invoke	:read	[18 nil]
2026-03-04 13:56:52,085{GMT}	INFO	[jepsen worker 0] jepsen.util: 0	:fail	:read	[18 nil]	:net-timeout
2026-03-04 13:56:52,085{GMT}	INFO	[jepsen worker 0] jepsen.util: 0	:invoke	:read	[18 nil]
2026-03-04 13:56:52,145{GMT}	INFO	[jepsen worker 7] jepsen.util: 391	:info	:write	[19 2]	:net-timeout
2026-03-04 13:56:52,146{GMT}	INFO	[jepsen worker 7] jepsen.util: 403	:invoke	:cas	[20 [3 2]]
2026-03-04 13:56:52,164{GMT}	INFO	[jepsen worker 5] jepsen.util: 389	:info	:cas	[18 [3 1]]	:net-timeout
2026-03-04 13:56:52,164{GMT}	INFO	[jepsen worker 5] jepsen.util: 401	:invoke	:cas	[18 [1 2]]
2026-03-04 13:56:52,225{GMT}	INFO	[jepsen worker 3] jepsen.util: 399	:info	:cas	[18 [4 3]]	:net-timeout
2026-03-04 13:56:52,225{GMT}	INFO	[jepsen worker 3] jepsen.util: 411	:invoke	:cas	[18 [2 0]]
2026-03-04 13:56:52,292{GMT}	INFO	[jepsen worker 8] jepsen.util: 404	:info	:cas	[19 [1 2]]	:net-timeout
2026-03-04 13:56:52,292{GMT}	INFO	[jepsen worker 8] jepsen.util: 416	:invoke	:write	[20 4]
2026-03-04 13:56:52,333{GMT}	INFO	[jepsen worker 4] jepsen.util: 388	:info	:write	[18 4]	:net-timeout
2026-03-04 13:56:52,334{GMT}	INFO	[jepsen worker 4] jepsen.util: 400	:invoke	:write	[18 1]
2026-03-04 13:56:52,375{GMT}	INFO	[jepsen worker 1] jepsen.util: 1	:fail	:read	[18 nil]	:net-timeout
2026-03-04 13:56:52,375{GMT}	INFO	[jepsen worker 1] jepsen.util: 1	:invoke	:read	[18 nil]
2026-03-04 13:56:52,418{GMT}	INFO	[jepsen worker 10] jepsen.util: 406	:info	:cas	[19 [0 0]]	:net-timeout
2026-03-04 13:56:52,442{GMT}	INFO	[jepsen worker 10] jepsen.util: 418	:invoke	:cas	[20 [4 4]]
2026-03-04 13:56:52,470{GMT}	INFO	[jepsen worker 9] jepsen.util: 393	:info	:cas	[19 [3 1]]	:net-timeout
2026-03-04 13:56:52,470{GMT}	INFO	[jepsen worker 9] jepsen.util: 405	:invoke	:cas	[20 [4 2]]
2026-03-04 13:56:52,536{GMT}	INFO	[jepsen worker 11] jepsen.util: 395	:info	:cas	[20 [3 4]]	:net-timeout
2026-03-04 13:56:52,536{GMT}	INFO	[jepsen worker 11] jepsen.util: 407	:invoke	:write	[20 0]
2026-03-04 13:56:52,969{GMT}	INFO	[jepsen worker 6] jepsen.util: 414	:info	:cas	[20 [0 4]]	:net-timeout
2026-03-04 13:56:52,969{GMT}	INFO	[jepsen worker 6] jepsen.util: 426	:invoke	:write	[20 1]
2026-03-04 13:56:52,977{GMT}	INFO	[jepsen worker 0] jepsen.util: 0	:fail	:read	[18 nil]	[:key-does-not-exist "key not found"]
2026-03-04 13:56:52,978{GMT}	INFO	[jepsen worker 3] jepsen.util: 411	:fail	:cas	[18 [2 0]]	[:precondition-failed "expected 2 but had "]
2026-03-04 13:56:52,979{GMT}	INFO	[jepsen worker 9] jepsen.util: 405	:fail	:cas	[20 [4 2]]	[:precondition-failed "expected 4 but had "]
2026-03-04 13:56:52,980{GMT}	INFO	[jepsen worker 6] jepsen.util: 426	:ok	:write	[20 1]
2026-03-04 13:56:52,986{GMT}	INFO	[jepsen worker 2] jepsen.util: 2	:fail	:read	[18 nil]	[:key-does-not-exist "key not found"]
2026-03-04 13:56:52,987{GMT}	INFO	[jepsen worker 5] jepsen.util: 401	:fail	:cas	[18 [1 2]]	[:precondition-failed "expected 1 but had "]
2026-03-04 13:56:52,988{GMT}	INFO	[jepsen worker 8] jepsen.util: 416	:ok	:write	[20 4]
2026-03-04 13:56:52,989{GMT}	INFO	[jepsen worker 11] jepsen.util: 407	:ok	:write	[20 0]
2026-03-04 13:56:53,016{GMT}	INFO	[jepsen worker 0] jepsen.util: 0	:invoke	:read	[18 nil]
2026-03-04 13:56:53,018{GMT}	INFO	[jepsen worker 0] jepsen.util: 0	:fail	:read	[18 nil]	[:key-does-not-exist "key not found"]
2026-03-04 13:56:53,070{GMT}	INFO	[jepsen worker 3] jepsen.util: 411	:invoke	:write	[18 2]
2026-03-04 13:56:53,071{GMT}	INFO	[jepsen worker 3] jepsen.util: 411	:ok	:write	[18 2]
2026-03-04 13:56:53,079{GMT}	INFO	[jepsen worker 7] jepsen.util: 403	:fail	:cas	[20 [3 2]]	[:precondition-failed "expected 3 but had 0"]
2026-03-04 13:56:53,080{GMT}	INFO	[jepsen worker 4] jepsen.util: 400	:ok	:write	[18 1]
2026-03-04 13:56:53,081{GMT}	INFO	[jepsen worker 1] jepsen.util: 1	:ok	:read	[18 1]
2026-03-04 13:56:53,082{GMT}	INFO	[jepsen worker 10] jepsen.util: 418	:fail	:cas	[20 [4 4]]	[:precondition-failed "expected 4 but had 0"]
2026-03-04 13:56:53,103{GMT}	INFO	[jepsen worker 7] jepsen.util: 403	:invoke	:cas	[20 [4 2]]
2026-03-04 13:56:53,105{GMT}	INFO	[jepsen worker 7] jepsen.util: 403	:fail	:cas	[20 [4 2]]	[:precondition-failed "expected 4 but had 0"]
2026-03-04 13:56:53,124{GMT}	INFO	[jepsen worker 8] jepsen.util: 416	:invoke	:cas	[20 [4 1]]
2026-03-04 13:56:53,126{GMT}	INFO	[jepsen worker 8] jepsen.util: 416	:fail	:cas	[20 [4 1]]	[:precondition-failed "expected 4 but had 0"]
2026-03-04 13:56:53,146{GMT}	INFO	[jepsen worker 0] jepsen.util: 0	:invoke	:read	[18 nil]
2026-03-04 13:56:53,147{GMT}	INFO	[jepsen worker 0] jepsen.util: 0	:ok	:read	[18 1]
2026-03-04 13:56:53,195{GMT}	INFO	[jepsen worker 10] jepsen.util: 418	:invoke	:write	[20 4]
2026-03-04 13:56:53,197{GMT}	INFO	[jepsen worker 10] jepsen.util: 418	:ok	:write	[20 4]
2026-03-04 13:56:53,210{GMT}	INFO	[jepsen worker 11] jepsen.util: 407	:invoke	:cas	[20 [3 0]]
2026-03-04 13:56:53,212{GMT}	INFO	[jepsen worker 11] jepsen.util: 407	:fail	:cas	[20 [3 0]]	[:precondition-failed "expected 3 but had 4"]
2026-03-04 13:56:53,215{GMT}	INFO	[jepsen worker 3] jepsen.util: 411	:invoke	:write	[18 1]
2026-03-04 13:56:53,217{GMT}	INFO	[jepsen worker 3] jepsen.util: 411	:ok	:write	[18 1]
2026-03-04 13:56:53,244{GMT}	INFO	[jepsen worker 6] jepsen.util: 426	:invoke	:cas	[20 [1 4]]
2026-03-04 13:56:53,247{GMT}	INFO	[jepsen worker 6] jepsen.util: 426	:fail	:cas	[20 [1 4]]	[:precondition-failed "expected 1 but had 4"]
2026-03-04 13:56:53,259{GMT}	INFO	[jepsen worker 3] jepsen.util: 411	:invoke	:cas	[18 [0 4]]
2026-03-04 13:56:53,261{GMT}	INFO	[jepsen worker 3] jepsen.util: 411	:fail	:cas	[18 [0 4]]	[:precondition-failed "expected 0 but had 1"]
2026-03-04 13:56:53,275{GMT}	INFO	[jepsen worker 3] jepsen.util: 411	:invoke	:write	[18 4]
2026-03-04 13:56:53,277{GMT}	INFO	[jepsen worker 6] jepsen.util: 426	:invoke	:cas	[20 [4 4]]
2026-03-04 13:56:53,277{GMT}	INFO	[jepsen worker 3] jepsen.util: 411	:ok	:write	[18 4]
2026-03-04 13:56:53,279{GMT}	INFO	[jepsen worker 6] jepsen.util: 426	:ok	:cas	[20 [4 4]]
2026-03-04 13:56:53,291{GMT}	INFO	[jepsen worker 6] jepsen.util: 426	:invoke	:write	[20 4]
2026-03-04 13:56:53,293{GMT}	INFO	[jepsen worker 6] jepsen.util: 426	:ok	:write	[20 4]
2026-03-04 13:56:53,306{GMT}	INFO	[jepsen worker 5] jepsen.util: 401	:invoke	:write	[18 1]
2026-03-04 13:56:53,308{GMT}	INFO	[jepsen worker 5] jepsen.util: 401	:ok	:write	[18 1]
2026-03-04 13:56:53,363{GMT}	INFO	[jepsen worker 3] jepsen.util: 411	:invoke	:write	[18 2]
2026-03-04 13:56:53,365{GMT}	INFO	[jepsen worker 3] jepsen.util: 411	:ok	:write	[18 2]
2026-03-04 13:56:53,400{GMT}	INFO	[jepsen worker 7] jepsen.util: 403	:invoke	:cas	[20 [0 2]]
2026-03-04 13:56:53,402{GMT}	INFO	[jepsen worker 7] jepsen.util: 403	:fail	:cas	[20 [0 2]]	[:precondition-failed "expected 0 but had 4"]
2026-03-04 13:56:53,438{GMT}	INFO	[jepsen worker 3] jepsen.util: 411	:invoke	:write	[18 1]
2026-03-04 13:56:53,441{GMT}	INFO	[jepsen worker 3] jepsen.util: 411	:ok	:write	[18 1]
2026-03-04 13:56:53,477{GMT}	INFO	[jepsen worker 9] jepsen.util: 405	:invoke	:cas	[20 [2 2]]
2026-03-04 13:56:53,480{GMT}	INFO	[jepsen worker 9] jepsen.util: 405	:fail	:cas	[20 [2 2]]	[:precondition-failed "expected 2 but had 4"]
2026-03-04 13:56:53,488{GMT}	INFO	[jepsen worker 10] jepsen.util: 418	:invoke	:cas	[20 [2 2]]
2026-03-04 13:56:53,490{GMT}	INFO	[jepsen worker 10] jepsen.util: 418	:fail	:cas	[20 [2 2]]	[:precondition-failed "expected 2 but had 4"]
2026-03-04 13:56:53,492{GMT}	INFO	[jepsen worker 3] jepsen.util: 411	:invoke	:cas	[18 [2 0]]
2026-03-04 13:56:53,494{GMT}	INFO	[jepsen worker 3] jepsen.util: 411	:fail	:cas	[18 [2 0]]	[:precondition-failed "expected 2 but had 1"]
2026-03-04 13:56:53,499{GMT}	INFO	[jepsen worker 3] jepsen.util: 411	:invoke	:cas	[18 [2 3]]
2026-03-04 13:56:53,501{GMT}	INFO	[jepsen worker 3] jepsen.util: 411	:fail	:cas	[18 [2 3]]	[:precondition-failed "expected 2 but had 1"]
2026-03-04 13:56:53,536{GMT}	INFO	[jepsen worker 3] jepsen.util: 411	:invoke	:cas	[18 [3 4]]
2026-03-04 13:56:53,538{GMT}	INFO	[jepsen worker 3] jepsen.util: 411	:fail	:cas	[18 [3 4]]	[:precondition-failed "expected 3 but had 1"]
2026-03-04 13:56:53,573{GMT}	INFO	[jepsen worker 1] jepsen.util: 1	:invoke	:read	[18 nil]
2026-03-04 13:56:53,575{GMT}	INFO	[jepsen worker 1] jepsen.util: 1	:ok	:read	[18 1]
2026-03-04 13:56:53,600{GMT}	INFO	[jepsen worker 6] jepsen.util: 426	:invoke	:cas	[20 [1 0]]
2026-03-04 13:56:53,602{GMT}	INFO	[jepsen worker 6] jepsen.util: 426	:fail	:cas	[20 [1 0]]	[:precondition-failed "expected 1 but had 4"]
2026-03-04 13:56:53,606{GMT}	INFO	[jepsen worker 6] jepsen.util: 426	:invoke	:cas	[20 [0 4]]
2026-03-04 13:56:53,607{GMT}	INFO	[jepsen worker 6] jepsen.util: 426	:fail	:cas	[20 [0 4]]	[:precondition-failed "expected 0 but had 4"]
2026-03-04 13:56:53,641{GMT}	INFO	[jepsen worker 6] jepsen.util: 426	:invoke	:cas	[20 [2 1]]
2026-03-04 13:56:53,643{GMT}	INFO	[jepsen worker 6] jepsen.util: 426	:fail	:cas	[20 [2 1]]	[:precondition-failed "expected 2 but had 4"]
2026-03-04 13:56:53,664{GMT}	INFO	[jepsen worker 5] jepsen.util: 401	:invoke	:cas	[18 [4 3]]
2026-03-04 13:56:53,667{GMT}	INFO	[jepsen worker 5] jepsen.util: 401	:fail	:cas	[18 [4 3]]	[:precondition-failed "expected 4 but had 1"]
2026-03-04 13:56:53,722{GMT}	INFO	[jepsen worker 3] jepsen.util: 411	:invoke	:cas	[18 [1 4]]
2026-03-04 13:56:53,725{GMT}	INFO	[jepsen worker 3] jepsen.util: 411	:ok	:cas	[18 [1 4]]
2026-03-04 13:56:53,764{GMT}	INFO	[jepsen worker 7] jepsen.util: 403	:invoke	:cas	[20 [4 0]]
2026-03-04 13:56:53,767{GMT}	INFO	[jepsen worker 7] jepsen.util: 403	:ok	:cas	[20 [4 0]]
2026-03-04 13:56:53,822{GMT}	INFO	[jepsen worker 8] jepsen.util: 416	:invoke	:cas	[20 [0 4]]
2026-03-04 13:56:53,825{GMT}	INFO	[jepsen worker 8] jepsen.util: 416	:ok	:cas	[20 [0 4]]
2026-03-04 13:56:53,828{GMT}	INFO	[jepsen worker 0] jepsen.util: 0	:invoke	:read	[18 nil]
2026-03-04 13:56:53,830{GMT}	INFO	[jepsen worker 0] jepsen.util: 0	:ok	:read	[18 4]
2026-03-04 13:56:53,898{GMT}	INFO	[jepsen worker 0] jepsen.util: 0	:invoke	:read	[18 nil]
2026-03-04 13:56:53,900{GMT}	INFO	[jepsen worker 0] jepsen.util: 0	:ok	:read	[18 4]
2026-03-04 13:56:53,930{GMT}	INFO	[jepsen worker 11] jepsen.util: 407	:invoke	:cas	[20 [3 0]]
2026-03-04 13:56:53,933{GMT}	INFO	[jepsen worker 11] jepsen.util: 407	:fail	:cas	[20 [3 0]]	[:precondition-failed "expected 3 but had 4"]
2026-03-04 13:56:53,975{GMT}	INFO	[jepsen worker 3] jepsen.util: 411	:invoke	:write	[18 3]
2026-03-04 13:56:53,977{GMT}	INFO	[jepsen worker 3] jepsen.util: 411	:ok	:write	[18 3]
2026-03-04 13:56:54,019{GMT}	INFO	[jepsen worker 6] jepsen.util: 426	:invoke	:cas	[20 [3 4]]
2026-03-04 13:56:54,021{GMT}	INFO	[jepsen worker 6] jepsen.util: 426	:fail	:cas	[20 [3 4]]	[:precondition-failed "expected 3 but had 4"]
2026-03-04 13:56:54,084{GMT}	INFO	[jepsen worker 3] jepsen.util: 411	:invoke	:cas	[18 [2 2]]
2026-03-04 13:56:54,088{GMT}	INFO	[jepsen worker 3] jepsen.util: 411	:fail	:cas	[18 [2 2]]	[:precondition-failed "expected 2 but had 3"]
2026-03-04 13:56:54,133{GMT}	INFO	[jepsen worker 6] jepsen.util: 426	:invoke	:write	[20 4]
2026-03-04 13:56:54,136{GMT}	INFO	[jepsen worker 6] jepsen.util: 426	:ok	:write	[20 4]
2026-03-04 13:56:54,162{GMT}	INFO	[jepsen worker 3] jepsen.util: 411	:invoke	:cas	[18 [1 4]]
2026-03-04 13:56:54,166{GMT}	INFO	[jepsen worker 3] jepsen.util: 411	:fail	:cas	[18 [1 4]]	[:precondition-failed "expected 1 but had 3"]
2026-03-04 13:56:54,207{GMT}	INFO	[jepsen worker 6] jepsen.util: 426	:invoke	:cas	[20 [4 2]]
2026-03-04 13:56:54,212{GMT}	INFO	[jepsen worker 6] jepsen.util: 426	:ok	:cas	[20 [4 2]]
2026-03-04 13:56:54,245{GMT}	INFO	[jepsen worker 0] jepsen.util: 0	:invoke	:read	[18 nil]
2026-03-04 13:56:54,248{GMT}	INFO	[jepsen worker 0] jepsen.util: 0	:ok	:read	[18 3]
2026-03-04 13:56:54,308{GMT}	INFO	[jepsen worker 0] jepsen.util: 0	:invoke	:read	[18 nil]
2026-03-04 13:56:54,311{GMT}	INFO	[jepsen worker 0] jepsen.util: 0	:ok	:read	[18 3]
2026-03-04 13:56:54,370{GMT}	INFO	[jepsen worker 7] jepsen.util: 403	:invoke	:write	[20 2]
2026-03-04 13:56:54,375{GMT}	INFO	[jepsen worker 7] jepsen.util: 403	:ok	:write	[20 2]
2026-03-04 13:56:54,419{GMT}	INFO	[jepsen worker 8] jepsen.util: 416	:invoke	:write	[20 4]
2026-03-04 13:56:54,423{GMT}	INFO	[jepsen worker 8] jepsen.util: 416	:ok	:write	[20 4]
2026-03-04 13:56:54,452{GMT}	INFO	[jepsen worker 0] jepsen.util: 0	:invoke	:read	[18 nil]
2026-03-04 13:56:54,456{GMT}	INFO	[jepsen worker 0] jepsen.util: 0	:ok	:read	[18 3]
2026-03-04 13:56:54,458{GMT}	INFO	[jepsen worker 10] jepsen.util: 418	:invoke	:write	[20 2]
2026-03-04 13:56:54,460{GMT}	INFO	[jepsen worker 10] jepsen.util: 418	:ok	:write	[20 2]
2026-03-04 13:56:54,491{GMT}	INFO	[jepsen worker 11] jepsen.util: 407	:invoke	:write	[20 0]
2026-03-04 13:56:54,494{GMT}	INFO	[jepsen worker 11] jepsen.util: 407	:ok	:write	[20 0]
2026-03-04 13:56:54,513{GMT}	INFO	[jepsen worker 6] jepsen.util: 426	:invoke	:cas	[20 [0 4]]
2026-03-04 13:56:54,516{GMT}	INFO	[jepsen worker 6] jepsen.util: 426	:ok	:cas	[20 [0 4]]
2026-03-04 13:56:54,558{GMT}	INFO	[jepsen worker 0] jepsen.util: 0	:invoke	:read	[18 nil]
2026-03-04 13:56:54,560{GMT}	INFO	[jepsen worker 0] jepsen.util: 0	:ok	:read	[18 3]
2026-03-04 13:56:54,597{GMT}	INFO	[jepsen worker 3] jepsen.util: 411	:invoke	:cas	[18 [2 3]]
2026-03-04 13:56:54,601{GMT}	INFO	[jepsen worker 3] jepsen.util: 411	:fail	:cas	[18 [2 3]]	[:precondition-failed "expected 2 but had 3"]
2026-03-04 13:56:54,644{GMT}	INFO	[jepsen worker 6] jepsen.util: 426	:invoke	:cas	[20 [4 0]]
2026-03-04 13:56:54,649{GMT}	INFO	[jepsen worker 6] jepsen.util: 426	:ok	:cas	[20 [4 0]]
2026-03-04 13:56:54,709{GMT}	INFO	[jepsen worker 6] jepsen.util: 426	:invoke	:cas	[20 [1 4]]
2026-03-04 13:56:54,713{GMT}	INFO	[jepsen worker 6] jepsen.util: 426	:fail	:cas	[20 [1 4]]	[:precondition-failed "expected 1 but had 0"]
2026-03-04 13:56:54,772{GMT}	INFO	[jepsen worker 6] jepsen.util: 426	:invoke	:write	[20 4]
2026-03-04 13:56:54,777{GMT}	INFO	[jepsen worker 6] jepsen.util: 426	:ok	:write	[20 4]
2026-03-04 13:56:54,808{GMT}	INFO	[jepsen worker 6] jepsen.util: 426	:invoke	:cas	[20 [0 0]]
2026-03-04 13:56:54,813{GMT}	INFO	[jepsen worker 6] jepsen.util: 426	:fail	:cas	[20 [0 0]]	[:precondition-failed "expected 0 but had 4"]
2026-03-04 13:56:54,816{GMT}	INFO	[jepsen worker 3] jepsen.util: 411	:invoke	:cas	[18 [0 2]]
2026-03-04 13:56:54,818{GMT}	INFO	[jepsen worker 7] jepsen.util: 403	:invoke	:cas	[20 [4 3]]
2026-03-04 13:56:54,821{GMT}	INFO	[jepsen worker 3] jepsen.util: 411	:fail	:cas	[18 [0 2]]	[:precondition-failed "expected 0 but had 3"]
2026-03-04 13:56:54,822{GMT}	INFO	[jepsen worker 7] jepsen.util: 403	:ok	:cas	[20 [4 3]]
2026-03-04 13:56:54,842{GMT}	INFO	[jepsen worker 8] jepsen.util: 416	:invoke	:write	[20 2]
2026-03-04 13:56:54,845{GMT}	INFO	[jepsen worker 8] jepsen.util: 416	:ok	:write	[20 2]
2026-03-04 13:56:54,887{GMT}	INFO	[jepsen worker 9] jepsen.util: 405	:invoke	:cas	[20 [4 0]]
2026-03-04 13:56:54,889{GMT}	INFO	[jepsen worker 9] jepsen.util: 405	:fail	:cas	[20 [4 0]]	[:precondition-failed "expected 4 but had 2"]
2026-03-04 13:56:54,904{GMT}	INFO	[jepsen worker 10] jepsen.util: 418	:invoke	:write	[20 2]
2026-03-04 13:56:54,958{GMT}	INFO	[jepsen worker 3] jepsen.util: 411	:invoke	:write	[18 4]
2026-03-04 13:56:55,017{GMT}	INFO	[jepsen worker 4] jepsen.util: 400	:invoke	:cas	[18 [1 0]]
2026-03-04 13:56:55,054{GMT}	INFO	[jepsen worker 6] jepsen.util: 426	:invoke	:cas	[20 [3 0]]
2026-03-04 13:56:55,110{GMT}	INFO	[jepsen worker 5] jepsen.util: 401	:invoke	:write	[18 2]
2026-03-04 13:56:55,134{GMT}	INFO	[jepsen worker 7] jepsen.util: 403	:invoke	:cas	[20 [4 1]]
2026-03-04 13:56:55,142{GMT}	INFO	[jepsen worker 8] jepsen.util: 416	:invoke	:cas	[20 [0 1]]
2026-03-04 13:56:55,152{GMT}	INFO	[jepsen worker 0] jepsen.util: 0	:invoke	:read	[18 nil]
2026-03-04 13:56:55,162{GMT}	INFO	[jepsen worker 1] jepsen.util: 1	:invoke	:read	[18 nil]
2026-03-04 13:56:55,224{GMT}	INFO	[jepsen worker 9] jepsen.util: 405	:invoke	:write	[20 3]
2026-03-04 13:56:55,250{GMT}	INFO	[jepsen worker 11] jepsen.util: 407	:invoke	:cas	[20 [2 1]]
2026-03-04 13:56:55,257{GMT}	INFO	[jepsen worker 2] jepsen.util: 2	:invoke	:read	[18 nil]
2026-03-04 13:56:55,909{GMT}	INFO	[jepsen worker 10] jepsen.util: 418	:info	:write	[20 2]	:net-timeout
2026-03-04 13:56:55,909{GMT}	INFO	[jepsen worker 10] jepsen.util: 430	:invoke	:cas	[20 [4 4]]
2026-03-04 13:56:55,963{GMT}	INFO	[jepsen worker 3] jepsen.util: 411	:info	:write	[18 4]	:net-timeout
2026-03-04 13:56:55,963{GMT}	INFO	[jepsen worker 3] jepsen.util: 423	:invoke	:cas	[18 [0 0]]
2026-03-04 13:56:56,022{GMT}	INFO	[jepsen worker 4] jepsen.util: 400	:info	:cas	[18 [1 0]]	:net-timeout
2026-03-04 13:56:56,022{GMT}	INFO	[jepsen worker 4] jepsen.util: 412	:invoke	:cas	[18 [4 1]]
2026-03-04 13:56:56,055{GMT}	INFO	[jepsen worker 6] jepsen.util: 426	:info	:cas	[20 [3 0]]	:net-timeout
2026-03-04 13:56:56,056{GMT}	INFO	[jepsen worker 6] jepsen.util: 438	:invoke	:write	[20 1]
2026-03-04 13:56:56,115{GMT}	INFO	[jepsen worker 5] jepsen.util: 401	:info	:write	[18 2]	:net-timeout
2026-03-04 13:56:56,115{GMT}	INFO	[jepsen worker 5] jepsen.util: 413	:invoke	:cas	[18 [1 1]]
2026-03-04 13:56:56,135{GMT}	INFO	[jepsen worker 7] jepsen.util: 403	:info	:cas	[20 [4 1]]	:net-timeout
2026-03-04 13:56:56,136{GMT}	INFO	[jepsen worker 7] jepsen.util: 415	:invoke	:write	[20 4]
2026-03-04 13:56:56,147{GMT}	INFO	[jepsen worker 8] jepsen.util: 416	:info	:cas	[20 [0 1]]	:net-timeout
2026-03-04 13:56:56,147{GMT}	INFO	[jepsen worker 8] jepsen.util: 428	:invoke	:cas	[20 [2 3]]
2026-03-04 13:56:56,152{GMT}	INFO	[jepsen worker 0] jepsen.util: 0	:fail	:read	[18 nil]	:net-timeout
2026-03-04 13:56:56,162{GMT}	INFO	[jepsen worker 1] jepsen.util: 1	:fail	:read	[18 nil]	:net-timeout
2026-03-04 13:56:56,206{GMT}	INFO	[jepsen worker 0] jepsen.util: 0	:invoke	:read	[18 nil]
2026-03-04 13:56:56,225{GMT}	INFO	[jepsen worker 9] jepsen.util: 405	:info	:write	[20 3]	:net-timeout
2026-03-04 13:56:56,250{GMT}	INFO	[jepsen worker 11] jepsen.util: 407	:info	:cas	[20 [2 1]]	:net-timeout
2026-03-04 13:56:56,262{GMT}	INFO	[jepsen worker 2] jepsen.util: 2	:fail	:read	[18 nil]	:net-timeout
2026-03-04 13:56:56,272{GMT}	INFO	[jepsen worker 9] jepsen.util: 417	:invoke	:cas	[20 [2 0]]
2026-03-04 13:56:56,289{GMT}	INFO	[jepsen worker 1] jepsen.util: 1	:invoke	:read	[18 nil]
2026-03-04 13:56:56,341{GMT}	INFO	[jepsen worker 2] jepsen.util: 2	:invoke	:read	[18 nil]
2026-03-04 13:56:56,383{GMT}	INFO	[jepsen worker 11] jepsen.util: 419	:invoke	:cas	[20 [0 1]]
2026-03-04 13:56:56,909{GMT}	INFO	[jepsen worker 10] jepsen.util: 430	:info	:cas	[20 [4 4]]	:net-timeout
2026-03-04 13:56:56,909{GMT}	INFO	[jepsen worker 10] jepsen.util: 442	:invoke	:write	[20 3]
2026-03-04 13:56:56,963{GMT}	INFO	[jepsen worker 3] jepsen.util: 423	:info	:cas	[18 [0 0]]	:net-timeout
2026-03-04 13:56:56,963{GMT}	INFO	[jepsen worker 3] jepsen.util: 435	:invoke	:write	[18 3]
2026-03-04 13:56:57,027{GMT}	INFO	[jepsen worker 4] jepsen.util: 412	:info	:cas	[18 [4 1]]	:net-timeout
2026-03-04 13:56:57,027{GMT}	INFO	[jepsen worker 4] jepsen.util: 424	:invoke	:write	[21 2]
2026-03-04 13:56:57,057{GMT}	INFO	[jepsen worker 6] jepsen.util: 438	:info	:write	[20 1]	:net-timeout
2026-03-04 13:56:57,059{GMT}	INFO	[jepsen worker 6] jepsen.util: 450	:invoke	:cas	[22 [4 0]]
2026-03-04 13:56:57,115{GMT}	INFO	[jepsen worker 5] jepsen.util: 413	:info	:cas	[18 [1 1]]	:net-timeout
2026-03-04 13:56:57,115{GMT}	INFO	[jepsen worker 5] jepsen.util: 425	:invoke	:cas	[21 [4 0]]
2026-03-04 13:56:57,140{GMT}	INFO	[jepsen worker 7] jepsen.util: 415	:info	:write	[20 4]	:net-timeout
2026-03-04 13:56:57,140{GMT}	INFO	[jepsen worker 7] jepsen.util: 427	:invoke	:write	[22 2]
2026-03-04 13:56:57,150{GMT}	INFO	[jepsen worker 8] jepsen.util: 428	:info	:cas	[20 [2 3]]	:net-timeout
2026-03-04 13:56:57,159{GMT}	INFO	[jepsen worker 8] jepsen.util: 440	:invoke	:cas	[22 [0 3]]
2026-03-04 13:56:57,206{GMT}	INFO	[jepsen worker 0] jepsen.util: 0	:fail	:read	[18 nil]	:net-timeout
2026-03-04 13:56:57,206{GMT}	INFO	[jepsen worker 0] jepsen.util: 0	:invoke	:read	[21 nil]
2026-03-04 13:56:57,277{GMT}	INFO	[jepsen worker 9] jepsen.util: 417	:info	:cas	[20 [2 0]]	:net-timeout
2026-03-04 13:56:57,277{GMT}	INFO	[jepsen worker 9] jepsen.util: 429	:invoke	:cas	[22 [1 0]]
2026-03-04 13:56:57,294{GMT}	INFO	[jepsen worker 1] jepsen.util: 1	:fail	:read	[18 nil]	:net-timeout
2026-03-04 13:56:57,322{GMT}	INFO	[jepsen worker 1] jepsen.util: 1	:invoke	:read	[21 nil]
2026-03-04 13:56:57,343{GMT}	INFO	[jepsen worker 2] jepsen.util: 2	:fail	:read	[18 nil]	:net-timeout
2026-03-04 13:56:57,343{GMT}	INFO	[jepsen worker 2] jepsen.util: 2	:invoke	:read	[21 nil]
2026-03-04 13:56:57,387{GMT}	INFO	[jepsen worker 11] jepsen.util: 419	:info	:cas	[20 [0 1]]	:net-timeout
2026-03-04 13:56:57,409{GMT}	INFO	[jepsen worker 11] jepsen.util: 431	:invoke	:cas	[22 [0 3]]
2026-03-04 13:56:57,914{GMT}	INFO	[jepsen worker 10] jepsen.util: 442	:info	:write	[20 3]	:net-timeout
2026-03-04 13:56:57,915{GMT}	INFO	[jepsen worker 10] jepsen.util: 454	:invoke	:cas	[22 [3 4]]
2026-03-04 13:56:57,967{GMT}	INFO	[jepsen worker 3] jepsen.util: 435	:info	:write	[18 3]	:net-timeout
2026-03-04 13:56:57,968{GMT}	INFO	[jepsen worker 3] jepsen.util: 447	:invoke	:cas	[21 [1 3]]
2026-03-04 13:56:58,032{GMT}	INFO	[jepsen worker 4] jepsen.util: 424	:info	:write	[21 2]	:net-timeout
2026-03-04 13:56:58,032{GMT}	INFO	[jepsen worker 4] jepsen.util: 436	:invoke	:cas	[21 [1 3]]
2026-03-04 13:56:58,064{GMT}	INFO	[jepsen worker 6] jepsen.util: 450	:info	:cas	[22 [4 0]]	:net-timeout
2026-03-04 13:56:58,064{GMT}	INFO	[jepsen worker 6] jepsen.util: 462	:invoke	:write	[22 3]
2026-03-04 13:56:58,120{GMT}	INFO	[jepsen worker 5] jepsen.util: 425	:info	:cas	[21 [4 0]]	:net-timeout
2026-03-04 13:56:58,120{GMT}	INFO	[jepsen worker 5] jepsen.util: 437	:invoke	:cas	[21 [2 1]]
2026-03-04 13:56:58,142{GMT}	INFO	[jepsen worker 7] jepsen.util: 427	:info	:write	[22 2]	:net-timeout
2026-03-04 13:56:58,164{GMT}	INFO	[jepsen worker 8] jepsen.util: 440	:info	:cas	[22 [0 3]]	:net-timeout
2026-03-04 13:56:58,173{GMT}	INFO	[jepsen worker 7] jepsen.util: 439	:invoke	:cas	[22 [1 4]]
2026-03-04 13:56:58,208{GMT}	INFO	[jepsen worker 8] jepsen.util: 452	:invoke	:cas	[22 [1 0]]
2026-03-04 13:56:58,210{GMT}	INFO	[jepsen worker 0] jepsen.util: 0	:fail	:read	[21 nil]	:net-timeout
2026-03-04 13:56:58,233{GMT}	INFO	[jepsen worker 0] jepsen.util: 0	:invoke	:read	[21 nil]
2026-03-04 13:56:58,282{GMT}	INFO	[jepsen worker 9] jepsen.util: 429	:info	:cas	[22 [1 0]]	:net-timeout
2026-03-04 13:56:58,282{GMT}	INFO	[jepsen worker 9] jepsen.util: 441	:invoke	:cas	[22 [0 3]]
2026-03-04 13:56:58,327{GMT}	INFO	[jepsen worker 1] jepsen.util: 1	:fail	:read	[21 nil]	:net-timeout
2026-03-04 13:56:58,335{GMT}	INFO	[jepsen worker 1] jepsen.util: 1	:invoke	:read	[21 nil]
2026-03-04 13:56:58,344{GMT}	INFO	[jepsen worker 2] jepsen.util: 2	:fail	:read	[21 nil]	:net-timeout
2026-03-04 13:56:58,366{GMT}	INFO	[jepsen worker 2] jepsen.util: 2	:invoke	:read	[21 nil]
2026-03-04 13:56:58,414{GMT}	INFO	[jepsen worker 11] jepsen.util: 431	:info	:cas	[22 [0 3]]	:net-timeout
2026-03-04 13:56:58,414{GMT}	INFO	[jepsen worker 11] jepsen.util: 443	:invoke	:cas	[22 [0 4]]
2026-03-04 13:56:58,920{GMT}	INFO	[jepsen worker 10] jepsen.util: 454	:info	:cas	[22 [3 4]]	:net-timeout
2026-03-04 13:56:58,920{GMT}	INFO	[jepsen worker 10] jepsen.util: 466	:invoke	:cas	[22 [1 4]]
2026-03-04 13:56:58,972{GMT}	INFO	[jepsen worker 3] jepsen.util: 447	:info	:cas	[21 [1 3]]	:net-timeout
2026-03-04 13:56:58,972{GMT}	INFO	[jepsen worker 3] jepsen.util: 459	:invoke	:write	[21 2]
2026-03-04 13:56:59,037{GMT}	INFO	[jepsen worker 4] jepsen.util: 436	:info	:cas	[21 [1 3]]	:net-timeout
2026-03-04 13:56:59,037{GMT}	INFO	[jepsen worker 4] jepsen.util: 448	:invoke	:write	[21 3]
2026-03-04 13:56:59,064{GMT}	INFO	[jepsen worker 6] jepsen.util: 462	:info	:write	[22 3]	:net-timeout
2026-03-04 13:56:59,064{GMT}	INFO	[jepsen worker 6] jepsen.util: 474	:invoke	:cas	[22 [0 3]]
2026-03-04 13:56:59,125{GMT}	INFO	[jepsen worker 5] jepsen.util: 437	:info	:cas	[21 [2 1]]	:net-timeout
2026-03-04 13:56:59,125{GMT}	INFO	[jepsen worker 5] jepsen.util: 449	:invoke	:cas	[21 [0 2]]
2026-03-04 13:56:59,177{GMT}	INFO	[jepsen worker 7] jepsen.util: 439	:info	:cas	[22 [1 4]]	:net-timeout
2026-03-04 13:56:59,178{GMT}	INFO	[jepsen worker 7] jepsen.util: 451	:invoke	:cas	[22 [1 0]]
2026-03-04 13:56:59,213{GMT}	INFO	[jepsen worker 8] jepsen.util: 452	:info	:cas	[22 [1 0]]	:net-timeout
2026-03-04 13:56:59,213{GMT}	INFO	[jepsen worker 8] jepsen.util: 464	:invoke	:cas	[22 [0 4]]
2026-03-04 13:56:59,238{GMT}	INFO	[jepsen worker 0] jepsen.util: 0	:fail	:read	[21 nil]	:net-timeout
2026-03-04 13:56:59,268{GMT}	INFO	[jepsen worker 0] jepsen.util: 0	:invoke	:read	[21 nil]
2026-03-04 13:56:59,285{GMT}	INFO	[jepsen worker 9] jepsen.util: 441	:info	:cas	[22 [0 3]]	:net-timeout
2026-03-04 13:56:59,285{GMT}	INFO	[jepsen worker 9] jepsen.util: 453	:invoke	:cas	[23 [4 0]]
2026-03-04 13:56:59,339{GMT}	INFO	[jepsen worker 1] jepsen.util: 1	:fail	:read	[21 nil]	:net-timeout
2026-03-04 13:56:59,341{GMT}	INFO	[jepsen worker 1] jepsen.util: 1	:invoke	:read	[21 nil]
2026-03-04 13:56:59,371{GMT}	INFO	[jepsen worker 2] jepsen.util: 2	:fail	:read	[21 nil]	:net-timeout
2026-03-04 13:56:59,373{GMT}	INFO	[jepsen worker 2] jepsen.util: 2	:invoke	:read	[21 nil]
2026-03-04 13:56:59,418{GMT}	INFO	[jepsen worker 11] jepsen.util: 443	:info	:cas	[22 [0 4]]	:net-timeout
2026-03-04 13:56:59,419{GMT}	INFO	[jepsen worker 11] jepsen.util: 455	:invoke	:cas	[23 [1 0]]
2026-03-04 13:56:59,923{GMT}	INFO	[jepsen worker 10] jepsen.util: 466	:info	:cas	[22 [1 4]]	:net-timeout
2026-03-04 13:56:59,924{GMT}	INFO	[jepsen worker 10] jepsen.util: 478	:invoke	:write	[23 2]
2026-03-04 13:56:59,973{GMT}	INFO	[jepsen worker 3] jepsen.util: 459	:info	:write	[21 2]	:net-timeout
2026-03-04 13:56:59,987{GMT}	INFO	[jepsen worker 3] jepsen.util: 471	:invoke	:write	[21 1]
2026-03-04 13:57:00,041{GMT}	INFO	[jepsen worker 4] jepsen.util: 448	:info	:write	[21 3]	:net-timeout
2026-03-04 13:57:00,042{GMT}	INFO	[jepsen worker 4] jepsen.util: 460	:invoke	:cas	[21 [1 2]]
2026-03-04 13:57:00,069{GMT}	INFO	[jepsen worker 6] jepsen.util: 474	:info	:cas	[22 [0 3]]	:net-timeout
2026-03-04 13:57:00,094{GMT}	INFO	[jepsen worker 6] jepsen.util: 486	:invoke	:cas	[23 [1 0]]
2026-03-04 13:57:00,128{GMT}	INFO	[jepsen worker 5] jepsen.util: 449	:info	:cas	[21 [0 2]]	:net-timeout
2026-03-04 13:57:00,128{GMT}	INFO	[jepsen worker 5] jepsen.util: 461	:invoke	:cas	[21 [2 3]]
2026-03-04 13:57:00,183{GMT}	INFO	[jepsen worker 7] jepsen.util: 451	:info	:cas	[22 [1 0]]	:net-timeout
2026-03-04 13:57:00,183{GMT}	INFO	[jepsen worker 7] jepsen.util: 463	:invoke	:cas	[23 [2 1]]
2026-03-04 13:57:00,216{GMT}	INFO	[jepsen worker 8] jepsen.util: 464	:info	:cas	[22 [0 4]]	:net-timeout
2026-03-04 13:57:00,217{GMT}	INFO	[jepsen worker 8] jepsen.util: 476	:invoke	:cas	[23 [4 1]]
2026-03-04 13:57:00,273{GMT}	INFO	[jepsen worker 0] jepsen.util: 0	:fail	:read	[21 nil]	:net-timeout
2026-03-04 13:57:00,273{GMT}	INFO	[jepsen worker 0] jepsen.util: 0	:invoke	:read	[21 nil]
2026-03-04 13:57:00,290{GMT}	INFO	[jepsen worker 9] jepsen.util: 453	:info	:cas	[23 [4 0]]	:net-timeout
2026-03-04 13:57:00,317{GMT}	INFO	[jepsen worker 9] jepsen.util: 465	:invoke	:cas	[23 [0 2]]
2026-03-04 13:57:00,341{GMT}	INFO	[jepsen worker 1] jepsen.util: 1	:fail	:read	[21 nil]	:net-timeout
2026-03-04 13:57:00,342{GMT}	INFO	[jepsen worker 1] jepsen.util: 1	:invoke	:read	[21 nil]
2026-03-04 13:57:00,378{GMT}	INFO	[jepsen worker 2] jepsen.util: 2	:fail	:read	[21 nil]	:net-timeout
2026-03-04 13:57:00,378{GMT}	INFO	[jepsen worker 2] jepsen.util: 2	:invoke	:read	[21 nil]
2026-03-04 13:57:00,423{GMT}	INFO	[jepsen worker 11] jepsen.util: 455	:info	:cas	[23 [1 0]]	:net-timeout
2026-03-04 13:57:00,423{GMT}	INFO	[jepsen worker 11] jepsen.util: 467	:invoke	:cas	[23 [4 2]]
2026-03-04 13:57:00,928{GMT}	INFO	[jepsen worker 10] jepsen.util: 478	:info	:write	[23 2]	:net-timeout
2026-03-04 13:57:00,929{GMT}	INFO	[jepsen worker 10] jepsen.util: 490	:invoke	:cas	[23 [0 4]]
2026-03-04 13:57:00,990{GMT}	INFO	[jepsen worker 3] jepsen.util: 471	:info	:write	[21 1]	:net-timeout
2026-03-04 13:57:00,991{GMT}	INFO	[jepsen worker 3] jepsen.util: 483	:invoke	:write	[21 4]
2026-03-04 13:57:01,045{GMT}	INFO	[jepsen worker 4] jepsen.util: 460	:info	:cas	[21 [1 2]]	:net-timeout
2026-03-04 13:57:01,046{GMT}	INFO	[jepsen worker 4] jepsen.util: 472	:invoke	:write	[21 1]
2026-03-04 13:57:01,098{GMT}	INFO	[jepsen worker 6] jepsen.util: 486	:info	:cas	[23 [1 0]]	:net-timeout
2026-03-04 13:57:01,099{GMT}	INFO	[jepsen worker 6] jepsen.util: 498	:invoke	:cas	[23 [4 3]]
2026-03-04 13:57:01,128{GMT}	INFO	[jepsen worker 5] jepsen.util: 461	:info	:cas	[21 [2 3]]	:net-timeout
2026-03-04 13:57:01,148{GMT}	INFO	[jepsen worker 5] jepsen.util: 473	:invoke	:cas	[21 [0 3]]
2026-03-04 13:57:01,183{GMT}	INFO	[jepsen worker 7] jepsen.util: 463	:info	:cas	[23 [2 1]]	:net-timeout
2026-03-04 13:57:01,218{GMT}	INFO	[jepsen worker 7] jepsen.util: 475	:invoke	:cas	[23 [4 4]]
2026-03-04 13:57:01,219{GMT}	INFO	[jepsen worker 8] jepsen.util: 476	:info	:cas	[23 [4 1]]	:net-timeout
2026-03-04 13:57:01,246{GMT}	INFO	[jepsen worker 8] jepsen.util: 488	:invoke	:cas	[23 [3 0]]
2026-03-04 13:57:01,278{GMT}	INFO	[jepsen worker 0] jepsen.util: 0	:fail	:read	[21 nil]	:net-timeout
2026-03-04 13:57:01,279{GMT}	INFO	[jepsen worker 0] jepsen.util: 0	:invoke	:read	[21 nil]
2026-03-04 13:57:01,321{GMT}	INFO	[jepsen worker 9] jepsen.util: 465	:info	:cas	[23 [0 2]]	:net-timeout
2026-03-04 13:57:01,330{GMT}	INFO	[jepsen worker 9] jepsen.util: 477	:invoke	:cas	[23 [2 0]]
2026-03-04 13:57:01,345{GMT}	INFO	[jepsen worker 1] jepsen.util: 1	:fail	:read	[21 nil]	:net-timeout
2026-03-04 13:57:01,382{GMT}	INFO	[jepsen worker 2] jepsen.util: 2	:fail	:read	[21 nil]	:net-timeout
2026-03-04 13:57:01,382{GMT}	INFO	[jepsen worker 1] jepsen.util: 1	:invoke	:read	[21 nil]
2026-03-04 13:57:01,428{GMT}	INFO	[jepsen worker 11] jepsen.util: 467	:info	:cas	[23 [4 2]]	:net-timeout
2026-03-04 13:57:01,439{GMT}	INFO	[jepsen worker 2] jepsen.util: 2	:invoke	:read	[21 nil]
2026-03-04 13:57:01,481{GMT}	INFO	[jepsen worker 11] jepsen.util: 479	:invoke	:write	[23 2]
2026-03-04 13:57:01,934{GMT}	INFO	[jepsen worker 10] jepsen.util: 490	:info	:cas	[23 [0 4]]	:net-timeout
2026-03-04 13:57:01,934{GMT}	INFO	[jepsen worker 10] jepsen.util: 502	:invoke	:cas	[23 [4 4]]
2026-03-04 13:57:01,995{GMT}	INFO	[jepsen worker 3] jepsen.util: 483	:info	:write	[21 4]	:net-timeout
2026-03-04 13:57:01,995{GMT}	INFO	[jepsen worker 3] jepsen.util: 495	:invoke	:cas	[21 [0 2]]
2026-03-04 13:57:02,050{GMT}	INFO	[jepsen worker 4] jepsen.util: 472	:info	:write	[21 1]	:net-timeout
2026-03-04 13:57:02,051{GMT}	INFO	[jepsen worker 4] jepsen.util: 484	:invoke	:write	[24 0]
2026-03-04 13:57:02,104{GMT}	INFO	[jepsen worker 6] jepsen.util: 498	:info	:cas	[23 [4 3]]	:net-timeout
2026-03-04 13:57:02,104{GMT}	INFO	[jepsen worker 6] jepsen.util: 510	:invoke	:cas	[25 [2 4]]
2026-03-04 13:57:02,150{GMT}	INFO	[jepsen worker 5] jepsen.util: 473	:info	:cas	[21 [0 3]]	:net-timeout
2026-03-04 13:57:02,150{GMT}	INFO	[jepsen worker 5] jepsen.util: 485	:invoke	:write	[24 3]
2026-03-04 13:57:02,218{GMT}	INFO	[jepsen worker 7] jepsen.util: 475	:info	:cas	[23 [4 4]]	:net-timeout
2026-03-04 13:57:02,219{GMT}	INFO	[jepsen worker 7] jepsen.util: 487	:invoke	:cas	[25 [0 3]]
2026-03-04 13:57:02,251{GMT}	INFO	[jepsen worker 8] jepsen.util: 488	:info	:cas	[23 [3 0]]	:net-timeout
2026-03-04 13:57:02,251{GMT}	INFO	[jepsen worker 8] jepsen.util: 500	:invoke	:write	[25 0]
2026-03-04 13:57:02,284{GMT}	INFO	[jepsen worker 0] jepsen.util: 0	:fail	:read	[21 nil]	:net-timeout
2026-03-04 13:57:02,312{GMT}	INFO	[jepsen worker 0] jepsen.util: 0	:invoke	:read	[24 nil]
2026-03-04 13:57:02,334{GMT}	INFO	[jepsen worker 9] jepsen.util: 477	:info	:cas	[23 [2 0]]	:net-timeout
2026-03-04 13:57:02,343{GMT}	INFO	[jepsen worker 9] jepsen.util: 489	:invoke	:write	[25 4]
2026-03-04 13:57:02,387{GMT}	INFO	[jepsen worker 1] jepsen.util: 1	:fail	:read	[21 nil]	:net-timeout
2026-03-04 13:57:02,387{GMT}	INFO	[jepsen worker 1] jepsen.util: 1	:invoke	:read	[24 nil]
2026-03-04 13:57:02,444{GMT}	INFO	[jepsen worker 2] jepsen.util: 2	:fail	:read	[21 nil]	:net-timeout
2026-03-04 13:57:02,444{GMT}	INFO	[jepsen worker 2] jepsen.util: 2	:invoke	:read	[24 nil]
2026-03-04 13:57:02,486{GMT}	INFO	[jepsen worker 11] jepsen.util: 479	:info	:write	[23 2]	:net-timeout
2026-03-04 13:57:02,500{GMT}	INFO	[jepsen worker 11] jepsen.util: 491	:invoke	:write	[25 0]
2026-03-04 13:57:02,939{GMT}	INFO	[jepsen worker 10] jepsen.util: 502	:info	:cas	[23 [4 4]]	:net-timeout
2026-03-04 13:57:02,939{GMT}	INFO	[jepsen worker 10] jepsen.util: 514	:invoke	:cas	[25 [4 4]]
2026-03-04 13:57:03,000{GMT}	INFO	[jepsen worker 3] jepsen.util: 495	:info	:cas	[21 [0 2]]	:net-timeout
2026-03-04 13:57:03,000{GMT}	INFO	[jepsen worker 3] jepsen.util: 507	:invoke	:write	[24 2]
2026-03-04 13:57:03,054{GMT}	INFO	[jepsen worker 4] jepsen.util: 484	:info	:write	[24 0]	:net-timeout
2026-03-04 13:57:03,055{GMT}	INFO	[jepsen worker 4] jepsen.util: 496	:invoke	:cas	[24 [1 0]]
2026-03-04 13:57:03,109{GMT}	INFO	[jepsen worker 6] jepsen.util: 510	:info	:cas	[25 [2 4]]	:net-timeout
2026-03-04 13:57:03,110{GMT}	INFO	[jepsen worker 6] jepsen.util: 522	:invoke	:cas	[25 [4 4]]
2026-03-04 13:57:03,154{GMT}	INFO	[jepsen worker 5] jepsen.util: 485	:info	:write	[24 3]	:net-timeout
2026-03-04 13:57:03,170{GMT}	INFO	[jepsen worker 5] jepsen.util: 497	:invoke	:cas	[24 [0 0]]
2026-03-04 13:57:03,223{GMT}	INFO	[jepsen worker 7] jepsen.util: 487	:info	:cas	[25 [0 3]]	:net-timeout
2026-03-04 13:57:03,235{GMT}	INFO	[jepsen worker 7] jepsen.util: 499	:invoke	:cas	[25 [4 1]]
2026-03-04 13:57:03,251{GMT}	INFO	[jepsen worker 8] jepsen.util: 500	:info	:write	[25 0]	:net-timeout
2026-03-04 13:57:03,251{GMT}	INFO	[jepsen worker 8] jepsen.util: 512	:invoke	:cas	[25 [0 2]]
2026-03-04 13:57:03,313{GMT}	INFO	[jepsen worker 0] jepsen.util: 0	:fail	:read	[24 nil]	:net-timeout
2026-03-04 13:57:03,313{GMT}	INFO	[jepsen worker 0] jepsen.util: 0	:invoke	:read	[24 nil]
2026-03-04 13:57:03,348{GMT}	INFO	[jepsen worker 9] jepsen.util: 489	:info	:write	[25 4]	:net-timeout
2026-03-04 13:57:03,348{GMT}	INFO	[jepsen worker 9] jepsen.util: 501	:invoke	:cas	[25 [2 3]]
2026-03-04 13:57:03,387{GMT}	INFO	[jepsen worker 1] jepsen.util: 1	:fail	:read	[24 nil]	:net-timeout
2026-03-04 13:57:03,387{GMT}	INFO	[jepsen worker 1] jepsen.util: 1	:invoke	:read	[24 nil]
2026-03-04 13:57:03,444{GMT}	INFO	[jepsen worker 2] jepsen.util: 2	:fail	:read	[24 nil]	:net-timeout
2026-03-04 13:57:03,450{GMT}	INFO	[jepsen worker 2] jepsen.util: 2	:invoke	:read	[24 nil]
2026-03-04 13:57:03,505{GMT}	INFO	[jepsen worker 11] jepsen.util: 491	:info	:write	[25 0]	:net-timeout
2026-03-04 13:57:03,505{GMT}	INFO	[jepsen worker 11] jepsen.util: 503	:invoke	:cas	[25 [4 0]]
2026-03-04 13:57:03,928{GMT}	INFO	[jepsen worker 3] jepsen.util: 507	:ok	:write	[24 2]
2026-03-04 13:57:03,929{GMT}	INFO	[jepsen worker 3] jepsen.util: 507	:invoke	:cas	[24 [4 0]]
2026-03-04 13:57:03,930{GMT}	INFO	[jepsen worker 6] jepsen.util: 522	:fail	:cas	[25 [4 4]]	[:precondition-failed "expected 4 but had 0"]
2026-03-04 13:57:03,930{GMT}	INFO	[jepsen worker 5] jepsen.util: 497	:fail	:cas	[24 [0 0]]	[:precondition-failed "expected 0 but had 2"]
2026-03-04 13:57:03,930{GMT}	INFO	[jepsen worker 0] jepsen.util: 0	:ok	:read	[24 2]
2026-03-04 13:57:03,931{GMT}	INFO	[jepsen worker 8] jepsen.util: 512	:fail	:cas	[25 [0 2]]	[:precondition-failed "expected 0 but had 3"]
2026-03-04 13:57:03,931{GMT}	INFO	[jepsen worker 9] jepsen.util: 501	:fail	:cas	[25 [2 3]]	[:precondition-failed "expected 2 but had 3"]
2026-03-04 13:57:03,932{GMT}	INFO	[jepsen worker 10] jepsen.util: 514	:fail	:cas	[25 [4 4]]	[:precondition-failed "expected 4 but had 3"]
2026-03-04 13:57:03,932{GMT}	INFO	[jepsen worker 2] jepsen.util: 2	:ok	:read	[24 2]
2026-03-04 13:57:03,932{GMT}	INFO	[jepsen worker 3] jepsen.util: 507	:fail	:cas	[24 [4 0]]	[:precondition-failed "expected 4 but had 2"]
2026-03-04 13:57:03,933{GMT}	INFO	[jepsen worker 11] jepsen.util: 503	:fail	:cas	[25 [4 0]]	[:precondition-failed "expected 4 but had 3"]
2026-03-04 13:57:03,933{GMT}	INFO	[jepsen worker 4] jepsen.util: 496	:fail	:cas	[24 [1 0]]	[:precondition-failed "expected 1 but had 2"]
2026-03-04 13:57:03,933{GMT}	INFO	[jepsen worker 7] jepsen.util: 499	:fail	:cas	[25 [4 1]]	[:precondition-failed "expected 4 but had 3"]
2026-03-04 13:57:03,934{GMT}	INFO	[jepsen worker 1] jepsen.util: 1	:ok	:read	[24 2]
2026-03-04 13:57:03,983{GMT}	INFO	[jepsen worker 6] jepsen.util: 522	:invoke	:cas	[25 [0 2]]
2026-03-04 13:57:03,984{GMT}	INFO	[jepsen worker 6] jepsen.util: 522	:fail	:cas	[25 [0 2]]	[:precondition-failed "expected 0 but had 3"]
2026-03-04 13:57:04,018{GMT}	INFO	[jepsen worker 6] jepsen.util: 522	:invoke	:cas	[25 [0 2]]
2026-03-04 13:57:04,018{GMT}	INFO	[jepsen worker 7] jepsen.util: 499	:invoke	:cas	[25 [1 1]]
2026-03-04 13:57:04,019{GMT}	INFO	[jepsen worker 8] jepsen.util: 512	:invoke	:cas	[25 [4 1]]
2026-03-04 13:57:04,020{GMT}	INFO	[jepsen worker 7] jepsen.util: 499	:fail	:cas	[25 [1 1]]	[:precondition-failed "expected 1 but had 3"]
2026-03-04 13:57:04,020{GMT}	INFO	[jepsen worker 6] jepsen.util: 522	:fail	:cas	[25 [0 2]]	[:precondition-failed "expected 0 but had 3"]
2026-03-04 13:57:04,020{GMT}	INFO	[jepsen worker 8] jepsen.util: 512	:fail	:cas	[25 [4 1]]	[:precondition-failed "expected 4 but had 3"]
2026-03-04 13:57:04,088{GMT}	INFO	[jepsen worker 6] jepsen.util: 522	:invoke	:cas	[25 [3 2]]
2026-03-04 13:57:04,093{GMT}	INFO	[jepsen worker 6] jepsen.util: 522	:ok	:cas	[25 [3 2]]
2026-03-04 13:57:04,133{GMT}	INFO	[jepsen worker 0] jepsen.util: 0	:invoke	:read	[24 nil]
2026-03-04 13:57:04,137{GMT}	INFO	[jepsen worker 0] jepsen.util: 0	:ok	:read	[24 2]
2026-03-04 13:57:04,187{GMT}	INFO	[jepsen worker 8] jepsen.util: 512	:invoke	:write	[25 0]
2026-03-04 13:57:04,192{GMT}	INFO	[jepsen worker 8] jepsen.util: 512	:ok	:write	[25 0]
2026-03-04 13:57:04,195{GMT}	INFO	[jepsen worker 9] jepsen.util: 501	:invoke	:write	[25 0]
2026-03-04 13:57:04,197{GMT}	INFO	[jepsen worker 9] jepsen.util: 501	:ok	:write	[25 0]
2026-03-04 13:57:04,243{GMT}	INFO	[jepsen worker 10] jepsen.util: 514	:invoke	:write	[25 3]
2026-03-04 13:57:04,244{GMT}	INFO	[jepsen worker 0] jepsen.util: 0	:invoke	:read	[24 nil]
2026-03-04 13:57:04,247{GMT}	INFO	[jepsen worker 10] jepsen.util: 514	:ok	:write	[25 3]
2026-03-04 13:57:04,247{GMT}	INFO	[jepsen worker 0] jepsen.util: 0	:ok	:read	[24 2]
2026-03-04 13:57:04,313{GMT}	INFO	[jepsen worker 0] jepsen.util: 0	:invoke	:read	[24 nil]
2026-03-04 13:57:04,317{GMT}	INFO	[jepsen worker 0] jepsen.util: 0	:ok	:read	[24 2]
2026-03-04 13:57:04,362{GMT}	INFO	[jepsen worker 0] jepsen.util: 0	:invoke	:read	[24 nil]
2026-03-04 13:57:04,366{GMT}	INFO	[jepsen worker 0] jepsen.util: 0	:ok	:read	[24 2]
2026-03-04 13:57:04,408{GMT}	INFO	[jepsen worker 3] jepsen.util: 507	:invoke	:cas	[24 [1 4]]
2026-03-04 13:57:04,413{GMT}	INFO	[jepsen worker 3] jepsen.util: 507	:fail	:cas	[24 [1 4]]	[:precondition-failed "expected 1 but had 2"]
2026-03-04 13:57:04,456{GMT}	INFO	[jepsen worker 6] jepsen.util: 522	:invoke	:write	[25 0]
2026-03-04 13:57:04,460{GMT}	INFO	[jepsen worker 6] jepsen.util: 522	:ok	:write	[25 0]
2026-03-04 13:57:04,501{GMT}	INFO	[jepsen worker 6] jepsen.util: 522	:invoke	:cas	[25 [1 3]]
2026-03-04 13:57:04,504{GMT}	INFO	[jepsen worker 6] jepsen.util: 522	:fail	:cas	[25 [1 3]]	[:precondition-failed "expected 1 but had 0"]
2026-03-04 13:57:04,515{GMT}	INFO	[jepsen worker 6] jepsen.util: 522	:invoke	:write	[25 0]
2026-03-04 13:57:04,518{GMT}	INFO	[jepsen worker 6] jepsen.util: 522	:ok	:write	[25 0]
2026-03-04 13:57:04,553{GMT}	INFO	[jepsen worker 6] jepsen.util: 522	:invoke	:cas	[25 [0 0]]
2026-03-04 13:57:04,557{GMT}	INFO	[jepsen worker 6] jepsen.util: 522	:ok	:cas	[25 [0 0]]
2026-03-04 13:57:04,596{GMT}	INFO	[jepsen worker 3] jepsen.util: 507	:invoke	:cas	[24 [4 1]]
2026-03-04 13:57:04,598{GMT}	INFO	[jepsen worker 3] jepsen.util: 507	:fail	:cas	[24 [4 1]]	[:precondition-failed "expected 4 but had 2"]
2026-03-04 13:57:04,646{GMT}	INFO	[jepsen worker 0] jepsen.util: 0	:invoke	:read	[24 nil]
2026-03-04 13:57:04,648{GMT}	INFO	[jepsen worker 0] jepsen.util: 0	:ok	:read	[24 2]
2026-03-04 13:57:04,672{GMT}	INFO	[jepsen worker 3] jepsen.util: 507	:invoke	:cas	[24 [3 4]]
2026-03-04 13:57:04,675{GMT}	INFO	[jepsen worker 3] jepsen.util: 507	:fail	:cas	[24 [3 4]]	[:precondition-failed "expected 3 but had 2"]
2026-03-04 13:57:04,735{GMT}	INFO	[jepsen worker 3] jepsen.util: 507	:invoke	:cas	[24 [4 4]]
2026-03-04 13:57:04,737{GMT}	INFO	[jepsen worker 3] jepsen.util: 507	:fail	:cas	[24 [4 4]]	[:precondition-failed "expected 4 but had 2"]
2026-03-04 13:57:04,797{GMT}	INFO	[jepsen worker 10] jepsen.util: 514	:invoke	:cas	[25 [4 4]]
2026-03-04 13:57:04,799{GMT}	INFO	[jepsen worker 10] jepsen.util: 514	:fail	:cas	[25 [4 4]]	[:precondition-failed "expected 4 but had 0"]
2026-03-04 13:57:04,828{GMT}	INFO	[jepsen worker 3] jepsen.util: 507	:invoke	:cas	[24 [0 2]]
2026-03-04 13:57:04,830{GMT}	INFO	[jepsen worker 3] jepsen.util: 507	:fail	:cas	[24 [0 2]]	[:precondition-failed "expected 0 but had 2"]
2026-03-04 13:57:04,830{GMT}	INFO	[jepsen worker 6] jepsen.util: 522	:invoke	:cas	[25 [3 3]]
2026-03-04 13:57:04,832{GMT}	INFO	[jepsen worker 6] jepsen.util: 522	:fail	:cas	[25 [3 3]]	[:precondition-failed "expected 3 but had 0"]
2026-03-04 13:57:04,897{GMT}	INFO	[jepsen worker 6] jepsen.util: 522	:invoke	:write	[25 3]
2026-03-04 13:57:04,899{GMT}	INFO	[jepsen worker 6] jepsen.util: 522	:ok	:write	[25 3]
2026-03-04 13:57:04,920{GMT}	INFO	[jepsen worker 6] jepsen.util: 522	:invoke	:cas	[25 [1 1]]
2026-03-04 13:57:04,923{GMT}	INFO	[jepsen worker 6] jepsen.util: 522	:fail	:cas	[25 [1 1]]	[:precondition-failed "expected 1 but had 3"]
2026-03-04 13:57:04,923{GMT}	INFO	[jepsen worker 6] jepsen.util: 522	:invoke	:cas	[25 [0 3]]
2026-03-04 13:57:04,925{GMT}	INFO	[jepsen worker 6] jepsen.util: 522	:fail	:cas	[25 [0 3]]	[:precondition-failed "expected 0 but had 3"]
2026-03-04 13:57:04,933{GMT}	INFO	[jepsen worker 6] jepsen.util: 522	:invoke	:cas	[25 [1 2]]
2026-03-04 13:57:04,935{GMT}	INFO	[jepsen worker 6] jepsen.util: 522	:fail	:cas	[25 [1 2]]	[:precondition-failed "expected 1 but had 3"]
2026-03-04 13:57:04,978{GMT}	INFO	[jepsen worker 4] jepsen.util: 496	:invoke	:write	[24 0]
2026-03-04 13:57:04,980{GMT}	INFO	[jepsen worker 4] jepsen.util: 496	:ok	:write	[24 0]
2026-03-04 13:57:05,036{GMT}	INFO	[jepsen worker 6] jepsen.util: 522	:invoke	:cas	[25 [4 4]]
2026-03-04 13:57:05,038{GMT}	INFO	[jepsen worker 6] jepsen.util: 522	:fail	:cas	[25 [4 4]]	[:precondition-failed "expected 4 but had 3"]
2026-03-04 13:57:05,097{GMT}	INFO	[jepsen worker 6] jepsen.util: 522	:invoke	:cas	[25 [0 3]]
2026-03-04 13:57:05,100{GMT}	INFO	[jepsen worker 6] jepsen.util: 522	:fail	:cas	[25 [0 3]]	[:precondition-failed "expected 0 but had 3"]
2026-03-04 13:57:05,135{GMT}	INFO	[jepsen worker 3] jepsen.util: 507	:invoke	:cas	[24 [1 3]]
2026-03-04 13:57:05,136{GMT}	INFO	[jepsen worker 3] jepsen.util: 507	:fail	:cas	[24 [1 3]]	[:precondition-failed "expected 1 but had 0"]
2026-03-04 13:57:05,170{GMT}	INFO	[jepsen worker 8] jepsen.util: 512	:invoke	:cas	[25 [0 2]]
2026-03-04 13:57:05,173{GMT}	INFO	[jepsen worker 8] jepsen.util: 512	:fail	:cas	[25 [0 2]]	[:precondition-failed "expected 0 but had 3"]
2026-03-04 13:57:05,197{GMT}	INFO	[jepsen worker 9] jepsen.util: 501	:invoke	:cas	[25 [4 1]]
2026-03-04 13:57:05,199{GMT}	INFO	[jepsen worker 9] jepsen.util: 501	:fail	:cas	[25 [4 1]]	[:precondition-failed "expected 4 but had 3"]
2026-03-04 13:57:05,208{GMT}	INFO	[jepsen worker 10] jepsen.util: 514	:invoke	:cas	[25 [4 4]]
2026-03-04 13:57:05,210{GMT}	INFO	[jepsen worker 10] jepsen.util: 514	:fail	:cas	[25 [4 4]]	[:precondition-failed "expected 4 but had 3"]
2026-03-04 13:57:05,222{GMT}	INFO	[jepsen worker 3] jepsen.util: 507	:invoke	:write	[24 2]
2026-03-04 13:57:05,224{GMT}	INFO	[jepsen worker 3] jepsen.util: 507	:ok	:write	[24 2]
2026-03-04 13:57:05,265{GMT}	INFO	[jepsen worker 6] jepsen.util: 522	:invoke	:cas	[25 [4 0]]
2026-03-04 13:57:05,267{GMT}	INFO	[jepsen worker 6] jepsen.util: 522	:fail	:cas	[25 [4 0]]	[:precondition-failed "expected 4 but had 3"]
2026-03-04 13:57:05,323{GMT}	INFO	[jepsen worker 6] jepsen.util: 522	:invoke	:cas	[25 [2 3]]
2026-03-04 13:57:05,325{GMT}	INFO	[jepsen worker 6] jepsen.util: 522	:fail	:cas	[25 [2 3]]	[:precondition-failed "expected 2 but had 3"]
2026-03-04 13:57:05,351{GMT}	INFO	[jepsen worker 1] jepsen.util: 1	:invoke	:read	[24 nil]
2026-03-04 13:57:05,354{GMT}	INFO	[jepsen worker 1] jepsen.util: 1	:ok	:read	[24 2]
2026-03-04 13:57:05,406{GMT}	INFO	[jepsen worker 2] jepsen.util: 2	:invoke	:read	[24 nil]
2026-03-04 13:57:05,409{GMT}	INFO	[jepsen worker 2] jepsen.util: 2	:ok	:read	[24 2]
2026-03-04 13:57:05,456{GMT}	INFO	[jepsen worker 3] jepsen.util: 507	:invoke	:cas	[24 [0 4]]
2026-03-04 13:57:05,459{GMT}	INFO	[jepsen worker 3] jepsen.util: 507	:fail	:cas	[24 [0 4]]	[:precondition-failed "expected 0 but had 2"]
2026-03-04 13:57:05,486{GMT}	INFO	[jepsen worker 6] jepsen.util: 522	:invoke	:cas	[25 [0 1]]
2026-03-04 13:57:05,489{GMT}	INFO	[jepsen worker 6] jepsen.util: 522	:fail	:cas	[25 [0 1]]	[:precondition-failed "expected 0 but had 3"]
2026-03-04 13:57:05,526{GMT}	INFO	[jepsen worker 6] jepsen.util: 522	:invoke	:cas	[25 [0 2]]
2026-03-04 13:57:05,529{GMT}	INFO	[jepsen worker 6] jepsen.util: 522	:fail	:cas	[25 [0 2]]	[:precondition-failed "expected 0 but had 3"]
2026-03-04 13:57:05,569{GMT}	INFO	[jepsen worker 3] jepsen.util: 507	:invoke	:cas	[24 [3 3]]
2026-03-04 13:57:05,573{GMT}	INFO	[jepsen worker 3] jepsen.util: 507	:fail	:cas	[24 [3 3]]	[:precondition-failed "expected 3 but had 2"]
2026-03-04 13:57:05,611{GMT}	INFO	[jepsen worker 3] jepsen.util: 507	:invoke	:write	[24 4]
2026-03-04 13:57:05,614{GMT}	INFO	[jepsen worker 3] jepsen.util: 507	:ok	:write	[24 4]
2026-03-04 13:57:05,674{GMT}	INFO	[jepsen worker 8] jepsen.util: 512	:invoke	:cas	[25 [2 4]]
2026-03-04 13:57:05,677{GMT}	INFO	[jepsen worker 8] jepsen.util: 512	:fail	:cas	[25 [2 4]]	[:precondition-failed "expected 2 but had 3"]
2026-03-04 13:57:05,694{GMT}	INFO	[jepsen worker 9] jepsen.util: 501	:invoke	:write	[25 2]
2026-03-04 13:57:05,697{GMT}	INFO	[jepsen worker 9] jepsen.util: 501	:ok	:write	[25 2]
2026-03-04 13:57:05,761{GMT}	INFO	[jepsen worker 10] jepsen.util: 514	:invoke	:cas	[25 [3 2]]
2026-03-04 13:57:05,764{GMT}	INFO	[jepsen worker 10] jepsen.util: 514	:fail	:cas	[25 [3 2]]	[:precondition-failed "expected 3 but had 2"]
2026-03-04 13:57:05,827{GMT}	INFO	[jepsen worker 0] jepsen.util: 0	:invoke	:read	[24 nil]
2026-03-04 13:57:05,829{GMT}	INFO	[jepsen worker 0] jepsen.util: 0	:ok	:read	[24 4]
2026-03-04 13:57:05,850{GMT}	INFO	[jepsen worker 3] jepsen.util: 507	:invoke	:write	[24 2]
2026-03-04 13:57:05,852{GMT}	INFO	[jepsen worker 3] jepsen.util: 507	:ok	:write	[24 2]
2026-03-04 13:57:05,907{GMT}	INFO	[jepsen worker 0] jepsen.util: 0	:invoke	:read	[24 nil]
2026-03-04 13:57:05,909{GMT}	INFO	[jepsen worker 0] jepsen.util: 0	:ok	:read	[24 2]
2026-03-04 13:57:05,924{GMT}	INFO	[jepsen worker 1] jepsen.util: 1	:invoke	:read	[24 nil]
2026-03-04 13:57:05,926{GMT}	INFO	[jepsen worker 1] jepsen.util: 1	:ok	:read	[24 2]
2026-03-04 13:57:05,967{GMT}	INFO	[jepsen worker 6] jepsen.util: 522	:invoke	:write	[25 4]
2026-03-04 13:57:05,970{GMT}	INFO	[jepsen worker 6] jepsen.util: 522	:ok	:write	[25 4]
2026-03-04 13:57:06,013{GMT}	INFO	[jepsen worker 0] jepsen.util: 0	:invoke	:read	[24 nil]
2026-03-04 13:57:06,017{GMT}	INFO	[jepsen worker 0] jepsen.util: 0	:ok	:read	[24 2]
2026-03-04 13:57:06,068{GMT}	INFO	[jepsen worker 0] jepsen.util: 0	:invoke	:read	[24 nil]
2026-03-04 13:57:06,071{GMT}	INFO	[jepsen worker 0] jepsen.util: 0	:ok	:read	[24 2]
2026-03-04 13:57:06,130{GMT}	INFO	[jepsen worker 6] jepsen.util: 522	:invoke	:cas	[25 [2 0]]
2026-03-04 13:57:06,134{GMT}	INFO	[jepsen worker 6] jepsen.util: 522	:fail	:cas	[25 [2 0]]	[:precondition-failed "expected 2 but had 4"]
2026-03-04 13:57:06,182{GMT}	INFO	[jepsen worker 6] jepsen.util: 522	:invoke	:cas	[25 [1 4]]
2026-03-04 13:57:06,184{GMT}	INFO	[jepsen worker 6] jepsen.util: 522	:fail	:cas	[25 [1 4]]	[:precondition-failed "expected 1 but had 4"]
2026-03-04 13:57:06,185{GMT}	INFO	[jepsen worker 3] jepsen.util: 507	:invoke	:write	[24 3]
2026-03-04 13:57:06,187{GMT}	INFO	[jepsen worker 3] jepsen.util: 507	:ok	:write	[24 3]
2026-03-04 13:57:06,231{GMT}	INFO	[jepsen worker 3] jepsen.util: 507	:invoke	:cas	[24 [1 1]]
2026-03-04 13:57:06,234{GMT}	INFO	[jepsen worker 3] jepsen.util: 507	:fail	:cas	[24 [1 1]]	[:precondition-failed "expected 1 but had 3"]
2026-03-04 13:57:06,284{GMT}	INFO	[jepsen worker 0] jepsen.util: 0	:invoke	:read	[24 nil]
2026-03-04 13:57:06,287{GMT}	INFO	[jepsen worker 0] jepsen.util: 0	:ok	:read	[24 3]
2026-03-04 13:57:06,355{GMT}	INFO	[jepsen worker 10] jepsen.util: 514	:invoke	:write	[25 4]
2026-03-04 13:57:06,358{GMT}	INFO	[jepsen worker 10] jepsen.util: 514	:ok	:write	[25 4]
2026-03-04 13:57:06,377{GMT}	INFO	[jepsen worker 0] jepsen.util: 0	:invoke	:read	[24 nil]
2026-03-04 13:57:06,381{GMT}	INFO	[jepsen worker 0] jepsen.util: 0	:ok	:read	[24 3]
2026-03-04 13:57:06,419{GMT}	INFO	[jepsen worker 0] jepsen.util: 0	:invoke	:read	[24 nil]
2026-03-04 13:57:06,422{GMT}	INFO	[jepsen worker 0] jepsen.util: 0	:ok	:read	[24 3]
2026-03-04 13:57:06,454{GMT}	INFO	[jepsen worker 6] jepsen.util: 522	:invoke	:cas	[25 [4 4]]
2026-03-04 13:57:06,460{GMT}	INFO	[jepsen worker 6] jepsen.util: 522	:ok	:cas	[25 [4 4]]
2026-03-04 13:57:06,513{GMT}	INFO	[jepsen worker 1] jepsen.util: 1	:invoke	:read	[24 nil]
2026-03-04 13:57:06,516{GMT}	INFO	[jepsen worker 1] jepsen.util: 1	:ok	:read	[24 3]
2026-03-04 13:57:06,567{GMT}	INFO	[jepsen worker 6] jepsen.util: 522	:invoke	:write	[25 3]
2026-03-04 13:57:06,571{GMT}	INFO	[jepsen worker 6] jepsen.util: 522	:ok	:write	[25 3]
2026-03-04 13:57:06,594{GMT}	INFO	[jepsen worker 6] jepsen.util: 522	:invoke	:write	[25 2]
2026-03-04 13:57:06,597{GMT}	INFO	[jepsen worker 6] jepsen.util: 522	:ok	:write	[25 2]
2026-03-04 13:57:06,605{GMT}	INFO	[jepsen worker 0] jepsen.util: 0	:invoke	:read	[24 nil]
2026-03-04 13:57:06,609{GMT}	INFO	[jepsen worker 0] jepsen.util: 0	:ok	:read	[24 3]
2026-03-04 13:57:06,646{GMT}	INFO	[jepsen worker 5] jepsen.util: 497	:invoke	:cas	[24 [4 2]]
2026-03-04 13:57:06,649{GMT}	INFO	[jepsen worker 5] jepsen.util: 497	:fail	:cas	[24 [4 2]]	[:precondition-failed "expected 4 but had 3"]
2026-03-04 13:57:06,712{GMT}	INFO	[jepsen worker 3] jepsen.util: 507	:invoke	:cas	[24 [0 4]]
2026-03-04 13:57:06,716{GMT}	INFO	[jepsen worker 3] jepsen.util: 507	:fail	:cas	[24 [0 4]]	[:precondition-failed "expected 0 but had 3"]
2026-03-04 13:57:06,757{GMT}	INFO	[jepsen worker 3] jepsen.util: 507	:invoke	:cas	[24 [0 0]]
2026-03-04 13:57:06,762{GMT}	INFO	[jepsen worker 3] jepsen.util: 507	:fail	:cas	[24 [0 0]]	[:precondition-failed "expected 0 but had 3"]
2026-03-04 13:57:06,780{GMT}	INFO	[jepsen worker 0] jepsen.util: 0	:invoke	:read	[24 nil]
2026-03-04 13:57:06,783{GMT}	INFO	[jepsen worker 0] jepsen.util: 0	:ok	:read	[24 3]
2026-03-04 13:57:06,850{GMT}	INFO	[jepsen worker 3] jepsen.util: 507	:invoke	:cas	[24 [2 0]]
2026-03-04 13:57:06,853{GMT}	INFO	[jepsen worker 3] jepsen.util: 507	:fail	:cas	[24 [2 0]]	[:precondition-failed "expected 2 but had 3"]
2026-03-04 13:57:06,902{GMT}	INFO	[jepsen worker 10] jepsen.util: 514	:invoke	:cas	[25 [3 4]]
2026-03-04 13:57:06,935{GMT}	INFO	[jepsen worker 11] jepsen.util: 503	:invoke	:cas	[25 [4 4]]
2026-03-04 13:57:06,952{GMT}	INFO	[jepsen worker 0] jepsen.util: 0	:invoke	:read	[24 nil]
2026-03-04 13:57:06,979{GMT}	INFO	[jepsen worker 6] jepsen.util: 522	:invoke	:cas	[25 [0 4]]
2026-03-04 13:57:07,023{GMT}	INFO	[jepsen worker 3] jepsen.util: 507	:invoke	:cas	[24 [0 2]]
2026-03-04 13:57:07,090{GMT}	INFO	[jepsen worker 4] jepsen.util: 496	:invoke	:cas	[24 [0 2]]
2026-03-04 13:57:07,150{GMT}	INFO	[jepsen worker 7] jepsen.util: 499	:invoke	:write	[25 0]
2026-03-04 13:57:07,157{GMT}	INFO	[jepsen worker 1] jepsen.util: 1	:invoke	:read	[24 nil]
2026-03-04 13:57:07,203{GMT}	INFO	[jepsen worker 8] jepsen.util: 512	:invoke	:cas	[25 [2 0]]
2026-03-04 13:57:07,241{GMT}	INFO	[jepsen worker 5] jepsen.util: 497	:invoke	:cas	[24 [1 3]]
2026-03-04 13:57:07,284{GMT}	INFO	[jepsen worker 2] jepsen.util: 2	:invoke	:read	[24 nil]
2026-03-04 13:57:07,313{GMT}	INFO	[jepsen worker 9] jepsen.util: 501	:invoke	:cas	[25 [1 3]]
2026-03-04 13:57:07,903{GMT}	INFO	[jepsen worker 10] jepsen.util: 514	:info	:cas	[25 [3 4]]	:net-timeout
2026-03-04 13:57:07,903{GMT}	INFO	[jepsen worker 10] jepsen.util: 526	:invoke	:write	[25 1]
2026-03-04 13:57:07,937{GMT}	INFO	[jepsen worker 11] jepsen.util: 503	:info	:cas	[25 [4 4]]	:net-timeout
2026-03-04 13:57:07,956{GMT}	INFO	[jepsen worker 0] jepsen.util: 0	:fail	:read	[24 nil]	:net-timeout
2026-03-04 13:57:07,965{GMT}	INFO	[jepsen worker 11] jepsen.util: 515	:invoke	:write	[25 3]
2026-03-04 13:57:07,984{GMT}	INFO	[jepsen worker 6] jepsen.util: 522	:info	:cas	[25 [0 4]]	:net-timeout
2026-03-04 13:57:08,014{GMT}	INFO	[jepsen worker 6] jepsen.util: 534	:invoke	:cas	[25 [3 3]]
2026-03-04 13:57:08,027{GMT}	INFO	[jepsen worker 3] jepsen.util: 507	:info	:cas	[24 [0 2]]	:net-timeout
2026-03-04 13:57:08,041{GMT}	INFO	[jepsen worker 3] jepsen.util: 519	:invoke	:cas	[24 [2 3]]
2026-03-04 13:57:08,055{GMT}	INFO	[jepsen worker 0] jepsen.util: 0	:invoke	:read	[24 nil]
2026-03-04 13:57:08,093{GMT}	INFO	[jepsen worker 4] jepsen.util: 496	:info	:cas	[24 [0 2]]	:net-timeout
2026-03-04 13:57:08,093{GMT}	INFO	[jepsen worker 4] jepsen.util: 508	:invoke	:write	[24 0]
2026-03-04 13:57:08,151{GMT}	INFO	[jepsen worker 7] jepsen.util: 499	:info	:write	[25 0]	:net-timeout
2026-03-04 13:57:08,151{GMT}	INFO	[jepsen worker 7] jepsen.util: 511	:invoke	:cas	[25 [3 3]]
2026-03-04 13:57:08,158{GMT}	INFO	[jepsen worker 1] jepsen.util: 1	:fail	:read	[24 nil]	:net-timeout
2026-03-04 13:57:08,159{GMT}	INFO	[jepsen worker 1] jepsen.util: 1	:invoke	:read	[24 nil]
2026-03-04 13:57:08,207{GMT}	INFO	[jepsen worker 8] jepsen.util: 512	:info	:cas	[25 [2 0]]	:net-timeout
2026-03-04 13:57:08,208{GMT}	INFO	[jepsen worker 8] jepsen.util: 524	:invoke	:write	[26 2]
2026-03-04 13:57:08,246{GMT}	INFO	[jepsen worker 5] jepsen.util: 497	:info	:cas	[24 [1 3]]	:net-timeout
2026-03-04 13:57:08,256{GMT}	INFO	[jepsen worker 5] jepsen.util: 509	:invoke	:cas	[24 [3 2]]
2026-03-04 13:57:08,287{GMT}	INFO	[jepsen worker 2] jepsen.util: 2	:fail	:read	[24 nil]	:net-timeout
2026-03-04 13:57:08,288{GMT}	INFO	[jepsen worker 2] jepsen.util: 2	:invoke	:read	[24 nil]
2026-03-04 13:57:08,312{GMT}	INFO	[jepsen worker 9] jepsen.util: 501	:info	:cas	[25 [1 3]]	:net-timeout
2026-03-04 13:57:08,342{GMT}	INFO	[jepsen worker 9] jepsen.util: 513	:invoke	:cas	[26 [1 1]]
2026-03-04 13:57:08,908{GMT}	INFO	[jepsen worker 10] jepsen.util: 526	:info	:write	[25 1]	:net-timeout
2026-03-04 13:57:08,969{GMT}	INFO	[jepsen worker 11] jepsen.util: 515	:info	:write	[25 3]	:net-timeout
2026-03-04 13:57:09,016{GMT}	INFO	[jepsen worker 6] jepsen.util: 534	:info	:cas	[25 [3 3]]	:net-timeout
2026-03-04 13:57:09,041{GMT}	INFO	[jepsen worker 3] jepsen.util: 519	:info	:cas	[24 [2 3]]	:net-timeout
2026-03-04 13:57:09,060{GMT}	INFO	[jepsen worker 0] jepsen.util: 0	:fail	:read	[24 nil]	:net-timeout
2026-03-04 13:57:09,097{GMT}	INFO	[jepsen worker 4] jepsen.util: 508	:info	:write	[24 0]	:net-timeout
2026-03-04 13:57:09,155{GMT}	INFO	[jepsen worker 7] jepsen.util: 511	:info	:cas	[25 [3 3]]	:net-timeout
2026-03-04 13:57:09,163{GMT}	INFO	[jepsen worker 1] jepsen.util: 1	:fail	:read	[24 nil]	:net-timeout
2026-03-04 13:57:09,212{GMT}	INFO	[jepsen worker 8] jepsen.util: 524	:info	:write	[26 2]	:net-timeout
2026-03-04 13:57:09,256{GMT}	INFO	[jepsen worker 5] jepsen.util: 509	:info	:cas	[24 [3 2]]	:net-timeout
2026-03-04 13:57:09,292{GMT}	INFO	[jepsen worker 2] jepsen.util: 2	:fail	:read	[24 nil]	:net-timeout
2026-03-04 13:57:09,346{GMT}	INFO	[jepsen worker 9] jepsen.util: 513	:info	:cas	[26 [1 1]]	:net-timeout
2026-03-04 13:57:09,361{GMT}	INFO	[jepsen test runner] jepsen.core: Run complete, writing
2026-03-04 13:57:09,427{GMT}	INFO	[jepsen node n0] maelstrom.db: Tearing down n0
2026-03-04 13:57:09,427{GMT}	INFO	[jepsen node n2] maelstrom.db: Tearing down n2
2026-03-04 13:57:09,427{GMT}	INFO	[jepsen node n1] maelstrom.db: Tearing down n1
2026-03-04 13:57:10,660{GMT}	INFO	[jepsen node n0] maelstrom.net: Shutting down Maelstrom network
2026-03-04 13:57:10,665{GMT}	INFO	[jepsen test runner] jepsen.core: Analyzing...
2026-03-04 13:57:10,835{GMT}	INFO	[clojure-agent-send-pool-1] jepsen.independent: Wrote /Users/md.sakibulislam/Desktop/KTH/Period - 3/Distributed-Systems-Advance/Project/Omnipaxos-Project/store/lin-kv/20260304T135607.268+0100/independent/7/results.edn
2026-03-04 13:57:10,837{GMT}	INFO	[clojure-agent-send-pool-1] jepsen.independent: Wrote /Users/md.sakibulislam/Desktop/KTH/Period - 3/Distributed-Systems-Advance/Project/Omnipaxos-Project/store/lin-kv/20260304T135607.268+0100/independent/7/history.edn
2026-03-04 13:57:10,883{GMT}	INFO	[clojure-agent-send-pool-8] jepsen.independent: Wrote /Users/md.sakibulislam/Desktop/KTH/Period - 3/Distributed-Systems-Advance/Project/Omnipaxos-Project/store/lin-kv/20260304T135607.268+0100/independent/13/results.edn
2026-03-04 13:57:10,884{GMT}	INFO	[clojure-agent-send-pool-8] jepsen.independent: Wrote /Users/md.sakibulislam/Desktop/KTH/Period - 3/Distributed-Systems-Advance/Project/Omnipaxos-Project/store/lin-kv/20260304T135607.268+0100/independent/13/history.edn
2026-03-04 13:57:10,936{GMT}	INFO	[clojure-agent-send-pool-0] jepsen.independent: Wrote /Users/md.sakibulislam/Desktop/KTH/Period - 3/Distributed-Systems-Advance/Project/Omnipaxos-Project/store/lin-kv/20260304T135607.268+0100/independent/0/results.edn
2026-03-04 13:57:10,938{GMT}	INFO	[clojure-agent-send-pool-0] jepsen.independent: Wrote /Users/md.sakibulislam/Desktop/KTH/Period - 3/Distributed-Systems-Advance/Project/Omnipaxos-Project/store/lin-kv/20260304T135607.268+0100/independent/0/history.edn
2026-03-04 13:57:10,951{GMT}	INFO	[clojure-agent-send-pool-7] jepsen.independent: Wrote /Users/md.sakibulislam/Desktop/KTH/Period - 3/Distributed-Systems-Advance/Project/Omnipaxos-Project/store/lin-kv/20260304T135607.268+0100/independent/21/results.edn
2026-03-04 13:57:10,951{GMT}	INFO	[clojure-agent-send-pool-10] jepsen.independent: Wrote /Users/md.sakibulislam/Desktop/KTH/Period - 3/Distributed-Systems-Advance/Project/Omnipaxos-Project/store/lin-kv/20260304T135607.268+0100/independent/6/results.edn
2026-03-04 13:57:10,953{GMT}	INFO	[clojure-agent-send-pool-10] jepsen.independent: Wrote /Users/md.sakibulislam/Desktop/KTH/Period - 3/Distributed-Systems-Advance/Project/Omnipaxos-Project/store/lin-kv/20260304T135607.268+0100/independent/6/history.edn
2026-03-04 13:57:10,953{GMT}	INFO	[clojure-agent-send-pool-7] jepsen.independent: Wrote /Users/md.sakibulislam/Desktop/KTH/Period - 3/Distributed-Systems-Advance/Project/Omnipaxos-Project/store/lin-kv/20260304T135607.268+0100/independent/21/history.edn
2026-03-04 13:57:10,965{GMT}	INFO	[clojure-agent-send-pool-9] jepsen.independent: Wrote /Users/md.sakibulislam/Desktop/KTH/Period - 3/Distributed-Systems-Advance/Project/Omnipaxos-Project/store/lin-kv/20260304T135607.268+0100/independent/22/results.edn
2026-03-04 13:57:10,966{GMT}	INFO	[clojure-agent-send-pool-3] jepsen.independent: Wrote /Users/md.sakibulislam/Desktop/KTH/Period - 3/Distributed-Systems-Advance/Project/Omnipaxos-Project/store/lin-kv/20260304T135607.268+0100/independent/1/results.edn
2026-03-04 13:57:10,970{GMT}	INFO	[clojure-agent-send-pool-3] jepsen.independent: Wrote /Users/md.sakibulislam/Desktop/KTH/Period - 3/Distributed-Systems-Advance/Project/Omnipaxos-Project/store/lin-kv/20260304T135607.268+0100/independent/1/history.edn
2026-03-04 13:57:10,973{GMT}	INFO	[clojure-agent-send-pool-6] jepsen.independent: Wrote /Users/md.sakibulislam/Desktop/KTH/Period - 3/Distributed-Systems-Advance/Project/Omnipaxos-Project/store/lin-kv/20260304T135607.268+0100/independent/15/results.edn
2026-03-04 13:57:10,979{GMT}	INFO	[clojure-agent-send-pool-6] jepsen.independent: Wrote /Users/md.sakibulislam/Desktop/KTH/Period - 3/Distributed-Systems-Advance/Project/Omnipaxos-Project/store/lin-kv/20260304T135607.268+0100/independent/15/history.edn
2026-03-04 13:57:10,989{GMT}	INFO	[clojure-agent-send-pool-9] jepsen.independent: Wrote /Users/md.sakibulislam/Desktop/KTH/Period - 3/Distributed-Systems-Advance/Project/Omnipaxos-Project/store/lin-kv/20260304T135607.268+0100/independent/22/history.edn
2026-03-04 13:57:10,990{GMT}	INFO	[clojure-agent-send-pool-4] jepsen.independent: Wrote /Users/md.sakibulislam/Desktop/KTH/Period - 3/Distributed-Systems-Advance/Project/Omnipaxos-Project/store/lin-kv/20260304T135607.268+0100/independent/24/results.edn
2026-03-04 13:57:10,993{GMT}	INFO	[clojure-agent-send-pool-4] jepsen.independent: Wrote /Users/md.sakibulislam/Desktop/KTH/Period - 3/Distributed-Systems-Advance/Project/Omnipaxos-Project/store/lin-kv/20260304T135607.268+0100/independent/24/history.edn
2026-03-04 13:57:10,998{GMT}	INFO	[clojure-agent-send-pool-1] jepsen.independent: Wrote /Users/md.sakibulislam/Desktop/KTH/Period - 3/Distributed-Systems-Advance/Project/Omnipaxos-Project/store/lin-kv/20260304T135607.268+0100/independent/17/results.edn
2026-03-04 13:57:10,999{GMT}	INFO	[clojure-agent-send-pool-1] jepsen.independent: Wrote /Users/md.sakibulislam/Desktop/KTH/Period - 3/Distributed-Systems-Advance/Project/Omnipaxos-Project/store/lin-kv/20260304T135607.268+0100/independent/17/history.edn
2026-03-04 13:57:11,006{GMT}	INFO	[clojure-agent-send-pool-10] jepsen.independent: Wrote /Users/md.sakibulislam/Desktop/KTH/Period - 3/Distributed-Systems-Advance/Project/Omnipaxos-Project/store/lin-kv/20260304T135607.268+0100/independent/2/results.edn
2026-03-04 13:57:11,010{GMT}	INFO	[clojure-agent-send-pool-10] jepsen.independent: Wrote /Users/md.sakibulislam/Desktop/KTH/Period - 3/Distributed-Systems-Advance/Project/Omnipaxos-Project/store/lin-kv/20260304T135607.268+0100/independent/2/history.edn
2026-03-04 13:57:11,041{GMT}	INFO	[clojure-agent-send-pool-10] jepsen.independent: Wrote /Users/md.sakibulislam/Desktop/KTH/Period - 3/Distributed-Systems-Advance/Project/Omnipaxos-Project/store/lin-kv/20260304T135607.268+0100/independent/26/results.edn
2026-03-04 13:57:11,041{GMT}	INFO	[clojure-agent-send-pool-10] jepsen.independent: Wrote /Users/md.sakibulislam/Desktop/KTH/Period - 3/Distributed-Systems-Advance/Project/Omnipaxos-Project/store/lin-kv/20260304T135607.268+0100/independent/26/history.edn
2026-03-04 13:57:11,054{GMT}	INFO	[clojure-agent-send-pool-0] jepsen.independent: Wrote /Users/md.sakibulislam/Desktop/KTH/Period - 3/Distributed-Systems-Advance/Project/Omnipaxos-Project/store/lin-kv/20260304T135607.268+0100/independent/12/results.edn
2026-03-04 13:57:11,055{GMT}	INFO	[clojure-agent-send-pool-0] jepsen.independent: Wrote /Users/md.sakibulislam/Desktop/KTH/Period - 3/Distributed-Systems-Advance/Project/Omnipaxos-Project/store/lin-kv/20260304T135607.268+0100/independent/12/history.edn
2026-03-04 13:57:11,068{GMT}	INFO	[clojure-agent-send-pool-5] jepsen.independent: Wrote /Users/md.sakibulislam/Desktop/KTH/Period - 3/Distributed-Systems-Advance/Project/Omnipaxos-Project/store/lin-kv/20260304T135607.268+0100/independent/4/results.edn
2026-03-04 13:57:11,080{GMT}	INFO	[clojure-agent-send-pool-5] jepsen.independent: Wrote /Users/md.sakibulislam/Desktop/KTH/Period - 3/Distributed-Systems-Advance/Project/Omnipaxos-Project/store/lin-kv/20260304T135607.268+0100/independent/4/history.edn
2026-03-04 13:57:11,083{GMT}	INFO	[clojure-agent-send-pool-7] jepsen.independent: Wrote /Users/md.sakibulislam/Desktop/KTH/Period - 3/Distributed-Systems-Advance/Project/Omnipaxos-Project/store/lin-kv/20260304T135607.268+0100/independent/23/results.edn
2026-03-04 13:57:11,084{GMT}	INFO	[clojure-agent-send-pool-7] jepsen.independent: Wrote /Users/md.sakibulislam/Desktop/KTH/Period - 3/Distributed-Systems-Advance/Project/Omnipaxos-Project/store/lin-kv/20260304T135607.268+0100/independent/23/history.edn
2026-03-04 13:57:11,108{GMT}	INFO	[clojure-agent-send-pool-4] jepsen.independent: Wrote /Users/md.sakibulislam/Desktop/KTH/Period - 3/Distributed-Systems-Advance/Project/Omnipaxos-Project/store/lin-kv/20260304T135607.268+0100/independent/5/results.edn
2026-03-04 13:57:11,109{GMT}	INFO	[clojure-agent-send-pool-4] jepsen.independent: Wrote /Users/md.sakibulislam/Desktop/KTH/Period - 3/Distributed-Systems-Advance/Project/Omnipaxos-Project/store/lin-kv/20260304T135607.268+0100/independent/5/history.edn
2026-03-04 13:57:11,113{GMT}	INFO	[clojure-agent-send-pool-3] jepsen.independent: Wrote /Users/md.sakibulislam/Desktop/KTH/Period - 3/Distributed-Systems-Advance/Project/Omnipaxos-Project/store/lin-kv/20260304T135607.268+0100/independent/19/results.edn
2026-03-04 13:57:11,114{GMT}	INFO	[clojure-agent-send-pool-3] jepsen.independent: Wrote /Users/md.sakibulislam/Desktop/KTH/Period - 3/Distributed-Systems-Advance/Project/Omnipaxos-Project/store/lin-kv/20260304T135607.268+0100/independent/19/history.edn
2026-03-04 13:57:11,115{GMT}	INFO	[clojure-agent-send-pool-6] jepsen.independent: Wrote /Users/md.sakibulislam/Desktop/KTH/Period - 3/Distributed-Systems-Advance/Project/Omnipaxos-Project/store/lin-kv/20260304T135607.268+0100/independent/11/results.edn
2026-03-04 13:57:11,116{GMT}	INFO	[clojure-agent-send-pool-6] jepsen.independent: Wrote /Users/md.sakibulislam/Desktop/KTH/Period - 3/Distributed-Systems-Advance/Project/Omnipaxos-Project/store/lin-kv/20260304T135607.268+0100/independent/11/history.edn
2026-03-04 13:57:11,117{GMT}	INFO	[clojure-agent-send-pool-9] jepsen.independent: Wrote /Users/md.sakibulislam/Desktop/KTH/Period - 3/Distributed-Systems-Advance/Project/Omnipaxos-Project/store/lin-kv/20260304T135607.268+0100/independent/9/results.edn
2026-03-04 13:57:11,119{GMT}	INFO	[clojure-agent-send-pool-9] jepsen.independent: Wrote /Users/md.sakibulislam/Desktop/KTH/Period - 3/Distributed-Systems-Advance/Project/Omnipaxos-Project/store/lin-kv/20260304T135607.268+0100/independent/9/history.edn
2026-03-04 13:57:11,123{GMT}	INFO	[clojure-agent-send-pool-2] jepsen.independent: Wrote /Users/md.sakibulislam/Desktop/KTH/Period - 3/Distributed-Systems-Advance/Project/Omnipaxos-Project/store/lin-kv/20260304T135607.268+0100/independent/20/results.edn
2026-03-04 13:57:11,124{GMT}	INFO	[clojure-agent-send-pool-2] jepsen.independent: Wrote /Users/md.sakibulislam/Desktop/KTH/Period - 3/Distributed-Systems-Advance/Project/Omnipaxos-Project/store/lin-kv/20260304T135607.268+0100/independent/20/history.edn
2026-03-04 13:57:11,130{GMT}	INFO	[clojure-agent-send-pool-10] jepsen.independent: Wrote /Users/md.sakibulislam/Desktop/KTH/Period - 3/Distributed-Systems-Advance/Project/Omnipaxos-Project/store/lin-kv/20260304T135607.268+0100/independent/16/results.edn
2026-03-04 13:57:11,131{GMT}	INFO	[clojure-agent-send-pool-10] jepsen.independent: Wrote /Users/md.sakibulislam/Desktop/KTH/Period - 3/Distributed-Systems-Advance/Project/Omnipaxos-Project/store/lin-kv/20260304T135607.268+0100/independent/16/history.edn
2026-03-04 13:57:11,150{GMT}	INFO	[clojure-agent-send-pool-7] jepsen.independent: Wrote /Users/md.sakibulislam/Desktop/KTH/Period - 3/Distributed-Systems-Advance/Project/Omnipaxos-Project/store/lin-kv/20260304T135607.268+0100/independent/8/results.edn
2026-03-04 13:57:11,151{GMT}	INFO	[clojure-agent-send-pool-7] jepsen.independent: Wrote /Users/md.sakibulislam/Desktop/KTH/Period - 3/Distributed-Systems-Advance/Project/Omnipaxos-Project/store/lin-kv/20260304T135607.268+0100/independent/8/history.edn
2026-03-04 13:57:11,175{GMT}	INFO	[clojure-agent-send-pool-0] jepsen.independent: Wrote /Users/md.sakibulislam/Desktop/KTH/Period - 3/Distributed-Systems-Advance/Project/Omnipaxos-Project/store/lin-kv/20260304T135607.268+0100/independent/10/results.edn
2026-03-04 13:57:11,177{GMT}	INFO	[clojure-agent-send-pool-0] jepsen.independent: Wrote /Users/md.sakibulislam/Desktop/KTH/Period - 3/Distributed-Systems-Advance/Project/Omnipaxos-Project/store/lin-kv/20260304T135607.268+0100/independent/10/history.edn
2026-03-04 13:57:11,230{GMT}	INFO	[clojure-agent-send-pool-8] jepsen.independent: Wrote /Users/md.sakibulislam/Desktop/KTH/Period - 3/Distributed-Systems-Advance/Project/Omnipaxos-Project/store/lin-kv/20260304T135607.268+0100/independent/3/results.edn
2026-03-04 13:57:11,232{GMT}	INFO	[clojure-agent-send-pool-8] jepsen.independent: Wrote /Users/md.sakibulislam/Desktop/KTH/Period - 3/Distributed-Systems-Advance/Project/Omnipaxos-Project/store/lin-kv/20260304T135607.268+0100/independent/3/history.edn
2026-03-04 13:57:11,353{GMT}	INFO	[clojure-agent-send-pool-11] jepsen.independent: Wrote /Users/md.sakibulislam/Desktop/KTH/Period - 3/Distributed-Systems-Advance/Project/Omnipaxos-Project/store/lin-kv/20260304T135607.268+0100/independent/25/results.edn
2026-03-04 13:57:11,355{GMT}	INFO	[clojure-agent-send-pool-11] jepsen.independent: Wrote /Users/md.sakibulislam/Desktop/KTH/Period - 3/Distributed-Systems-Advance/Project/Omnipaxos-Project/store/lin-kv/20260304T135607.268+0100/independent/25/history.edn
2026-03-04 13:57:11,371{GMT}	INFO	[clojure-agent-send-pool-1] jepsen.independent: Wrote /Users/md.sakibulislam/Desktop/KTH/Period - 3/Distributed-Systems-Advance/Project/Omnipaxos-Project/store/lin-kv/20260304T135607.268+0100/independent/14/results.edn
2026-03-04 13:57:11,372{GMT}	INFO	[clojure-agent-send-pool-1] jepsen.independent: Wrote /Users/md.sakibulislam/Desktop/KTH/Period - 3/Distributed-Systems-Advance/Project/Omnipaxos-Project/store/lin-kv/20260304T135607.268+0100/independent/14/history.edn
2026-03-04 13:57:11,379{GMT}	INFO	[clojure-agent-send-pool-5] jepsen.independent: Wrote /Users/md.sakibulislam/Desktop/KTH/Period - 3/Distributed-Systems-Advance/Project/Omnipaxos-Project/store/lin-kv/20260304T135607.268+0100/independent/18/results.edn
2026-03-04 13:57:11,381{GMT}	INFO	[clojure-agent-send-pool-5] jepsen.independent: Wrote /Users/md.sakibulislam/Desktop/KTH/Period - 3/Distributed-Systems-Advance/Project/Omnipaxos-Project/store/lin-kv/20260304T135607.268+0100/independent/18/history.edn
2026-03-04 13:57:11,383{GMT}	INFO	[jepsen test runner] jepsen.core: Analysis complete
2026-03-04 13:57:11,670{GMT}	INFO	[jepsen results] jepsen.store: Wrote /Users/md.sakibulislam/Desktop/KTH/Period - 3/Distributed-Systems-Advance/Project/Omnipaxos-Project/store/lin-kv/20260304T135607.268+0100/results.edn
2026-03-04 13:57:11,952{GMT}	INFO	[jepsen test runner] jepsen.core: {:perf {:latency-graph {:valid? true},
        :rate-graph {:valid? true},
        :valid? true},
 :timeline {:valid? true},
 :exceptions {:valid? true},
 :stats {:valid? true,
         :count 892,
         :ok-count 196,
         :fail-count 304,
         :info-count 392,
         :by-f {:cas {:valid? true,
                      :count 469,
                      :ok-count 29,
                      :fail-count 171,
                      :info-count 269},
                :read {:valid? true,
                       :count 214,
                       :ok-count 81,
                       :fail-count 133,
                       :info-count 0},
                :write {:valid? true,
                        :count 209,
                        :ok-count 86,
                        :fail-count 0,
                        :info-count 123}}},
 :availability {:valid? true, :ok-fraction 0.21973094},
 :net {:all {:send-count 1766,
             :recv-count 1766,
             :msg-count 1766,
             :msgs-per-op 1.9798206},
       :clients {:send-count 1766, :recv-count 1766, :msg-count 1766},
       :servers {:send-count 0,
                 :recv-count 0,
                 :msg-count 0,
                 :msgs-per-op 0.0},
       :valid? true},
 :workload {:valid? true,
            :results {0 {:linearizable {:valid? true,
                                        :configs ({:model #knossos.model.CASRegister{:value nil},
                                                   :last-op nil,
                                                   :pending [{:process 3,
                                                              :type :invoke,
                                                              :f :cas,
                                                              :value [2
                                                                      2],
                                                              :index 7,
                                                              :time 226429708}
                                                             {:process 4,
                                                              :type :invoke,
                                                              :f :cas,
                                                              :value [1
                                                                      2],
                                                              :index 10,
                                                              :time 367812292}
                                                             {:process 5,
                                                              :type :invoke,
                                                              :f :cas,
                                                              :value [0
                                                                      2],
                                                              :index 11,
                                                              :time 423024958}
                                                             {:process 15,
                                                              :type :invoke,
                                                              :f :cas,
                                                              :value [1
                                                                      2],
                                                              :index 26,
                                                              :time 1239789208}
                                                             {:process 16,
                                                              :type :invoke,
                                                              :f :cas,
                                                              :value [0
                                                                      4],
                                                              :index 33,
                                                              :time 1370185333}
                                                             {:process 17,
                                                              :type :invoke,
                                                              :f :cas,
                                                              :value [0
                                                                      0],
                                                              :index 35,
                                                              :time 1436069083}
                                                             {:process 27,
                                                              :type :invoke,
                                                              :f :cas,
                                                              :value [4
                                                                      2],
                                                              :index 52,
                                                              :time 2328202375}
                                                             {:process 28,
                                                              :type :invoke,
                                                              :f :cas,
                                                              :value [1
                                                                      0],
                                                              :index 56,
                                                              :time 2393210792}
                                                             {:process 29,
                                                              :type :invoke,
                                                              :f :cas,
                                                              :value [2
                                                                      3],
                                                              :index 59,
                                                              :time 2481219458}
                                                             {:process 39,
                                                              :type :invoke,
                                                              :f :cas,
                                                              :value [3
                                                                      2],
                                                              :index 76,
                                                              :time 3381823375}
                                                             {:process 40,
                                                              :type :invoke,
                                                              :f :write,
                                                              :value 1,
                                                              :index 78,
                                                              :time 3404830958}
                                                             {:process 41,
                                                              :type :invoke,
                                                              :f :cas,
                                                              :value [3
                                                                      3],
                                                              :index 83,
                                                              :time 3498004500}
                                                             {:process 51,
                                                              :type :invoke,
                                                              :f :cas,
                                                              :value [1
                                                                      1],
                                                              :index 99,
                                                              :time 4389585083}
                                                             {:process 52,
                                                              :type :invoke,
                                                              :f :cas,
                                                              :value [1
                                                                      0],
                                                              :index 101,
                                                              :time 4423865208}
                                                             {:process 53,
                                                              :type :invoke,
                                                              :f :write,
                                                              :value 3,
                                                              :index 107,
                                                              :time 4537146500}
                                                             {:process 63,
                                                              :type :invoke,
                                                              :f :write,
                                                              :value 4,
                                                              :index 123,
                                                              :time 5409377792}
                                                             {:process 64,
                                                              :type :invoke,
                                                              :f :write,
                                                              :value 4,
                                                              :index 125,
                                                              :time 5429824250}]}),
                                        :final-paths ()},
                         :timeline {:valid? true},
                         :valid? true},
                      1 {:linearizable {:valid? true,
                                        :configs ({:model #knossos.model.CASRegister{:value nil},
                                                   :last-op nil,
                                                   :pending [{:process 6,
                                                              :type :invoke,
                                                              :f :write,
                                                              :value 3,
                                                              :index 0,
                                                              :time 8437000}
                                                             {:process 7,
                                                              :type :invoke,
                                                              :f :cas,
                                                              :value [4
                                                                      2],
                                                              :index 2,
                                                              :time 115160125}
                                                             {:process 8,
                                                              :type :invoke,
                                                              :f :cas,
                                                              :value [4
                                                                      1],
                                                              :index 3,
                                                              :time 144289542}
                                                             {:process 9,
                                                              :type :invoke,
                                                              :f :cas,
                                                              :value [1
                                                                      2],
                                                              :index 4,
                                                              :time 144896458}
                                                             {:process 10,
                                                              :type :invoke,
                                                              :f :cas,
                                                              :value [2
                                                                      3],
                                                              :index 6,
                                                              :time 174483667}
                                                             {:process 11,
                                                              :type :invoke,
                                                              :f :cas,
                                                              :value [0
                                                                      1],
                                                              :index 9,
                                                              :time 330246792}
                                                             {:process 18,
                                                              :type :invoke,
                                                              :f :cas,
                                                              :value [1
                                                                      4],
                                                              :index 13,
                                                              :time 1022877958}
                                                             {:process 19,
                                                              :type :invoke,
                                                              :f :write,
                                                              :value 0,
                                                              :index 17,
                                                              :time 1122019083}
                                                             {:process 20,
                                                              :type :invoke,
                                                              :f :write,
                                                              :value 0,
                                                              :index 21,
                                                              :time 1175687083}
                                                             {:process 21,
                                                              :type :invoke,
                                                              :f :cas,
                                                              :value [1
                                                                      3],
                                                              :index 24,
                                                              :time 1218233833}
                                                             {:process 22,
                                                              :type :invoke,
                                                              :f :cas,
                                                              :value [2
                                                                      4],
                                                              :index 27,
                                                              :time 1274100000}
                                                             {:process 23,
                                                              :type :invoke,
                                                              :f :cas,
                                                              :value [3
                                                                      4],
                                                              :index 31,
                                                              :time 1336283042}
                                                             {:process 30,
                                                              :type :invoke,
                                                              :f :cas,
                                                              :value [4
                                                                      3],
                                                              :index 37,
                                                              :time 2029682458}
                                                             {:process 31,
                                                              :type :invoke,
                                                              :f :write,
                                                              :value 1,
                                                              :index 41,
                                                              :time 2127720917}
                                                             {:process 32,
                                                              :type :invoke,
                                                              :f :cas,
                                                              :value [0
                                                                      2],
                                                              :index 43,
                                                              :time 2178483667}
                                                             {:process 33,
                                                              :type :invoke,
                                                              :f :cas,
                                                              :value [0
                                                                      0],
                                                              :index 48,
                                                              :time 2249628083}
                                                             {:process 34,
                                                              :type :invoke,
                                                              :f :cas,
                                                              :value [0
                                                                      2],
                                                              :index 50,
                                                              :time 2278766125}
                                                             {:process 35,
                                                              :type :invoke,
                                                              :f :cas,
                                                              :value [2
                                                                      2],
                                                              :index 54,
                                                              :time 2369829042}
                                                             {:process 42,
                                                              :type :invoke,
                                                              :f :cas,
                                                              :value [4
                                                                      1],
                                                              :index 61,
                                                              :time 3035445625}
                                                             {:process 43,
                                                              :type :invoke,
                                                              :f :write,
                                                              :value 2,
                                                              :index 65,
                                                              :time 3132918792}]}),
                                        :final-paths ()},
                         :timeline {:valid? true},
                         :valid? true},
                      2 {:linearizable {:valid? true,
                                        :configs ({:model #knossos.model.CASRegister{:value nil},
                                                   :last-op nil,
                                                   :pending [{:process 44,
                                                              :type :invoke,
                                                              :f :cas,
                                                              :value [0
                                                                      4],
                                                              :index 67,
                                                              :time 3178591375}
                                                             {:process 45,
                                                              :type :invoke,
                                                              :f :write,
                                                              :value 0,
                                                              :index 72,
                                                              :time 3303032083}
                                                             {:process 46,
                                                              :type :invoke,
                                                              :f :cas,
                                                              :value [1
                                                                      0],
                                                              :index 74,
                                                              :time 3368199542}
                                                             {:process 47,
                                                              :type :invoke,
                                                              :f :cas,
                                                              :value [0
                                                                      2],
                                                              :index 81,
                                                              :time 3480381625}
                                                             {:process 54,
                                                              :type :invoke,
                                                              :f :write,
                                                              :value 3,
                                                              :index 85,
                                                              :time 4041198667}
                                                             {:process 55,
                                                              :type :invoke,
                                                              :f :cas,
                                                              :value [1
                                                                      0],
                                                              :index 89,
                                                              :time 4161568000}
                                                             {:process 56,
                                                              :type :invoke,
                                                              :f :write,
                                                              :value 0,
                                                              :index 91,
                                                              :time 4182767833}
                                                             {:process 57,
                                                              :type :invoke,
                                                              :f :cas,
                                                              :value [1
                                                                      3],
                                                              :index 95,
                                                              :time 4308136208}
                                                             {:process 58,
                                                              :type :invoke,
                                                              :f :cas,
                                                              :value [0
                                                                      4],
                                                              :index 97,
                                                              :time 4373207167}
                                                             {:process 59,
                                                              :type :invoke,
                                                              :f :cas,
                                                              :value [4
                                                                      0],
                                                              :index 105,
                                                              :time 4487878333}
                                                             {:process 66,
                                                              :type :invoke,
                                                              :f :write,
                                                              :value 3,
                                                              :index 109,
                                                              :time 5045780042}
                                                             {:process 67,
                                                              :type :invoke,
                                                              :f :cas,
                                                              :value [0
                                                                      3],
                                                              :index 113,
                                                              :time 5167324250}
                                                             {:process 68,
                                                              :type :invoke,
                                                              :f :cas,
                                                              :value [0
                                                                      1],
                                                              :index 115,
                                                              :time 5199266875}
                                                             {:process 69,
                                                              :type :invoke,
                                                              :f :cas,
                                                              :value [1
                                                                      2],
                                                              :index 119,
                                                              :time 5313357458}
                                                             {:process 70,
                                                              :type :invoke,
                                                              :f :cas,
                                                              :value [3
                                                                      1],
                                                              :index 121,
                                                              :time 5378670417}]}),
                                        :final-paths ()},
                         :timeline {:valid? true},
                         :valid? true},
                      3 {:linearizable {:valid? true,
                                        :configs ({:model #knossos.model.CASRegister{:value 2},
                                                   :last-op {:process 80,
                                                             :type :ok,
                                                             :f :cas,
                                                             :value [0
                                                                     2],
                                                             :index 329,
                                                             :time 10024731792},
                                                   :pending [{:process 71,
                                                              :type :invoke,
                                                              :f :cas,
                                                              :value [4
                                                                      3],
                                                              :index 129,
                                                              :time 5526488583}
                                                             {:process 78,
                                                              :type :invoke,
                                                              :f :cas,
                                                              :value [1
                                                                      4],
                                                              :index 133,
                                                              :time 6047719375}
                                                             {:process 79,
                                                              :type :invoke,
                                                              :f :cas,
                                                              :value [3
                                                                      2],
                                                              :index 336,
                                                              :time 10240512500}
                                                             {:process 80,
                                                              :type :invoke,
                                                              :f :write,
                                                              :value 1,
                                                              :index 338,
                                                              :time 10327797292}
                                                             {:process 81,
                                                              :type :invoke,
                                                              :f :write,
                                                              :value 2,
                                                              :index 339,
                                                              :time 10362550125}
                                                             {:process 82,
                                                              :type :invoke,
                                                              :f :cas,
                                                              :value [3
                                                                      2],
                                                              :index 331,
                                                              :time 10127944917}
                                                             {:process 83,
                                                              :type :invoke,
                                                              :f :cas,
                                                              :value [3
                                                                      4],
                                                              :index 332,
                                                              :time 10133104500}
                                                             {:process 90,
                                                              :type :invoke,
                                                              :f :cas,
                                                              :value [0
                                                                      4],
                                                              :index 334,
                                                              :time 10187435833}
                                                             {:process 91,
                                                              :type :invoke,
                                                              :f :cas,
                                                              :value [0
                                                                      3],
                                                              :index 357,
                                                              :time 11294464750}
                                                             {:process 92,
                                                              :type :invoke,
                                                              :f :cas,
                                                              :value [4
                                                                      2],
                                                              :index 359,
                                                              :time 11350938875}
                                                             {:process 93,
                                                              :type :invoke,
                                                              :f :cas,
                                                              :value [4
                                                                      0],
                                                              :index 363,
                                                              :time 11448290250}
                                                             {:process 94,
                                                              :type :invoke,
                                                              :f :cas,
                                                              :value [3
                                                                      2],
                                                              :index 345,
                                                              :time 11134817333}
                                                             {:process 95,
                                                              :type :invoke,
                                                              :f :write,
                                                              :value 3,
                                                              :index 348,
                                                              :time 11158723875}
                                                             {:process 102,
                                                              :type :invoke,
                                                              :f :write,
                                                              :value 3,
                                                              :index 356,
                                                              :time 11287558583}
                                                             {:process 106,
                                                              :type :invoke,
                                                              :f :write,
                                                              :value 4,
                                                              :index 369,
                                                              :time 12138257750}]}
                                                  {:model #knossos.model.CASRegister{:value 2},
                                                   :last-op {:process 80,
                                                             :type :ok,
                                                             :f :cas,
                                                             :value [0
                                                                     2],
                                                             :index 329,
                                                             :time 10024731792},
                                                   :pending [{:process 71,
                                                              :type :invoke,
                                                              :f :cas,
                                                              :value [4
                                                                      3],
                                                              :index 129,
                                                              :time 5526488583}
                                                             {:process 79,
                                                              :type :invoke,
                                                              :f :cas,
                                                              :value [3
                                                                      2],
                                                              :index 336,
                                                              :time 10240512500}
                                                             {:process 80,
                                                              :type :invoke,
                                                              :f :write,
                                                              :value 1,
                                                              :index 338,
                                                              :time 10327797292}
                                                             {:process 81,
                                                              :type :invoke,
                                                              :f :write,
                                                              :value 2,
                                                              :index 339,
                                                              :time 10362550125}
                                                             {:process 82,
                                                              :type :invoke,
                                                              :f :cas,
                                                              :value [3
                                                                      2],
                                                              :index 331,
                                                              :time 10127944917}
                                                             {:process 83,
                                                              :type :invoke,
                                                              :f :cas,
                                                              :value [3
                                                                      4],
                                                              :index 332,
                                                              :time 10133104500}
                                                             {:process 90,
                                                              :type :invoke,
                                                              :f :cas,
                                                              :value [0
                                                                      4],
                                                              :index 334,
                                                              :time 10187435833}
                                                             {:process 91,
                                                              :type :invoke,
                                                              :f :cas,
                                                              :value [0
                                                                      3],
                                                              :index 357,
                                                              :time 11294464750}
                                                             {:process 92,
                                                              :type :invoke,
                                                              :f :cas,
                                                              :value [4
                                                                      2],
                                                              :index 359,
                                                              :time 11350938875}
                                                             {:process 93,
                                                              :type :invoke,
                                                              :f :cas,
                                                              :value [4
                                                                      0],
                                                              :index 363,
                                                              :time 11448290250}
                                                             {:process 94,
                                                              :type :invoke,
                                                              :f :cas,
                                                              :value [3
                                                                      2],
                                                              :index 345,
                                                              :time 11134817333}
                                                             {:process 95,
                                                              :type :invoke,
                                                              :f :write,
                                                              :value 3,
                                                              :index 348,
                                                              :time 11158723875}
                                                             {:process 102,
                                                              :type :invoke,
                                                              :f :write,
                                                              :value 3,
                                                              :index 356,
                                                              :time 11287558583}
                                                             {:process 106,
                                                              :type :invoke,
                                                              :f :write,
                                                              :value 4,
                                                              :index 369,
                                                              :time 12138257750}]}
                                                  {:model #knossos.model.CASRegister{:value 2},
                                                   :last-op {:process 80,
                                                             :type :ok,
                                                             :f :cas,
                                                             :value [0
                                                                     2],
                                                             :index 329,
                                                             :time 10024731792},
                                                   :pending [{:process 79,
                                                              :type :invoke,
                                                              :f :cas,
                                                              :value [3
                                                                      2],
                                                              :index 336,
                                                              :time 10240512500}
                                                             {:process 80,
                                                              :type :invoke,
                                                              :f :write,
                                                              :value 1,
                                                              :index 338,
                                                              :time 10327797292}
                                                             {:process 81,
                                                              :type :invoke,
                                                              :f :write,
                                                              :value 2,
                                                              :index 339,
                                                              :time 10362550125}
                                                             {:process 82,
                                                              :type :invoke,
                                                              :f :cas,
                                                              :value [3
                                                                      2],
                                                              :index 331,
                                                              :time 10127944917}
                                                             {:process 83,
                                                              :type :invoke,
                                                              :f :cas,
                                                              :value [3
                                                                      4],
                                                              :index 332,
                                                              :time 10133104500}
                                                             {:process 90,
                                                              :type :invoke,
                                                              :f :cas,
                                                              :value [0
                                                                      4],
                                                              :index 334,
                                                              :time 10187435833}
                                                             {:process 91,
                                                              :type :invoke,
                                                              :f :cas,
                                                              :value [0
                                                                      3],
                                                              :index 357,
                                                              :time 11294464750}
                                                             {:process 92,
                                                              :type :invoke,
                                                              :f :cas,
                                                              :value [4
                                                                      2],
                                                              :index 359,
                                                              :time 11350938875}
                                                             {:process 93,
                                                              :type :invoke,
                                                              :f :cas,
                                                              :value [4
                                                                      0],
                                                              :index 363,
                                                              :time 11448290250}
                                                             {:process 94,
                                                              :type :invoke,
                                                              :f :cas,
                                                              :value [3
                                                                      2],
                                                              :index 345,
                                                              :time 11134817333}
                                                             {:process 95,
                                                              :type :invoke,
                                                              :f :write,
                                                              :value 3,
                                                              :index 348,
                                                              :time 11158723875}
                                                             {:process 102,
                                                              :type :invoke,
                                                              :f :write,
                                                              :value 3,
                                                              :index 356,
                                                              :time 11287558583}
                                                             {:process 106,
                                                              :type :invoke,
                                                              :f :write,
                                                              :value 4,
                                                              :index 369,
                                                              :time 12138257750}]}
                                                  {:model #knossos.model.CASRegister{:value 2},
                                                   :last-op {:process 80,
                                                             :type :ok,
                                                             :f :cas,
                                                             :value [0
                                                                     2],
                                                             :index 329,
                                                             :time 10024731792},
                                                   :pending [{:process 78,
                                                              :type :invoke,
                                                              :f :cas,
                                                              :value [1
                                                                      4],
                                                              :index 133,
                                                              :time 6047719375}
                                                             {:process 79,
                                                              :type :invoke,
                                                              :f :cas,
                                                              :value [3
                                                                      2],
                                                              :index 336,
                                                              :time 10240512500}
                                                             {:process 80,
                                                              :type :invoke,
                                                              :f :write,
                                                              :value 1,
                                                              :index 338,
                                                              :time 10327797292}
                                                             {:process 81,
                                                              :type :invoke,
                                                              :f :write,
                                                              :value 2,
                                                              :index 339,
                                                              :time 10362550125}
                                                             {:process 82,
                                                              :type :invoke,
                                                              :f :cas,
                                                              :value [3
                                                                      2],
                                                              :index 331,
                                                              :time 10127944917}
                                                             {:process 83,
                                                              :type :invoke,
                                                              :f :cas,
                                                              :value [3
                                                                      4],
                                                              :index 332,
                                                              :time 10133104500}
                                                             {:process 90,
                                                              :type :invoke,
                                                              :f :cas,
                                                              :value [0
                                                                      4],
                                                              :index 334,
                                                              :time 10187435833}
                                                             {:process 91,
                                                              :type :invoke,
                                                              :f :cas,
                                                              :value [0
                                                                      3],
                                                              :index 357,
                                                              :time 11294464750}
                                                             {:process 92,
                                                              :type :invoke,
                                                              :f :cas,
                                                              :value [4
                                                                      2],
                                                              :index 359,
                                                              :time 11350938875}
                                                             {:process 93,
                                                              :type :invoke,
                                                              :f :cas,
                                                              :value [4
                                                                      0],
                                                              :index 363,
                                                              :time 11448290250}
                                                             {:process 94,
                                                              :type :invoke,
                                                              :f :cas,
                                                              :value [3
                                                                      2],
                                                              :index 345,
                                                              :time 11134817333}
                                                             {:process 95,
                                                              :type :invoke,
                                                              :f :write,
                                                              :value 3,
                                                              :index 348,
                                                              :time 11158723875}
                                                             {:process 102,
                                                              :type :invoke,
                                                              :f :write,
                                                              :value 3,
                                                              :index 356,
                                                              :time 11287558583}
                                                             {:process 106,
                                                              :type :invoke,
                                                              :f :write,
                                                              :value 4,
                                                              :index 369,
                                                              :time 12138257750}]}),
                                        :final-paths ()},
                         :timeline {:valid? true},
                         :valid? true},
                      4 {:linearizable {:valid? true,
                                        :configs ({:model #knossos.model.CASRegister{:value 3},
                                                   :last-op {:process 0,
                                                             :type :ok,
                                                             :f :read,
                                                             :value 3,
                                                             :index 325,
                                                             :time 9947196958},
                                                   :pending [{:process 65,
                                                              :type :invoke,
                                                              :f :cas,
                                                              :value [1
                                                                      1],
                                                              :index 131,
                                                              :time 5597907333}
                                                             {:process 75,
                                                              :type :invoke,
                                                              :f :cas,
                                                              :value [2
                                                                      3],
                                                              :index 330,
                                                              :time 10072129667}
                                                             {:process 76,
                                                              :type :invoke,
                                                              :f :cas,
                                                              :value [1
                                                                      4],
                                                              :index 333,
                                                              :time 10133864042}
                                                             {:process 77,
                                                              :type :invoke,
                                                              :f :cas,
                                                              :value [1
                                                                      2],
                                                              :index 337,
                                                              :time 10262755083}
                                                             {:process 87,
                                                              :type :invoke,
                                                              :f :cas,
                                                              :value [4
                                                                      4],
                                                              :index 343,
                                                              :time 11077658042}
                                                             {:process 88,
                                                              :type :invoke,
                                                              :f :cas,
                                                              :value [3
                                                                      3],
                                                              :index 350,
                                                              :time 11204160125}
                                                             {:process 89,
                                                              :type :invoke,
                                                              :f :cas,
                                                              :value [0
                                                                      1],
                                                              :index 355,
                                                              :time 11267871792}
                                                             {:process 99,
                                                              :type :invoke,
                                                              :f :cas,
                                                              :value [0
                                                                      1],
                                                              :index 367,
                                                              :time 12079985292}
                                                             {:process 100,
                                                              :type :invoke,
                                                              :f :cas,
                                                              :value [4
                                                                      0],
                                                              :index 373,
                                                              :time 12227451875}
                                                             {:process 101,
                                                              :type :invoke,
                                                              :f :write,
                                                              :value 1,
                                                              :index 377,
                                                              :time 12283671417}
                                                             {:process 111,
                                                              :type :invoke,
                                                              :f :write,
                                                              :value 3,
                                                              :index 391,
                                                              :time 13081121333}
                                                             {:process 112,
                                                              :type :invoke,
                                                              :f :cas,
                                                              :value [2
                                                                      1],
                                                              :index 397,
                                                              :time 13231167292}
                                                             {:process 113,
                                                              :type :invoke,
                                                              :f :cas,
                                                              :value [1
                                                                      2],
                                                              :index 401,
                                                              :time 13284009458}
                                                             {:process 123,
                                                              :type :invoke,
                                                              :f :cas,
                                                              :value [2
                                                                      4],
                                                              :index 415,
                                                              :time 14083988375}
                                                             {:process 124,
                                                              :type :invoke,
                                                              :f :cas,
                                                              :value [1
                                                                      1],
                                                              :index 421,
                                                              :time 14235963375}]}
                                                  {:model #knossos.model.CASRegister{:value 3},
                                                   :last-op {:process 0,
                                                             :type :ok,
                                                             :f :read,
                                                             :value 3,
                                                             :index 325,
                                                             :time 9947196958},
                                                   :pending [{:process 75,
                                                              :type :invoke,
                                                              :f :cas,
                                                              :value [2
                                                                      3],
                                                              :index 330,
                                                              :time 10072129667}
                                                             {:process 76,
                                                              :type :invoke,
                                                              :f :cas,
                                                              :value [1
                                                                      4],
                                                              :index 333,
                                                              :time 10133864042}
                                                             {:process 77,
                                                              :type :invoke,
                                                              :f :cas,
                                                              :value [1
                                                                      2],
                                                              :index 337,
                                                              :time 10262755083}
                                                             {:process 87,
                                                              :type :invoke,
                                                              :f :cas,
                                                              :value [4
                                                                      4],
                                                              :index 343,
                                                              :time 11077658042}
                                                             {:process 88,
                                                              :type :invoke,
                                                              :f :cas,
                                                              :value [3
                                                                      3],
                                                              :index 350,
                                                              :time 11204160125}
                                                             {:process 89,
                                                              :type :invoke,
                                                              :f :cas,
                                                              :value [0
                                                                      1],
                                                              :index 355,
                                                              :time 11267871792}
                                                             {:process 99,
                                                              :type :invoke,
                                                              :f :cas,
                                                              :value [0
                                                                      1],
                                                              :index 367,
                                                              :time 12079985292}
                                                             {:process 100,
                                                              :type :invoke,
                                                              :f :cas,
                                                              :value [4
                                                                      0],
                                                              :index 373,
                                                              :time 12227451875}
                                                             {:process 101,
                                                              :type :invoke,
                                                              :f :write,
                                                              :value 1,
                                                              :index 377,
                                                              :time 12283671417}
                                                             {:process 111,
                                                              :type :invoke,
                                                              :f :write,
                                                              :value 3,
                                                              :index 391,
                                                              :time 13081121333}
                                                             {:process 112,
                                                              :type :invoke,
                                                              :f :cas,
                                                              :value [2
                                                                      1],
                                                              :index 397,
                                                              :time 13231167292}
                                                             {:process 113,
                                                              :type :invoke,
                                                              :f :cas,
                                                              :value [1
                                                                      2],
                                                              :index 401,
                                                              :time 13284009458}
                                                             {:process 123,
                                                              :type :invoke,
                                                              :f :cas,
                                                              :value [2
                                                                      4],
                                                              :index 415,
                                                              :time 14083988375}
                                                             {:process 124,
                                                              :type :invoke,
                                                              :f :cas,
                                                              :value [1
                                                                      1],
                                                              :index 421,
                                                              :time 14235963375}]}),
                                        :final-paths ()},
                         :timeline {:valid? true},
                         :valid? true},
                      5 {:linearizable {:valid? true,
                                        :configs ({:model #knossos.model.CASRegister{:value nil},
                                                   :last-op nil,
                                                   :pending [{:process 103,
                                                              :type :invoke,
                                                              :f :cas,
                                                              :value [1
                                                                      3],
                                                              :index 382,
                                                              :time 12360205708}
                                                             {:process 104,
                                                              :type :invoke,
                                                              :f :cas,
                                                              :value [0
                                                                      4],
                                                              :index 384,
                                                              :time 12416363042}
                                                             {:process 105,
                                                              :type :invoke,
                                                              :f :write,
                                                              :value 1,
                                                              :index 389,
                                                              :time 12549149417}
                                                             {:process 107,
                                                              :type :invoke,
                                                              :f :cas,
                                                              :value [1
                                                                      1],
                                                              :index 371,
                                                              :time 12169270208}
                                                             {:process 114,
                                                              :type :invoke,
                                                              :f :cas,
                                                              :value [0
                                                                      2],
                                                              :index 380,
                                                              :time 12343578875}
                                                             {:process 115,
                                                              :type :invoke,
                                                              :f :cas,
                                                              :value [3
                                                                      4],
                                                              :index 405,
                                                              :time 13365046250}
                                                             {:process 116,
                                                              :type :invoke,
                                                              :f :cas,
                                                              :value [2
                                                                      1],
                                                              :index 407,
                                                              :time 13417166958}
                                                             {:process 117,
                                                              :type :invoke,
                                                              :f :write,
                                                              :value 1,
                                                              :index 413,
                                                              :time 13564498375}
                                                             {:process 118,
                                                              :type :invoke,
                                                              :f :cas,
                                                              :value [4
                                                                      1],
                                                              :index 393,
                                                              :time 13143857958}
                                                             {:process 119,
                                                              :type :invoke,
                                                              :f :cas,
                                                              :value [3
                                                                      2],
                                                              :index 395,
                                                              :time 13196219208}
                                                             {:process 126,
                                                              :type :invoke,
                                                              :f :cas,
                                                              :value [0
                                                                      4],
                                                              :index 403,
                                                              :time 13347291417}
                                                             {:process 127,
                                                              :type :invoke,
                                                              :f :cas,
                                                              :value [2
                                                                      4],
                                                              :index 429,
                                                              :time 14395014333}
                                                             {:process 130,
                                                              :type :invoke,
                                                              :f :write,
                                                              :value 4,
                                                              :index 417,
                                                              :time 14145506792}
                                                             {:process 131,
                                                              :type :invoke,
                                                              :f :cas,
                                                              :value [4
                                                                      4],
                                                              :index 419,
                                                              :time 14213450750}
                                                             {:process 138,
                                                              :type :invoke,
                                                              :f :cas,
                                                              :value [2
                                                                      1],
                                                              :index 428,
                                                              :time 14391902833}]}),
                                        :final-paths ()},
                         :timeline {:valid? true},
                         :valid? true},
                      6 {:linearizable {:valid? true,
                                        :model #knossos.model.CASRegister{:value 4},
                                        :final-paths (),
                                        :configs ()},
                         :timeline {:valid? true},
                         :valid? true},
                      7 {:linearizable {:valid? true,
                                        :configs ({:model #knossos.model.CASRegister{:value nil},
                                                   :last-op nil,
                                                   :pending [{:process 128,
                                                              :type :invoke,
                                                              :f :write,
                                                              :value 2,
                                                              :index 431,
                                                              :time 14450299125}
                                                             {:process 129,
                                                              :type :invoke,
                                                              :f :write,
                                                              :value 0,
                                                              :index 437,
                                                              :time 14594740250}
                                                             {:process 139,
                                                              :type :invoke,
                                                              :f :cas,
                                                              :value [3
                                                                      4],
                                                              :index 453,
                                                              :time 15428935625}
                                                             {:process 140,
                                                              :type :invoke,
                                                              :f :cas,
                                                              :value [0
                                                                      3],
                                                              :index 455,
                                                              :time 15450958833}
                                                             {:process 141,
                                                              :type :invoke,
                                                              :f :cas,
                                                              :value [3
                                                                      0],
                                                              :index 461,
                                                              :time 15608362375}
                                                             {:process 142,
                                                              :type :invoke,
                                                              :f :cas,
                                                              :value [0
                                                                      2],
                                                              :index 441,
                                                              :time 15149396458}
                                                             {:process 143,
                                                              :type :invoke,
                                                              :f :write,
                                                              :value 3,
                                                              :index 443,
                                                              :time 15219548458}
                                                             {:process 150,
                                                              :type :invoke,
                                                              :f :cas,
                                                              :value [1
                                                                      1],
                                                              :index 451,
                                                              :time 15392115875}
                                                             {:process 151,
                                                              :type :invoke,
                                                              :f :write,
                                                              :value 1,
                                                              :index 477,
                                                              :time 16434106250}
                                                             {:process 152,
                                                              :type :invoke,
                                                              :f :cas,
                                                              :value [1
                                                                      0],
                                                              :index 479,
                                                              :time 16490690167}
                                                             {:process 153,
                                                              :type :invoke,
                                                              :f :cas,
                                                              :value [4
                                                                      1],
                                                              :index 485,
                                                              :time 16621085875}
                                                             {:process 154,
                                                              :type :invoke,
                                                              :f :write,
                                                              :value 1,
                                                              :index 465,
                                                              :time 16153270042}
                                                             {:process 155,
                                                              :type :invoke,
                                                              :f :cas,
                                                              :value [3
                                                                      4],
                                                              :index 467,
                                                              :time 16220346208}
                                                             {:process 162,
                                                              :type :invoke,
                                                              :f :cas,
                                                              :value [4
                                                                      0],
                                                              :index 475,
                                                              :time 16396152667}
                                                             {:process 166,
                                                              :type :invoke,
                                                              :f :cas,
                                                              :value [4
                                                                      2],
                                                              :index 489,
                                                              :time 17154859042}]}),
                                        :final-paths ()},
                         :timeline {:valid? true},
                         :valid? true},
                      8 {:linearizable {:valid? true,
                                        :model #knossos.model.CASRegister{:value 1},
                                        :final-paths (),
                                        :configs ()},
                         :timeline {:valid? true},
                         :valid? true},
                      9 {:linearizable {:valid? true,
                                        :configs ({:model #knossos.model.CASRegister{:value 2},
                                                   :last-op {:process 0,
                                                             :type :ok,
                                                             :f :read,
                                                             :value 2,
                                                             :index 665,
                                                             :time 21974258417},
                                                   :pending [{:process 184,
                                                              :type :invoke,
                                                              :f :write,
                                                              :value 0,
                                                              :index 677,
                                                              :time 22411314458}
                                                             {:process 185,
                                                              :type :invoke,
                                                              :f :cas,
                                                              :value [2
                                                                      4],
                                                              :index 676,
                                                              :time 22400894583}
                                                             {:process 195,
                                                              :type :invoke,
                                                              :f :cas,
                                                              :value [3
                                                                      2],
                                                              :index 674,
                                                              :time 22309153625}
                                                             {:process 196,
                                                              :type :invoke,
                                                              :f :write,
                                                              :value 3,
                                                              :index 699,
                                                              :time 23436413917}
                                                             {:process 197,
                                                              :type :invoke,
                                                              :f :write,
                                                              :value 2,
                                                              :index 700,
                                                              :time 23490234667}
                                                             {:process 207,
                                                              :type :invoke,
                                                              :f :cas,
                                                              :value [3
                                                                      3],
                                                              :index 694,
                                                              :time 23347065000}
                                                             {:process 208,
                                                              :type :invoke,
                                                              :f :write,
                                                              :value 1,
                                                              :index 722,
                                                              :time 24522992000}
                                                             {:process 209,
                                                              :type :invoke,
                                                              :f :write,
                                                              :value 4,
                                                              :index 724,
                                                              :time 24574054667}
                                                             {:process 219,
                                                              :type :invoke,
                                                              :f :cas,
                                                              :value [2
                                                                      4],
                                                              :index 715,
                                                              :time 24351785250}
                                                             {:process 220,
                                                              :type :invoke,
                                                              :f :write,
                                                              :value 3,
                                                              :index 745,
                                                              :time 25528195500}
                                                             {:process 221,
                                                              :type :invoke,
                                                              :f :cas,
                                                              :value [2
                                                                      1],
                                                              :index 747,
                                                              :time 25578305667}
                                                             {:process 231,
                                                              :type :invoke,
                                                              :f :write,
                                                              :value 2,
                                                              :index 739,
                                                              :time 25361442333}
                                                             {:process 232,
                                                              :type :invoke,
                                                              :f :write,
                                                              :value 0,
                                                              :index 769,
                                                              :time 26534101917}
                                                             {:process 233,
                                                              :type :invoke,
                                                              :f :cas,
                                                              :value [1
                                                                      0],
                                                              :index 771,
                                                              :time 26583125792}
                                                             {:process 243,
                                                              :type :invoke,
                                                              :f :cas,
                                                              :value [0
                                                                      1],
                                                              :index 763,
                                                              :time 26366870125}
                                                             {:process 255,
                                                              :type :invoke,
                                                              :f :write,
                                                              :value 3,
                                                              :index 787,
                                                              :time 27371234375}]}),
                                        :final-paths ()},
                         :timeline {:valid? true},
                         :valid? true},
                      10 {:linearizable {:valid? true,
                                         :configs ({:model #knossos.model.CASRegister{:value 3},
                                                    :last-op {:process 198,
                                                              :type :ok,
                                                              :f :write,
                                                              :value 3,
                                                              :index 657,
                                                              :time 21790959542},
                                                    :pending [{:process 187,
                                                               :type :invoke,
                                                               :f :write,
                                                               :value 3,
                                                               :index 671,
                                                               :time 22188407875}
                                                              {:process 188,
                                                               :type :invoke,
                                                               :f :write,
                                                               :value 3,
                                                               :index 666,
                                                               :time 22027197083}
                                                              {:process 189,
                                                               :type :invoke,
                                                               :f :write,
                                                               :value 1,
                                                               :index 667,
                                                               :time 22079659833}
                                                              {:process 191,
                                                               :type :invoke,
                                                               :f :cas,
                                                               :value [3
                                                                       0],
                                                               :index 669,
                                                               :time 22159583125}
                                                              {:process 198,
                                                               :type :invoke,
                                                               :f :cas,
                                                               :value [3
                                                                       4],
                                                               :index 670,
                                                               :time 22164663292}
                                                              {:process 199,
                                                               :type :invoke,
                                                               :f :cas,
                                                               :value [4
                                                                       3],
                                                               :index 697,
                                                               :time 23406610667}
                                                              {:process 200,
                                                               :type :invoke,
                                                               :f :cas,
                                                               :value [2
                                                                       1],
                                                               :index 679,
                                                               :time 23028483500}
                                                              {:process 201,
                                                               :type :invoke,
                                                               :f :cas,
                                                               :value [2
                                                                       2],
                                                               :index 681,
                                                               :time 23085524250}
                                                              {:process 202,
                                                               :type :invoke,
                                                               :f :write,
                                                               :value 3,
                                                               :index 668,
                                                               :time 22118138667}
                                                              {:process 203,
                                                               :type :invoke,
                                                               :f :cas,
                                                               :value [2
                                                                       3],
                                                               :index 686,
                                                               :time 23171303500}
                                                              {:process 210,
                                                               :type :invoke,
                                                               :f :cas,
                                                               :value [1
                                                                       1],
                                                               :index 688,
                                                               :time 23213192375}
                                                              {:process 211,
                                                               :type :invoke,
                                                               :f :write,
                                                               :value 2,
                                                               :index 720,
                                                               :time 24473495708}
                                                              {:process 212,
                                                               :type :invoke,
                                                               :f :cas,
                                                               :value [1
                                                                       4],
                                                               :index 703,
                                                               :time 24030610167}
                                                              {:process 213,
                                                               :type :invoke,
                                                               :f :cas,
                                                               :value [2
                                                                       1],
                                                               :index 705,
                                                               :time 24088014292}
                                                              {:process 214,
                                                               :type :invoke,
                                                               :f :cas,
                                                               :value [0
                                                                       3],
                                                               :index 683,
                                                               :time 23123692125}
                                                              {:process 215,
                                                               :type :invoke,
                                                               :f :cas,
                                                               :value [4
                                                                       0],
                                                               :index 709,
                                                               :time 24176413750}
                                                              {:process 222,
                                                               :type :invoke,
                                                               :f :write,
                                                               :value 2,
                                                               :index 711,
                                                               :time 24231481000}
                                                              {:process 226,
                                                               :type :invoke,
                                                               :f :cas,
                                                               :value [3
                                                                       0],
                                                               :index 707,
                                                               :time 24128821792}]}),
                                         :final-paths ()},
                          :timeline {:valid? true},
                          :valid? true},
                      11 {:linearizable {:valid? true,
                                         :configs ({:model #knossos.model.CASRegister{:value nil},
                                                    :last-op nil,
                                                    :pending [{:process 223,
                                                               :type :invoke,
                                                               :f :write,
                                                               :value 0,
                                                               :index 743,
                                                               :time 25478081042}
                                                              {:process 224,
                                                               :type :invoke,
                                                               :f :cas,
                                                               :value [0
                                                                       1],
                                                               :index 727,
                                                               :time 25036035708}
                                                              {:process 225,
                                                               :type :invoke,
                                                               :f :write,
                                                               :value 2,
                                                               :index 729,
                                                               :time 25100749250}
                                                              {:process 227,
                                                               :type :invoke,
                                                               :f :write,
                                                               :value 4,
                                                               :index 733,
                                                               :time 25176649792}
                                                              {:process 234,
                                                               :type :invoke,
                                                               :f :write,
                                                               :value 4,
                                                               :index 735,
                                                               :time 25236958000}
                                                              {:process 235,
                                                               :type :invoke,
                                                               :f :write,
                                                               :value 3,
                                                               :index 767,
                                                               :time 26483042375}
                                                              {:process 236,
                                                               :type :invoke,
                                                               :f :cas,
                                                               :value [4
                                                                       2],
                                                               :index 751,
                                                               :time 26041831167}
                                                              {:process 237,
                                                               :type :invoke,
                                                               :f :cas,
                                                               :value [1
                                                                       3],
                                                               :index 753,
                                                               :time 26104591667}
                                                              {:process 238,
                                                               :type :invoke,
                                                               :f :cas,
                                                               :value [1
                                                                       3],
                                                               :index 731,
                                                               :time 25130622250}
                                                              {:process 239,
                                                               :type :invoke,
                                                               :f :cas,
                                                               :value [1
                                                                       4],
                                                               :index 757,
                                                               :time 26181511792}
                                                              {:process 246,
                                                               :type :invoke,
                                                               :f :cas,
                                                               :value [2
                                                                       2],
                                                               :index 759,
                                                               :time 26237529500}
                                                              {:process 248,
                                                               :type :invoke,
                                                               :f :write,
                                                               :value 2,
                                                               :index 775,
                                                               :time 27045873083}
                                                              {:process 249,
                                                               :type :invoke,
                                                               :f :cas,
                                                               :value [4
                                                                       4],
                                                               :index 777,
                                                               :time 27110131792}
                                                              {:process 250,
                                                               :type :invoke,
                                                               :f :cas,
                                                               :value [0
                                                                       3],
                                                               :index 755,
                                                               :time 26132036792}
                                                              {:process 262,
                                                               :type :invoke,
                                                               :f :write,
                                                               :value 1,
                                                               :index 779,
                                                               :time 27135717208}]}),
                                         :final-paths ()},
                          :timeline {:valid? true},
                          :valid? true},
                      12 {:linearizable {:valid? true,
                                         :configs ({:model #knossos.model.CASRegister{:value nil},
                                                    :last-op nil,
                                                    :pending [{:process 247,
                                                               :type :invoke,
                                                               :f :cas,
                                                               :value [0
                                                                       3],
                                                               :index 791,
                                                               :time 27485606542}
                                                              {:process 251,
                                                               :type :invoke,
                                                               :f :write,
                                                               :value 3,
                                                               :index 781,
                                                               :time 27186861458}
                                                              {:process 258,
                                                               :type :invoke,
                                                               :f :write,
                                                               :value 4,
                                                               :index 783,
                                                               :time 27242510667}
                                                              {:process 259,
                                                               :type :invoke,
                                                               :f :write,
                                                               :value 2,
                                                               :index 815,
                                                               :time 28490774917}
                                                              {:process 260,
                                                               :type :invoke,
                                                               :f :cas,
                                                               :value [4
                                                                       2],
                                                               :index 799,
                                                               :time 28051177208}
                                                              {:process 261,
                                                               :type :invoke,
                                                               :f :cas,
                                                               :value [1
                                                                       0],
                                                               :index 801,
                                                               :time 28112038958}
                                                              {:process 263,
                                                               :type :invoke,
                                                               :f :cas,
                                                               :value [4
                                                                       2],
                                                               :index 805,
                                                               :time 28234314500}
                                                              {:process 270,
                                                               :type :invoke,
                                                               :f :write,
                                                               :value 4,
                                                               :index 807,
                                                               :time 28268997042}
                                                              {:process 271,
                                                               :type :invoke,
                                                               :f :cas,
                                                               :value [4
                                                                       3],
                                                               :index 839,
                                                               :time 29492353458}
                                                              {:process 272,
                                                               :type :invoke,
                                                               :f :cas,
                                                               :value [1
                                                                       0],
                                                               :index 823,
                                                               :time 29056643917}
                                                              {:process 273,
                                                               :type :invoke,
                                                               :f :write,
                                                               :value 2,
                                                               :index 825,
                                                               :time 29114225208}
                                                              {:process 274,
                                                               :type :invoke,
                                                               :f :write,
                                                               :value 0,
                                                               :index 803,
                                                               :time 28174407458}
                                                              {:process 275,
                                                               :type :invoke,
                                                               :f :cas,
                                                               :value [3
                                                                       2],
                                                               :index 829,
                                                               :time 29235033500}
                                                              {:process 282,
                                                               :type :invoke,
                                                               :f :cas,
                                                               :value [4
                                                                       1],
                                                               :index 831,
                                                               :time 29289907333}
                                                              {:process 286,
                                                               :type :invoke,
                                                               :f :cas,
                                                               :value [2
                                                                       2],
                                                               :index 827,
                                                               :time 29174857167}]}),
                                         :final-paths ()},
                          :timeline {:valid? true},
                          :valid? true},
                      13 {:linearizable {:valid? true,
                                         :model #knossos.model.CASRegister{:value 2},
                                         :final-paths (),
                                         :configs ()},
                          :timeline {:valid? true},
                          :valid? true},
                      14 {:linearizable {:valid? true,
                                         :configs ({:model #knossos.model.CASRegister{:value 4},
                                                    :last-op {:process 306,
                                                              :type :ok,
                                                              :f :write,
                                                              :value 4,
                                                              :index 1015,
                                                              :time 34017586667},
                                                    :pending [{:process 287,
                                                               :type :invoke,
                                                               :f :write,
                                                               :value 2,
                                                               :index 853,
                                                               :time 30238611875}
                                                              {:process 295,
                                                               :type :invoke,
                                                               :f :cas,
                                                               :value [0
                                                                       0],
                                                               :index 1019,
                                                               :time 34180391125}
                                                              {:process 297,
                                                               :type :invoke,
                                                               :f :write,
                                                               :value 2,
                                                               :index 1027,
                                                               :time 34474812292}
                                                              {:process 298,
                                                               :type :invoke,
                                                               :f :write,
                                                               :value 4,
                                                               :index 851,
                                                               :time 30179293625}
                                                              {:process 299,
                                                               :type :invoke,
                                                               :f :cas,
                                                               :value [4
                                                                       4],
                                                               :index 1026,
                                                               :time 34459353375}
                                                              {:process 306,
                                                               :type :invoke,
                                                               :f :cas,
                                                               :value [2
                                                                       4],
                                                               :index 1016,
                                                               :time 34066411625}
                                                              {:process 307,
                                                               :type :invoke,
                                                               :f :write,
                                                               :value 2,
                                                               :index 1035,
                                                               :time 35213101167}
                                                              {:process 308,
                                                               :type :invoke,
                                                               :f :write,
                                                               :value 1,
                                                               :index 1022,
                                                               :time 34278060333}
                                                              {:process 310,
                                                               :type :invoke,
                                                               :f :cas,
                                                               :value [2
                                                                       1],
                                                               :index 1025,
                                                               :time 34401981000}
                                                              {:process 318,
                                                               :type :invoke,
                                                               :f :write,
                                                               :value 3,
                                                               :index 1029,
                                                               :time 35071438875}]}
                                                   {:model #knossos.model.CASRegister{:value 4},
                                                    :last-op {:process 306,
                                                              :type :ok,
                                                              :f :write,
                                                              :value 4,
                                                              :index 1015,
                                                              :time 34017586667},
                                                    :pending [{:process 284,
                                                               :type :invoke,
                                                               :f :write,
                                                               :value 2,
                                                               :index 847,
                                                               :time 30061928375}
                                                              {:process 295,
                                                               :type :invoke,
                                                               :f :cas,
                                                               :value [0
                                                                       0],
                                                               :index 1019,
                                                               :time 34180391125}
                                                              {:process 297,
                                                               :type :invoke,
                                                               :f :write,
                                                               :value 2,
                                                               :index 1027,
                                                               :time 34474812292}
                                                              {:process 298,
                                                               :type :invoke,
                                                               :f :write,
                                                               :value 4,
                                                               :index 851,
                                                               :time 30179293625}
                                                              {:process 299,
                                                               :type :invoke,
                                                               :f :cas,
                                                               :value [4
                                                                       4],
                                                               :index 1026,
                                                               :time 34459353375}
                                                              {:process 306,
                                                               :type :invoke,
                                                               :f :cas,
                                                               :value [2
                                                                       4],
                                                               :index 1016,
                                                               :time 34066411625}
                                                              {:process 307,
                                                               :type :invoke,
                                                               :f :write,
                                                               :value 2,
                                                               :index 1035,
                                                               :time 35213101167}
                                                              {:process 308,
                                                               :type :invoke,
                                                               :f :write,
                                                               :value 1,
                                                               :index 1022,
                                                               :time 34278060333}
                                                              {:process 310,
                                                               :type :invoke,
                                                               :f :cas,
                                                               :value [2
                                                                       1],
                                                               :index 1025,
                                                               :time 34401981000}
                                                              {:process 318,
                                                               :type :invoke,
                                                               :f :write,
                                                               :value 3,
                                                               :index 1029,
                                                               :time 35071438875}]}
                                                   {:model #knossos.model.CASRegister{:value 4},
                                                    :last-op {:process 306,
                                                              :type :ok,
                                                              :f :write,
                                                              :value 4,
                                                              :index 1015,
                                                              :time 34017586667},
                                                    :pending [{:process 287,
                                                               :type :invoke,
                                                               :f :write,
                                                               :value 2,
                                                               :index 853,
                                                               :time 30238611875}
                                                              {:process 295,
                                                               :type :invoke,
                                                               :f :cas,
                                                               :value [0
                                                                       0],
                                                               :index 1019,
                                                               :time 34180391125}
                                                              {:process 296,
                                                               :type :invoke,
                                                               :f :cas,
                                                               :value [1
                                                                       2],
                                                               :index 871,
                                                               :time 31067129750}
                                                              {:process 297,
                                                               :type :invoke,
                                                               :f :write,
                                                               :value 2,
                                                               :index 1027,
                                                               :time 34474812292}
                                                              {:process 299,
                                                               :type :invoke,
                                                               :f :cas,
                                                               :value [4
                                                                       4],
                                                               :index 1026,
                                                               :time 34459353375}
                                                              {:process 306,
                                                               :type :invoke,
                                                               :f :cas,
                                                               :value [2
                                                                       4],
                                                               :index 1016,
                                                               :time 34066411625}
                                                              {:process 307,
                                                               :type :invoke,
                                                               :f :write,
                                                               :value 2,
                                                               :index 1035,
                                                               :time 35213101167}
                                                              {:process 308,
                                                               :type :invoke,
                                                               :f :write,
                                                               :value 1,
                                                               :index 1022,
                                                               :time 34278060333}
                                                              {:process 310,
                                                               :type :invoke,
                                                               :f :cas,
                                                               :value [2
                                                                       1],
                                                               :index 1025,
                                                               :time 34401981000}
                                                              {:process 318,
                                                               :type :invoke,
                                                               :f :write,
                                                               :value 3,
                                                               :index 1029,
                                                               :time 35071438875}]}
                                                   {:model #knossos.model.CASRegister{:value 4},
                                                    :last-op {:process 306,
                                                              :type :ok,
                                                              :f :write,
                                                              :value 4,
                                                              :index 1015,
                                                              :time 34017586667},
                                                    :pending [{:process 284,
                                                               :type :invoke,
                                                               :f :write,
                                                               :value 2,
                                                               :index 847,
                                                               :time 30061928375}
                                                              {:process 287,
                                                               :type :invoke,
                                                               :f :write,
                                                               :value 2,
                                                               :index 853,
                                                               :time 30238611875}
                                                              {:process 295,
                                                               :type :invoke,
                                                               :f :cas,
                                                               :value [0
                                                                       0],
                                                               :index 1019,
                                                               :time 34180391125}
                                                              {:process 297,
                                                               :type :invoke,
                                                               :f :write,
                                                               :value 2,
                                                               :index 1027,
                                                               :time 34474812292}
                                                              {:process 299,
                                                               :type :invoke,
                                                               :f :cas,
                                                               :value [4
                                                                       4],
                                                               :index 1026,
                                                               :time 34459353375}
                                                              {:process 306,
                                                               :type :invoke,
                                                               :f :cas,
                                                               :value [2
                                                                       4],
                                                               :index 1016,
                                                               :time 34066411625}
                                                              {:process 307,
                                                               :type :invoke,
                                                               :f :write,
                                                               :value 2,
                                                               :index 1035,
                                                               :time 35213101167}
                                                              {:process 308,
                                                               :type :invoke,
                                                               :f :write,
                                                               :value 1,
                                                               :index 1022,
                                                               :time 34278060333}
                                                              {:process 310,
                                                               :type :invoke,
                                                               :f :cas,
                                                               :value [2
                                                                       1],
                                                               :index 1025,
                                                               :time 34401981000}
                                                              {:process 318,
                                                               :type :invoke,
                                                               :f :write,
                                                               :value 3,
                                                               :index 1029,
                                                               :time 35071438875}]}
                                                   {:model #knossos.model.CASRegister{:value 4},
                                                    :last-op {:process 306,
                                                              :type :ok,
                                                              :f :write,
                                                              :value 4,
                                                              :index 1015,
                                                              :time 34017586667},
                                                    :pending [{:process 283,
                                                               :type :invoke,
                                                               :f :cas,
                                                               :value [4
                                                                       0],
                                                               :index 863,
                                                               :time 30495094042}
                                                              {:process 284,
                                                               :type :invoke,
                                                               :f :write,
                                                               :value 2,
                                                               :index 847,
                                                               :time 30061928375}
                                                              {:process 295,
                                                               :type :invoke,
                                                               :f :cas,
                                                               :value [0
                                                                       0],
                                                               :index 1019,
                                                               :time 34180391125}
                                                              {:process 296,
                                                               :type :invoke,
                                                               :f :cas,
                                                               :value [1
                                                                       2],
                                                               :index 871,
                                                               :time 31067129750}
                                                              {:process 297,
                                                               :type :invoke,
                                                               :f :write,
                                                               :value 2,
                                                               :index 1027,
                                                               :time 34474812292}
                                                              {:process 298,
                                                               :type :invoke,
                                                               :f :write,
                                                               :value 4,
                                                               :index 851,
                                                               :time 30179293625}
                                                              {:process 299,
                                                               :type :invoke,
                                                               :f :cas,
                                                               :value [4
                                                                       4],
                                                               :index 1026,
                                                               :time 34459353375}
                                                              {:process 306,
                                                               :type :invoke,
                                                               :f :cas,
                                                               :value [2
                                                                       4],
                                                               :index 1016,
                                                               :time 34066411625}
                                                              {:process 307,
                                                               :type :invoke,
                                                               :f :write,
                                                               :value 2,
                                                               :index 1035,
                                                               :time 35213101167}
                                                              {:process 308,
                                                               :type :invoke,
                                                               :f :write,
                                                               :value 1,
                                                               :index 1022,
                                                               :time 34278060333}
                                                              {:process 310,
                                                               :type :invoke,
                                                               :f :cas,
                                                               :value [2
                                                                       1],
                                                               :index 1025,
                                                               :time 34401981000}
                                                              {:process 318,
                                                               :type :invoke,
                                                               :f :write,
                                                               :value 3,
                                                               :index 1029,
                                                               :time 35071438875}]}
                                                   {:model #knossos.model.CASRegister{:value 4},
                                                    :last-op {:process 306,
                                                              :type :ok,
                                                              :f :write,
                                                              :value 4,
                                                              :index 1015,
                                                              :time 34017586667},
                                                    :pending [{:process 287,
                                                               :type :invoke,
                                                               :f :write,
                                                               :value 2,
                                                               :index 853,
                                                               :time 30238611875}
                                                              {:process 295,
                                                               :type :invoke,
                                                               :f :cas,
                                                               :value [0
                                                                       0],
                                                               :index 1019,
                                                               :time 34180391125}
                                                              {:process 296,
                                                               :type :invoke,
                                                               :f :cas,
                                                               :value [1
                                                                       2],
                                                               :index 871,
                                                               :time 31067129750}
                                                              {:process 297,
                                                               :type :invoke,
                                                               :f :write,
                                                               :value 2,
                                                               :index 1027,
                                                               :time 34474812292}
                                                              {:process 298,
                                                               :type :invoke,
                                                               :f :write,
                                                               :value 4,
                                                               :index 851,
                                                               :time 30179293625}
                                                              {:process 299,
                                                               :type :invoke,
                                                               :f :cas,
                                                               :value [4
                                                                       4],
                                                               :index 1026,
                                                               :time 34459353375}
                                                              {:process 306,
                                                               :type :invoke,
                                                               :f :cas,
                                                               :value [2
                                                                       4],
                                                               :index 1016,
                                                               :time 34066411625}
                                                              {:process 307,
                                                               :type :invoke,
                                                               :f :write,
                                                               :value 2,
                                                               :index 1035,
                                                               :time 35213101167}
                                                              {:process 308,
                                                               :type :invoke,
                                                               :f :write,
                                                               :value 1,
                                                               :index 1022,
                                                               :time 34278060333}
                                                              {:process 310,
                                                               :type :invoke,
                                                               :f :cas,
                                                               :value [2
                                                                       1],
                                                               :index 1025,
                                                               :time 34401981000}
                                                              {:process 318,
                                                               :type :invoke,
                                                               :f :write,
                                                               :value 3,
                                                               :index 1029,
                                                               :time 35071438875}]}
                                                   {:model #knossos.model.CASRegister{:value 4},
                                                    :last-op {:process 306,
                                                              :type :ok,
                                                              :f :write,
                                                              :value 4,
                                                              :index 1015,
                                                              :time 34017586667},
                                                    :pending [{:process 287,
                                                               :type :invoke,
                                                               :f :write,
                                                               :value 2,
                                                               :index 853,
                                                               :time 30238611875}
                                                              {:process 294,
                                                               :type :invoke,
                                                               :f :cas,
                                                               :value [1
                                                                       1],
                                                               :index 855,
                                                               :time 30294689375}
                                                              {:process 295,
                                                               :type :invoke,
                                                               :f :cas,
                                                               :value [0
                                                                       0],
                                                               :index 1019,
                                                               :time 34180391125}
                                                              {:process 296,
                                                               :type :invoke,
                                                               :f :cas,
                                                               :value [1
                                                                       2],
                                                               :index 871,
                                                               :time 31067129750}
                                                              {:process 297,
                                                               :type :invoke,
                                                               :f :write,
                                                               :value 2,
                                                               :index 1027,
                                                               :time 34474812292}
                                                              {:process 298,
                                                               :type :invoke,
                                                               :f :write,
                                                               :value 4,
                                                               :index 851,
                                                               :time 30179293625}
                                                              {:process 299,
                                                               :type :invoke,
                                                               :f :cas,
                                                               :value [4
                                                                       4],
                                                               :index 1026,
                                                               :time 34459353375}
                                                              {:process 306,
                                                               :type :invoke,
                                                               :f :cas,
                                                               :value [2
                                                                       4],
                                                               :index 1016,
                                                               :time 34066411625}
                                                              {:process 307,
                                                               :type :invoke,
                                                               :f :write,
                                                               :value 2,
                                                               :index 1035,
                                                               :time 35213101167}
                                                              {:process 308,
                                                               :type :invoke,
                                                               :f :write,
                                                               :value 1,
                                                               :index 1022,
                                                               :time 34278060333}
                                                              {:process 310,
                                                               :type :invoke,
                                                               :f :cas,
                                                               :value [2
                                                                       1],
                                                               :index 1025,
                                                               :time 34401981000}
                                                              {:process 318,
                                                               :type :invoke,
                                                               :f :write,
                                                               :value 3,
                                                               :index 1029,
                                                               :time 35071438875}]}
                                                   {:model #knossos.model.CASRegister{:value 4},
                                                    :last-op {:process 306,
                                                              :type :ok,
                                                              :f :write,
                                                              :value 4,
                                                              :index 1015,
                                                              :time 34017586667},
                                                    :pending [{:process 284,
                                                               :type :invoke,
                                                               :f :write,
                                                               :value 2,
                                                               :index 847,
                                                               :time 30061928375}
                                                              {:process 287,
                                                               :type :invoke,
                                                               :f :write,
                                                               :value 2,
                                                               :index 853,
                                                               :time 30238611875}
                                                              {:process 294,
                                                               :type :invoke,
                                                               :f :cas,
                                                               :value [1
                                                                       1],
                                                               :index 855,
                                                               :time 30294689375}
                                                              {:process 295,
                                                               :type :invoke,
                                                               :f :cas,
                                                               :value [0
                                                                       0],
                                                               :index 1019,
                                                               :time 34180391125}
                                                              {:process 296,
                                                               :type :invoke,
                                                               :f :cas,
                                                               :value [1
                                                                       2],
                                                               :index 871,
                                                               :time 31067129750}
                                                              {:process 297,
                                                               :type :invoke,
                                                               :f :write,
                                                               :value 2,
                                                               :index 1027,
                                                               :time 34474812292}
                                                              {:process 299,
                                                               :type :invoke,
                                                               :f :cas,
                                                               :value [4
                                                                       4],
                                                               :index 1026,
                                                               :time 34459353375}
                                                              {:process 306,
                                                               :type :invoke,
                                                               :f :cas,
                                                               :value [2
                                                                       4],
                                                               :index 1016,
                                                               :time 34066411625}
                                                              {:process 307,
                                                               :type :invoke,
                                                               :f :write,
                                                               :value 2,
                                                               :index 1035,
                                                               :time 35213101167}
                                                              {:process 308,
                                                               :type :invoke,
                                                               :f :write,
                                                               :value 1,
                                                               :index 1022,
                                                               :time 34278060333}
                                                              {:process 310,
                                                               :type :invoke,
                                                               :f :cas,
                                                               :value [2
                                                                       1],
                                                               :index 1025,
                                                               :time 34401981000}
                                                              {:process 318,
                                                               :type :invoke,
                                                               :f :write,
                                                               :value 3,
                                                               :index 1029,
                                                               :time 35071438875}]}
                                                   {:model #knossos.model.CASRegister{:value 4},
                                                    :last-op {:process 306,
                                                              :type :ok,
                                                              :f :write,
                                                              :value 4,
                                                              :index 1015,
                                                              :time 34017586667},
                                                    :pending [{:process 283,
                                                               :type :invoke,
                                                               :f :cas,
                                                               :value [4
                                                                       0],
                                                               :index 863,
                                                               :time 30495094042}
                                                              {:process 284,
                                                               :type :invoke,
                                                               :f :write,
                                                               :value 2,
                                                               :index 847,
                                                               :time 30061928375}
                                                              {:process 295,
                                                               :type :invoke,
                                                               :f :cas,
                                                               :value [0
                                                                       0],
                                                               :index 1019,
                                                               :time 34180391125}
                                                              {:process 297,
                                                               :type :invoke,
                                                               :f :write,
                                                               :value 2,
                                                               :index 1027,
                                                               :time 34474812292}
                                                              {:process 298,
                                                               :type :invoke,
                                                               :f :write,
                                                               :value 4,
                                                               :index 851,
                                                               :time 30179293625}
                                                              {:process 299,
                                                               :type :invoke,
                                                               :f :cas,
                                                               :value [4
                                                                       4],
                                                               :index 1026,
                                                               :time 34459353375}
                                                              {:process 306,
                                                               :type :invoke,
                                                               :f :cas,
                                                               :value [2
                                                                       4],
                                                               :index 1016,
                                                               :time 34066411625}
                                                              {:process 307,
                                                               :type :invoke,
                                                               :f :write,
                                                               :value 2,
                                                               :index 1035,
                                                               :time 35213101167}
                                                              {:process 308,
                                                               :type :invoke,
                                                               :f :write,
                                                               :value 1,
                                                               :index 1022,
                                                               :time 34278060333}
                                                              {:process 310,
                                                               :type :invoke,
                                                               :f :cas,
                                                               :value [2
                                                                       1],
                                                               :index 1025,
                                                               :time 34401981000}
                                                              {:process 318,
                                                               :type :invoke,
                                                               :f :write,
                                                               :value 3,
                                                               :index 1029,
                                                               :time 35071438875}]}
                                                   {:model #knossos.model.CASRegister{:value 4},
                                                    :last-op {:process 306,
                                                              :type :ok,
                                                              :f :write,
                                                              :value 4,
                                                              :index 1015,
                                                              :time 34017586667},
                                                    :pending [{:process 284,
                                                               :type :invoke,
                                                               :f :write,
                                                               :value 2,
                                                               :index 847,
                                                               :time 30061928375}
                                                              {:process 295,
                                                               :type :invoke,
                                                               :f :cas,
                                                               :value [0
                                                                       0],
                                                               :index 1019,
                                                               :time 34180391125}
                                                              {:process 296,
                                                               :type :invoke,
                                                               :f :cas,
                                                               :value [1
                                                                       2],
                                                               :index 871,
                                                               :time 31067129750}
                                                              {:process 297,
                                                               :type :invoke,
                                                               :f :write,
                                                               :value 2,
                                                               :index 1027,
                                                               :time 34474812292}
                                                              {:process 298,
                                                               :type :invoke,
                                                               :f :write,
                                                               :value 4,
                                                               :index 851,
                                                               :time 30179293625}
                                                              {:process 299,
                                                               :type :invoke,
                                                               :f :cas,
                                                               :value [4
                                                                       4],
                                                               :index 1026,
                                                               :time 34459353375}
                                                              {:process 306,
                                                               :type :invoke,
                                                               :f :cas,
                                                               :value [2
                                                                       4],
                                                               :index 1016,
                                                               :time 34066411625}
                                                              {:process 307,
                                                               :type :invoke,
                                                               :f :write,
                                                               :value 2,
                                                               :index 1035,
                                                               :time 35213101167}
                                                              {:process 308,
                                                               :type :invoke,
                                                               :f :write,
                                                               :value 1,
                                                               :index 1022,
                                                               :time 34278060333}
                                                              {:process 310,
                                                               :type :invoke,
                                                               :f :cas,
                                                               :value [2
                                                                       1],
                                                               :index 1025,
                                                               :time 34401981000}
                                                              {:process 318,
                                                               :type :invoke,
                                                               :f :write,
                                                               :value 3,
                                                               :index 1029,
                                                               :time 35071438875}]}),
                                         :final-paths ()},
                          :timeline {:valid? true},
                          :valid? true},
                      15 {:linearizable {:valid? true,
                                         :configs ({:model #knossos.model.CASRegister{:value nil},
                                                    :last-op nil,
                                                    :pending [{:process 304,
                                                               :type :invoke,
                                                               :f :cas,
                                                               :value [3
                                                                       2],
                                                               :index 1044,
                                                               :time 35382046750}
                                                              {:process 315,
                                                               :type :invoke,
                                                               :f :cas,
                                                               :value [3
                                                                       4],
                                                               :index 1041,
                                                               :time 35314503958}
                                                              {:process 316,
                                                               :type :invoke,
                                                               :f :cas,
                                                               :value [1
                                                                       0],
                                                               :index 1067,
                                                               :time 36436409667}
                                                              {:process 317,
                                                               :type :invoke,
                                                               :f :write,
                                                               :value 3,
                                                               :index 1061,
                                                               :time 36280736917}
                                                              {:process 327,
                                                               :type :invoke,
                                                               :f :cas,
                                                               :value [1
                                                                       2],
                                                               :index 1063,
                                                               :time 36319488000}
                                                              {:process 328,
                                                               :type :invoke,
                                                               :f :cas,
                                                               :value [1
                                                                       0],
                                                               :index 1091,
                                                               :time 37439633542}
                                                              {:process 329,
                                                               :type :invoke,
                                                               :f :cas,
                                                               :value [4
                                                                       0],
                                                               :index 1085,
                                                               :time 37284103125}
                                                              {:process 339,
                                                               :type :invoke,
                                                               :f :cas,
                                                               :value [4
                                                                       0],
                                                               :index 1087,
                                                               :time 37339539917}
                                                              {:process 340,
                                                               :type :invoke,
                                                               :f :write,
                                                               :value 2,
                                                               :index 1115,
                                                               :time 38455739125}
                                                              {:process 341,
                                                               :type :invoke,
                                                               :f :cas,
                                                               :value [0
                                                                       4],
                                                               :index 1109,
                                                               :time 38285382042}
                                                              {:process 351,
                                                               :type :invoke,
                                                               :f :cas,
                                                               :value [0
                                                                       0],
                                                               :index 1111,
                                                               :time 38344264167}
                                                              {:process 352,
                                                               :type :invoke,
                                                               :f :cas,
                                                               :value [2
                                                                       4],
                                                               :index 1139,
                                                               :time 39460661792}
                                                              {:process 353,
                                                               :type :invoke,
                                                               :f :cas,
                                                               :value [3
                                                                       1],
                                                               :index 1133,
                                                               :time 39286685792}
                                                              {:process 363,
                                                               :type :invoke,
                                                               :f :cas,
                                                               :value [4
                                                                       2],
                                                               :index 1135,
                                                               :time 39345012833}
                                                              {:process 365,
                                                               :type :invoke,
                                                               :f :write,
                                                               :value 0,
                                                               :index 1157,
                                                               :time 40291409708}]}),
                                         :final-paths ()},
                          :timeline {:valid? true},
                          :valid? true},
                      16 {:linearizable {:valid? true,
                                         :configs ({:model #knossos.model.CASRegister{:value nil},
                                                    :last-op nil,
                                                    :pending [{:process 309,
                                                               :type :invoke,
                                                               :f :cas,
                                                               :value [2
                                                                       1],
                                                               :index 1051,
                                                               :time 35564140833}
                                                              {:process 311,
                                                               :type :invoke,
                                                               :f :write,
                                                               :value 0,
                                                               :index 1050,
                                                               :time 35527143875}
                                                              {:process 319,
                                                               :type :invoke,
                                                               :f :cas,
                                                               :value [0
                                                                       4],
                                                               :index 1059,
                                                               :time 36218145500}
                                                              {:process 320,
                                                               :type :invoke,
                                                               :f :write,
                                                               :value 0,
                                                               :index 1043,
                                                               :time 35350939292}
                                                              {:process 321,
                                                               :type :invoke,
                                                               :f :write,
                                                               :value 4,
                                                               :index 1074,
                                                               :time 36579591708}
                                                              {:process 322,
                                                               :type :invoke,
                                                               :f :write,
                                                               :value 3,
                                                               :index 1046,
                                                               :time 35433897208}
                                                              {:process 323,
                                                               :type :invoke,
                                                               :f :cas,
                                                               :value [4
                                                                       4],
                                                               :index 1075,
                                                               :time 36602270958}
                                                              {:process 330,
                                                               :type :invoke,
                                                               :f :write,
                                                               :value 2,
                                                               :index 1053,
                                                               :time 36074557458}
                                                              {:process 331,
                                                               :type :invoke,
                                                               :f :cas,
                                                               :value [1
                                                                       4],
                                                               :index 1083,
                                                               :time 37222949708}
                                                              {:process 332,
                                                               :type :invoke,
                                                               :f :write,
                                                               :value 0,
                                                               :index 1065,
                                                               :time 36378075917}
                                                              {:process 333,
                                                               :type :invoke,
                                                               :f :cas,
                                                               :value [1
                                                                       3],
                                                               :index 1097,
                                                               :time 37583336333}
                                                              {:process 334,
                                                               :type :invoke,
                                                               :f :cas,
                                                               :value [0
                                                                       0],
                                                               :index 1071,
                                                               :time 36523478583}
                                                              {:process 342,
                                                               :type :invoke,
                                                               :f :cas,
                                                               :value [1
                                                                       3],
                                                               :index 1077,
                                                               :time 37079820083}
                                                              {:process 344,
                                                               :type :invoke,
                                                               :f :cas,
                                                               :value [2
                                                                       3],
                                                               :index 1089,
                                                               :time 37397557333}
                                                              {:process 346,
                                                               :type :invoke,
                                                               :f :write,
                                                               :value 4,
                                                               :index 1095,
                                                               :time 37527391625}]}),
                                         :final-paths ()},
                          :timeline {:valid? true},
                          :valid? true},
                      17 {:linearizable {:valid? true,
                                         :configs ({:model #knossos.model.CASRegister{:value nil},
                                                    :last-op nil,
                                                    :pending [{:process 335,
                                                               :type :invoke,
                                                               :f :cas,
                                                               :value [2
                                                                       2],
                                                               :index 1099,
                                                               :time 37604091000}
                                                              {:process 343,
                                                               :type :invoke,
                                                               :f :write,
                                                               :value 0,
                                                               :index 1107,
                                                               :time 38227669500}
                                                              {:process 345,
                                                               :type :invoke,
                                                               :f :cas,
                                                               :value [3
                                                                       0],
                                                               :index 1121,
                                                               :time 38587747667}
                                                              {:process 347,
                                                               :type :invoke,
                                                               :f :write,
                                                               :value 3,
                                                               :index 1123,
                                                               :time 38640066250}
                                                              {:process 354,
                                                               :type :invoke,
                                                               :f :cas,
                                                               :value [3
                                                                       1],
                                                               :index 1101,
                                                               :time 38085075833}
                                                              {:process 355,
                                                               :type :invoke,
                                                               :f :write,
                                                               :value 4,
                                                               :index 1131,
                                                               :time 39231779333}
                                                              {:process 356,
                                                               :type :invoke,
                                                               :f :write,
                                                               :value 1,
                                                               :index 1113,
                                                               :time 38405970208}
                                                              {:process 357,
                                                               :type :invoke,
                                                               :f :cas,
                                                               :value [0
                                                                       0],
                                                               :index 1145,
                                                               :time 39587290875}
                                                              {:process 358,
                                                               :type :invoke,
                                                               :f :write,
                                                               :value 1,
                                                               :index 1119,
                                                               :time 38528921958}
                                                              {:process 359,
                                                               :type :invoke,
                                                               :f :write,
                                                               :value 1,
                                                               :index 1147,
                                                               :time 39645070625}
                                                              {:process 366,
                                                               :type :invoke,
                                                               :f :cas,
                                                               :value [2
                                                                       3],
                                                               :index 1125,
                                                               :time 39089762583}
                                                              {:process 367,
                                                               :type :invoke,
                                                               :f :cas,
                                                               :value [4
                                                                       0],
                                                               :index 1155,
                                                               :time 40236780417}
                                                              {:process 368,
                                                               :type :invoke,
                                                               :f :cas,
                                                               :value [0
                                                                       3],
                                                               :index 1137,
                                                               :time 39410651667}
                                                              {:process 370,
                                                               :type :invoke,
                                                               :f :cas,
                                                               :value [3
                                                                       0],
                                                               :index 1143,
                                                               :time 39543785417}
                                                              {:process 378,
                                                               :type :invoke,
                                                               :f :cas,
                                                               :value [1
                                                                       4],
                                                               :index 1149,
                                                               :time 40095027708}]}),
                                         :final-paths ()},
                          :timeline {:valid? true},
                          :valid? true},
                      18 {:linearizable {:valid? true,
                                         :configs ({:model #knossos.model.CASRegister{:value 3},
                                                    :last-op {:process 0,
                                                              :type :ok,
                                                              :f :read,
                                                              :value 3,
                                                              :index 1353,
                                                              :time 45697404417},
                                                    :pending [{:process 364,
                                                               :type :invoke,
                                                               :f :cas,
                                                               :value [4
                                                                       4],
                                                               :index 1163,
                                                               :time 40461795208}
                                                              {:process 387,
                                                               :type :invoke,
                                                               :f :cas,
                                                               :value [3
                                                                       2],
                                                               :index 1183,
                                                               :time 41351699458}
                                                              {:process 400,
                                                               :type :invoke,
                                                               :f :cas,
                                                               :value [1
                                                                       0],
                                                               :index 1374,
                                                               :time 46154211042}
                                                              {:process 401,
                                                               :type :invoke,
                                                               :f :write,
                                                               :value 2,
                                                               :index 1376,
                                                               :time 46245971625}
                                                              {:process 411,
                                                               :type :invoke,
                                                               :f :write,
                                                               :value 4,
                                                               :index 1373,
                                                               :time 46094658833}
                                                              {:process 412,
                                                               :type :invoke,
                                                               :f :cas,
                                                               :value [4
                                                                       1],
                                                               :index 1389,
                                                               :time 47159178292}
                                                              {:process 413,
                                                               :type :invoke,
                                                               :f :cas,
                                                               :value [1
                                                                       1],
                                                               :index 1393,
                                                               :time 47251464833}
                                                              {:process 423,
                                                               :type :invoke,
                                                               :f :cas,
                                                               :value [0
                                                                       0],
                                                               :index 1387,
                                                               :time 47099720083}
                                                              {:process 435,
                                                               :type :invoke,
                                                               :f :write,
                                                               :value 3,
                                                               :index 1411,
                                                               :time 48099738417}]}
                                                   {:model #knossos.model.CASRegister{:value 3},
                                                    :last-op {:process 0,
                                                              :type :ok,
                                                              :f :read,
                                                              :value 3,
                                                              :index 1353,
                                                              :time 45697404417},
                                                    :pending [{:process 364,
                                                               :type :invoke,
                                                               :f :cas,
                                                               :value [4
                                                                       4],
                                                               :index 1163,
                                                               :time 40461795208}
                                                              {:process 375,
                                                               :type :invoke,
                                                               :f :cas,
                                                               :value [3
                                                                       4],
                                                               :index 1159,
                                                               :time 40350888917}
                                                              {:process 377,
                                                               :type :invoke,
                                                               :f :cas,
                                                               :value [4
                                                                       1],
                                                               :index 1181,
                                                               :time 41295295958}
                                                              {:process 387,
                                                               :type :invoke,
                                                               :f :cas,
                                                               :value [3
                                                                       2],
                                                               :index 1183,
                                                               :time 41351699458}
                                                              {:process 389,
                                                               :type :invoke,
                                                               :f :cas,
                                                               :value [3
                                                                       1],
                                                               :index 1205,
                                                               :time 42295916000}
                                                              {:process 399,
                                                               :type :invoke,
                                                               :f :cas,
                                                               :value [4
                                                                       3],
                                                               :index 1207,
                                                               :time 42356594792}
                                                              {:process 400,
                                                               :type :invoke,
                                                               :f :cas,
                                                               :value [1
                                                                       0],
                                                               :index 1374,
                                                               :time 46154211042}
                                                              {:process 401,
                                                               :type :invoke,
                                                               :f :write,
                                                               :value 2,
                                                               :index 1376,
                                                               :time 46245971625}
                                                              {:process 411,
                                                               :type :invoke,
                                                               :f :write,
                                                               :value 4,
                                                               :index 1373,
                                                               :time 46094658833}
                                                              {:process 412,
                                                               :type :invoke,
                                                               :f :cas,
                                                               :value [4
                                                                       1],
                                                               :index 1389,
                                                               :time 47159178292}
                                                              {:process 413,
                                                               :type :invoke,
                                                               :f :cas,
                                                               :value [1
                                                                       1],
                                                               :index 1393,
                                                               :time 47251464833}
                                                              {:process 423,
                                                               :type :invoke,
                                                               :f :cas,
                                                               :value [0
                                                                       0],
                                                               :index 1387,
                                                               :time 47099720083}
                                                              {:process 435,
                                                               :type :invoke,
                                                               :f :write,
                                                               :value 3,
                                                               :index 1411,
                                                               :time 48099738417}]}
                                                   {:model #knossos.model.CASRegister{:value 3},
                                                    :last-op {:process 0,
                                                              :type :ok,
                                                              :f :read,
                                                              :value 3,
                                                              :index 1353,
                                                              :time 45697404417},
                                                    :pending [{:process 389,
                                                               :type :invoke,
                                                               :f :cas,
                                                               :value [3
                                                                       1],
                                                               :index 1205,
                                                               :time 42295916000}
                                                              {:process 400,
                                                               :type :invoke,
                                                               :f :cas,
                                                               :value [1
                                                                       0],
                                                               :index 1374,
                                                               :time 46154211042}
                                                              {:process 401,
                                                               :type :invoke,
                                                               :f :write,
                                                               :value 2,
                                                               :index 1376,
                                                               :time 46245971625}
                                                              {:process 411,
                                                               :type :invoke,
                                                               :f :write,
                                                               :value 4,
                                                               :index 1373,
                                                               :time 46094658833}
                                                              {:process 412,
                                                               :type :invoke,
                                                               :f :cas,
                                                               :value [4
                                                                       1],
                                                               :index 1389,
                                                               :time 47159178292}
                                                              {:process 413,
                                                               :type :invoke,
                                                               :f :cas,
                                                               :value [1
                                                                       1],
                                                               :index 1393,
                                                               :time 47251464833}
                                                              {:process 423,
                                                               :type :invoke,
                                                               :f :cas,
                                                               :value [0
                                                                       0],
                                                               :index 1387,
                                                               :time 47099720083}
                                                              {:process 435,
                                                               :type :invoke,
                                                               :f :write,
                                                               :value 3,
                                                               :index 1411,
                                                               :time 48099738417}]}
                                                   {:model #knossos.model.CASRegister{:value 3},
                                                    :last-op {:process 0,
                                                              :type :ok,
                                                              :f :read,
                                                              :value 3,
                                                              :index 1353,
                                                              :time 45697404417},
                                                    :pending [{:process 364,
                                                               :type :invoke,
                                                               :f :cas,
                                                               :value [4
                                                                       4],
                                                               :index 1163,
                                                               :time 40461795208}
                                                              {:process 375,
                                                               :type :invoke,
                                                               :f :cas,
                                                               :value [3
                                                                       4],
                                                               :index 1159,
                                                               :time 40350888917}
                                                              {:process 376,
                                                               :type :invoke,
                                                               :f :cas,
                                                               :value [4
                                                                       3],
                                                               :index 1187,
                                                               :time 41466886208}
                                                              {:process 388,
                                                               :type :invoke,
                                                               :f :write,
                                                               :value 4,
                                                               :index 1211,
                                                               :time 42467928083}
                                                              {:process 389,
                                                               :type :invoke,
                                                               :f :cas,
                                                               :value [3
                                                                       1],
                                                               :index 1205,
                                                               :time 42295916000}
                                                              {:process 400,
                                                               :type :invoke,
                                                               :f :cas,
                                                               :value [1
                                                                       0],
                                                               :index 1374,
                                                               :time 46154211042}
                                                              {:process 401,
                                                               :type :invoke,
                                                               :f :write,
                                                               :value 2,
                                                               :index 1376,
                                                               :time 46245971625}
                                                              {:process 411,
                                                               :type :invoke,
                                                               :f :write,
                                                               :value 4,
                                                               :index 1373,
                                                               :time 46094658833}
                                                              {:process 412,
                                                               :type :invoke,
                                                               :f :cas,
                                                               :value [4
                                                                       1],
                                                               :index 1389,
                                                               :time 47159178292}
                                                              {:process 413,
                                                               :type :invoke,
                                                               :f :cas,
                                                               :value [1
                                                                       1],
                                                               :index 1393,
                                                               :time 47251464833}
                                                              {:process 423,
                                                               :type :invoke,
                                                               :f :cas,
                                                               :value [0
                                                                       0],
                                                               :index 1387,
                                                               :time 47099720083}
                                                              {:process 435,
                                                               :type :invoke,
                                                               :f :write,
                                                               :value 3,
                                                               :index 1411,
                                                               :time 48099738417}]}
                                                   {:model #knossos.model.CASRegister{:value 3},
                                                    :last-op {:process 0,
                                                              :type :ok,
                                                              :f :read,
                                                              :value 3,
                                                              :index 1353,
                                                              :time 45697404417},
                                                    :pending [{:process 364,
                                                               :type :invoke,
                                                               :f :cas,
                                                               :value [4
                                                                       4],
                                                               :index 1163,
                                                               :time 40461795208}
                                                              {:process 375,
                                                               :type :invoke,
                                                               :f :cas,
                                                               :value [3
                                                                       4],
                                                               :index 1159,
                                                               :time 40350888917}
                                                              {:process 377,
                                                               :type :invoke,
                                                               :f :cas,
                                                               :value [4
                                                                       1],
                                                               :index 1181,
                                                               :time 41295295958}
                                                              {:process 387,
                                                               :type :invoke,
                                                               :f :cas,
                                                               :value [3
                                                                       2],
                                                               :index 1183,
                                                               :time 41351699458}
                                                              {:process 388,
                                                               :type :invoke,
                                                               :f :write,
                                                               :value 4,
                                                               :index 1211,
                                                               :time 42467928083}
                                                              {:process 389,
                                                               :type :invoke,
                                                               :f :cas,
                                                               :value [3
                                                                       1],
                                                               :index 1205,
                                                               :time 42295916000}
                                                              {:process 399,
                                                               :type :invoke,
                                                               :f :cas,
                                                               :value [4
                                                                       3],
                                                               :index 1207,
                                                               :time 42356594792}
                                                              {:process 400,
                                                               :type :invoke,
                                                               :f :cas,
                                                               :value [1
                                                                       0],
                                                               :index 1374,
                                                               :time 46154211042}
                                                              {:process 401,
                                                               :type :invoke,
                                                               :f :write,
                                                               :value 2,
                                                               :index 1376,
                                                               :time 46245971625}
                                                              {:process 411,
                                                               :type :invoke,
                                                               :f :write,
                                                               :value 4,
                                                               :index 1373,
                                                               :time 46094658833}
                                                              {:process 412,
                                                               :type :invoke,
                                                               :f :cas,
                                                               :value [4
                                                                       1],
                                                               :index 1389,
                                                               :time 47159178292}
                                                              {:process 413,
                                                               :type :invoke,
                                                               :f :cas,
                                                               :value [1
                                                                       1],
                                                               :index 1393,
                                                               :time 47251464833}
                                                              {:process 423,
                                                               :type :invoke,
                                                               :f :cas,
                                                               :value [0
                                                                       0],
                                                               :index 1387,
                                                               :time 47099720083}
                                                              {:process 435,
                                                               :type :invoke,
                                                               :f :write,
                                                               :value 3,
                                                               :index 1411,
                                                               :time 48099738417}]}
                                                   {:model #knossos.model.CASRegister{:value 3},
                                                    :last-op {:process 0,
                                                              :type :ok,
                                                              :f :read,
                                                              :value 3,
                                                              :index 1353,
                                                              :time 45697404417},
                                                    :pending [{:process 375,
                                                               :type :invoke,
                                                               :f :cas,
                                                               :value [3
                                                                       4],
                                                               :index 1159,
                                                               :time 40350888917}
                                                              {:process 377,
                                                               :type :invoke,
                                                               :f :cas,
                                                               :value [4
                                                                       1],
                                                               :index 1181,
                                                               :time 41295295958}
                                                              {:process 400,
                                                               :type :invoke,
                                                               :f :cas,
                                                               :value [1
                                                                       0],
                                                               :index 1374,
                                                               :time 46154211042}
                                                              {:process 401,
                                                               :type :invoke,
                                                               :f :write,
                                                               :value 2,
                                                               :index 1376,
                                                               :time 46245971625}
                                                              {:process 411,
                                                               :type :invoke,
                                                               :f :write,
                                                               :value 4,
                                                               :index 1373,
                                                               :time 46094658833}
                                                              {:process 412,
                                                               :type :invoke,
                                                               :f :cas,
                                                               :value [4
                                                                       1],
                                                               :index 1389,
                                                               :time 47159178292}
                                                              {:process 413,
                                                               :type :invoke,
                                                               :f :cas,
                                                               :value [1
                                                                       1],
                                                               :index 1393,
                                                               :time 47251464833}
                                                              {:process 423,
                                                               :type :invoke,
                                                               :f :cas,
                                                               :value [0
                                                                       0],
                                                               :index 1387,
                                                               :time 47099720083}
                                                              {:process 435,
                                                               :type :invoke,
                                                               :f :write,
                                                               :value 3,
                                                               :index 1411,
                                                               :time 48099738417}]}
                                                   {:model #knossos.model.CASRegister{:value 3},
                                                    :last-op {:process 0,
                                                              :type :ok,
                                                              :f :read,
                                                              :value 3,
                                                              :index 1353,
                                                              :time 45697404417},
                                                    :pending [{:process 376,
                                                               :type :invoke,
                                                               :f :cas,
                                                               :value [4
                                                                       3],
                                                               :index 1187,
                                                               :time 41466886208}
                                                              {:process 387,
                                                               :type :invoke,
                                                               :f :cas,
                                                               :value [3
                                                                       2],
                                                               :index 1183,
                                                               :time 41351699458}
                                                              {:process 389,
                                                               :type :invoke,
                                                               :f :cas,
                                                               :value [3
                                                                       1],
                                                               :index 1205,
                                                               :time 42295916000}
                                                              {:process 400,
                                                               :type :invoke,
                                                               :f :cas,
                                                               :value [1
                                                                       0],
                                                               :index 1374,
                                                               :time 46154211042}
                                                              {:process 401,
                                                               :type :invoke,
                                                               :f :write,
                                                               :value 2,
                                                               :index 1376,
                                                               :time 46245971625}
                                                              {:process 411,
                                                               :type :invoke,
                                                               :f :write,
                                                               :value 4,
                                                               :index 1373,
                                                               :time 46094658833}
                                                              {:process 412,
                                                               :type :invoke,
                                                               :f :cas,
                                                               :value [4
                                                                       1],
                                                               :index 1389,
                                                               :time 47159178292}
                                                              {:process 413,
                                                               :type :invoke,
                                                               :f :cas,
                                                               :value [1
                                                                       1],
                                                               :index 1393,
                                                               :time 47251464833}
                                                              {:process 423,
                                                               :type :invoke,
                                                               :f :cas,
                                                               :value [0
                                                                       0],
                                                               :index 1387,
                                                               :time 47099720083}
                                                              {:process 435,
                                                               :type :invoke,
                                                               :f :write,
                                                               :value 3,
                                                               :index 1411,
                                                               :time 48099738417}]}
                                                   {:model #knossos.model.CASRegister{:value 3},
                                                    :last-op {:process 0,
                                                              :type :ok,
                                                              :f :read,
                                                              :value 3,
                                                              :index 1353,
                                                              :time 45697404417},
                                                    :pending [{:process 364,
                                                               :type :invoke,
                                                               :f :cas,
                                                               :value [4
                                                                       4],
                                                               :index 1163,
                                                               :time 40461795208}
                                                              {:process 388,
                                                               :type :invoke,
                                                               :f :write,
                                                               :value 4,
                                                               :index 1211,
                                                               :time 42467928083}
                                                              {:process 389,
                                                               :type :invoke,
                                                               :f :cas,
                                                               :value [3
                                                                       1],
                                                               :index 1205,
                                                               :time 42295916000}
                                                              {:process 400,
                                                               :type :invoke,
                                                               :f :cas,
                                                               :value [1
                                                                       0],
                                                               :index 1374,
                                                               :time 46154211042}
                                                              {:process 401,
                                                               :type :invoke,
                                                               :f :write,
                                                               :value 2,
                                                               :index 1376,
                                                               :time 46245971625}
                                                              {:process 411,
                                                               :type :invoke,
                                                               :f :write,
                                                               :value 4,
                                                               :index 1373,
                                                               :time 46094658833}
                                                              {:process 412,
                                                               :type :invoke,
                                                               :f :cas,
                                                               :value [4
                                                                       1],
                                                               :index 1389,
                                                               :time 47159178292}
                                                              {:process 413,
                                                               :type :invoke,
                                                               :f :cas,
                                                               :value [1
                                                                       1],
                                                               :index 1393,
                                                               :time 47251464833}
                                                              {:process 423,
                                                               :type :invoke,
                                                               :f :cas,
                                                               :value [0
                                                                       0],
                                                               :index 1387,
                                                               :time 47099720083}
                                                              {:process 435,
                                                               :type :invoke,
                                                               :f :write,
                                                               :value 3,
                                                               :index 1411,
                                                               :time 48099738417}]}
                                                   {:model #knossos.model.CASRegister{:value 3},
                                                    :last-op {:process 0,
                                                              :type :ok,
                                                              :f :read,
                                                              :value 3,
                                                              :index 1353,
                                                              :time 45697404417},
                                                    :pending [{:process 364,
                                                               :type :invoke,
                                                               :f :cas,
                                                               :value [4
                                                                       4],
                                                               :index 1163,
                                                               :time 40461795208}
                                                              {:process 375,
                                                               :type :invoke,
                                                               :f :cas,
                                                               :value [3
                                                                       4],
                                                               :index 1159,
                                                               :time 40350888917}
                                                              {:process 376,
                                                               :type :invoke,
                                                               :f :cas,
                                                               :value [4
                                                                       3],
                                                               :index 1187,
                                                               :time 41466886208}
                                                              {:process 387,
                                                               :type :invoke,
                                                               :f :cas,
                                                               :value [3
                                                                       2],
                                                               :index 1183,
                                                               :time 41351699458}
                                                              {:process 389,
                                                               :type :invoke,
                                                               :f :cas,
                                                               :value [3
                                                                       1],
                                                               :index 1205,
                                                               :time 42295916000}
                                                              {:process 400,
                                                               :type :invoke,
                                                               :f :cas,
                                                               :value [1
                                                                       0],
                                                               :index 1374,
                                                               :time 46154211042}
                                                              {:process 401,
                                                               :type :invoke,
                                                               :f :write,
                                                               :value 2,
                                                               :index 1376,
                                                               :time 46245971625}
                                                              {:process 411,
                                                               :type :invoke,
                                                               :f :write,
                                                               :value 4,
                                                               :index 1373,
                                                               :time 46094658833}
                                                              {:process 412,
                                                               :type :invoke,
                                                               :f :cas,
                                                               :value [4
                                                                       1],
                                                               :index 1389,
                                                               :time 47159178292}
                                                              {:process 413,
                                                               :type :invoke,
                                                               :f :cas,
                                                               :value [1
                                                                       1],
                                                               :index 1393,
                                                               :time 47251464833}
                                                              {:process 423,
                                                               :type :invoke,
                                                               :f :cas,
                                                               :value [0
                                                                       0],
                                                               :index 1387,
                                                               :time 47099720083}
                                                              {:process 435,
                                                               :type :invoke,
                                                               :f :write,
                                                               :value 3,
                                                               :index 1411,
                                                               :time 48099738417}]}
                                                   {:model #knossos.model.CASRegister{:value 3},
                                                    :last-op {:process 0,
                                                              :type :ok,
                                                              :f :read,
                                                              :value 3,
                                                              :index 1353,
                                                              :time 45697404417},
                                                    :pending [{:process 375,
                                                               :type :invoke,
                                                               :f :cas,
                                                               :value [3
                                                                       4],
                                                               :index 1159,
                                                               :time 40350888917}
                                                              {:process 376,
                                                               :type :invoke,
                                                               :f :cas,
                                                               :value [4
                                                                       3],
                                                               :index 1187,
                                                               :time 41466886208}
                                                              {:process 377,
                                                               :type :invoke,
                                                               :f :cas,
                                                               :value [4
                                                                       1],
                                                               :index 1181,
                                                               :time 41295295958}
                                                              {:process 387,
                                                               :type :invoke,
                                                               :f :cas,
                                                               :value [3
                                                                       2],
                                                               :index 1183,
                                                               :time 41351699458}
                                                              {:process 389,
                                                               :type :invoke,
                                                               :f :cas,
                                                               :value [3
                                                                       1],
                                                               :index 1205,
                                                               :time 42295916000}
                                                              {:process 399,
                                                               :type :invoke,
                                                               :f :cas,
                                                               :value [4
                                                                       3],
                                                               :index 1207,
                                                               :time 42356594792}
                                                              {:process 400,
                                                               :type :invoke,
                                                               :f :cas,
                                                               :value [1
                                                                       0],
                                                               :index 1374,
                                                               :time 46154211042}
                                                              {:process 401,
                                                               :type :invoke,
                                                               :f :write,
                                                               :value 2,
                                                               :index 1376,
                                                               :time 46245971625}
                                                              {:process 411,
                                                               :type :invoke,
                                                               :f :write,
                                                               :value 4,
                                                               :index 1373,
                                                               :time 46094658833}
                                                              {:process 412,
                                                               :type :invoke,
                                                               :f :cas,
                                                               :value [4
                                                                       1],
                                                               :index 1389,
                                                               :time 47159178292}
                                                              {:process 413,
                                                               :type :invoke,
                                                               :f :cas,
                                                               :value [1
                                                                       1],
                                                               :index 1393,
                                                               :time 47251464833}
                                                              {:process 423,
                                                               :type :invoke,
                                                               :f :cas,
                                                               :value [0
                                                                       0],
                                                               :index 1387,
                                                               :time 47099720083}
                                                              {:process 435,
                                                               :type :invoke,
                                                               :f :write,
                                                               :value 3,
                                                               :index 1411,
                                                               :time 48099738417}]}),
                                         :final-paths ()},
                          :timeline {:valid? true},
                          :valid? true},
                      19 {:linearizable {:valid? true,
                                         :configs ({:model #knossos.model.CASRegister{:value nil},
                                                    :last-op nil,
                                                    :pending [{:process 369,
                                                               :type :invoke,
                                                               :f :cas,
                                                               :value [1
                                                                       3],
                                                               :index 1169,
                                                               :time 40592117333}
                                                              {:process 371,
                                                               :type :invoke,
                                                               :f :write,
                                                               :value 2,
                                                               :index 1171,
                                                               :time 40659653000}
                                                              {:process 379,
                                                               :type :invoke,
                                                               :f :cas,
                                                               :value [3
                                                                       3],
                                                               :index 1179,
                                                               :time 41241491792}
                                                              {:process 380,
                                                               :type :invoke,
                                                               :f :cas,
                                                               :value [0
                                                                       0],
                                                               :index 1161,
                                                               :time 40415639167}
                                                              {:process 381,
                                                               :type :invoke,
                                                               :f :write,
                                                               :value 2,
                                                               :index 1193,
                                                               :time 41597146542}
                                                              {:process 382,
                                                               :type :invoke,
                                                               :f :cas,
                                                               :value [0
                                                                       3],
                                                               :index 1167,
                                                               :time 40547686875}
                                                              {:process 383,
                                                               :type :invoke,
                                                               :f :write,
                                                               :value 1,
                                                               :index 1195,
                                                               :time 41662647333}
                                                              {:process 390,
                                                               :type :invoke,
                                                               :f :cas,
                                                               :value [0
                                                                       4],
                                                               :index 1173,
                                                               :time 41099912167}
                                                              {:process 391,
                                                               :type :invoke,
                                                               :f :write,
                                                               :value 2,
                                                               :index 1203,
                                                               :time 42277111458}
                                                              {:process 392,
                                                               :type :invoke,
                                                               :f :cas,
                                                               :value [1
                                                                       3],
                                                               :index 1185,
                                                               :time 41420147833}
                                                              {:process 393,
                                                               :type :invoke,
                                                               :f :cas,
                                                               :value [3
                                                                       1],
                                                               :index 1217,
                                                               :time 42602030375}
                                                              {:process 394,
                                                               :type :invoke,
                                                               :f :cas,
                                                               :value [1
                                                                       2],
                                                               :index 1191,
                                                               :time 41549827625}
                                                              {:process 402,
                                                               :type :invoke,
                                                               :f :cas,
                                                               :value [1
                                                                       1],
                                                               :index 1197,
                                                               :time 42100598000}
                                                              {:process 404,
                                                               :type :invoke,
                                                               :f :cas,
                                                               :value [1
                                                                       2],
                                                               :index 1209,
                                                               :time 42425250292}
                                                              {:process 406,
                                                               :type :invoke,
                                                               :f :cas,
                                                               :value [0
                                                                       0],
                                                               :index 1215,
                                                               :time 42554833667}]}),
                                         :final-paths ()},
                          :timeline {:valid? true},
                          :valid? true},
                      20 {:linearizable {:valid? true,
                                         :configs ({:model #knossos.model.CASRegister{:value 2},
                                                    :last-op {:process 416,
                                                              :type :ok,
                                                              :f :write,
                                                              :value 2,
                                                              :index 1369,
                                                              :time 45982188833},
                                                    :pending [{:process 403,
                                                               :type :invoke,
                                                               :f :cas,
                                                               :value [4
                                                                       1],
                                                               :index 1377,
                                                               :time 46270128667}
                                                              {:process 405,
                                                               :type :invoke,
                                                               :f :write,
                                                               :value 3,
                                                               :index 1381,
                                                               :time 46360890625}
                                                              {:process 407,
                                                               :type :invoke,
                                                               :f :cas,
                                                               :value [2
                                                                       1],
                                                               :index 1382,
                                                               :time 46386325833}
                                                              {:process 415,
                                                               :type :invoke,
                                                               :f :write,
                                                               :value 4,
                                                               :index 1395,
                                                               :time 47272412208}
                                                              {:process 416,
                                                               :type :invoke,
                                                               :f :cas,
                                                               :value [0
                                                                       1],
                                                               :index 1378,
                                                               :time 46278633833}
                                                              {:process 417,
                                                               :type :invoke,
                                                               :f :cas,
                                                               :value [2
                                                                       0],
                                                               :index 1404,
                                                               :time 47408938000}
                                                              {:process 418,
                                                               :type :invoke,
                                                               :f :write,
                                                               :value 2,
                                                               :index 1372,
                                                               :time 46040706167}
                                                              {:process 419,
                                                               :type :invoke,
                                                               :f :cas,
                                                               :value [0
                                                                       1],
                                                               :index 1407,
                                                               :time 47519632542}
                                                              {:process 426,
                                                               :type :invoke,
                                                               :f :cas,
                                                               :value [3
                                                                       0],
                                                               :index 1375,
                                                               :time 46190536208}
                                                              {:process 428,
                                                               :type :invoke,
                                                               :f :cas,
                                                               :value [2
                                                                       3],
                                                               :index 1397,
                                                               :time 47283820958}
                                                              {:process 430,
                                                               :type :invoke,
                                                               :f :cas,
                                                               :value [4
                                                                       4],
                                                               :index 1385,
                                                               :time 47045643667}
                                                              {:process 438,
                                                               :type :invoke,
                                                               :f :write,
                                                               :value 1,
                                                               :index 1391,
                                                               :time 47192183958}
                                                              {:process 442,
                                                               :type :invoke,
                                                               :f :write,
                                                               :value 3,
                                                               :index 1409,
                                                               :time 48046067042}]}
                                                   {:model #knossos.model.CASRegister{:value 2},
                                                    :last-op {:process 416,
                                                              :type :ok,
                                                              :f :write,
                                                              :value 2,
                                                              :index 1369,
                                                              :time 45982188833},
                                                    :pending [{:process 395,
                                                               :type :invoke,
                                                               :f :cas,
                                                               :value [3
                                                                       4],
                                                               :index 1219,
                                                               :time 42667635000}
                                                              {:process 403,
                                                               :type :invoke,
                                                               :f :cas,
                                                               :value [4
                                                                       1],
                                                               :index 1377,
                                                               :time 46270128667}
                                                              {:process 405,
                                                               :type :invoke,
                                                               :f :write,
                                                               :value 3,
                                                               :index 1381,
                                                               :time 46360890625}
                                                              {:process 407,
                                                               :type :invoke,
                                                               :f :cas,
                                                               :value [2
                                                                       1],
                                                               :index 1382,
                                                               :time 46386325833}
                                                              {:process 414,
                                                               :type :invoke,
                                                               :f :cas,
                                                               :value [0
                                                                       4],
                                                               :index 1221,
                                                               :time 43105919292}
                                                              {:process 415,
                                                               :type :invoke,
                                                               :f :write,
                                                               :value 4,
                                                               :index 1395,
                                                               :time 47272412208}
                                                              {:process 416,
                                                               :type :invoke,
                                                               :f :cas,
                                                               :value [0
                                                                       1],
                                                               :index 1378,
                                                               :time 46278633833}
                                                              {:process 417,
                                                               :type :invoke,
                                                               :f :cas,
                                                               :value [2
                                                                       0],
                                                               :index 1404,
                                                               :time 47408938000}
                                                              {:process 418,
                                                               :type :invoke,
                                                               :f :write,
                                                               :value 2,
                                                               :index 1372,
                                                               :time 46040706167}
                                                              {:process 419,
                                                               :type :invoke,
                                                               :f :cas,
                                                               :value [0
                                                                       1],
                                                               :index 1407,
                                                               :time 47519632542}
                                                              {:process 426,
                                                               :type :invoke,
                                                               :f :cas,
                                                               :value [3
                                                                       0],
                                                               :index 1375,
                                                               :time 46190536208}
                                                              {:process 428,
                                                               :type :invoke,
                                                               :f :cas,
                                                               :value [2
                                                                       3],
                                                               :index 1397,
                                                               :time 47283820958}
                                                              {:process 430,
                                                               :type :invoke,
                                                               :f :cas,
                                                               :value [4
                                                                       4],
                                                               :index 1385,
                                                               :time 47045643667}
                                                              {:process 438,
                                                               :type :invoke,
                                                               :f :write,
                                                               :value 1,
                                                               :index 1391,
                                                               :time 47192183958}
                                                              {:process 442,
                                                               :type :invoke,
                                                               :f :write,
                                                               :value 3,
                                                               :index 1409,
                                                               :time 48046067042}]}
                                                   {:model #knossos.model.CASRegister{:value 2},
                                                    :last-op {:process 416,
                                                              :type :ok,
                                                              :f :write,
                                                              :value 2,
                                                              :index 1369,
                                                              :time 45982188833},
                                                    :pending [{:process 395,
                                                               :type :invoke,
                                                               :f :cas,
                                                               :value [3
                                                                       4],
                                                               :index 1219,
                                                               :time 42667635000}
                                                              {:process 403,
                                                               :type :invoke,
                                                               :f :cas,
                                                               :value [4
                                                                       1],
                                                               :index 1377,
                                                               :time 46270128667}
                                                              {:process 405,
                                                               :type :invoke,
                                                               :f :write,
                                                               :value 3,
                                                               :index 1381,
                                                               :time 46360890625}
                                                              {:process 407,
                                                               :type :invoke,
                                                               :f :cas,
                                                               :value [2
                                                                       1],
                                                               :index 1382,
                                                               :time 46386325833}
                                                              {:process 415,
                                                               :type :invoke,
                                                               :f :write,
                                                               :value 4,
                                                               :index 1395,
                                                               :time 47272412208}
                                                              {:process 416,
                                                               :type :invoke,
                                                               :f :cas,
                                                               :value [0
                                                                       1],
                                                               :index 1378,
                                                               :time 46278633833}
                                                              {:process 417,
                                                               :type :invoke,
                                                               :f :cas,
                                                               :value [2
                                                                       0],
                                                               :index 1404,
                                                               :time 47408938000}
                                                              {:process 418,
                                                               :type :invoke,
                                                               :f :write,
                                                               :value 2,
                                                               :index 1372,
                                                               :time 46040706167}
                                                              {:process 419,
                                                               :type :invoke,
                                                               :f :cas,
                                                               :value [0
                                                                       1],
                                                               :index 1407,
                                                               :time 47519632542}
                                                              {:process 426,
                                                               :type :invoke,
                                                               :f :cas,
                                                               :value [3
                                                                       0],
                                                               :index 1375,
                                                               :time 46190536208}
                                                              {:process 428,
                                                               :type :invoke,
                                                               :f :cas,
                                                               :value [2
                                                                       3],
                                                               :index 1397,
                                                               :time 47283820958}
                                                              {:process 430,
                                                               :type :invoke,
                                                               :f :cas,
                                                               :value [4
                                                                       4],
                                                               :index 1385,
                                                               :time 47045643667}
                                                              {:process 438,
                                                               :type :invoke,
                                                               :f :write,
                                                               :value 1,
                                                               :index 1391,
                                                               :time 47192183958}
                                                              {:process 442,
                                                               :type :invoke,
                                                               :f :write,
                                                               :value 3,
                                                               :index 1409,
                                                               :time 48046067042}]}
                                                   {:model #knossos.model.CASRegister{:value 2},
                                                    :last-op {:process 416,
                                                              :type :ok,
                                                              :f :write,
                                                              :value 2,
                                                              :index 1369,
                                                              :time 45982188833},
                                                    :pending [{:process 403,
                                                               :type :invoke,
                                                               :f :cas,
                                                               :value [4
                                                                       1],
                                                               :index 1377,
                                                               :time 46270128667}
                                                              {:process 405,
                                                               :type :invoke,
                                                               :f :write,
                                                               :value 3,
                                                               :index 1381,
                                                               :time 46360890625}
                                                              {:process 407,
                                                               :type :invoke,
                                                               :f :cas,
                                                               :value [2
                                                                       1],
                                                               :index 1382,
                                                               :time 46386325833}
                                                              {:process 414,
                                                               :type :invoke,
                                                               :f :cas,
                                                               :value [0
                                                                       4],
                                                               :index 1221,
                                                               :time 43105919292}
                                                              {:process 415,
                                                               :type :invoke,
                                                               :f :write,
                                                               :value 4,
                                                               :index 1395,
                                                               :time 47272412208}
                                                              {:process 416,
                                                               :type :invoke,
                                                               :f :cas,
                                                               :value [0
                                                                       1],
                                                               :index 1378,
                                                               :time 46278633833}
                                                              {:process 417,
                                                               :type :invoke,
                                                               :f :cas,
                                                               :value [2
                                                                       0],
                                                               :index 1404,
                                                               :time 47408938000}
                                                              {:process 418,
                                                               :type :invoke,
                                                               :f :write,
                                                               :value 2,
                                                               :index 1372,
                                                               :time 46040706167}
                                                              {:process 419,
                                                               :type :invoke,
                                                               :f :cas,
                                                               :value [0
                                                                       1],
                                                               :index 1407,
                                                               :time 47519632542}
                                                              {:process 426,
                                                               :type :invoke,
                                                               :f :cas,
                                                               :value [3
                                                                       0],
                                                               :index 1375,
                                                               :time 46190536208}
                                                              {:process 428,
                                                               :type :invoke,
                                                               :f :cas,
                                                               :value [2
                                                                       3],
                                                               :index 1397,
                                                               :time 47283820958}
                                                              {:process 430,
                                                               :type :invoke,
                                                               :f :cas,
                                                               :value [4
                                                                       4],
                                                               :index 1385,
                                                               :time 47045643667}
                                                              {:process 438,
                                                               :type :invoke,
                                                               :f :write,
                                                               :value 1,
                                                               :index 1391,
                                                               :time 47192183958}
                                                              {:process 442,
                                                               :type :invoke,
                                                               :f :write,
                                                               :value 3,
                                                               :index 1409,
                                                               :time 48046067042}]}),
                                         :final-paths ()},
                          :timeline {:valid? true},
                          :valid? true},
                      21 {:linearizable {:valid? true,
                                         :configs ({:model #knossos.model.CASRegister{:value nil},
                                                    :last-op nil,
                                                    :pending [{:process 424,
                                                               :type :invoke,
                                                               :f :write,
                                                               :value 2,
                                                               :index 1413,
                                                               :time 48163715250}
                                                              {:process 425,
                                                               :type :invoke,
                                                               :f :cas,
                                                               :value [4
                                                                       0],
                                                               :index 1417,
                                                               :time 48252168250}
                                                              {:process 436,
                                                               :type :invoke,
                                                               :f :cas,
                                                               :value [1
                                                                       3],
                                                               :index 1437,
                                                               :time 49168680583}
                                                              {:process 437,
                                                               :type :invoke,
                                                               :f :cas,
                                                               :value [2
                                                                       1],
                                                               :index 1441,
                                                               :time 49256995208}
                                                              {:process 447,
                                                               :type :invoke,
                                                               :f :cas,
                                                               :value [1
                                                                       3],
                                                               :index 1435,
                                                               :time 49104305083}
                                                              {:process 448,
                                                               :type :invoke,
                                                               :f :write,
                                                               :value 3,
                                                               :index 1461,
                                                               :time 50173958125}
                                                              {:process 449,
                                                               :type :invoke,
                                                               :f :cas,
                                                               :value [0
                                                                       2],
                                                               :index 1465,
                                                               :time 50261891917}
                                                              {:process 459,
                                                               :type :invoke,
                                                               :f :write,
                                                               :value 2,
                                                               :index 1459,
                                                               :time 50109048083}
                                                              {:process 460,
                                                               :type :invoke,
                                                               :f :cas,
                                                               :value [1
                                                                       2],
                                                               :index 1485,
                                                               :time 51178298917}
                                                              {:process 461,
                                                               :type :invoke,
                                                               :f :cas,
                                                               :value [2
                                                                       3],
                                                               :index 1489,
                                                               :time 51265041958}
                                                              {:process 471,
                                                               :type :invoke,
                                                               :f :write,
                                                               :value 1,
                                                               :index 1483,
                                                               :time 51122945000}
                                                              {:process 472,
                                                               :type :invoke,
                                                               :f :write,
                                                               :value 1,
                                                               :index 1509,
                                                               :time 52182254583}
                                                              {:process 473,
                                                               :type :invoke,
                                                               :f :cas,
                                                               :value [0
                                                                       3],
                                                               :index 1513,
                                                               :time 52284150375}
                                                              {:process 483,
                                                               :type :invoke,
                                                               :f :write,
                                                               :value 4,
                                                               :index 1507,
                                                               :time 52127307167}
                                                              {:process 495,
                                                               :type :invoke,
                                                               :f :cas,
                                                               :value [0
                                                                       2],
                                                               :index 1531,
                                                               :time 53132030750}]}),
                                         :final-paths ()},
                          :timeline {:valid? true},
                          :valid? true},
                      22 {:linearizable {:valid? true,
                                         :configs ({:model #knossos.model.CASRegister{:value nil},
                                                    :last-op nil,
                                                    :pending [{:process 427,
                                                               :type :invoke,
                                                               :f :write,
                                                               :value 2,
                                                               :index 1419,
                                                               :time 48277180208}
                                                              {:process 429,
                                                               :type :invoke,
                                                               :f :cas,
                                                               :value [1
                                                                       0],
                                                               :index 1425,
                                                               :time 48413896458}
                                                              {:process 431,
                                                               :type :invoke,
                                                               :f :cas,
                                                               :value [0
                                                                       3],
                                                               :index 1431,
                                                               :time 48545722500}
                                                              {:process 439,
                                                               :type :invoke,
                                                               :f :cas,
                                                               :value [1
                                                                       4],
                                                               :index 1444,
                                                               :time 49309490292}
                                                              {:process 440,
                                                               :type :invoke,
                                                               :f :cas,
                                                               :value [0
                                                                       3],
                                                               :index 1421,
                                                               :time 48295478792}
                                                              {:process 441,
                                                               :type :invoke,
                                                               :f :cas,
                                                               :value [0
                                                                       3],
                                                               :index 1449,
                                                               :time 49418747042}
                                                              {:process 443,
                                                               :type :invoke,
                                                               :f :cas,
                                                               :value [0
                                                                       4],
                                                               :index 1455,
                                                               :time 49550684750}
                                                              {:process 450,
                                                               :type :invoke,
                                                               :f :cas,
                                                               :value [4
                                                                       0],
                                                               :index 1415,
                                                               :time 48195772333}
                                                              {:process 451,
                                                               :type :invoke,
                                                               :f :cas,
                                                               :value [1
                                                                       0],
                                                               :index 1467,
                                                               :time 50314439167}
                                                              {:process 452,
                                                               :type :invoke,
                                                               :f :cas,
                                                               :value [1
                                                                       0],
                                                               :index 1445,
                                                               :time 49344452208}
                                                              {:process 454,
                                                               :type :invoke,
                                                               :f :cas,
                                                               :value [3
                                                                       4],
                                                               :index 1433,
                                                               :time 49051122875}
                                                              {:process 462,
                                                               :type :invoke,
                                                               :f :write,
                                                               :value 3,
                                                               :index 1439,
                                                               :time 49200532250}
                                                              {:process 464,
                                                               :type :invoke,
                                                               :f :cas,
                                                               :value [0
                                                                       4],
                                                               :index 1469,
                                                               :time 50349628083}
                                                              {:process 466,
                                                               :type :invoke,
                                                               :f :cas,
                                                               :value [1
                                                                       4],
                                                               :index 1457,
                                                               :time 50056511375}
                                                              {:process 474,
                                                               :type :invoke,
                                                               :f :cas,
                                                               :value [0
                                                                       3],
                                                               :index 1463,
                                                               :time 50200996542}]}),
                                         :final-paths ()},
                          :timeline {:valid? true},
                          :valid? true},
                      23 {:linearizable {:valid? true,
                                         :configs ({:model #knossos.model.CASRegister{:value nil},
                                                    :last-op nil,
                                                    :pending [{:process 453,
                                                               :type :invoke,
                                                               :f :cas,
                                                               :value [4
                                                                       0],
                                                               :index 1473,
                                                               :time 50421853375}
                                                              {:process 455,
                                                               :type :invoke,
                                                               :f :cas,
                                                               :value [1
                                                                       0],
                                                               :index 1479,
                                                               :time 50555397083}
                                                              {:process 463,
                                                               :type :invoke,
                                                               :f :cas,
                                                               :value [2
                                                                       1],
                                                               :index 1491,
                                                               :time 51319517000}
                                                              {:process 465,
                                                               :type :invoke,
                                                               :f :cas,
                                                               :value [0
                                                                       2],
                                                               :index 1497,
                                                               :time 51452998542}
                                                              {:process 467,
                                                               :type :invoke,
                                                               :f :cas,
                                                               :value [4
                                                                       2],
                                                               :index 1503,
                                                               :time 51560171333}
                                                              {:process 475,
                                                               :type :invoke,
                                                               :f :cas,
                                                               :value [4
                                                                       4],
                                                               :index 1515,
                                                               :time 52354921250}
                                                              {:process 476,
                                                               :type :invoke,
                                                               :f :cas,
                                                               :value [4
                                                                       1],
                                                               :index 1493,
                                                               :time 51353382042}
                                                              {:process 477,
                                                               :type :invoke,
                                                               :f :cas,
                                                               :value [2
                                                                       0],
                                                               :index 1521,
                                                               :time 52466650375}
                                                              {:process 478,
                                                               :type :invoke,
                                                               :f :write,
                                                               :value 2,
                                                               :index 1481,
                                                               :time 51060200000}
                                                              {:process 479,
                                                               :type :invoke,
                                                               :f :write,
                                                               :value 2,
                                                               :index 1527,
                                                               :time 52617837292}
                                                              {:process 486,
                                                               :type :invoke,
                                                               :f :cas,
                                                               :value [1
                                                                       0],
                                                               :index 1487,
                                                               :time 51230126375}
                                                              {:process 488,
                                                               :type :invoke,
                                                               :f :cas,
                                                               :value [3
                                                                       0],
                                                               :index 1517,
                                                               :time 52382607333}
                                                              {:process 490,
                                                               :type :invoke,
                                                               :f :cas,
                                                               :value [0
                                                                       4],
                                                               :index 1505,
                                                               :time 52065419042}
                                                              {:process 498,
                                                               :type :invoke,
                                                               :f :cas,
                                                               :value [4
                                                                       3],
                                                               :index 1511,
                                                               :time 52235317458}
                                                              {:process 502,
                                                               :type :invoke,
                                                               :f :cas,
                                                               :value [4
                                                                       4],
                                                               :index 1529,
                                                               :time 53070642375}]}),
                                         :final-paths ()},
                          :timeline {:valid? true},
                          :valid? true},
                      24 {:linearizable {:valid? true,
                                         :configs ({:model #knossos.model.CASRegister{:value 3},
                                                    :last-op {:process 0,
                                                              :type :ok,
                                                              :f :read,
                                                              :value 3,
                                                              :index 1733,
                                                              :time 57919589875},
                                                    :pending [{:process 484,
                                                               :type :invoke,
                                                               :f :write,
                                                               :value 0,
                                                               :index 1533,
                                                               :time 53187253792}
                                                              {:process 485,
                                                               :type :invoke,
                                                               :f :write,
                                                               :value 3,
                                                               :index 1537,
                                                               :time 53286971208}
                                                              {:process 496,
                                                               :type :invoke,
                                                               :f :cas,
                                                               :value [0
                                                                       2],
                                                               :index 1741,
                                                               :time 58226448542}
                                                              {:process 497,
                                                               :type :invoke,
                                                               :f :cas,
                                                               :value [1
                                                                       3],
                                                               :index 1745,
                                                               :time 58378018750}
                                                              {:process 507,
                                                               :type :invoke,
                                                               :f :cas,
                                                               :value [0
                                                                       2],
                                                               :index 1740,
                                                               :time 58159265875}
                                                              {:process 508,
                                                               :type :invoke,
                                                               :f :write,
                                                               :value 0,
                                                               :index 1759,
                                                               :time 59230050583}
                                                              {:process 509,
                                                               :type :invoke,
                                                               :f :cas,
                                                               :value [3
                                                                       2],
                                                               :index 1767,
                                                               :time 59392534833}
                                                              {:process 519,
                                                               :type :invoke,
                                                               :f :cas,
                                                               :value [2
                                                                       3],
                                                               :index 1756,
                                                               :time 59177786917}]}
                                                   {:model #knossos.model.CASRegister{:value 3},
                                                    :last-op {:process 0,
                                                              :type :ok,
                                                              :f :read,
                                                              :value 3,
                                                              :index 1733,
                                                              :time 57919589875},
                                                    :pending [{:process 485,
                                                               :type :invoke,
                                                               :f :write,
                                                               :value 3,
                                                               :index 1537,
                                                               :time 53286971208}
                                                              {:process 496,
                                                               :type :invoke,
                                                               :f :cas,
                                                               :value [0
                                                                       2],
                                                               :index 1741,
                                                               :time 58226448542}
                                                              {:process 497,
                                                               :type :invoke,
                                                               :f :cas,
                                                               :value [1
                                                                       3],
                                                               :index 1745,
                                                               :time 58378018750}
                                                              {:process 507,
                                                               :type :invoke,
                                                               :f :cas,
                                                               :value [0
                                                                       2],
                                                               :index 1740,
                                                               :time 58159265875}
                                                              {:process 508,
                                                               :type :invoke,
                                                               :f :write,
                                                               :value 0,
                                                               :index 1759,
                                                               :time 59230050583}
                                                              {:process 509,
                                                               :type :invoke,
                                                               :f :cas,
                                                               :value [3
                                                                       2],
                                                               :index 1767,
                                                               :time 59392534833}
                                                              {:process 519,
                                                               :type :invoke,
                                                               :f :cas,
                                                               :value [2
                                                                       3],
                                                               :index 1756,
                                                               :time 59177786917}]}
                                                   {:model #knossos.model.CASRegister{:value 3},
                                                    :last-op {:process 0,
                                                              :type :ok,
                                                              :f :read,
                                                              :value 3,
                                                              :index 1733,
                                                              :time 57919589875},
                                                    :pending [{:process 496,
                                                               :type :invoke,
                                                               :f :cas,
                                                               :value [0
                                                                       2],
                                                               :index 1741,
                                                               :time 58226448542}
                                                              {:process 497,
                                                               :type :invoke,
                                                               :f :cas,
                                                               :value [1
                                                                       3],
                                                               :index 1745,
                                                               :time 58378018750}
                                                              {:process 507,
                                                               :type :invoke,
                                                               :f :cas,
                                                               :value [0
                                                                       2],
                                                               :index 1740,
                                                               :time 58159265875}
                                                              {:process 508,
                                                               :type :invoke,
                                                               :f :write,
                                                               :value 0,
                                                               :index 1759,
                                                               :time 59230050583}
                                                              {:process 509,
                                                               :type :invoke,
                                                               :f :cas,
                                                               :value [3
                                                                       2],
                                                               :index 1767,
                                                               :time 59392534833}
                                                              {:process 519,
                                                               :type :invoke,
                                                               :f :cas,
                                                               :value [2
                                                                       3],
                                                               :index 1756,
                                                               :time 59177786917}]}
                                                   {:model #knossos.model.CASRegister{:value 3},
                                                    :last-op {:process 0,
                                                              :type :ok,
                                                              :f :read,
                                                              :value 3,
                                                              :index 1733,
                                                              :time 57919589875},
                                                    :pending [{:process 484,
                                                               :type :invoke,
                                                               :f :write,
                                                               :value 0,
                                                               :index 1533,
                                                               :time 53187253792}
                                                              {:process 496,
                                                               :type :invoke,
                                                               :f :cas,
                                                               :value [0
                                                                       2],
                                                               :index 1741,
                                                               :time 58226448542}
                                                              {:process 497,
                                                               :type :invoke,
                                                               :f :cas,
                                                               :value [1
                                                                       3],
                                                               :index 1745,
                                                               :time 58378018750}
                                                              {:process 507,
                                                               :type :invoke,
                                                               :f :cas,
                                                               :value [0
                                                                       2],
                                                               :index 1740,
                                                               :time 58159265875}
                                                              {:process 508,
                                                               :type :invoke,
                                                               :f :write,
                                                               :value 0,
                                                               :index 1759,
                                                               :time 59230050583}
                                                              {:process 509,
                                                               :type :invoke,
                                                               :f :cas,
                                                               :value [3
                                                                       2],
                                                               :index 1767,
                                                               :time 59392534833}
                                                              {:process 519,
                                                               :type :invoke,
                                                               :f :cas,
                                                               :value [2
                                                                       3],
                                                               :index 1756,
                                                               :time 59177786917}]}),
                                         :final-paths ()},
                          :timeline {:valid? true},
                          :valid? true},
                      25 {:linearizable {:valid? true,
                                         :configs ({:model #knossos.model.CASRegister{:value 2},
                                                    :last-op {:process 522,
                                                              :type :ok,
                                                              :f :write,
                                                              :value 2,
                                                              :index 1723,
                                                              :time 57733689750},
                                                    :pending [{:process 499,
                                                               :type :invoke,
                                                               :f :write,
                                                               :value 0,
                                                               :index 1742,
                                                               :time 58286313917}
                                                              {:process 501,
                                                               :type :invoke,
                                                               :f :cas,
                                                               :value [1
                                                                       3],
                                                               :index 1747,
                                                               :time 58449235042}
                                                              {:process 503,
                                                               :type :invoke,
                                                               :f :cas,
                                                               :value [4
                                                                       4],
                                                               :index 1737,
                                                               :time 58071745292}
                                                              {:process 510,
                                                               :type :invoke,
                                                               :f :cas,
                                                               :value [2
                                                                       4],
                                                               :index 1535,
                                                               :time 53240549125}
                                                              {:process 511,
                                                               :type :invoke,
                                                               :f :cas,
                                                               :value [3
                                                                       3],
                                                               :index 1761,
                                                               :time 59287473875}
                                                              {:process 512,
                                                               :type :invoke,
                                                               :f :cas,
                                                               :value [2
                                                                       0],
                                                               :index 1744,
                                                               :time 58339548708}
                                                              {:process 514,
                                                               :type :invoke,
                                                               :f :cas,
                                                               :value [3
                                                                       4],
                                                               :index 1736,
                                                               :time 58038905000}
                                                              {:process 515,
                                                               :type :invoke,
                                                               :f :write,
                                                               :value 3,
                                                               :index 1752,
                                                               :time 59101209375}
                                                              {:process 522,
                                                               :type :invoke,
                                                               :f :cas,
                                                               :value [0
                                                                       4],
                                                               :index 1739,
                                                               :time 58115691958}
                                                              {:process 526,
                                                               :type :invoke,
                                                               :f :write,
                                                               :value 1,
                                                               :index 1749,
                                                               :time 59039982167}
                                                              {:process 534,
                                                               :type :invoke,
                                                               :f :cas,
                                                               :value [3
                                                                       3],
                                                               :index 1754,
                                                               :time 59150881625}]}
                                                   {:model #knossos.model.CASRegister{:value 2},
                                                    :last-op {:process 522,
                                                              :type :ok,
                                                              :f :write,
                                                              :value 2,
                                                              :index 1723,
                                                              :time 57733689750},
                                                    :pending [{:process 491,
                                                               :type :invoke,
                                                               :f :write,
                                                               :value 0,
                                                               :index 1551,
                                                               :time 53635952500}
                                                              {:process 499,
                                                               :type :invoke,
                                                               :f :write,
                                                               :value 0,
                                                               :index 1742,
                                                               :time 58286313917}
                                                              {:process 501,
                                                               :type :invoke,
                                                               :f :cas,
                                                               :value [1
                                                                       3],
                                                               :index 1747,
                                                               :time 58449235042}
                                                              {:process 503,
                                                               :type :invoke,
                                                               :f :cas,
                                                               :value [4
                                                                       4],
                                                               :index 1737,
                                                               :time 58071745292}
                                                              {:process 511,
                                                               :type :invoke,
                                                               :f :cas,
                                                               :value [3
                                                                       3],
                                                               :index 1761,
                                                               :time 59287473875}
                                                              {:process 512,
                                                               :type :invoke,
                                                               :f :cas,
                                                               :value [2
                                                                       0],
                                                               :index 1744,
                                                               :time 58339548708}
                                                              {:process 514,
                                                               :type :invoke,
                                                               :f :cas,
                                                               :value [3
                                                                       4],
                                                               :index 1736,
                                                               :time 58038905000}
                                                              {:process 515,
                                                               :type :invoke,
                                                               :f :write,
                                                               :value 3,
                                                               :index 1752,
                                                               :time 59101209375}
                                                              {:process 522,
                                                               :type :invoke,
                                                               :f :cas,
                                                               :value [0
                                                                       4],
                                                               :index 1739,
                                                               :time 58115691958}
                                                              {:process 526,
                                                               :type :invoke,
                                                               :f :write,
                                                               :value 1,
                                                               :index 1749,
                                                               :time 59039982167}
                                                              {:process 534,
                                                               :type :invoke,
                                                               :f :cas,
                                                               :value [3
                                                                       3],
                                                               :index 1754,
                                                               :time 59150881625}]}
                                                   {:model #knossos.model.CASRegister{:value 2},
                                                    :last-op {:process 522,
                                                              :type :ok,
                                                              :f :write,
                                                              :value 2,
                                                              :index 1723,
                                                              :time 57733689750},
                                                    :pending [{:process 489,
                                                               :type :invoke,
                                                               :f :write,
                                                               :value 4,
                                                               :index 1545,
                                                               :time 53479865292}
                                                              {:process 499,
                                                               :type :invoke,
                                                               :f :write,
                                                               :value 0,
                                                               :index 1742,
                                                               :time 58286313917}
                                                              {:process 501,
                                                               :type :invoke,
                                                               :f :cas,
                                                               :value [1
                                                                       3],
                                                               :index 1747,
                                                               :time 58449235042}
                                                              {:process 503,
                                                               :type :invoke,
                                                               :f :cas,
                                                               :value [4
                                                                       4],
                                                               :index 1737,
                                                               :time 58071745292}
                                                              {:process 511,
                                                               :type :invoke,
                                                               :f :cas,
                                                               :value [3
                                                                       3],
                                                               :index 1761,
                                                               :time 59287473875}
                                                              {:process 512,
                                                               :type :invoke,
                                                               :f :cas,
                                                               :value [2
                                                                       0],
                                                               :index 1744,
                                                               :time 58339548708}
                                                              {:process 514,
                                                               :type :invoke,
                                                               :f :cas,
                                                               :value [3
                                                                       4],
                                                               :index 1736,
                                                               :time 58038905000}
                                                              {:process 515,
                                                               :type :invoke,
                                                               :f :write,
                                                               :value 3,
                                                               :index 1752,
                                                               :time 59101209375}
                                                              {:process 522,
                                                               :type :invoke,
                                                               :f :cas,
                                                               :value [0
                                                                       4],
                                                               :index 1739,
                                                               :time 58115691958}
                                                              {:process 526,
                                                               :type :invoke,
                                                               :f :write,
                                                               :value 1,
                                                               :index 1749,
                                                               :time 59039982167}
                                                              {:process 534,
                                                               :type :invoke,
                                                               :f :cas,
                                                               :value [3
                                                                       3],
                                                               :index 1754,
                                                               :time 59150881625}]}
                                                   {:model #knossos.model.CASRegister{:value 2},
                                                    :last-op {:process 522,
                                                              :type :ok,
                                                              :f :write,
                                                              :value 2,
                                                              :index 1723,
                                                              :time 57733689750},
                                                    :pending [{:process 499,
                                                               :type :invoke,
                                                               :f :write,
                                                               :value 0,
                                                               :index 1742,
                                                               :time 58286313917}
                                                              {:process 501,
                                                               :type :invoke,
                                                               :f :cas,
                                                               :value [1
                                                                       3],
                                                               :index 1747,
                                                               :time 58449235042}
                                                              {:process 503,
                                                               :type :invoke,
                                                               :f :cas,
                                                               :value [4
                                                                       4],
                                                               :index 1737,
                                                               :time 58071745292}
                                                              {:process 511,
                                                               :type :invoke,
                                                               :f :cas,
                                                               :value [3
                                                                       3],
                                                               :index 1761,
                                                               :time 59287473875}
                                                              {:process 512,
                                                               :type :invoke,
                                                               :f :cas,
                                                               :value [2
                                                                       0],
                                                               :index 1744,
                                                               :time 58339548708}
                                                              {:process 514,
                                                               :type :invoke,
                                                               :f :cas,
                                                               :value [3
                                                                       4],
                                                               :index 1736,
                                                               :time 58038905000}
                                                              {:process 515,
                                                               :type :invoke,
                                                               :f :write,
                                                               :value 3,
                                                               :index 1752,
                                                               :time 59101209375}
                                                              {:process 522,
                                                               :type :invoke,
                                                               :f :cas,
                                                               :value [0
                                                                       4],
                                                               :index 1739,
                                                               :time 58115691958}
                                                              {:process 526,
                                                               :type :invoke,
                                                               :f :write,
                                                               :value 1,
                                                               :index 1749,
                                                               :time 59039982167}
                                                              {:process 534,
                                                               :type :invoke,
                                                               :f :cas,
                                                               :value [3
                                                                       3],
                                                               :index 1754,
                                                               :time 59150881625}]}
                                                   {:model #knossos.model.CASRegister{:value 2},
                                                    :last-op {:process 522,
                                                              :type :ok,
                                                              :f :write,
                                                              :value 2,
                                                              :index 1723,
                                                              :time 57733689750},
                                                    :pending [{:process 491,
                                                               :type :invoke,
                                                               :f :write,
                                                               :value 0,
                                                               :index 1551,
                                                               :time 53635952500}
                                                              {:process 499,
                                                               :type :invoke,
                                                               :f :write,
                                                               :value 0,
                                                               :index 1742,
                                                               :time 58286313917}
                                                              {:process 501,
                                                               :type :invoke,
                                                               :f :cas,
                                                               :value [1
                                                                       3],
                                                               :index 1747,
                                                               :time 58449235042}
                                                              {:process 503,
                                                               :type :invoke,
                                                               :f :cas,
                                                               :value [4
                                                                       4],
                                                               :index 1737,
                                                               :time 58071745292}
                                                              {:process 510,
                                                               :type :invoke,
                                                               :f :cas,
                                                               :value [2
                                                                       4],
                                                               :index 1535,
                                                               :time 53240549125}
                                                              {:process 511,
                                                               :type :invoke,
                                                               :f :cas,
                                                               :value [3
                                                                       3],
                                                               :index 1761,
                                                               :time 59287473875}
                                                              {:process 512,
                                                               :type :invoke,
                                                               :f :cas,
                                                               :value [2
                                                                       0],
                                                               :index 1744,
                                                               :time 58339548708}
                                                              {:process 514,
                                                               :type :invoke,
                                                               :f :cas,
                                                               :value [3
                                                                       4],
                                                               :index 1736,
                                                               :time 58038905000}
                                                              {:process 515,
                                                               :type :invoke,
                                                               :f :write,
                                                               :value 3,
                                                               :index 1752,
                                                               :time 59101209375}
                                                              {:process 522,
                                                               :type :invoke,
                                                               :f :cas,
                                                               :value [0
                                                                       4],
                                                               :index 1739,
                                                               :time 58115691958}
                                                              {:process 526,
                                                               :type :invoke,
                                                               :f :write,
                                                               :value 1,
                                                               :index 1749,
                                                               :time 59039982167}
                                                              {:process 534,
                                                               :type :invoke,
                                                               :f :cas,
                                                               :value [3
                                                                       3],
                                                               :index 1754,
                                                               :time 59150881625}]}
                                                   {:model #knossos.model.CASRegister{:value 2},
                                                    :last-op {:process 522,
                                                              :type :ok,
                                                              :f :write,
                                                              :value 2,
                                                              :index 1723,
                                                              :time 57733689750},
                                                    :pending [{:process 489,
                                                               :type :invoke,
                                                               :f :write,
                                                               :value 4,
                                                               :index 1545,
                                                               :time 53479865292}
                                                              {:process 491,
                                                               :type :invoke,
                                                               :f :write,
                                                               :value 0,
                                                               :index 1551,
                                                               :time 53635952500}
                                                              {:process 499,
                                                               :type :invoke,
                                                               :f :write,
                                                               :value 0,
                                                               :index 1742,
                                                               :time 58286313917}
                                                              {:process 501,
                                                               :type :invoke,
                                                               :f :cas,
                                                               :value [1
                                                                       3],
                                                               :index 1747,
                                                               :time 58449235042}
                                                              {:process 503,
                                                               :type :invoke,
                                                               :f :cas,
                                                               :value [4
                                                                       4],
                                                               :index 1737,
                                                               :time 58071745292}
                                                              {:process 510,
                                                               :type :invoke,
                                                               :f :cas,
                                                               :value [2
                                                                       4],
                                                               :index 1535,
                                                               :time 53240549125}
                                                              {:process 511,
                                                               :type :invoke,
                                                               :f :cas,
                                                               :value [3
                                                                       3],
                                                               :index 1761,
                                                               :time 59287473875}
                                                              {:process 512,
                                                               :type :invoke,
                                                               :f :cas,
                                                               :value [2
                                                                       0],
                                                               :index 1744,
                                                               :time 58339548708}
                                                              {:process 514,
                                                               :type :invoke,
                                                               :f :cas,
                                                               :value [3
                                                                       4],
                                                               :index 1736,
                                                               :time 58038905000}
                                                              {:process 515,
                                                               :type :invoke,
                                                               :f :write,
                                                               :value 3,
                                                               :index 1752,
                                                               :time 59101209375}
                                                              {:process 522,
                                                               :type :invoke,
                                                               :f :cas,
                                                               :value [0
                                                                       4],
                                                               :index 1739,
                                                               :time 58115691958}
                                                              {:process 526,
                                                               :type :invoke,
                                                               :f :write,
                                                               :value 1,
                                                               :index 1749,
                                                               :time 59039982167}
                                                              {:process 534,
                                                               :type :invoke,
                                                               :f :cas,
                                                               :value [3
                                                                       3],
                                                               :index 1754,
                                                               :time 59150881625}]}
                                                   {:model #knossos.model.CASRegister{:value 2},
                                                    :last-op {:process 522,
                                                              :type :ok,
                                                              :f :write,
                                                              :value 2,
                                                              :index 1723,
                                                              :time 57733689750},
                                                    :pending [{:process 499,
                                                               :type :invoke,
                                                               :f :write,
                                                               :value 0,
                                                               :index 1742,
                                                               :time 58286313917}
                                                              {:process 500,
                                                               :type :invoke,
                                                               :f :write,
                                                               :value 0,
                                                               :index 1541,
                                                               :time 53387467125}
                                                              {:process 501,
                                                               :type :invoke,
                                                               :f :cas,
                                                               :value [1
                                                                       3],
                                                               :index 1747,
                                                               :time 58449235042}
                                                              {:process 503,
                                                               :type :invoke,
                                                               :f :cas,
                                                               :value [4
                                                                       4],
                                                               :index 1737,
                                                               :time 58071745292}
                                                              {:process 510,
                                                               :type :invoke,
                                                               :f :cas,
                                                               :value [2
                                                                       4],
                                                               :index 1535,
                                                               :time 53240549125}
                                                              {:process 511,
                                                               :type :invoke,
                                                               :f :cas,
                                                               :value [3
                                                                       3],
                                                               :index 1761,
                                                               :time 59287473875}
                                                              {:process 512,
                                                               :type :invoke,
                                                               :f :cas,
                                                               :value [2
                                                                       0],
                                                               :index 1744,
                                                               :time 58339548708}
                                                              {:process 514,
                                                               :type :invoke,
                                                               :f :cas,
                                                               :value [3
                                                                       4],
                                                               :index 1736,
                                                               :time 58038905000}
                                                              {:process 515,
                                                               :type :invoke,
                                                               :f :write,
                                                               :value 3,
                                                               :index 1752,
                                                               :time 59101209375}
                                                              {:process 522,
                                                               :type :invoke,
                                                               :f :cas,
                                                               :value [0
                                                                       4],
                                                               :index 1739,
                                                               :time 58115691958}
                                                              {:process 526,
                                                               :type :invoke,
                                                               :f :write,
                                                               :value 1,
                                                               :index 1749,
                                                               :time 59039982167}
                                                              {:process 534,
                                                               :type :invoke,
                                                               :f :cas,
                                                               :value [3
                                                                       3],
                                                               :index 1754,
                                                               :time 59150881625}]}
                                                   {:model #knossos.model.CASRegister{:value 2},
                                                    :last-op {:process 522,
                                                              :type :ok,
                                                              :f :write,
                                                              :value 2,
                                                              :index 1723,
                                                              :time 57733689750},
                                                    :pending [{:process 489,
                                                               :type :invoke,
                                                               :f :write,
                                                               :value 4,
                                                               :index 1545,
                                                               :time 53479865292}
                                                              {:process 499,
                                                               :type :invoke,
                                                               :f :write,
                                                               :value 0,
                                                               :index 1742,
                                                               :time 58286313917}
                                                              {:process 500,
                                                               :type :invoke,
                                                               :f :write,
                                                               :value 0,
                                                               :index 1541,
                                                               :time 53387467125}
                                                              {:process 501,
                                                               :type :invoke,
                                                               :f :cas,
                                                               :value [1
                                                                       3],
                                                               :index 1747,
                                                               :time 58449235042}
                                                              {:process 503,
                                                               :type :invoke,
                                                               :f :cas,
                                                               :value [4
                                                                       4],
                                                               :index 1737,
                                                               :time 58071745292}
                                                              {:process 510,
                                                               :type :invoke,
                                                               :f :cas,
                                                               :value [2
                                                                       4],
                                                               :index 1535,
                                                               :time 53240549125}
                                                              {:process 511,
                                                               :type :invoke,
                                                               :f :cas,
                                                               :value [3
                                                                       3],
                                                               :index 1761,
                                                               :time 59287473875}
                                                              {:process 512,
                                                               :type :invoke,
                                                               :f :cas,
                                                               :value [2
                                                                       0],
                                                               :index 1744,
                                                               :time 58339548708}
                                                              {:process 514,
                                                               :type :invoke,
                                                               :f :cas,
                                                               :value [3
                                                                       4],
                                                               :index 1736,
                                                               :time 58038905000}
                                                              {:process 515,
                                                               :type :invoke,
                                                               :f :write,
                                                               :value 3,
                                                               :index 1752,
                                                               :time 59101209375}
                                                              {:process 522,
                                                               :type :invoke,
                                                               :f :cas,
                                                               :value [0
                                                                       4],
                                                               :index 1739,
                                                               :time 58115691958}
                                                              {:process 526,
                                                               :type :invoke,
                                                               :f :write,
                                                               :value 1,
                                                               :index 1749,
                                                               :time 59039982167}
                                                              {:process 534,
                                                               :type :invoke,
                                                               :f :cas,
                                                               :value [3
                                                                       3],
                                                               :index 1754,
                                                               :time 59150881625}]}
                                                   {:model #knossos.model.CASRegister{:value 2},
                                                    :last-op {:process 522,
                                                              :type :ok,
                                                              :f :write,
                                                              :value 2,
                                                              :index 1723,
                                                              :time 57733689750},
                                                    :pending [{:process 499,
                                                               :type :invoke,
                                                               :f :write,
                                                               :value 0,
                                                               :index 1742,
                                                               :time 58286313917}
                                                              {:process 500,
                                                               :type :invoke,
                                                               :f :write,
                                                               :value 0,
                                                               :index 1541,
                                                               :time 53387467125}
                                                              {:process 501,
                                                               :type :invoke,
                                                               :f :cas,
                                                               :value [1
                                                                       3],
                                                               :index 1747,
                                                               :time 58449235042}
                                                              {:process 503,
                                                               :type :invoke,
                                                               :f :cas,
                                                               :value [4
                                                                       4],
                                                               :index 1737,
                                                               :time 58071745292}
                                                              {:process 511,
                                                               :type :invoke,
                                                               :f :cas,
                                                               :value [3
                                                                       3],
                                                               :index 1761,
                                                               :time 59287473875}
                                                              {:process 512,
                                                               :type :invoke,
                                                               :f :cas,
                                                               :value [2
                                                                       0],
                                                               :index 1744,
                                                               :time 58339548708}
                                                              {:process 514,
                                                               :type :invoke,
                                                               :f :cas,
                                                               :value [3
                                                                       4],
                                                               :index 1736,
                                                               :time 58038905000}
                                                              {:process 515,
                                                               :type :invoke,
                                                               :f :write,
                                                               :value 3,
                                                               :index 1752,
                                                               :time 59101209375}
                                                              {:process 522,
                                                               :type :invoke,
                                                               :f :cas,
                                                               :value [0
                                                                       4],
                                                               :index 1739,
                                                               :time 58115691958}
                                                              {:process 526,
                                                               :type :invoke,
                                                               :f :write,
                                                               :value 1,
                                                               :index 1749,
                                                               :time 59039982167}
                                                              {:process 534,
                                                               :type :invoke,
                                                               :f :cas,
                                                               :value [3
                                                                       3],
                                                               :index 1754,
                                                               :time 59150881625}]}
                                                   {:model #knossos.model.CASRegister{:value 2},
                                                    :last-op {:process 522,
                                                              :type :ok,
                                                              :f :write,
                                                              :value 2,
                                                              :index 1723,
                                                              :time 57733689750},
                                                    :pending [{:process 489,
                                                               :type :invoke,
                                                               :f :write,
                                                               :value 4,
                                                               :index 1545,
                                                               :time 53479865292}
                                                              {:process 499,
                                                               :type :invoke,
                                                               :f :write,
                                                               :value 0,
                                                               :index 1742,
                                                               :time 58286313917}
                                                              {:process 500,
                                                               :type :invoke,
                                                               :f :write,
                                                               :value 0,
                                                               :index 1541,
                                                               :time 53387467125}
                                                              {:process 501,
                                                               :type :invoke,
                                                               :f :cas,
                                                               :value [1
                                                                       3],
                                                               :index 1747,
                                                               :time 58449235042}
                                                              {:process 503,
                                                               :type :invoke,
                                                               :f :cas,
                                                               :value [4
                                                                       4],
                                                               :index 1737,
                                                               :time 58071745292}
                                                              {:process 511,
                                                               :type :invoke,
                                                               :f :cas,
                                                               :value [3
                                                                       3],
                                                               :index 1761,
                                                               :time 59287473875}
                                                              {:process 512,
                                                               :type :invoke,
                                                               :f :cas,
                                                               :value [2
                                                                       0],
                                                               :index 1744,
                                                               :time 58339548708}
                                                              {:process 514,
                                                               :type :invoke,
                                                               :f :cas,
                                                               :value [3
                                                                       4],
                                                               :index 1736,
                                                               :time 58038905000}
                                                              {:process 515,
                                                               :type :invoke,
                                                               :f :write,
                                                               :value 3,
                                                               :index 1752,
                                                               :time 59101209375}
                                                              {:process 522,
                                                               :type :invoke,
                                                               :f :cas,
                                                               :value [0
                                                                       4],
                                                               :index 1739,
                                                               :time 58115691958}
                                                              {:process 526,
                                                               :type :invoke,
                                                               :f :write,
                                                               :value 1,
                                                               :index 1749,
                                                               :time 59039982167}
                                                              {:process 534,
                                                               :type :invoke,
                                                               :f :cas,
                                                               :value [3
                                                                       3],
                                                               :index 1754,
                                                               :time 59150881625}]}),
                                         :final-paths ()},
                          :timeline {:valid? true},
                          :valid? true},
                      26 {:linearizable {:valid? true,
                                         :configs ({:model #knossos.model.CASRegister{:value nil},
                                                    :last-op nil,
                                                    :pending [{:process 513,
                                                               :type :invoke,
                                                               :f :cas,
                                                               :value [1
                                                                       1],
                                                               :index 1771,
                                                               :time 59478532417}
                                                              {:process 524,
                                                               :type :invoke,
                                                               :f :write,
                                                               :value 2,
                                                               :index 1765,
                                                               :time 59344394792}]}),
                                         :final-paths ()},
                          :timeline {:valid? true},
                          :valid? true}},
            :failures []},
 :valid? true}


Everything looks good! ヽ(‘ー`)ノ
